
     Program PHONON v.6.7MaX starts on 13Jul2026 at 15:24:26 

     This program is part of the open-source Quantum ESPRESSO suite
     for quantum simulation of materials; please cite
         "P. Giannozzi et al., J. Phys.:Condens. Matter 21 395502 (2009);
         "P. Giannozzi et al., J. Phys.:Condens. Matter 29 465901 (2017);
          URL http://www.quantum-espresso.org", 
     in publications or presentations arising from this work. More details at
     http://www.quantum-espresso.org/quote

     Parallel version (MPI), running on     2 processors

     MPI processes distributed on     1 nodes
     R & G space division:  proc/nbgrp/npool/nimage =       2
     Waiting for input...
     Reading input from standard input

     Reading xml data from directory:

     ./tmp/BaMg3H8.save/
     file Ba.UPF: wavefunction(s)  5S 6S renormalized
     file Mg.UPF: wavefunction(s)  3S renormalized

     IMPORTANT: XC functional enforced from input :
     Exchange-correlation= PBE
                           (   1   4   3   4   0   0   0)
     Any further DFT definition will be discarded
     Please, verify this is what you really want


     Parallelization info
     --------------------
     sticks:   dense  smooth     PW     G-vecs:    dense   smooth      PW
     Min        3060    1217    340               179147    45315    6765
     Max        3061    1218    341               179148    45316    6768
     Sum        6121    2435    681               358295    90631   13533

     Reading collected, re-writing distributed wavefunctions


     Dynamical matrices for ( 2, 2, 2)  uniform grid of q-points
     (   8 q-points):
       N         xq(1)         xq(2)         xq(3) 
       1   0.000000000   0.000000000   0.000000000
       2   0.016762557   0.016765951  -0.499887196
       3  -0.016765779  -0.499886576   0.016765892
       4  -0.000003222  -0.483120625  -0.483121304
       5  -0.499888117  -0.016765618   0.016762337
       6  -0.483125559   0.000000333  -0.483124859
       7  -0.516653896  -0.516652194   0.033528229
       8  -0.499891338  -0.499886243  -0.466358967

     Saving dvscf to file. Distribute only q points, not irreducible represetations.

     Calculation of q =    0.0000000   0.0000000   0.0000000

     Phonons                                                                    

     bravais-lattice index     =            0
     lattice parameter (alat)  =       9.7743  a.u.
     unit-cell volume          =     937.5358 (a.u.)^3
     number of atoms/cell      =           12
     number of atomic types    =            3
     kinetic-energy cut-off    =      80.0000  Ry
     charge density cut-off    =     800.0000  Ry
     convergence threshold     =      1.0E-14
     beta                      =       0.7000
     number of iterations used =            4
     Exchange-correlation= PBE
                           (   1   4   3   4   0   0   0)


     celldm(1)=    9.77432  celldm(2)=    0.00000  celldm(3)=    0.00000
     celldm(4)=    0.00000  celldm(5)=    0.00000  celldm(6)=    0.00000

     crystal axes: (cart. coord. in units of alat)
               a(1) = (  1.0024 -0.0325  0.0325 )  
               a(2) = ( -0.0325  1.0024  0.0325 )  
               a(3) = (  0.0325  0.0325  1.0024 )  

     reciprocal axes: (cart. coord. in units 2 pi/alat)
               b(1) = (  0.9998  0.0335 -0.0335 )  
               b(2) = (  0.0335  0.9998 -0.0335 )  
               b(3) = ( -0.0335 -0.0335  0.9998 )  


     Atoms inside the unit cell: 

     Cartesian axes

     site n.  atom      mass           positions (alat units)
        1     Mg   1.0000   tau(    1) = (    0.48493    0.48494    0.03253  )
        2     Ba   1.0000   tau(    2) = (    0.51752   -0.00000    0.51746  )
        3     Mg   1.0000   tau(    3) = (   -0.00001    0.51747    0.51746  )
        4     Mg   1.0000   tau(    4) = (    0.00000   -0.00000   -0.00001  )
        5     H    1.0000   tau(    5) = (   -0.00591    0.85531    0.36792  )
        6     H    1.0000   tau(    6) = (    0.81525    0.29780    0.21966  )
        7     H    1.0000   tau(    7) = (    0.37036    0.18206    1.00835  )
        8     H    1.0000   tau(    8) = (    0.66698    0.51156    0.69708  )
        9     H    1.0000   tau(    9) = (    1.00833    0.14708    0.69951  )
       10     H    1.0000   tau(   10) = (    0.18711    0.70460    0.84780  )
       11     H    1.0000   tau(   11) = (    0.63202    0.82035    0.05916  )
       12     H    1.0000   tau(   12) = (    0.33540    0.49087    0.37037  )

     Computing dynamical matrix for 
                    q = (   0.0000000   0.0000000   0.0000000 )

      2 Sym.Ops. (with q -> -q+G )


     G cutoff = 1935.9896  ( 179147 G-vectors)     FFT grid: ( 90, 90, 90)
     G cutoff =  774.3958  (  45316 G-vectors)  smooth grid: ( 60, 60, 60)

     number of k points=     8  Methfessel-Paxton smearing, width (Ry)=  0.0200

     PseudoPot. # 1 for Ba read from file:
     /home/marco/ZOS_Cloud_Compute/pseudo/Ba.UPF
     MD5 check sum: c432291d3e53af55f19d5e8866385beb
     Pseudo is Projector augmented-wave + core cor, Zval = 10.0
     Generated using "atomic" code by A. Dal Corso  v.5.1
     Shape of augmentation charge: PSQ
     Using radial grid of 1251 points,  7 beta functions with: 
                l(1) =   0
                l(2) =   0
                l(3) =   0
                l(4) =   1
                l(5) =   1
                l(6) =   2
                l(7) =   2
     Q(r) pseudized with 0 coefficients 


     PseudoPot. # 2 for H  read from file:
     /home/marco/ZOS_Cloud_Compute/pseudo/H.UPF
     MD5 check sum: f52b6d4d1c606e5624b1dc7b2218f220
     Pseudo is Ultrasoft, Zval =  1.0
     Generated using "atomic" code by A. Dal Corso  v.5.1
     Using radial grid of  929 points,  2 beta functions with: 
                l(1) =   0
                l(2) =   0
     Q(r) pseudized with 0 coefficients 


     PseudoPot. # 3 for Mg read from file:
     /home/marco/ZOS_Cloud_Compute/pseudo/Mg.UPF
     MD5 check sum: 24ecedc7f3e3cbe212e682f4413594e4
     Pseudo is Projector augmented-wave + core cor, Zval =  2.0
     Generated using "atomic" code by A. Dal Corso  v.5.0.99 svn rev. 10869
     Shape of augmentation charge: PSQ
     Using radial grid of 1129 points,  4 beta functions with: 
                l(1) =   0
                l(2) =   0
                l(3) =   1
                l(4) =   1
     Q(r) pseudized with 0 coefficients 



     Atomic displacements:
     There are   36 irreducible representations

     Representation     1      1 modes -  To be done

     Representation     2      1 modes -  To be done

     Representation     3      1 modes -  To be done

     Representation     4      1 modes -  To be done

     Representation     5      1 modes -  To be done

     Representation     6      1 modes -  To be done

     Representation     7      1 modes -  To be done

     Representation     8      1 modes -  To be done

     Representation     9      1 modes -  To be done

     Representation    10      1 modes -  To be done

     Representation    11      1 modes -  To be done

     Representation    12      1 modes -  To be done

     Representation    13      1 modes -  To be done

     Representation    14      1 modes -  To be done

     Representation    15      1 modes -  To be done

     Representation    16      1 modes -  To be done

     Representation    17      1 modes -  To be done

     Representation    18      1 modes -  To be done

     Representation    19      1 modes -  To be done

     Representation    20      1 modes -  To be done

     Representation    21      1 modes -  To be done

     Representation    22      1 modes -  To be done

     Representation    23      1 modes -  To be done

     Representation    24      1 modes -  To be done

     Representation    25      1 modes -  To be done

     Representation    26      1 modes -  To be done

     Representation    27      1 modes -  To be done

     Representation    28      1 modes -  To be done

     Representation    29      1 modes -  To be done

     Representation    30      1 modes -  To be done

     Representation    31      1 modes -  To be done

     Representation    32      1 modes -  To be done

     Representation    33      1 modes -  To be done

     Representation    34      1 modes -  To be done

     Representation    35      1 modes -  To be done

     Representation    36      1 modes -  To be done



     Alpha used in Ewald sum =   2.8000
     PHONON       :   2m 1.43s CPU   1m50.61s WALL



     Representation #   1 mode #   1

     Self-consistent Calculation

     Pert. #  1: Fermi energy shift (Ry) =    -1.0927E-05     8.2718E-25

      iter #   1 total cpu time :   117.2 secs   av.it.:   2.8
      thresh= 1.000E-02 alpha_mix =  0.700 |ddv_scf|^2 =  2.440E-09

     Pert. #  1: Fermi energy shift (Ry) =    -3.6005E-06     1.0340E-25

      iter #   2 total cpu time :   127.3 secs   av.it.:  14.9
      thresh= 4.940E-06 alpha_mix =  0.700 |ddv_scf|^2 =  4.322E-10

     Pert. #  1: Fermi energy shift (Ry) =    -6.9933E-06     5.1699E-26

      iter #   3 total cpu time :   137.5 secs   av.it.:  15.1
      thresh= 2.079E-06 alpha_mix =  0.700 |ddv_scf|^2 =  2.762E-11

     Pert. #  1: Fermi energy shift (Ry) =    -6.5441E-06     1.2925E-26

      iter #   4 total cpu time :   147.5 secs   av.it.:  14.4
      thresh= 5.255E-07 alpha_mix =  0.700 |ddv_scf|^2 =  8.282E-13

     Pert. #  1: Fermi energy shift (Ry) =    -6.6739E-06    -1.2925E-26

      iter #   5 total cpu time :   157.9 secs   av.it.:  15.0
      thresh= 9.101E-08 alpha_mix =  0.700 |ddv_scf|^2 =  1.678E-14

     Pert. #  1: Fermi energy shift (Ry) =    -6.6558E-06    -1.2925E-26

      iter #   6 total cpu time :   168.5 secs   av.it.:  15.1
      thresh= 1.295E-08 alpha_mix =  0.700 |ddv_scf|^2 =  2.368E-15

     End of self-consistent calculation

     Convergence has been achieved 


     Representation #   2 mode #   2

     Self-consistent Calculation

     Pert. #  1: Fermi energy shift (Ry) =    -1.0585E-05     0.0000E+00

      iter #   1 total cpu time :   176.0 secs   av.it.:   3.0
      thresh= 1.000E-02 alpha_mix =  0.700 |ddv_scf|^2 =  2.850E-09

     Pert. #  1: Fermi energy shift (Ry) =    -7.4466E-06     0.0000E+00

      iter #   2 total cpu time :   186.4 secs   av.it.:  15.0
      thresh= 5.339E-06 alpha_mix =  0.700 |ddv_scf|^2 =  6.306E-10

     Pert. #  1: Fermi energy shift (Ry) =    -6.3415E-06     0.0000E+00

      iter #   3 total cpu time :   196.8 secs   av.it.:  15.1
      thresh= 2.511E-06 alpha_mix =  0.700 |ddv_scf|^2 =  2.474E-11

     Pert. #  1: Fermi energy shift (Ry) =    -6.5703E-06     0.0000E+00

      iter #   4 total cpu time :   207.0 secs   av.it.:  15.0
      thresh= 4.974E-07 alpha_mix =  0.700 |ddv_scf|^2 =  7.117E-13

     Pert. #  1: Fermi energy shift (Ry) =    -6.4262E-06     0.0000E+00

      iter #   5 total cpu time :   217.5 secs   av.it.:  15.5
      thresh= 8.436E-08 alpha_mix =  0.700 |ddv_scf|^2 =  1.876E-14

     Pert. #  1: Fermi energy shift (Ry) =    -6.4413E-06     0.0000E+00

      iter #   6 total cpu time :   227.9 secs   av.it.:  15.4
      thresh= 1.370E-08 alpha_mix =  0.700 |ddv_scf|^2 =  2.861E-15

     End of self-consistent calculation

     Convergence has been achieved 


     Representation #   3 mode #   3

     Self-consistent Calculation

     Pert. #  1: Fermi energy shift (Ry) =    -2.8801E-05     1.6544E-24

      iter #   1 total cpu time :   235.4 secs   av.it.:   3.0
      thresh= 1.000E-02 alpha_mix =  0.700 |ddv_scf|^2 =  2.866E-09

     Pert. #  1: Fermi energy shift (Ry) =    -1.9521E-05    -2.0680E-25

      iter #   2 total cpu time :   245.6 secs   av.it.:  15.1
      thresh= 5.353E-06 alpha_mix =  0.700 |ddv_scf|^2 =  6.376E-10

     Pert. #  1: Fermi energy shift (Ry) =    -2.1331E-05    -5.1699E-26

      iter #   3 total cpu time :   255.7 secs   av.it.:  15.0
      thresh= 2.525E-06 alpha_mix =  0.700 |ddv_scf|^2 =  2.487E-11

     Pert. #  1: Fermi energy shift (Ry) =    -2.0423E-05    -1.0340E-25

      iter #   4 total cpu time :   265.9 secs   av.it.:  15.0
      thresh= 4.987E-07 alpha_mix =  0.700 |ddv_scf|^2 =  7.349E-13

     Pert. #  1: Fermi energy shift (Ry) =    -2.0374E-05    -1.0340E-25

      iter #   5 total cpu time :   276.2 secs   av.it.:  15.5
      thresh= 8.572E-08 alpha_mix =  0.700 |ddv_scf|^2 =  1.927E-14

     Pert. #  1: Fermi energy shift (Ry) =    -2.0352E-05    -1.0340E-25

      iter #   6 total cpu time :   286.4 secs   av.it.:  15.6
      thresh= 1.388E-08 alpha_mix =  0.700 |ddv_scf|^2 =  2.898E-15

     End of self-consistent calculation

     Convergence has been achieved 


     Representation #   4 mode #   4

     Self-consistent Calculation

     Pert. #  1: Fermi energy shift (Ry) =    -1.5912E-04    -3.3087E-24

      iter #   1 total cpu time :   294.9 secs   av.it.:   5.5
      thresh= 1.000E-02 alpha_mix =  0.700 |ddv_scf|^2 =  2.714E-07

     Pert. #  1: Fermi energy shift (Ry) =     3.7714E-07    -1.6544E-24

      iter #   2 total cpu time :   304.8 secs   av.it.:  14.9
      thresh= 5.209E-05 alpha_mix =  0.700 |ddv_scf|^2 =  8.406E-08

     Pert. #  1: Fermi energy shift (Ry) =    -5.2198E-05    -4.1359E-25

      iter #   3 total cpu time :   314.8 secs   av.it.:  14.6
      thresh= 2.899E-05 alpha_mix =  0.700 |ddv_scf|^2 =  8.392E-10

     Pert. #  1: Fermi energy shift (Ry) =    -5.1020E-05    -2.0680E-25

      iter #   4 total cpu time :   324.5 secs   av.it.:  13.9
      thresh= 2.897E-06 alpha_mix =  0.700 |ddv_scf|^2 =  2.338E-10

     Pert. #  1: Fermi energy shift (Ry) =    -5.0848E-05    -8.2718E-25

      iter #   5 total cpu time :   334.3 secs   av.it.:  14.0
      thresh= 1.529E-06 alpha_mix =  0.700 |ddv_scf|^2 =  3.245E-11

     Pert. #  1: Fermi energy shift (Ry) =    -5.1169E-05     1.0340E-25

      iter #   6 total cpu time :   344.4 secs   av.it.:  14.8
      thresh= 5.697E-07 alpha_mix =  0.700 |ddv_scf|^2 =  5.564E-12

     Pert. #  1: Fermi energy shift (Ry) =    -5.1353E-05    -1.0340E-25

      iter #   7 total cpu time :   354.4 secs   av.it.:  14.5
      thresh= 2.359E-07 alpha_mix =  0.700 |ddv_scf|^2 =  1.381E-13

     Pert. #  1: Fermi energy shift (Ry) =    -5.1255E-05    -2.5849E-26

      iter #   8 total cpu time :   364.7 secs   av.it.:  15.2
      thresh= 3.716E-08 alpha_mix =  0.700 |ddv_scf|^2 =  9.523E-15

     End of self-consistent calculation

     Convergence has been achieved 


     Representation #   5 mode #   5

     Self-consistent Calculation

     Pert. #  1: Fermi energy shift (Ry) =    -1.9784E-05     0.0000E+00

      iter #   1 total cpu time :   373.3 secs   av.it.:   5.5
      thresh= 1.000E-02 alpha_mix =  0.700 |ddv_scf|^2 =  2.714E-07

     Pert. #  1: Fermi energy shift (Ry) =    -2.1065E-06     0.0000E+00

      iter #   2 total cpu time :   383.3 secs   av.it.:  14.9
      thresh= 5.209E-05 alpha_mix =  0.700 |ddv_scf|^2 =  8.403E-08

     Pert. #  1: Fermi energy shift (Ry) =    -2.0007E-05     0.0000E+00

      iter #   3 total cpu time :   393.3 secs   av.it.:  14.6
      thresh= 2.899E-05 alpha_mix =  0.700 |ddv_scf|^2 =  8.394E-10

     Pert. #  1: Fermi energy shift (Ry) =    -1.8856E-05     0.0000E+00

      iter #   4 total cpu time :   403.1 secs   av.it.:  13.9
      thresh= 2.897E-06 alpha_mix =  0.700 |ddv_scf|^2 =  2.336E-10

     Pert. #  1: Fermi energy shift (Ry) =    -2.0224E-05     0.0000E+00

      iter #   5 total cpu time :   413.1 secs   av.it.:  14.0
      thresh= 1.528E-06 alpha_mix =  0.700 |ddv_scf|^2 =  3.244E-11

     Pert. #  1: Fermi energy shift (Ry) =    -1.9505E-05     0.0000E+00

      iter #   6 total cpu time :   423.2 secs   av.it.:  14.8
      thresh= 5.696E-07 alpha_mix =  0.700 |ddv_scf|^2 =  5.568E-12

     Pert. #  1: Fermi energy shift (Ry) =    -1.9577E-05     0.0000E+00

      iter #   7 total cpu time :   433.2 secs   av.it.:  14.5
      thresh= 2.360E-07 alpha_mix =  0.700 |ddv_scf|^2 =  1.385E-13

     Pert. #  1: Fermi energy shift (Ry) =    -1.9514E-05     0.0000E+00

      iter #   8 total cpu time :   443.4 secs   av.it.:  15.1
      thresh= 3.721E-08 alpha_mix =  0.700 |ddv_scf|^2 =  9.517E-15

     End of self-consistent calculation

     Convergence has been achieved 


     Representation #   6 mode #   6

     Self-consistent Calculation

     Pert. #  1: Fermi energy shift (Ry) =     1.1796E-04    -1.6544E-24

      iter #   1 total cpu time :   451.9 secs   av.it.:   5.5
      thresh= 1.000E-02 alpha_mix =  0.700 |ddv_scf|^2 =  2.714E-07

     Pert. #  1: Fermi energy shift (Ry) =    -2.7568E-06     2.0680E-25

      iter #   2 total cpu time :   462.1 secs   av.it.:  14.9
      thresh= 5.210E-05 alpha_mix =  0.700 |ddv_scf|^2 =  8.413E-08

     Pert. #  1: Fermi energy shift (Ry) =     3.0930E-05    -1.6544E-24

      iter #   3 total cpu time :   472.2 secs   av.it.:  14.6
      thresh= 2.901E-05 alpha_mix =  0.700 |ddv_scf|^2 =  8.403E-10

     Pert. #  1: Fermi energy shift (Ry) =     3.0912E-05    -8.2718E-25

      iter #   4 total cpu time :   482.1 secs   av.it.:  13.9
      thresh= 2.899E-06 alpha_mix =  0.700 |ddv_scf|^2 =  2.327E-10

     Pert. #  1: Fermi energy shift (Ry) =     3.0666E-05    -8.2718E-25

      iter #   5 total cpu time :   492.1 secs   av.it.:  14.0
      thresh= 1.526E-06 alpha_mix =  0.700 |ddv_scf|^2 =  3.225E-11

     Pert. #  1: Fermi energy shift (Ry) =     3.0679E-05    -4.1359E-25

      iter #   6 total cpu time :   502.3 secs   av.it.:  14.8
      thresh= 5.679E-07 alpha_mix =  0.700 |ddv_scf|^2 =  5.520E-12

     Pert. #  1: Fermi energy shift (Ry) =     3.0983E-05    -4.1359E-25

      iter #   7 total cpu time :   512.4 secs   av.it.:  14.4
      thresh= 2.349E-07 alpha_mix =  0.700 |ddv_scf|^2 =  1.367E-13

     Pert. #  1: Fermi energy shift (Ry) =     3.0877E-05    -4.1359E-25

      iter #   8 total cpu time :   522.9 secs   av.it.:  15.5
      thresh= 3.698E-08 alpha_mix =  0.700 |ddv_scf|^2 =  9.408E-15

     End of self-consistent calculation

     Convergence has been achieved 


     Representation #   7 mode #   7

     Self-consistent Calculation

     Pert. #  1: Fermi energy shift (Ry) =    -2.8094E-07    -1.6544E-24

      iter #   1 total cpu time :   530.5 secs   av.it.:   3.0
      thresh= 1.000E-02 alpha_mix =  0.700 |ddv_scf|^2 =  2.849E-09

     Pert. #  1: Fermi energy shift (Ry) =    -2.2014E-06     5.1699E-26

      iter #   2 total cpu time :   540.7 secs   av.it.:  15.0
      thresh= 5.337E-06 alpha_mix =  0.700 |ddv_scf|^2 =  6.293E-10

     Pert. #  1: Fermi energy shift (Ry) =     2.7319E-06    -2.0680E-25

      iter #   3 total cpu time :   550.9 secs   av.it.:  15.1
      thresh= 2.509E-06 alpha_mix =  0.700 |ddv_scf|^2 =  2.475E-11

     Pert. #  1: Fermi energy shift (Ry) =     3.0016E-06     2.0680E-25

      iter #   4 total cpu time :   561.1 secs   av.it.:  15.1
      thresh= 4.975E-07 alpha_mix =  0.700 |ddv_scf|^2 =  7.141E-13

     Pert. #  1: Fermi energy shift (Ry) =     3.1318E-06     2.0680E-25

      iter #   5 total cpu time :   571.4 secs   av.it.:  15.6
      thresh= 8.450E-08 alpha_mix =  0.700 |ddv_scf|^2 =  1.875E-14

     Pert. #  1: Fermi energy shift (Ry) =     3.1145E-06     2.0680E-25

      iter #   6 total cpu time :   581.8 secs   av.it.:  15.5
      thresh= 1.369E-08 alpha_mix =  0.700 |ddv_scf|^2 =  2.876E-15

     End of self-consistent calculation

     Convergence has been achieved 


     Representation #   8 mode #   8

     Self-consistent Calculation

     Pert. #  1: Fermi energy shift (Ry) =    -2.1395E-06     0.0000E+00

      iter #   1 total cpu time :   589.4 secs   av.it.:   3.0
      thresh= 1.000E-02 alpha_mix =  0.700 |ddv_scf|^2 =  2.871E-09

     Pert. #  1: Fermi energy shift (Ry) =    -3.3261E-06     0.0000E+00

      iter #   2 total cpu time :   599.7 secs   av.it.:  15.1
      thresh= 5.358E-06 alpha_mix =  0.700 |ddv_scf|^2 =  6.425E-10

     Pert. #  1: Fermi energy shift (Ry) =    -1.5397E-06     0.0000E+00

      iter #   3 total cpu time :   609.8 secs   av.it.:  15.0
      thresh= 2.535E-06 alpha_mix =  0.700 |ddv_scf|^2 =  2.483E-11

     Pert. #  1: Fermi energy shift (Ry) =    -1.1659E-06     0.0000E+00

      iter #   4 total cpu time :   620.0 secs   av.it.:  15.0
      thresh= 4.983E-07 alpha_mix =  0.700 |ddv_scf|^2 =  7.239E-13

     Pert. #  1: Fermi energy shift (Ry) =    -9.7846E-07     0.0000E+00

      iter #   5 total cpu time :   630.4 secs   av.it.:  15.5
      thresh= 8.508E-08 alpha_mix =  0.700 |ddv_scf|^2 =  1.935E-14

     Pert. #  1: Fermi energy shift (Ry) =    -1.0152E-06     0.0000E+00

      iter #   6 total cpu time :   640.6 secs   av.it.:  15.4
      thresh= 1.391E-08 alpha_mix =  0.700 |ddv_scf|^2 =  2.879E-15

     End of self-consistent calculation

     Convergence has been achieved 


     Representation #   9 mode #   9

     Self-consistent Calculation

     Pert. #  1: Fermi energy shift (Ry) =     9.9723E-06     8.2718E-25

      iter #   1 total cpu time :   648.0 secs   av.it.:   2.8
      thresh= 1.000E-02 alpha_mix =  0.700 |ddv_scf|^2 =  2.439E-09

     Pert. #  1: Fermi energy shift (Ry) =     6.0719E-06     5.1699E-26

      iter #   2 total cpu time :   658.1 secs   av.it.:  14.9
      thresh= 4.939E-06 alpha_mix =  0.700 |ddv_scf|^2 =  4.316E-10

     Pert. #  1: Fermi energy shift (Ry) =     9.3125E-06    -5.1699E-26

      iter #   3 total cpu time :   668.1 secs   av.it.:  15.0
      thresh= 2.078E-06 alpha_mix =  0.700 |ddv_scf|^2 =  2.762E-11

     Pert. #  1: Fermi energy shift (Ry) =     9.5574E-06     5.1699E-26

      iter #   4 total cpu time :   678.1 secs   av.it.:  14.4
      thresh= 5.256E-07 alpha_mix =  0.700 |ddv_scf|^2 =  8.277E-13

     Pert. #  1: Fermi energy shift (Ry) =     9.5323E-06    -2.5849E-26

      iter #   5 total cpu time :   688.2 secs   av.it.:  15.0
      thresh= 9.098E-08 alpha_mix =  0.700 |ddv_scf|^2 =  1.676E-14

     Pert. #  1: Fermi energy shift (Ry) =     9.5119E-06    -2.5849E-26

      iter #   6 total cpu time :   698.4 secs   av.it.:  15.0
      thresh= 1.294E-08 alpha_mix =  0.700 |ddv_scf|^2 =  2.360E-15

     End of self-consistent calculation

     Convergence has been achieved 


     Representation #  10 mode #  10

     Self-consistent Calculation

     Pert. #  1: Fermi energy shift (Ry) =     8.2212E-06    -1.6544E-24

      iter #   1 total cpu time :   705.8 secs   av.it.:   3.0
      thresh= 1.000E-02 alpha_mix =  0.700 |ddv_scf|^2 =  2.872E-09

     Pert. #  1: Fermi energy shift (Ry) =    -2.5670E-06     4.1359E-25

      iter #   2 total cpu time :   716.0 secs   av.it.:  15.1
      thresh= 5.359E-06 alpha_mix =  0.700 |ddv_scf|^2 =  6.432E-10

     Pert. #  1: Fermi energy shift (Ry) =     2.1567E-06     6.4623E-27

      iter #   3 total cpu time :   726.1 secs   av.it.:  15.0
      thresh= 2.536E-06 alpha_mix =  0.700 |ddv_scf|^2 =  2.480E-11

     Pert. #  1: Fermi energy shift (Ry) =     1.9667E-06     1.0340E-25

      iter #   4 total cpu time :   736.3 secs   av.it.:  15.0
      thresh= 4.980E-07 alpha_mix =  0.700 |ddv_scf|^2 =  7.174E-13

     Pert. #  1: Fermi energy shift (Ry) =     2.0570E-06     1.0340E-25

      iter #   5 total cpu time :   746.6 secs   av.it.:  15.5
      thresh= 8.470E-08 alpha_mix =  0.700 |ddv_scf|^2 =  1.937E-14

     Pert. #  1: Fermi energy shift (Ry) =     2.0566E-06     1.0340E-25

      iter #   6 total cpu time :   756.9 secs   av.it.:  15.2
      thresh= 1.392E-08 alpha_mix =  0.700 |ddv_scf|^2 =  2.863E-15

     End of self-consistent calculation

     Convergence has been achieved 


     Representation #  11 mode #  11

     Self-consistent Calculation

     Pert. #  1: Fermi energy shift (Ry) =    -2.1177E-06     0.0000E+00

      iter #   1 total cpu time :   764.3 secs   av.it.:   2.8
      thresh= 1.000E-02 alpha_mix =  0.700 |ddv_scf|^2 =  2.437E-09

     Pert. #  1: Fermi energy shift (Ry) =    -2.6480E-06     0.0000E+00

      iter #   2 total cpu time :   774.3 secs   av.it.:  14.6
      thresh= 4.936E-06 alpha_mix =  0.700 |ddv_scf|^2 =  4.295E-10

     Pert. #  1: Fermi energy shift (Ry) =    -3.1786E-06     0.0000E+00

      iter #   3 total cpu time :   784.4 secs   av.it.:  15.0
      thresh= 2.072E-06 alpha_mix =  0.700 |ddv_scf|^2 =  2.762E-11

     Pert. #  1: Fermi energy shift (Ry) =    -3.0867E-06     0.0000E+00

      iter #   4 total cpu time :   794.3 secs   av.it.:  14.6
      thresh= 5.255E-07 alpha_mix =  0.700 |ddv_scf|^2 =  8.361E-13

     Pert. #  1: Fermi energy shift (Ry) =    -3.2155E-06     0.0000E+00

      iter #   5 total cpu time :   804.4 secs   av.it.:  15.0
      thresh= 9.144E-08 alpha_mix =  0.700 |ddv_scf|^2 =  1.674E-14

     Pert. #  1: Fermi energy shift (Ry) =    -3.1817E-06     0.0000E+00

      iter #   6 total cpu time :   814.6 secs   av.it.:  15.1
      thresh= 1.294E-08 alpha_mix =  0.700 |ddv_scf|^2 =  2.375E-15

     End of self-consistent calculation

     Convergence has been achieved 


     Representation #  12 mode #  12

     Self-consistent Calculation

     Pert. #  1: Fermi energy shift (Ry) =    -1.8886E-05    -3.3087E-24

      iter #   1 total cpu time :   822.1 secs   av.it.:   3.0
      thresh= 1.000E-02 alpha_mix =  0.700 |ddv_scf|^2 =  2.853E-09

     Pert. #  1: Fermi energy shift (Ry) =    -1.3064E-05    -2.0680E-25

      iter #   2 total cpu time :   832.4 secs   av.it.:  15.0
      thresh= 5.341E-06 alpha_mix =  0.700 |ddv_scf|^2 =  6.322E-10

     Pert. #  1: Fermi energy shift (Ry) =    -1.5396E-05     4.1359E-25

      iter #   3 total cpu time :   842.6 secs   av.it.:  15.1
      thresh= 2.514E-06 alpha_mix =  0.700 |ddv_scf|^2 =  2.472E-11

     Pert. #  1: Fermi energy shift (Ry) =    -1.4410E-05    -4.1359E-25

      iter #   4 total cpu time :   852.8 secs   av.it.:  15.1
      thresh= 4.972E-07 alpha_mix =  0.700 |ddv_scf|^2 =  7.139E-13

     Pert. #  1: Fermi energy shift (Ry) =    -1.4381E-05     1.0340E-25

      iter #   5 total cpu time :   863.2 secs   av.it.:  15.6
      thresh= 8.449E-08 alpha_mix =  0.700 |ddv_scf|^2 =  1.872E-14

     Pert. #  1: Fermi energy shift (Ry) =    -1.4375E-05     5.1699E-26

      iter #   6 total cpu time :   873.4 secs   av.it.:  15.5
      thresh= 1.368E-08 alpha_mix =  0.700 |ddv_scf|^2 =  2.883E-15

     End of self-consistent calculation

     Convergence has been achieved 


     Representation #  13 mode #  13

     Self-consistent Calculation

     Pert. #  1: Fermi energy shift (Ry) =     1.1617E-03    -1.3235E-23

      iter #   1 total cpu time :   881.1 secs   av.it.:   3.4
      thresh= 1.000E-02 alpha_mix =  0.700 |ddv_scf|^2 =  5.817E-09

     Pert. #  1: Fermi energy shift (Ry) =    -6.6572E-04    -3.3087E-24

      iter #   2 total cpu time :   892.0 secs   av.it.:  17.4
      thresh= 7.627E-06 alpha_mix =  0.700 |ddv_scf|^2 =  1.182E-09

     Pert. #  1: Fermi energy shift (Ry) =    -4.7289E-04     1.0340E-25

      iter #   3 total cpu time :   902.6 secs   av.it.:  16.5
      thresh= 3.438E-06 alpha_mix =  0.700 |ddv_scf|^2 =  1.375E-11

     Pert. #  1: Fermi energy shift (Ry) =    -4.5557E-04    -5.1699E-26

      iter #   4 total cpu time :   913.6 secs   av.it.:  17.9
      thresh= 3.709E-07 alpha_mix =  0.700 |ddv_scf|^2 =  3.607E-13

     Pert. #  1: Fermi energy shift (Ry) =    -4.6492E-04     5.1699E-26

      iter #   5 total cpu time :   924.8 secs   av.it.:  18.0
      thresh= 6.006E-08 alpha_mix =  0.700 |ddv_scf|^2 =  5.007E-14

     Pert. #  1: Fermi energy shift (Ry) =    -4.5732E-04     5.1699E-26

      iter #   6 total cpu time :   935.6 secs   av.it.:  17.0
      thresh= 2.238E-08 alpha_mix =  0.700 |ddv_scf|^2 =  1.830E-15

     End of self-consistent calculation

     Convergence has been achieved 


     Representation #  14 mode #  14

     Self-consistent Calculation

     Pert. #  1: Fermi energy shift (Ry) =     4.1273E-03     0.0000E+00

      iter #   1 total cpu time :   943.2 secs   av.it.:   3.0
      thresh= 1.000E-02 alpha_mix =  0.700 |ddv_scf|^2 =  6.025E-09

     Pert. #  1: Fermi energy shift (Ry) =    -4.2897E-03     0.0000E+00

      iter #   2 total cpu time :   954.1 secs   av.it.:  17.2
      thresh= 7.762E-06 alpha_mix =  0.700 |ddv_scf|^2 =  1.016E-09

     Pert. #  1: Fermi energy shift (Ry) =    -1.5969E-03     0.0000E+00

      iter #   3 total cpu time :   965.0 secs   av.it.:  17.2
      thresh= 3.187E-06 alpha_mix =  0.700 |ddv_scf|^2 =  1.342E-11

     Pert. #  1: Fermi energy shift (Ry) =    -1.3334E-03     0.0000E+00

      iter #   4 total cpu time :   976.2 secs   av.it.:  17.9
      thresh= 3.664E-07 alpha_mix =  0.700 |ddv_scf|^2 =  6.377E-13

     Pert. #  1: Fermi energy shift (Ry) =    -1.3861E-03     0.0000E+00

      iter #   5 total cpu time :   987.3 secs   av.it.:  18.0
      thresh= 7.986E-08 alpha_mix =  0.700 |ddv_scf|^2 =  4.703E-14

     Pert. #  1: Fermi energy shift (Ry) =    -1.3344E-03     0.0000E+00

      iter #   6 total cpu time :   998.6 secs   av.it.:  17.9
      thresh= 2.169E-08 alpha_mix =  0.700 |ddv_scf|^2 =  2.833E-15

     End of self-consistent calculation

     Convergence has been achieved 


     Representation #  15 mode #  15

     Self-consistent Calculation

     Pert. #  1: Fermi energy shift (Ry) =     4.9251E-03     3.3087E-24

      iter #   1 total cpu time :  1006.2 secs   av.it.:   3.0
      thresh= 1.000E-02 alpha_mix =  0.700 |ddv_scf|^2 =  6.014E-09

     Pert. #  1: Fermi energy shift (Ry) =    -4.3245E-03    -1.6544E-24

      iter #   2 total cpu time :  1017.1 secs   av.it.:  17.2
      thresh= 7.755E-06 alpha_mix =  0.700 |ddv_scf|^2 =  1.014E-09

     Pert. #  1: Fermi energy shift (Ry) =    -1.7294E-03    -4.1359E-25

      iter #   3 total cpu time :  1028.0 secs   av.it.:  17.2
      thresh= 3.184E-06 alpha_mix =  0.700 |ddv_scf|^2 =  1.343E-11

     Pert. #  1: Fermi energy shift (Ry) =    -1.5168E-03     1.0340E-25

      iter #   4 total cpu time :  1039.2 secs   av.it.:  18.0
      thresh= 3.664E-07 alpha_mix =  0.700 |ddv_scf|^2 =  6.324E-13

     Pert. #  1: Fermi energy shift (Ry) =    -1.5799E-03    -6.4623E-27

      iter #   5 total cpu time :  1050.4 secs   av.it.:  17.8
      thresh= 7.953E-08 alpha_mix =  0.700 |ddv_scf|^2 =  4.736E-14

     Pert. #  1: Fermi energy shift (Ry) =    -1.5280E-03    -6.4623E-27

      iter #   6 total cpu time :  1061.6 secs   av.it.:  17.9
      thresh= 2.176E-08 alpha_mix =  0.700 |ddv_scf|^2 =  2.739E-15

     End of self-consistent calculation

     Convergence has been achieved 


     Representation #  16 mode #  16

     Self-consistent Calculation

     Pert. #  1: Fermi energy shift (Ry) =    -1.3339E-03     4.1359E-25

      iter #   1 total cpu time :  1069.1 secs   av.it.:   3.0
      thresh= 1.000E-02 alpha_mix =  0.700 |ddv_scf|^2 =  5.308E-09

     Pert. #  1: Fermi energy shift (Ry) =     6.0942E-03    -1.0340E-25

      iter #   2 total cpu time :  1080.2 secs   av.it.:  17.4
      thresh= 7.286E-06 alpha_mix =  0.700 |ddv_scf|^2 =  8.247E-10

     Pert. #  1: Fermi energy shift (Ry) =     2.8430E-03    -1.0340E-25

      iter #   3 total cpu time :  1091.2 secs   av.it.:  17.2
      thresh= 2.872E-06 alpha_mix =  0.700 |ddv_scf|^2 =  1.348E-11

     Pert. #  1: Fermi energy shift (Ry) =     2.5802E-03    -2.0680E-25

      iter #   4 total cpu time :  1102.4 secs   av.it.:  17.5
      thresh= 3.672E-07 alpha_mix =  0.700 |ddv_scf|^2 =  6.715E-13

     Pert. #  1: Fermi energy shift (Ry) =     2.6808E-03    -1.0340E-25

      iter #   5 total cpu time :  1113.4 secs   av.it.:  17.4
      thresh= 8.194E-08 alpha_mix =  0.700 |ddv_scf|^2 =  4.119E-14

     Pert. #  1: Fermi energy shift (Ry) =     2.6498E-03    -1.0340E-25

      iter #   6 total cpu time :  1124.5 secs   av.it.:  17.6
      thresh= 2.030E-08 alpha_mix =  0.700 |ddv_scf|^2 =  2.820E-15

     End of self-consistent calculation

     Convergence has been achieved 


     Representation #  17 mode #  17

     Self-consistent Calculation

     Pert. #  1: Fermi energy shift (Ry) =    -1.3729E-03     0.0000E+00

      iter #   1 total cpu time :  1131.9 secs   av.it.:   3.0
      thresh= 1.000E-02 alpha_mix =  0.700 |ddv_scf|^2 =  5.309E-09

     Pert. #  1: Fermi energy shift (Ry) =     6.0880E-03     0.0000E+00

      iter #   2 total cpu time :  1142.9 secs   av.it.:  17.4
      thresh= 7.286E-06 alpha_mix =  0.700 |ddv_scf|^2 =  8.252E-10

     Pert. #  1: Fermi energy shift (Ry) =     2.8353E-03     0.0000E+00

      iter #   3 total cpu time :  1153.8 secs   av.it.:  17.1
      thresh= 2.873E-06 alpha_mix =  0.700 |ddv_scf|^2 =  1.348E-11

     Pert. #  1: Fermi energy shift (Ry) =     2.5725E-03     0.0000E+00

      iter #   4 total cpu time :  1164.8 secs   av.it.:  17.5
      thresh= 3.671E-07 alpha_mix =  0.700 |ddv_scf|^2 =  6.715E-13

     Pert. #  1: Fermi energy shift (Ry) =     2.6731E-03     0.0000E+00

      iter #   5 total cpu time :  1175.9 secs   av.it.:  17.4
      thresh= 8.194E-08 alpha_mix =  0.700 |ddv_scf|^2 =  4.117E-14

     Pert. #  1: Fermi energy shift (Ry) =     2.6421E-03     0.0000E+00

      iter #   6 total cpu time :  1186.9 secs   av.it.:  17.6
      thresh= 2.029E-08 alpha_mix =  0.700 |ddv_scf|^2 =  2.819E-15

     End of self-consistent calculation

     Convergence has been achieved 


     Representation #  18 mode #  18

     Self-consistent Calculation

     Pert. #  1: Fermi energy shift (Ry) =     1.4221E-03     4.1359E-25

      iter #   1 total cpu time :  1194.3 secs   av.it.:   3.0
      thresh= 1.000E-02 alpha_mix =  0.700 |ddv_scf|^2 =  5.302E-09

     Pert. #  1: Fermi energy shift (Ry) =    -6.0676E-03     5.1699E-26

      iter #   2 total cpu time :  1205.4 secs   av.it.:  17.5
      thresh= 7.282E-06 alpha_mix =  0.700 |ddv_scf|^2 =  8.209E-10

     Pert. #  1: Fermi energy shift (Ry) =    -2.8142E-03     8.0779E-28

      iter #   3 total cpu time :  1216.3 secs   av.it.:  17.2
      thresh= 2.865E-06 alpha_mix =  0.700 |ddv_scf|^2 =  1.353E-11

     Pert. #  1: Fermi energy shift (Ry) =    -2.5510E-03     4.1359E-25

      iter #   4 total cpu time :  1227.4 secs   av.it.:  17.5
      thresh= 3.679E-07 alpha_mix =  0.700 |ddv_scf|^2 =  6.715E-13

     Pert. #  1: Fermi energy shift (Ry) =    -2.6510E-03     6.4623E-27

      iter #   5 total cpu time :  1238.6 secs   av.it.:  17.4
      thresh= 8.194E-08 alpha_mix =  0.700 |ddv_scf|^2 =  4.124E-14

     Pert. #  1: Fermi energy shift (Ry) =    -2.6198E-03     6.4623E-27

      iter #   6 total cpu time :  1249.7 secs   av.it.:  17.6
      thresh= 2.031E-08 alpha_mix =  0.700 |ddv_scf|^2 =  2.820E-15

     End of self-consistent calculation

     Convergence has been achieved 


     Representation #  19 mode #  19

     Self-consistent Calculation

     Pert. #  1: Fermi energy shift (Ry) =     4.3661E-03    -1.6544E-24

      iter #   1 total cpu time :  1257.2 secs   av.it.:   3.0
      thresh= 1.000E-02 alpha_mix =  0.700 |ddv_scf|^2 =  6.020E-09

     Pert. #  1: Fermi energy shift (Ry) =    -4.2412E-03     1.2925E-26

      iter #   2 total cpu time :  1268.2 secs   av.it.:  17.1
      thresh= 7.759E-06 alpha_mix =  0.700 |ddv_scf|^2 =  1.014E-09

     Pert. #  1: Fermi energy shift (Ry) =    -1.5846E-03     5.1699E-26

      iter #   3 total cpu time :  1279.1 secs   av.it.:  17.4
      thresh= 3.184E-06 alpha_mix =  0.700 |ddv_scf|^2 =  1.346E-11

     Pert. #  1: Fermi energy shift (Ry) =    -1.3246E-03     1.0340E-25

      iter #   4 total cpu time :  1290.3 secs   av.it.:  18.0
      thresh= 3.669E-07 alpha_mix =  0.700 |ddv_scf|^2 =  6.341E-13

     Pert. #  1: Fermi energy shift (Ry) =    -1.3770E-03     5.1699E-26

      iter #   5 total cpu time :  1301.5 secs   av.it.:  18.0
      thresh= 7.963E-08 alpha_mix =  0.700 |ddv_scf|^2 =  4.712E-14

     Pert. #  1: Fermi energy shift (Ry) =    -1.3253E-03     5.1699E-26

      iter #   6 total cpu time :  1312.7 secs   av.it.:  17.8
      thresh= 2.171E-08 alpha_mix =  0.700 |ddv_scf|^2 =  2.835E-15

     End of self-consistent calculation

     Convergence has been achieved 


     Representation #  20 mode #  20

     Self-consistent Calculation

     Pert. #  1: Fermi energy shift (Ry) =    -4.7251E-03     0.0000E+00

      iter #   1 total cpu time :  1320.3 secs   av.it.:   3.0
      thresh= 1.000E-02 alpha_mix =  0.700 |ddv_scf|^2 =  6.010E-09

     Pert. #  1: Fermi energy shift (Ry) =     4.3811E-03     0.0000E+00

      iter #   2 total cpu time :  1331.3 secs   av.it.:  17.2
      thresh= 7.752E-06 alpha_mix =  0.700 |ddv_scf|^2 =  1.009E-09

     Pert. #  1: Fermi energy shift (Ry) =     1.7464E-03     0.0000E+00

      iter #   3 total cpu time :  1342.3 secs   av.it.:  17.2
      thresh= 3.177E-06 alpha_mix =  0.700 |ddv_scf|^2 =  1.345E-11

     Pert. #  1: Fermi energy shift (Ry) =     1.5297E-03     0.0000E+00

      iter #   4 total cpu time :  1353.6 secs   av.it.:  18.0
      thresh= 3.667E-07 alpha_mix =  0.700 |ddv_scf|^2 =  6.359E-13

     Pert. #  1: Fermi energy shift (Ry) =     1.5926E-03     0.0000E+00

      iter #   5 total cpu time :  1364.7 secs   av.it.:  17.9
      thresh= 7.974E-08 alpha_mix =  0.700 |ddv_scf|^2 =  4.720E-14

     Pert. #  1: Fermi energy shift (Ry) =     1.5405E-03     0.0000E+00

      iter #   6 total cpu time :  1375.9 secs   av.it.:  17.9
      thresh= 2.172E-08 alpha_mix =  0.700 |ddv_scf|^2 =  2.744E-15

     End of self-consistent calculation

     Convergence has been achieved 


     Representation #  21 mode #  21

     Self-consistent Calculation

     Pert. #  1: Fermi energy shift (Ry) =    -1.2357E-03    -1.3235E-23

      iter #   1 total cpu time :  1383.6 secs   av.it.:   3.4
      thresh= 1.000E-02 alpha_mix =  0.700 |ddv_scf|^2 =  5.824E-09

     Pert. #  1: Fermi energy shift (Ry) =     6.6499E-04     8.2718E-25

      iter #   2 total cpu time :  1394.6 secs   av.it.:  17.4
      thresh= 7.631E-06 alpha_mix =  0.700 |ddv_scf|^2 =  1.187E-09

     Pert. #  1: Fermi energy shift (Ry) =     4.5915E-04     1.0340E-25

      iter #   3 total cpu time :  1405.1 secs   av.it.:  16.4
      thresh= 3.446E-06 alpha_mix =  0.700 |ddv_scf|^2 =  1.366E-11

     Pert. #  1: Fermi energy shift (Ry) =     4.3712E-04     1.0340E-25

      iter #   4 total cpu time :  1416.1 secs   av.it.:  17.9
      thresh= 3.696E-07 alpha_mix =  0.700 |ddv_scf|^2 =  3.607E-13

     Pert. #  1: Fermi energy shift (Ry) =     4.4738E-04     1.0340E-25

      iter #   5 total cpu time :  1427.3 secs   av.it.:  18.0
      thresh= 6.006E-08 alpha_mix =  0.700 |ddv_scf|^2 =  5.014E-14

     Pert. #  1: Fermi energy shift (Ry) =     4.3959E-04     1.0340E-25

      iter #   6 total cpu time :  1438.1 secs   av.it.:  17.0
      thresh= 2.239E-08 alpha_mix =  0.700 |ddv_scf|^2 =  1.824E-15

     End of self-consistent calculation

     Convergence has been achieved 


     Representation #  22 mode #  22

     Self-consistent Calculation

     Pert. #  1: Fermi energy shift (Ry) =    -4.5924E-03    -8.2718E-25

      iter #   1 total cpu time :  1445.6 secs   av.it.:   3.0
      thresh= 1.000E-02 alpha_mix =  0.700 |ddv_scf|^2 =  6.004E-09

     Pert. #  1: Fermi energy shift (Ry) =     4.3599E-03     8.2718E-25

      iter #   2 total cpu time :  1456.6 secs   av.it.:  17.2
      thresh= 7.749E-06 alpha_mix =  0.700 |ddv_scf|^2 =  1.004E-09

     Pert. #  1: Fermi energy shift (Ry) =     1.7368E-03     5.1699E-26

      iter #   3 total cpu time :  1467.6 secs   av.it.:  17.2
      thresh= 3.169E-06 alpha_mix =  0.700 |ddv_scf|^2 =  1.351E-11

     Pert. #  1: Fermi energy shift (Ry) =     1.5237E-03     5.1699E-26

      iter #   4 total cpu time :  1478.9 secs   av.it.:  18.0
      thresh= 3.676E-07 alpha_mix =  0.700 |ddv_scf|^2 =  6.373E-13

     Pert. #  1: Fermi energy shift (Ry) =     1.5861E-03     5.1699E-26

      iter #   5 total cpu time :  1490.0 secs   av.it.:  17.9
      thresh= 7.983E-08 alpha_mix =  0.700 |ddv_scf|^2 =  4.715E-14

     Pert. #  1: Fermi energy shift (Ry) =     1.5342E-03     5.1699E-26

      iter #   6 total cpu time :  1501.2 secs   av.it.:  18.0
      thresh= 2.171E-08 alpha_mix =  0.700 |ddv_scf|^2 =  2.758E-15

     End of self-consistent calculation

     Convergence has been achieved 


     Representation #  23 mode #  23

     Self-consistent Calculation

     Pert. #  1: Fermi energy shift (Ry) =     1.1727E-03     0.0000E+00

      iter #   1 total cpu time :  1508.8 secs   av.it.:   3.2
      thresh= 1.000E-02 alpha_mix =  0.700 |ddv_scf|^2 =  5.812E-09

     Pert. #  1: Fermi energy shift (Ry) =    -6.7012E-04     0.0000E+00

      iter #   2 total cpu time :  1519.7 secs   av.it.:  17.4
      thresh= 7.624E-06 alpha_mix =  0.700 |ddv_scf|^2 =  1.178E-09

     Pert. #  1: Fermi energy shift (Ry) =    -4.7416E-04     0.0000E+00

      iter #   3 total cpu time :  1530.2 secs   av.it.:  16.4
      thresh= 3.432E-06 alpha_mix =  0.700 |ddv_scf|^2 =  1.382E-11

     Pert. #  1: Fermi energy shift (Ry) =    -4.5380E-04     0.0000E+00

      iter #   4 total cpu time :  1541.3 secs   av.it.:  17.8
      thresh= 3.717E-07 alpha_mix =  0.700 |ddv_scf|^2 =  3.613E-13

     Pert. #  1: Fermi energy shift (Ry) =    -4.6316E-04     0.0000E+00

      iter #   5 total cpu time :  1552.6 secs   av.it.:  17.9
      thresh= 6.011E-08 alpha_mix =  0.700 |ddv_scf|^2 =  5.011E-14

     Pert. #  1: Fermi energy shift (Ry) =    -4.5544E-04     0.0000E+00

      iter #   6 total cpu time :  1563.6 secs   av.it.:  17.0
      thresh= 2.239E-08 alpha_mix =  0.700 |ddv_scf|^2 =  1.835E-15

     End of self-consistent calculation

     Convergence has been achieved 


     Representation #  24 mode #  24

     Self-consistent Calculation

     Pert. #  1: Fermi energy shift (Ry) =    -4.1153E-03    -8.2718E-25

      iter #   1 total cpu time :  1571.3 secs   av.it.:   3.0
      thresh= 1.000E-02 alpha_mix =  0.700 |ddv_scf|^2 =  6.015E-09

     Pert. #  1: Fermi energy shift (Ry) =     4.2611E-03     2.5849E-26

      iter #   2 total cpu time :  1582.2 secs   av.it.:  17.2
      thresh= 7.756E-06 alpha_mix =  0.700 |ddv_scf|^2 =  1.009E-09

     Pert. #  1: Fermi energy shift (Ry) =     1.5866E-03     2.5849E-26

      iter #   3 total cpu time :  1593.2 secs   av.it.:  17.4
      thresh= 3.177E-06 alpha_mix =  0.700 |ddv_scf|^2 =  1.351E-11

     Pert. #  1: Fermi energy shift (Ry) =     1.3264E-03    -5.1699E-26

      iter #   4 total cpu time :  1604.5 secs   av.it.:  18.0
      thresh= 3.675E-07 alpha_mix =  0.700 |ddv_scf|^2 =  6.357E-13

     Pert. #  1: Fermi energy shift (Ry) =     1.3789E-03     2.5849E-26

      iter #   5 total cpu time :  1615.6 secs   av.it.:  18.0
      thresh= 7.973E-08 alpha_mix =  0.700 |ddv_scf|^2 =  4.708E-14

     Pert. #  1: Fermi energy shift (Ry) =     1.3272E-03     2.5849E-26

      iter #   6 total cpu time :  1626.8 secs   av.it.:  17.8
      thresh= 2.170E-08 alpha_mix =  0.700 |ddv_scf|^2 =  2.832E-15

     End of self-consistent calculation

     Convergence has been achieved 


     Representation #  25 mode #  25

     Self-consistent Calculation

     Pert. #  1: Fermi energy shift (Ry) =    -1.1505E-03     6.6174E-24

      iter #   1 total cpu time :  1634.5 secs   av.it.:   3.4
      thresh= 1.000E-02 alpha_mix =  0.700 |ddv_scf|^2 =  5.817E-09

     Pert. #  1: Fermi energy shift (Ry) =     6.4404E-04     3.3087E-24

      iter #   2 total cpu time :  1645.4 secs   av.it.:  17.4
      thresh= 7.627E-06 alpha_mix =  0.700 |ddv_scf|^2 =  1.182E-09

     Pert. #  1: Fermi energy shift (Ry) =     4.6285E-04     1.0340E-25

      iter #   3 total cpu time :  1656.0 secs   av.it.:  16.5
      thresh= 3.438E-06 alpha_mix =  0.700 |ddv_scf|^2 =  1.376E-11

     Pert. #  1: Fermi energy shift (Ry) =     4.4418E-04     2.0680E-25

      iter #   4 total cpu time :  1667.0 secs   av.it.:  17.9
      thresh= 3.709E-07 alpha_mix =  0.700 |ddv_scf|^2 =  3.608E-13

     Pert. #  1: Fermi energy shift (Ry) =     4.5367E-04     2.0680E-25

      iter #   5 total cpu time :  1678.2 secs   av.it.:  18.0
      thresh= 6.006E-08 alpha_mix =  0.700 |ddv_scf|^2 =  5.008E-14

     Pert. #  1: Fermi energy shift (Ry) =     4.4608E-04     2.0680E-25

      iter #   6 total cpu time :  1689.1 secs   av.it.:  17.0
      thresh= 2.238E-08 alpha_mix =  0.700 |ddv_scf|^2 =  1.830E-15

     End of self-consistent calculation

     Convergence has been achieved 


     Representation #  26 mode #  26

     Self-consistent Calculation

     Pert. #  1: Fermi energy shift (Ry) =    -4.1022E-03     0.0000E+00

      iter #   1 total cpu time :  1696.7 secs   av.it.:   3.0
      thresh= 1.000E-02 alpha_mix =  0.700 |ddv_scf|^2 =  6.026E-09

     Pert. #  1: Fermi energy shift (Ry) =     4.2839E-03     0.0000E+00

      iter #   2 total cpu time :  1707.6 secs   av.it.:  17.2
      thresh= 7.763E-06 alpha_mix =  0.700 |ddv_scf|^2 =  1.017E-09

     Pert. #  1: Fermi energy shift (Ry) =     1.5940E-03     0.0000E+00

      iter #   3 total cpu time :  1718.6 secs   av.it.:  17.2
      thresh= 3.190E-06 alpha_mix =  0.700 |ddv_scf|^2 =  1.342E-11

     Pert. #  1: Fermi energy shift (Ry) =     1.3301E-03     0.0000E+00

      iter #   4 total cpu time :  1729.8 secs   av.it.:  17.9
      thresh= 3.663E-07 alpha_mix =  0.700 |ddv_scf|^2 =  6.373E-13

     Pert. #  1: Fermi energy shift (Ry) =     1.3825E-03     0.0000E+00

      iter #   5 total cpu time :  1740.9 secs   av.it.:  18.0
      thresh= 7.983E-08 alpha_mix =  0.700 |ddv_scf|^2 =  4.718E-14

     Pert. #  1: Fermi energy shift (Ry) =     1.3310E-03     0.0000E+00

      iter #   6 total cpu time :  1752.1 secs   av.it.:  17.9
      thresh= 2.172E-08 alpha_mix =  0.700 |ddv_scf|^2 =  2.841E-15

     End of self-consistent calculation

     Convergence has been achieved 


     Representation #  27 mode #  27

     Self-consistent Calculation

     Pert. #  1: Fermi energy shift (Ry) =    -4.8432E-03    -3.3087E-24

      iter #   1 total cpu time :  1759.7 secs   av.it.:   3.0
      thresh= 1.000E-02 alpha_mix =  0.700 |ddv_scf|^2 =  6.012E-09

     Pert. #  1: Fermi energy shift (Ry) =     4.3275E-03    -8.2718E-25

      iter #   2 total cpu time :  1770.6 secs   av.it.:  17.2
      thresh= 7.754E-06 alpha_mix =  0.700 |ddv_scf|^2 =  1.012E-09

     Pert. #  1: Fermi energy shift (Ry) =     1.7345E-03    -4.1359E-25

      iter #   3 total cpu time :  1781.6 secs   av.it.:  17.2
      thresh= 3.182E-06 alpha_mix =  0.700 |ddv_scf|^2 =  1.344E-11

     Pert. #  1: Fermi energy shift (Ry) =     1.5212E-03     6.4623E-27

      iter #   4 total cpu time :  1792.9 secs   av.it.:  18.0
      thresh= 3.666E-07 alpha_mix =  0.700 |ddv_scf|^2 =  6.326E-13

     Pert. #  1: Fermi energy shift (Ry) =     1.5844E-03    -2.5849E-26

      iter #   5 total cpu time :  1804.2 secs   av.it.:  17.8
      thresh= 7.954E-08 alpha_mix =  0.700 |ddv_scf|^2 =  4.732E-14

     Pert. #  1: Fermi energy shift (Ry) =     1.5324E-03    -2.5849E-26

      iter #   6 total cpu time :  1815.4 secs   av.it.:  17.9
      thresh= 2.175E-08 alpha_mix =  0.700 |ddv_scf|^2 =  2.742E-15

     End of self-consistent calculation

     Convergence has been achieved 


     Representation #  28 mode #  28

     Self-consistent Calculation

     Pert. #  1: Fermi energy shift (Ry) =     1.3672E-03     2.5849E-26

      iter #   1 total cpu time :  1822.9 secs   av.it.:   3.0
      thresh= 1.000E-02 alpha_mix =  0.700 |ddv_scf|^2 =  5.309E-09

     Pert. #  1: Fermi energy shift (Ry) =    -6.0802E-03    -1.2925E-26

      iter #   2 total cpu time :  1833.9 secs   av.it.:  17.4
      thresh= 7.286E-06 alpha_mix =  0.700 |ddv_scf|^2 =  8.252E-10

     Pert. #  1: Fermi energy shift (Ry) =    -2.8185E-03    -1.2925E-26

      iter #   3 total cpu time :  1844.8 secs   av.it.:  17.2
      thresh= 2.873E-06 alpha_mix =  0.700 |ddv_scf|^2 =  1.348E-11

     Pert. #  1: Fermi energy shift (Ry) =    -2.5547E-03     5.1699E-26

      iter #   4 total cpu time :  1855.9 secs   av.it.:  17.5
      thresh= 3.672E-07 alpha_mix =  0.700 |ddv_scf|^2 =  6.721E-13

     Pert. #  1: Fermi energy shift (Ry) =    -2.6551E-03    -1.2925E-26

      iter #   5 total cpu time :  1866.9 secs   av.it.:  17.4
      thresh= 8.198E-08 alpha_mix =  0.700 |ddv_scf|^2 =  4.123E-14

     Pert. #  1: Fermi energy shift (Ry) =    -2.6241E-03    -1.2925E-26

      iter #   6 total cpu time :  1878.0 secs   av.it.:  17.6
      thresh= 2.030E-08 alpha_mix =  0.700 |ddv_scf|^2 =  2.821E-15

     End of self-consistent calculation

     Convergence has been achieved 


     Representation #  29 mode #  29

     Self-consistent Calculation

     Pert. #  1: Fermi energy shift (Ry) =     1.3745E-03     0.0000E+00

      iter #   1 total cpu time :  1885.4 secs   av.it.:   3.0
      thresh= 1.000E-02 alpha_mix =  0.700 |ddv_scf|^2 =  5.309E-09

     Pert. #  1: Fermi energy shift (Ry) =    -6.0755E-03     0.0000E+00

      iter #   2 total cpu time :  1896.4 secs   av.it.:  17.4
      thresh= 7.286E-06 alpha_mix =  0.700 |ddv_scf|^2 =  8.253E-10

     Pert. #  1: Fermi energy shift (Ry) =    -2.8232E-03     0.0000E+00

      iter #   3 total cpu time :  1907.2 secs   av.it.:  17.1
      thresh= 2.873E-06 alpha_mix =  0.700 |ddv_scf|^2 =  1.347E-11

     Pert. #  1: Fermi energy shift (Ry) =    -2.5618E-03     0.0000E+00

      iter #   4 total cpu time :  1918.3 secs   av.it.:  17.5
      thresh= 3.671E-07 alpha_mix =  0.700 |ddv_scf|^2 =  6.712E-13

     Pert. #  1: Fermi energy shift (Ry) =    -2.6624E-03     0.0000E+00

      iter #   5 total cpu time :  1929.4 secs   av.it.:  17.5
      thresh= 8.193E-08 alpha_mix =  0.700 |ddv_scf|^2 =  4.115E-14

     Pert. #  1: Fermi energy shift (Ry) =    -2.6315E-03     0.0000E+00

      iter #   6 total cpu time :  1940.4 secs   av.it.:  17.6
      thresh= 2.029E-08 alpha_mix =  0.700 |ddv_scf|^2 =  2.818E-15

     End of self-consistent calculation

     Convergence has been achieved 


     Representation #  30 mode #  30

     Self-consistent Calculation

     Pert. #  1: Fermi energy shift (Ry) =    -1.3975E-03     1.6544E-24

      iter #   1 total cpu time :  1947.9 secs   av.it.:   3.0
      thresh= 1.000E-02 alpha_mix =  0.700 |ddv_scf|^2 =  5.302E-09

     Pert. #  1: Fermi energy shift (Ry) =     6.1052E-03     1.2925E-26

      iter #   2 total cpu time :  1959.0 secs   av.it.:  17.5
      thresh= 7.281E-06 alpha_mix =  0.700 |ddv_scf|^2 =  8.206E-10

     Pert. #  1: Fermi energy shift (Ry) =     2.8486E-03     5.1699E-26

      iter #   3 total cpu time :  1969.9 secs   av.it.:  17.2
      thresh= 2.865E-06 alpha_mix =  0.700 |ddv_scf|^2 =  1.353E-11

     Pert. #  1: Fermi energy shift (Ry) =     2.5862E-03    -2.0680E-25

      iter #   4 total cpu time :  1981.0 secs   av.it.:  17.5
      thresh= 3.679E-07 alpha_mix =  0.700 |ddv_scf|^2 =  6.713E-13

     Pert. #  1: Fermi energy shift (Ry) =     2.6859E-03     1.0340E-25

      iter #   5 total cpu time :  1992.1 secs   av.it.:  17.4
      thresh= 8.193E-08 alpha_mix =  0.700 |ddv_scf|^2 =  4.121E-14

     Pert. #  1: Fermi energy shift (Ry) =     2.6547E-03     1.0340E-25

      iter #   6 total cpu time :  2003.2 secs   av.it.:  17.6
      thresh= 2.030E-08 alpha_mix =  0.700 |ddv_scf|^2 =  2.819E-15

     End of self-consistent calculation

     Convergence has been achieved 


     Representation #  31 mode #  31

     Self-consistent Calculation

     Pert. #  1: Fermi energy shift (Ry) =    -4.3677E-03     3.3087E-24

      iter #   1 total cpu time :  2010.7 secs   av.it.:   3.0
      thresh= 1.000E-02 alpha_mix =  0.700 |ddv_scf|^2 =  6.019E-09

     Pert. #  1: Fermi energy shift (Ry) =     4.2789E-03     1.0340E-25

      iter #   2 total cpu time :  2021.7 secs   av.it.:  17.1
      thresh= 7.758E-06 alpha_mix =  0.700 |ddv_scf|^2 =  1.012E-09

     Pert. #  1: Fermi energy shift (Ry) =     1.6119E-03     5.1699E-26

      iter #   3 total cpu time :  2032.7 secs   av.it.:  17.4
      thresh= 3.182E-06 alpha_mix =  0.700 |ddv_scf|^2 =  1.347E-11

     Pert. #  1: Fermi energy shift (Ry) =     1.3531E-03    -6.4623E-27

      iter #   4 total cpu time :  2044.0 secs   av.it.:  18.0
      thresh= 3.671E-07 alpha_mix =  0.700 |ddv_scf|^2 =  6.346E-13

     Pert. #  1: Fermi energy shift (Ry) =     1.4052E-03     1.0340E-25

      iter #   5 total cpu time :  2055.2 secs   av.it.:  17.9
      thresh= 7.966E-08 alpha_mix =  0.700 |ddv_scf|^2 =  4.698E-14

     Pert. #  1: Fermi energy shift (Ry) =     1.3535E-03     5.1699E-26

      iter #   6 total cpu time :  2066.4 secs   av.it.:  17.8
      thresh= 2.167E-08 alpha_mix =  0.700 |ddv_scf|^2 =  2.827E-15

     End of self-consistent calculation

     Convergence has been achieved 


     Representation #  32 mode #  32

     Self-consistent Calculation

     Pert. #  1: Fermi energy shift (Ry) =     4.6917E-03     0.0000E+00

      iter #   1 total cpu time :  2074.0 secs   av.it.:   3.0
      thresh= 1.000E-02 alpha_mix =  0.700 |ddv_scf|^2 =  6.009E-09

     Pert. #  1: Fermi energy shift (Ry) =    -4.3505E-03     0.0000E+00

      iter #   2 total cpu time :  2084.9 secs   av.it.:  17.2
      thresh= 7.752E-06 alpha_mix =  0.700 |ddv_scf|^2 =  1.008E-09

     Pert. #  1: Fermi energy shift (Ry) =    -1.7173E-03     0.0000E+00

      iter #   3 total cpu time :  2095.8 secs   av.it.:  17.2
      thresh= 3.175E-06 alpha_mix =  0.700 |ddv_scf|^2 =  1.346E-11

     Pert. #  1: Fermi energy shift (Ry) =    -1.4998E-03     0.0000E+00

      iter #   4 total cpu time :  2107.0 secs   av.it.:  18.0
      thresh= 3.669E-07 alpha_mix =  0.700 |ddv_scf|^2 =  6.362E-13

     Pert. #  1: Fermi energy shift (Ry) =    -1.5628E-03     0.0000E+00

      iter #   5 total cpu time :  2118.1 secs   av.it.:  17.9
      thresh= 7.976E-08 alpha_mix =  0.700 |ddv_scf|^2 =  4.717E-14

     Pert. #  1: Fermi energy shift (Ry) =    -1.5107E-03     0.0000E+00

      iter #   6 total cpu time :  2129.3 secs   av.it.:  17.9
      thresh= 2.172E-08 alpha_mix =  0.700 |ddv_scf|^2 =  2.746E-15

     End of self-consistent calculation

     Convergence has been achieved 


     Representation #  33 mode #  33

     Self-consistent Calculation

     Pert. #  1: Fermi energy shift (Ry) =     1.1868E-03     2.6470E-23

      iter #   1 total cpu time :  2136.9 secs   av.it.:   3.4
      thresh= 1.000E-02 alpha_mix =  0.700 |ddv_scf|^2 =  5.824E-09

     Pert. #  1: Fermi energy shift (Ry) =    -6.9141E-04    -8.2718E-25

      iter #   2 total cpu time :  2147.9 secs   av.it.:  17.4
      thresh= 7.631E-06 alpha_mix =  0.700 |ddv_scf|^2 =  1.187E-09

     Pert. #  1: Fermi energy shift (Ry) =    -4.9111E-04    -1.2925E-26

      iter #   3 total cpu time :  2158.4 secs   av.it.:  16.4
      thresh= 3.446E-06 alpha_mix =  0.700 |ddv_scf|^2 =  1.366E-11

     Pert. #  1: Fermi energy shift (Ry) =    -4.6788E-04    -2.5849E-26

      iter #   4 total cpu time :  2169.5 secs   av.it.:  17.9
      thresh= 3.696E-07 alpha_mix =  0.700 |ddv_scf|^2 =  3.607E-13

     Pert. #  1: Fermi energy shift (Ry) =    -4.7812E-04    -5.1699E-26

      iter #   5 total cpu time :  2180.7 secs   av.it.:  18.0
      thresh= 6.006E-08 alpha_mix =  0.700 |ddv_scf|^2 =  5.013E-14

     Pert. #  1: Fermi energy shift (Ry) =    -4.7023E-04    -5.1699E-26

      iter #   6 total cpu time :  2191.5 secs   av.it.:  17.0
      thresh= 2.239E-08 alpha_mix =  0.700 |ddv_scf|^2 =  1.824E-15

     End of self-consistent calculation

     Convergence has been achieved 


     Representation #  34 mode #  34

     Self-consistent Calculation

     Pert. #  1: Fermi energy shift (Ry) =     4.6600E-03    -1.6544E-24

      iter #   1 total cpu time :  2199.0 secs   av.it.:   3.0
      thresh= 1.000E-02 alpha_mix =  0.700 |ddv_scf|^2 =  6.006E-09

     Pert. #  1: Fermi energy shift (Ry) =    -4.3409E-03    -8.2718E-25

      iter #   2 total cpu time :  2209.9 secs   av.it.:  17.2
      thresh= 7.750E-06 alpha_mix =  0.700 |ddv_scf|^2 =  1.005E-09

     Pert. #  1: Fermi energy shift (Ry) =    -1.7257E-03    -5.1699E-26

      iter #   3 total cpu time :  2220.8 secs   av.it.:  17.2
      thresh= 3.171E-06 alpha_mix =  0.700 |ddv_scf|^2 =  1.349E-11

     Pert. #  1: Fermi energy shift (Ry) =    -1.5125E-03    -5.1699E-26

      iter #   4 total cpu time :  2232.0 secs   av.it.:  18.0
      thresh= 3.673E-07 alpha_mix =  0.700 |ddv_scf|^2 =  6.369E-13

     Pert. #  1: Fermi energy shift (Ry) =    -1.5753E-03    -5.1699E-26

      iter #   5 total cpu time :  2243.2 secs   av.it.:  17.9
      thresh= 7.981E-08 alpha_mix =  0.700 |ddv_scf|^2 =  4.719E-14

     Pert. #  1: Fermi energy shift (Ry) =    -1.5233E-03    -5.1699E-26

      iter #   6 total cpu time :  2254.3 secs   av.it.:  18.0
      thresh= 2.172E-08 alpha_mix =  0.700 |ddv_scf|^2 =  2.755E-15

     End of self-consistent calculation

     Convergence has been achieved 


     Representation #  35 mode #  35

     Self-consistent Calculation

     Pert. #  1: Fermi energy shift (Ry) =    -1.1733E-03     0.0000E+00

      iter #   1 total cpu time :  2261.9 secs   av.it.:   3.2
      thresh= 1.000E-02 alpha_mix =  0.700 |ddv_scf|^2 =  5.812E-09

     Pert. #  1: Fermi energy shift (Ry) =     6.6243E-04     0.0000E+00

      iter #   2 total cpu time :  2272.9 secs   av.it.:  17.4
      thresh= 7.624E-06 alpha_mix =  0.700 |ddv_scf|^2 =  1.178E-09

     Pert. #  1: Fermi energy shift (Ry) =     4.6937E-04     0.0000E+00

      iter #   3 total cpu time :  2283.4 secs   av.it.:  16.4
      thresh= 3.432E-06 alpha_mix =  0.700 |ddv_scf|^2 =  1.382E-11

     Pert. #  1: Fermi energy shift (Ry) =     4.4818E-04     0.0000E+00

      iter #   4 total cpu time :  2294.5 secs   av.it.:  17.8
      thresh= 3.718E-07 alpha_mix =  0.700 |ddv_scf|^2 =  3.613E-13

     Pert. #  1: Fermi energy shift (Ry) =     4.5776E-04     0.0000E+00

      iter #   5 total cpu time :  2305.6 secs   av.it.:  17.9
      thresh= 6.011E-08 alpha_mix =  0.700 |ddv_scf|^2 =  5.011E-14

     Pert. #  1: Fermi energy shift (Ry) =     4.4997E-04     0.0000E+00

      iter #   6 total cpu time :  2316.4 secs   av.it.:  17.0
      thresh= 2.239E-08 alpha_mix =  0.700 |ddv_scf|^2 =  1.835E-15

     End of self-consistent calculation

     Convergence has been achieved 


     Representation #  36 mode #  36

     Self-consistent Calculation

     Pert. #  1: Fermi energy shift (Ry) =     4.1140E-03    -2.0680E-25

      iter #   1 total cpu time :  2324.0 secs   av.it.:   3.0
      thresh= 1.000E-02 alpha_mix =  0.700 |ddv_scf|^2 =  6.015E-09

     Pert. #  1: Fermi energy shift (Ry) =    -4.2812E-03    -6.4623E-27

      iter #   2 total cpu time :  2334.9 secs   av.it.:  17.2
      thresh= 7.756E-06 alpha_mix =  0.700 |ddv_scf|^2 =  1.009E-09

     Pert. #  1: Fermi energy shift (Ry) =    -1.6011E-03     6.4623E-27

      iter #   3 total cpu time :  2345.8 secs   av.it.:  17.4
      thresh= 3.176E-06 alpha_mix =  0.700 |ddv_scf|^2 =  1.351E-11

     Pert. #  1: Fermi energy shift (Ry) =    -1.3415E-03     1.0340E-25

      iter #   4 total cpu time :  2357.0 secs   av.it.:  18.0
      thresh= 3.675E-07 alpha_mix =  0.700 |ddv_scf|^2 =  6.357E-13

     Pert. #  1: Fermi energy shift (Ry) =    -1.3938E-03     6.4623E-27

      iter #   5 total cpu time :  2368.1 secs   av.it.:  18.0
      thresh= 7.973E-08 alpha_mix =  0.700 |ddv_scf|^2 =  4.705E-14

     Pert. #  1: Fermi energy shift (Ry) =    -1.3421E-03     3.2312E-27

      iter #   6 total cpu time :  2379.3 secs   av.it.:  17.8
      thresh= 2.169E-08 alpha_mix =  0.700 |ddv_scf|^2 =  2.831E-15

     End of self-consistent calculation

     Convergence has been achieved 

     Number of q in the star =    1
     List of q in the star:
          1   0.000000000   0.000000000   0.000000000

     Diagonalizing the dynamical matrix

     q = (    0.000000000   0.000000000   0.000000000 ) 

 **************************************************************************
     freq (    1) =       2.035403 [THz] =      67.893722 [cm-1]
     freq (    2) =       2.064423 [THz] =      68.861741 [cm-1]
     freq (    3) =       2.071055 [THz] =      69.082945 [cm-1]
     freq (    4) =       4.068280 [THz] =     135.703208 [cm-1]
     freq (    5) =      13.838803 [THz] =     461.612765 [cm-1]
     freq (    6) =      13.840736 [THz] =     461.677250 [cm-1]
     freq (    7) =      14.042702 [THz] =     468.414129 [cm-1]
     freq (    8) =      17.047786 [THz] =     568.652939 [cm-1]
     freq (    9) =      17.051277 [THz] =     568.769376 [cm-1]
     freq (   10) =      21.098436 [THz] =     703.768062 [cm-1]
     freq (   11) =      21.098766 [THz] =     703.779093 [cm-1]
     freq (   12) =      21.115002 [THz] =     704.320648 [cm-1]
     freq (   13) =      22.387765 [THz] =     746.775467 [cm-1]
     freq (   14) =      22.455009 [THz] =     749.018460 [cm-1]
     freq (   15) =      22.455371 [THz] =     749.030567 [cm-1]
     freq (   16) =      22.680895 [THz] =     756.553228 [cm-1]
     freq (   17) =      22.682386 [THz] =     756.602971 [cm-1]
     freq (   18) =      24.487610 [THz] =     816.818760 [cm-1]
     freq (   19) =      26.628584 [THz] =     888.233940 [cm-1]
     freq (   20) =      26.630914 [THz] =     888.311690 [cm-1]
     freq (   21) =      26.823171 [THz] =     894.724668 [cm-1]
     freq (   22) =      27.561698 [THz] =     919.359293 [cm-1]
     freq (   23) =      27.561879 [THz] =     919.365321 [cm-1]
     freq (   24) =      28.975539 [THz] =     966.519946 [cm-1]
     freq (   25) =      28.976718 [THz] =     966.559278 [cm-1]
     freq (   26) =      30.125250 [THz] =    1004.870190 [cm-1]
     freq (   27) =      33.877733 [THz] =    1130.039544 [cm-1]
     freq (   28) =      41.988970 [THz] =    1400.601269 [cm-1]
     freq (   29) =      41.989699 [THz] =    1400.625583 [cm-1]
     freq (   30) =      44.663158 [THz] =    1489.802581 [cm-1]
     freq (   31) =      45.487647 [THz] =    1517.304586 [cm-1]
     freq (   32) =      49.814925 [THz] =    1661.647039 [cm-1]
     freq (   33) =      49.815216 [THz] =    1661.656744 [cm-1]
     freq (   34) =      52.724684 [THz] =    1758.706139 [cm-1]
     freq (   35) =      52.725527 [THz] =    1758.734271 [cm-1]
     freq (   36) =      53.991124 [THz] =    1800.950051 [cm-1]
 **************************************************************************

     Calculation of q =    0.0167626   0.0167660  -0.4998872

     Subspace diagonalization in iterative solution of the eigenvalue problem:
     a serial algorithm will be used


     Parallelization info
     --------------------
     sticks:   dense  smooth     PW     G-vecs:    dense   smooth      PW
     Min        3060    1217    359               179147    45315    7217
     Max        3061    1218    360               179148    45316    7218
     Sum        6121    2435    719               358295    90631   14435


     Title: 
     Phonons                                                                    


     bravais-lattice index     =            0
     lattice parameter (alat)  =       9.7743  a.u.
     unit-cell volume          =     937.5358 (a.u.)^3
     number of atoms/cell      =           12
     number of atomic types    =            3
     number of electrons       =        24.00
     number of Kohn-Sham states=           16
     kinetic-energy cutoff     =      80.0000  Ry
     charge density cutoff     =     800.0000  Ry
     Exchange-correlation= PBE
                           (   1   4   3   4   0   0   0)

     celldm(1)=   9.774316  celldm(2)=   0.000000  celldm(3)=   0.000000
     celldm(4)=   0.000000  celldm(5)=   0.000000  celldm(6)=   0.000000

     crystal axes: (cart. coord. in units of alat)
               a(1) = (   1.002405  -0.032529   0.032522 )  
               a(2) = (  -0.032529   1.002409   0.032529 )  
               a(3) = (   0.032522   0.032529   1.002407 )  

     reciprocal axes: (cart. coord. in units 2 pi/alat)
               b(1) = (  0.999776  0.033531 -0.033525 )  
               b(2) = (  0.033532  0.999773 -0.033532 )  
               b(3) = ( -0.033525 -0.033532  0.999774 )  


     PseudoPot. # 1 for Ba read from file:
     /home/marco/ZOS_Cloud_Compute/pseudo/Ba.UPF
     MD5 check sum: c432291d3e53af55f19d5e8866385beb
     Pseudo is Projector augmented-wave + core cor, Zval = 10.0
     Generated using "atomic" code by A. Dal Corso  v.5.1
     Shape of augmentation charge: PSQ
     Using radial grid of 1251 points,  7 beta functions with: 
                l(1) =   0
                l(2) =   0
                l(3) =   0
                l(4) =   1
                l(5) =   1
                l(6) =   2
                l(7) =   2
     Q(r) pseudized with 0 coefficients 


     PseudoPot. # 2 for H  read from file:
     /home/marco/ZOS_Cloud_Compute/pseudo/H.UPF
     MD5 check sum: f52b6d4d1c606e5624b1dc7b2218f220
     Pseudo is Ultrasoft, Zval =  1.0
     Generated using "atomic" code by A. Dal Corso  v.5.1
     Using radial grid of  929 points,  2 beta functions with: 
                l(1) =   0
                l(2) =   0
     Q(r) pseudized with 0 coefficients 


     PseudoPot. # 3 for Mg read from file:
     /home/marco/ZOS_Cloud_Compute/pseudo/Mg.UPF
     MD5 check sum: 24ecedc7f3e3cbe212e682f4413594e4
     Pseudo is Projector augmented-wave + core cor, Zval =  2.0
     Generated using "atomic" code by A. Dal Corso  v.5.0.99 svn rev. 10869
     Shape of augmentation charge: PSQ
     Using radial grid of 1129 points,  4 beta functions with: 
                l(1) =   0
                l(2) =   0
                l(3) =   1
                l(4) =   1
     Q(r) pseudized with 0 coefficients 


     atomic species   valence    mass     pseudopotential
        Ba            10.00     1.00000     Ba( 1.00)
        H              1.00     1.00000     H ( 1.00)
        Mg             2.00     1.00000     Mg( 1.00)

     No symmetry found



   Cartesian axes

     site n.     atom                  positions (alat units)
         1           Mg  tau(   1) = (   0.4849284   0.4849423   0.0325299  )
         2           Ba  tau(   2) = (   0.5175157  -0.0000002   0.5174640  )
         3           Mg  tau(   3) = (  -0.0000060   0.5174702   0.5174584  )
         4           Mg  tau(   4) = (   0.0000027  -0.0000020  -0.0000057  )
         5           H   tau(   5) = (  -0.0059120   0.8553070   0.3679238  )
         6           H   tau(   6) = (   0.8152546   0.2978027   0.2196554  )
         7           H   tau(   7) = (   0.3703630   0.1820619   1.0083537  )
         8           H   tau(   8) = (   0.6669807   0.5115597   0.6970802  )
         9           H   tau(   9) = (   1.0083348   0.1470839   0.6995069  )
        10           H   tau(  10) = (   0.1871133   0.7045993   0.8477967  )
        11           H   tau(  11) = (   0.6320227   0.8203497   0.0591614  )
        12           H   tau(  12) = (   0.3353953   0.4908714   0.3703700  )

     number of k points=    16  Methfessel-Paxton smearing, width (Ry)=  0.0200
                       cart. coord. in units 2pi/alat
        k(    1) = (   0.0000000   0.0000000   0.0000000), wk =   0.2500000
        k(    2) = (   0.0167626   0.0167660  -0.4998872), wk =   0.0000000
        k(    3) = (   0.0167626   0.0167660  -0.4998872), wk =   0.2500000
        k(    4) = (   0.0335251   0.0335319  -0.9997744), wk =   0.0000000
        k(    5) = (  -0.0000032  -0.4831206  -0.4831213), wk =   0.2500000
        k(    6) = (   0.0167593  -0.4663547  -0.9830085), wk =   0.0000000
        k(    7) = (  -0.4998913  -0.4998862  -0.4663590), wk =   0.2500000
        k(    8) = (  -0.4831288  -0.4831203  -0.9662462), wk =   0.0000000
        k(    9) = (   0.0167658   0.4998866  -0.0167659), wk =   0.2500000
        k(   10) = (   0.0335283   0.5166525  -0.5166531), wk =   0.0000000
        k(   11) = (   0.4998881   0.0167656  -0.0167623), wk =   0.2500000
        k(   12) = (   0.5166507   0.0335316  -0.5166495), wk =   0.0000000
        k(   13) = (  -0.4831223   0.4831210  -0.0000036), wk =   0.2500000
        k(   14) = (  -0.4663598   0.4998869  -0.4998908), wk =   0.0000000
        k(   15) = (   0.4831256  -0.0000003   0.4831249), wk =   0.2500000
        k(   16) = (   0.4998881   0.0167656  -0.0167623), wk =   0.0000000

     Dense  grid:   358295 G-vectors     FFT dimensions: (  90,  90,  90)

     Smooth grid:    90631 G-vectors     FFT dimensions: (  60,  60,  60)

     Estimated max dynamical RAM per process >     661.93 MB

     Estimated total dynamical RAM >       1.29 GB

     The potential is recalculated from file :
     ./tmp/_ph0/BaMg3H8.q_2/BaMg3H8.save/charge-density

     Starting wfcs are   25 atomic wfcs
     Checking if some PAW data can be deallocated... 

     Band Structure Calculation
     Davidson diagonalization with overlap

     ethr =  4.17E-11,  avg # of iterations = 29.8

     total cpu time spent up to now is       28.0 secs

     End of band structure calculation

          k = 0.0000 0.0000 0.0000 ( 11349 PWs)   bands (ev):

   -23.4087  -8.6938  -8.6571  -8.6571  -3.3517   0.2198   0.2198   1.0124
     1.0125   1.2292   1.9231   2.2082   6.7214   6.7214   7.0776   7.9566

          k = 0.0168 0.0168-0.4999 ( 11302 PWs)   bands (ev):

   -23.4057  -8.8340  -8.6698  -8.6384  -1.9785  -1.8717   0.5463   1.0204
     1.1811   1.3976   1.8853   2.1477   6.2837   6.4873   7.4946   7.7459

          k = 0.0168 0.0168-0.4999 ( 11302 PWs)   bands (ev):

   -23.4057  -8.8340  -8.6698  -8.6384  -1.9785  -1.8717   0.5463   1.0204
     1.1811   1.3976   1.8853   2.1477   6.2837   6.4873   7.4946   7.7459

          k = 0.0335 0.0335-0.9998 ( 11349 PWs)   bands (ev):

   -23.4087  -8.6938  -8.6571  -8.6571  -3.3517   0.2198   0.2198   1.0124
     1.0125   1.2292   1.9231   2.2082   6.7214   6.7214   7.0776   7.9566

          k =-0.0000-0.4831-0.4831 ( 11344 PWs)   bands (ev):

   -23.4028  -8.8078  -8.7981  -8.6384  -1.3567  -0.9057  -0.5757  -0.4765
     1.1505   1.9478   1.9568   2.2984   6.5685   6.7650   7.3122   7.5199

          k = 0.0168-0.4664-0.9830 ( 11302 PWs)   bands (ev):

   -23.4057  -8.8340  -8.6698  -8.6384  -1.9785  -1.8717   0.5463   1.0204
     1.1811   1.3976   1.8853   2.1477   6.2837   6.4874   7.4946   7.7459

          k =-0.4999-0.4999-0.4664 ( 11344 PWs)   bands (ev):

   -23.4000  -8.7933  -8.7656  -8.7656  -0.7855  -0.7855  -0.0066   0.0878
     0.4192   0.4193   0.4856   3.7816   6.4644   8.0850   8.0851   9.2164

          k =-0.4831-0.4831-0.9662 ( 11344 PWs)   bands (ev):

   -23.4028  -8.8078  -8.7981  -8.6384  -1.3567  -0.9057  -0.5757  -0.4765
     1.1505   1.9478   1.9568   2.2984   6.5685   6.7650   7.3122   7.5199

          k = 0.0168 0.4999-0.0168 ( 11302 PWs)   bands (ev):

   -23.4057  -8.8340  -8.6698  -8.6384  -1.9785  -1.8717   0.5463   1.0204
     1.1811   1.3976   1.8853   2.1477   6.2837   6.4874   7.4946   7.7459

          k = 0.0335 0.5167-0.5167 ( 11344 PWs)   bands (ev):

   -23.4028  -8.8078  -8.7981  -8.6384  -1.3567  -0.9057  -0.5757  -0.4765
     1.1505   1.9478   1.9568   2.2984   6.5685   6.7650   7.3122   7.5199

          k = 0.4999 0.0168-0.0168 ( 11302 PWs)   bands (ev):

   -23.4057  -8.8340  -8.6698  -8.6384  -1.9785  -1.8717   0.5463   1.0204
     1.1811   1.3976   1.8853   2.1477   6.2837   6.4873   7.4947   7.7458

          k = 0.5167 0.0335-0.5166 ( 11344 PWs)   bands (ev):

   -23.4028  -8.8078  -8.7981  -8.6384  -1.3567  -0.9057  -0.5758  -0.4765
     1.1504   1.9478   1.9569   2.2985   6.5685   6.7649   7.3123   7.5199

          k =-0.4831 0.4831-0.0000 ( 11344 PWs)   bands (ev):

   -23.4028  -8.8078  -8.7981  -8.6384  -1.3567  -0.9057  -0.5757  -0.4765
     1.1505   1.9478   1.9568   2.2984   6.5685   6.7650   7.3122   7.5199

          k =-0.4664 0.4999-0.4999 ( 11344 PWs)   bands (ev):

   -23.4000  -8.7933  -8.7656  -8.7656  -0.7855  -0.7855  -0.0066   0.0878
     0.4192   0.4193   0.4856   3.7816   6.4644   8.0850   8.0851   9.2164

          k = 0.4831-0.0000 0.4831 ( 11344 PWs)   bands (ev):

   -23.4028  -8.8078  -8.7981  -8.6384  -1.3567  -0.9057  -0.5758  -0.4765
     1.1504   1.9478   1.9569   2.2985   6.5685   6.7649   7.3123   7.5199

          k = 0.4999 0.0168-0.0168 ( 11302 PWs)   bands (ev):

   -23.4057  -8.8340  -8.6698  -8.6384  -1.9785  -1.8717   0.5463   1.0204
     1.1811   1.3976   1.8853   2.1477   6.2837   6.4873   7.4947   7.7458

     the Fermi energy is     6.1130 ev

     Writing output data file ./tmp/_ph0/BaMg3H8.q_2/BaMg3H8.save/

     Phonons                                                                    

     bravais-lattice index     =            0
     lattice parameter (alat)  =       9.7743  a.u.
     unit-cell volume          =     937.5358 (a.u.)^3
     number of atoms/cell      =           12
     number of atomic types    =            3
     kinetic-energy cut-off    =      80.0000  Ry
     charge density cut-off    =     800.0000  Ry
     convergence threshold     =      1.0E-14
     beta                      =       0.7000
     number of iterations used =            4
     Exchange-correlation= PBE
                           (   1   4   3   4   0   0   0)


     celldm(1)=    9.77432  celldm(2)=    0.00000  celldm(3)=    0.00000
     celldm(4)=    0.00000  celldm(5)=    0.00000  celldm(6)=    0.00000

     crystal axes: (cart. coord. in units of alat)
               a(1) = (  1.0024 -0.0325  0.0325 )  
               a(2) = ( -0.0325  1.0024  0.0325 )  
               a(3) = (  0.0325  0.0325  1.0024 )  

     reciprocal axes: (cart. coord. in units 2 pi/alat)
               b(1) = (  0.9998  0.0335 -0.0335 )  
               b(2) = (  0.0335  0.9998 -0.0335 )  
               b(3) = ( -0.0335 -0.0335  0.9998 )  


     Atoms inside the unit cell: 

     Cartesian axes

     site n.  atom      mass           positions (alat units)
        1     Mg   1.0000   tau(    1) = (    0.48493    0.48494    0.03253  )
        2     Ba   1.0000   tau(    2) = (    0.51752   -0.00000    0.51746  )
        3     Mg   1.0000   tau(    3) = (   -0.00001    0.51747    0.51746  )
        4     Mg   1.0000   tau(    4) = (    0.00000   -0.00000   -0.00001  )
        5     H    1.0000   tau(    5) = (   -0.00591    0.85531    0.36792  )
        6     H    1.0000   tau(    6) = (    0.81525    0.29780    0.21966  )
        7     H    1.0000   tau(    7) = (    0.37036    0.18206    1.00835  )
        8     H    1.0000   tau(    8) = (    0.66698    0.51156    0.69708  )
        9     H    1.0000   tau(    9) = (    1.00833    0.14708    0.69951  )
       10     H    1.0000   tau(   10) = (    0.18711    0.70460    0.84780  )
       11     H    1.0000   tau(   11) = (    0.63202    0.82035    0.05916  )
       12     H    1.0000   tau(   12) = (    0.33540    0.49087    0.37037  )

     Computing dynamical matrix for 
                    q = (   0.0167626   0.0167660  -0.4998872 )

      2 Sym.Ops. (with q -> -q+G )


     G cutoff = 1935.9896  ( 179147 G-vectors)     FFT grid: ( 90, 90, 90)
     G cutoff =  774.3958  (  45316 G-vectors)  smooth grid: ( 60, 60, 60)

     number of k points=    16  Methfessel-Paxton smearing, width (Ry)=  0.0200

     PseudoPot. # 1 for Ba read from file:
     /home/marco/ZOS_Cloud_Compute/pseudo/Ba.UPF
     MD5 check sum: c432291d3e53af55f19d5e8866385beb
     Pseudo is Projector augmented-wave + core cor, Zval = 10.0
     Generated using "atomic" code by A. Dal Corso  v.5.1
     Shape of augmentation charge: PSQ
     Using radial grid of 1251 points,  7 beta functions with: 
                l(1) =   0
                l(2) =   0
                l(3) =   0
                l(4) =   1
                l(5) =   1
                l(6) =   2
                l(7) =   2
     Q(r) pseudized with 0 coefficients 


     PseudoPot. # 2 for H  read from file:
     /home/marco/ZOS_Cloud_Compute/pseudo/H.UPF
     MD5 check sum: f52b6d4d1c606e5624b1dc7b2218f220
     Pseudo is Ultrasoft, Zval =  1.0
     Generated using "atomic" code by A. Dal Corso  v.5.1
     Using radial grid of  929 points,  2 beta functions with: 
                l(1) =   0
                l(2) =   0
     Q(r) pseudized with 0 coefficients 


     PseudoPot. # 3 for Mg read from file:
     /home/marco/ZOS_Cloud_Compute/pseudo/Mg.UPF
     MD5 check sum: 24ecedc7f3e3cbe212e682f4413594e4
     Pseudo is Projector augmented-wave + core cor, Zval =  2.0
     Generated using "atomic" code by A. Dal Corso  v.5.0.99 svn rev. 10869
     Shape of augmentation charge: PSQ
     Using radial grid of 1129 points,  4 beta functions with: 
                l(1) =   0
                l(2) =   0
                l(3) =   1
                l(4) =   1
     Q(r) pseudized with 0 coefficients 



     Atomic displacements:
     There are   36 irreducible representations

     Representation     1      1 modes -  To be done

     Representation     2      1 modes -  To be done

     Representation     3      1 modes -  To be done

     Representation     4      1 modes -  To be done

     Representation     5      1 modes -  To be done

     Representation     6      1 modes -  To be done

     Representation     7      1 modes -  To be done

     Representation     8      1 modes -  To be done

     Representation     9      1 modes -  To be done

     Representation    10      1 modes -  To be done

     Representation    11      1 modes -  To be done

     Representation    12      1 modes -  To be done

     Representation    13      1 modes -  To be done

     Representation    14      1 modes -  To be done

     Representation    15      1 modes -  To be done

     Representation    16      1 modes -  To be done

     Representation    17      1 modes -  To be done

     Representation    18      1 modes -  To be done

     Representation    19      1 modes -  To be done

     Representation    20      1 modes -  To be done

     Representation    21      1 modes -  To be done

     Representation    22      1 modes -  To be done

     Representation    23      1 modes -  To be done

     Representation    24      1 modes -  To be done

     Representation    25      1 modes -  To be done

     Representation    26      1 modes -  To be done

     Representation    27      1 modes -  To be done

     Representation    28      1 modes -  To be done

     Representation    29      1 modes -  To be done

     Representation    30      1 modes -  To be done

     Representation    31      1 modes -  To be done

     Representation    32      1 modes -  To be done

     Representation    33      1 modes -  To be done

     Representation    34      1 modes -  To be done

     Representation    35      1 modes -  To be done

     Representation    36      1 modes -  To be done



     Alpha used in Ewald sum =   2.8000
     PHONON       :  50m36.82s CPU  41m54.89s WALL



     Representation #   1 mode #   1

     Self-consistent Calculation

      iter #   1 total cpu time :  2520.3 secs   av.it.:   2.5
      thresh= 1.000E-02 alpha_mix =  0.700 |ddv_scf|^2 =  1.907E-09

      iter #   2 total cpu time :  2530.4 secs   av.it.:  14.5
      thresh= 4.367E-06 alpha_mix =  0.700 |ddv_scf|^2 =  4.641E-10

      iter #   3 total cpu time :  2540.6 secs   av.it.:  14.6
      thresh= 2.154E-06 alpha_mix =  0.700 |ddv_scf|^2 =  1.339E-10

      iter #   4 total cpu time :  2550.6 secs   av.it.:  13.9
      thresh= 1.157E-06 alpha_mix =  0.700 |ddv_scf|^2 =  9.646E-12

      iter #   5 total cpu time :  2560.8 secs   av.it.:  14.8
      thresh= 3.106E-07 alpha_mix =  0.700 |ddv_scf|^2 =  3.628E-14

      iter #   6 total cpu time :  2572.1 secs   av.it.:  17.5
      thresh= 1.905E-08 alpha_mix =  0.700 |ddv_scf|^2 =  1.363E-14

      iter #   7 total cpu time :  2582.8 secs   av.it.:  16.1
      thresh= 1.168E-08 alpha_mix =  0.700 |ddv_scf|^2 =  6.937E-15

     End of self-consistent calculation

     Convergence has been achieved 


     Representation #   2 mode #   2

     Self-consistent Calculation

      iter #   1 total cpu time :  2589.3 secs   av.it.:   2.9
      thresh= 1.000E-02 alpha_mix =  0.700 |ddv_scf|^2 =  1.851E-09

      iter #   2 total cpu time :  2599.5 secs   av.it.:  15.0
      thresh= 4.302E-06 alpha_mix =  0.700 |ddv_scf|^2 =  2.672E-10

      iter #   3 total cpu time :  2609.7 secs   av.it.:  14.8
      thresh= 1.634E-06 alpha_mix =  0.700 |ddv_scf|^2 =  5.887E-11

      iter #   4 total cpu time :  2619.8 secs   av.it.:  14.2
      thresh= 7.672E-07 alpha_mix =  0.700 |ddv_scf|^2 =  1.646E-11

      iter #   5 total cpu time :  2629.9 secs   av.it.:  14.1
      thresh= 4.058E-07 alpha_mix =  0.700 |ddv_scf|^2 =  5.012E-14

      iter #   6 total cpu time :  2641.1 secs   av.it.:  17.0
      thresh= 2.239E-08 alpha_mix =  0.700 |ddv_scf|^2 =  5.854E-15

     End of self-consistent calculation

     Convergence has been achieved 


     Representation #   3 mode #   3

     Self-consistent Calculation

      iter #   1 total cpu time :  2647.7 secs   av.it.:   3.0
      thresh= 1.000E-02 alpha_mix =  0.700 |ddv_scf|^2 =  7.622E-08

      iter #   2 total cpu time :  2657.7 secs   av.it.:  14.1
      thresh= 2.761E-05 alpha_mix =  0.700 |ddv_scf|^2 =  1.090E-07

      iter #   3 total cpu time :  2667.2 secs   av.it.:  12.9
      thresh= 3.302E-05 alpha_mix =  0.700 |ddv_scf|^2 =  1.124E-10

      iter #   4 total cpu time :  2677.5 secs   av.it.:  14.8
      thresh= 1.060E-06 alpha_mix =  0.700 |ddv_scf|^2 =  4.206E-12

      iter #   5 total cpu time :  2687.7 secs   av.it.:  14.6
      thresh= 2.051E-07 alpha_mix =  0.700 |ddv_scf|^2 =  5.858E-13

      iter #   6 total cpu time :  2697.5 secs   av.it.:  13.8
      thresh= 7.654E-08 alpha_mix =  0.700 |ddv_scf|^2 =  2.604E-15

     End of self-consistent calculation

     Convergence has been achieved 


     Representation #   4 mode #   4

     Self-consistent Calculation

      iter #   1 total cpu time :  2704.9 secs   av.it.:   5.4
      thresh= 1.000E-02 alpha_mix =  0.700 |ddv_scf|^2 =  2.311E-07

      iter #   2 total cpu time :  2715.2 secs   av.it.:  15.0
      thresh= 4.807E-05 alpha_mix =  0.700 |ddv_scf|^2 =  7.326E-08

      iter #   3 total cpu time :  2725.5 secs   av.it.:  15.0
      thresh= 2.707E-05 alpha_mix =  0.700 |ddv_scf|^2 =  1.062E-08

      iter #   4 total cpu time :  2735.4 secs   av.it.:  13.9
      thresh= 1.030E-05 alpha_mix =  0.700 |ddv_scf|^2 =  4.837E-10

      iter #   5 total cpu time :  2745.6 secs   av.it.:  14.4
      thresh= 2.199E-06 alpha_mix =  0.700 |ddv_scf|^2 =  9.213E-11

      iter #   6 total cpu time :  2755.8 secs   av.it.:  14.6
      thresh= 9.598E-07 alpha_mix =  0.700 |ddv_scf|^2 =  1.330E-11

      iter #   7 total cpu time :  2766.2 secs   av.it.:  15.2
      thresh= 3.647E-07 alpha_mix =  0.700 |ddv_scf|^2 =  6.746E-13

      iter #   8 total cpu time :  2777.2 secs   av.it.:  16.9
      thresh= 8.213E-08 alpha_mix =  0.700 |ddv_scf|^2 =  5.050E-14

      iter #   9 total cpu time :  2788.7 secs   av.it.:  18.0
      thresh= 2.247E-08 alpha_mix =  0.700 |ddv_scf|^2 =  3.520E-14

      iter #  10 total cpu time :  2799.7 secs   av.it.:  16.9
      thresh= 1.876E-08 alpha_mix =  0.700 |ddv_scf|^2 =  1.169E-14

      iter #  11 total cpu time :  2810.1 secs   av.it.:  15.6
      thresh= 1.081E-08 alpha_mix =  0.700 |ddv_scf|^2 =  6.969E-16

     End of self-consistent calculation

     Convergence has been achieved 


     Representation #   5 mode #   5

     Self-consistent Calculation

      iter #   1 total cpu time :  2817.5 secs   av.it.:   5.4
      thresh= 1.000E-02 alpha_mix =  0.700 |ddv_scf|^2 =  2.313E-07

      iter #   2 total cpu time :  2827.8 secs   av.it.:  14.8
      thresh= 4.810E-05 alpha_mix =  0.700 |ddv_scf|^2 =  7.265E-08

      iter #   3 total cpu time :  2838.1 secs   av.it.:  15.0
      thresh= 2.695E-05 alpha_mix =  0.700 |ddv_scf|^2 =  1.003E-08

      iter #   4 total cpu time :  2847.9 secs   av.it.:  13.9
      thresh= 1.001E-05 alpha_mix =  0.700 |ddv_scf|^2 =  4.839E-10

      iter #   5 total cpu time :  2858.0 secs   av.it.:  14.4
      thresh= 2.200E-06 alpha_mix =  0.700 |ddv_scf|^2 =  9.273E-11

      iter #   6 total cpu time :  2868.1 secs   av.it.:  14.4
      thresh= 9.629E-07 alpha_mix =  0.700 |ddv_scf|^2 =  1.332E-11

      iter #   7 total cpu time :  2878.4 secs   av.it.:  15.1
      thresh= 3.650E-07 alpha_mix =  0.700 |ddv_scf|^2 =  6.324E-13

      iter #   8 total cpu time :  2889.3 secs   av.it.:  16.2
      thresh= 7.952E-08 alpha_mix =  0.700 |ddv_scf|^2 =  3.337E-14

      iter #   9 total cpu time :  2900.6 secs   av.it.:  17.5
      thresh= 1.827E-08 alpha_mix =  0.700 |ddv_scf|^2 =  1.705E-14

      iter #  10 total cpu time :  2911.5 secs   av.it.:  16.8
      thresh= 1.306E-08 alpha_mix =  0.700 |ddv_scf|^2 =  9.560E-15

     End of self-consistent calculation

     Convergence has been achieved 


     Representation #   6 mode #   6

     Self-consistent Calculation

      iter #   1 total cpu time :  2919.3 secs   av.it.:   6.0
      thresh= 1.000E-02 alpha_mix =  0.700 |ddv_scf|^2 =  5.380E-06

      iter #   2 total cpu time :  2929.5 secs   av.it.:  14.6
      thresh= 2.319E-04 alpha_mix =  0.700 |ddv_scf|^2 =  1.573E-05

      iter #   3 total cpu time :  2939.1 secs   av.it.:  13.2
      thresh= 3.967E-04 alpha_mix =  0.700 |ddv_scf|^2 =  4.838E-09

      iter #   4 total cpu time :  2949.5 secs   av.it.:  15.2
      thresh= 6.955E-06 alpha_mix =  0.700 |ddv_scf|^2 =  4.046E-10

      iter #   5 total cpu time :  2959.4 secs   av.it.:  14.1
      thresh= 2.011E-06 alpha_mix =  0.700 |ddv_scf|^2 =  9.110E-11

      iter #   6 total cpu time :  2969.7 secs   av.it.:  14.9
      thresh= 9.544E-07 alpha_mix =  0.700 |ddv_scf|^2 =  1.286E-11

      iter #   7 total cpu time :  2980.3 secs   av.it.:  16.1
      thresh= 3.587E-07 alpha_mix =  0.700 |ddv_scf|^2 =  4.749E-13

      iter #   8 total cpu time :  2991.7 secs   av.it.:  17.6
      thresh= 6.892E-08 alpha_mix =  0.700 |ddv_scf|^2 =  1.549E-13

      iter #   9 total cpu time :  3002.9 secs   av.it.:  17.2
      thresh= 3.936E-08 alpha_mix =  0.700 |ddv_scf|^2 =  3.108E-14

      iter #  10 total cpu time :  3013.9 secs   av.it.:  17.1
      thresh= 1.763E-08 alpha_mix =  0.700 |ddv_scf|^2 =  6.487E-15

     End of self-consistent calculation

     Convergence has been achieved 


     Representation #   7 mode #   7

     Self-consistent Calculation

      iter #   1 total cpu time :  3020.3 secs   av.it.:   3.0
      thresh= 1.000E-02 alpha_mix =  0.700 |ddv_scf|^2 =  2.348E-09

      iter #   2 total cpu time :  3030.6 secs   av.it.:  15.0
      thresh= 4.846E-06 alpha_mix =  0.700 |ddv_scf|^2 =  6.378E-10

      iter #   3 total cpu time :  3040.9 secs   av.it.:  15.1
      thresh= 2.526E-06 alpha_mix =  0.700 |ddv_scf|^2 =  1.889E-10

      iter #   4 total cpu time :  3050.9 secs   av.it.:  14.2
      thresh= 1.374E-06 alpha_mix =  0.700 |ddv_scf|^2 =  4.839E-11

      iter #   5 total cpu time :  3061.0 secs   av.it.:  14.0
      thresh= 6.956E-07 alpha_mix =  0.700 |ddv_scf|^2 =  1.643E-13

      iter #   6 total cpu time :  3071.5 secs   av.it.:  15.8
      thresh= 4.054E-08 alpha_mix =  0.700 |ddv_scf|^2 =  4.649E-15

     End of self-consistent calculation

     Convergence has been achieved 


     Representation #   8 mode #   8

     Self-consistent Calculation

      iter #   1 total cpu time :  3077.9 secs   av.it.:   3.0
      thresh= 1.000E-02 alpha_mix =  0.700 |ddv_scf|^2 =  2.346E-09

      iter #   2 total cpu time :  3088.1 secs   av.it.:  15.0
      thresh= 4.844E-06 alpha_mix =  0.700 |ddv_scf|^2 =  6.015E-10

      iter #   3 total cpu time :  3098.5 secs   av.it.:  15.1
      thresh= 2.453E-06 alpha_mix =  0.700 |ddv_scf|^2 =  1.652E-10

      iter #   4 total cpu time :  3108.5 secs   av.it.:  14.1
      thresh= 1.285E-06 alpha_mix =  0.700 |ddv_scf|^2 =  5.275E-11

      iter #   5 total cpu time :  3118.5 secs   av.it.:  14.0
      thresh= 7.263E-07 alpha_mix =  0.700 |ddv_scf|^2 =  1.625E-13

      iter #   6 total cpu time :  3129.0 secs   av.it.:  15.6
      thresh= 4.031E-08 alpha_mix =  0.700 |ddv_scf|^2 =  4.423E-15

     End of self-consistent calculation

     Convergence has been achieved 


     Representation #   9 mode #   9

     Self-consistent Calculation

      iter #   1 total cpu time :  3135.6 secs   av.it.:   3.2
      thresh= 1.000E-02 alpha_mix =  0.700 |ddv_scf|^2 =  1.118E-07

      iter #   2 total cpu time :  3145.7 secs   av.it.:  14.6
      thresh= 3.343E-05 alpha_mix =  0.700 |ddv_scf|^2 =  3.112E-07

      iter #   3 total cpu time :  3155.5 secs   av.it.:  13.4
      thresh= 5.578E-05 alpha_mix =  0.700 |ddv_scf|^2 =  7.848E-11

      iter #   4 total cpu time :  3166.0 secs   av.it.:  15.2
      thresh= 8.859E-07 alpha_mix =  0.700 |ddv_scf|^2 =  1.154E-11

      iter #   5 total cpu time :  3176.2 secs   av.it.:  14.6
      thresh= 3.397E-07 alpha_mix =  0.700 |ddv_scf|^2 =  3.825E-13

      iter #   6 total cpu time :  3186.3 secs   av.it.:  14.8
      thresh= 6.185E-08 alpha_mix =  0.700 |ddv_scf|^2 =  4.439E-15

     End of self-consistent calculation

     Convergence has been achieved 


     Representation #  10 mode #  10

     Self-consistent Calculation

      iter #   1 total cpu time :  3192.7 secs   av.it.:   3.0
      thresh= 1.000E-02 alpha_mix =  0.700 |ddv_scf|^2 =  1.880E-09

      iter #   2 total cpu time :  3203.0 secs   av.it.:  14.9
      thresh= 4.336E-06 alpha_mix =  0.700 |ddv_scf|^2 =  3.407E-10

      iter #   3 total cpu time :  3213.3 secs   av.it.:  14.8
      thresh= 1.846E-06 alpha_mix =  0.700 |ddv_scf|^2 =  9.080E-11

      iter #   4 total cpu time :  3223.3 secs   av.it.:  14.0
      thresh= 9.529E-07 alpha_mix =  0.700 |ddv_scf|^2 =  1.319E-11

      iter #   5 total cpu time :  3233.4 secs   av.it.:  14.2
      thresh= 3.632E-07 alpha_mix =  0.700 |ddv_scf|^2 =  4.821E-14

      iter #   6 total cpu time :  3244.6 secs   av.it.:  17.1
      thresh= 2.196E-08 alpha_mix =  0.700 |ddv_scf|^2 =  4.362E-15

     End of self-consistent calculation

     Convergence has been achieved 


     Representation #  11 mode #  11

     Self-consistent Calculation

      iter #   1 total cpu time :  3250.9 secs   av.it.:   2.8
      thresh= 1.000E-02 alpha_mix =  0.700 |ddv_scf|^2 =  1.986E-09

      iter #   2 total cpu time :  3261.0 secs   av.it.:  14.5
      thresh= 4.457E-06 alpha_mix =  0.700 |ddv_scf|^2 =  6.298E-10

      iter #   3 total cpu time :  3271.1 secs   av.it.:  14.1
      thresh= 2.510E-06 alpha_mix =  0.700 |ddv_scf|^2 =  1.459E-10

      iter #   4 total cpu time :  3281.0 secs   av.it.:  13.9
      thresh= 1.208E-06 alpha_mix =  0.700 |ddv_scf|^2 =  7.975E-12

      iter #   5 total cpu time :  3291.2 secs   av.it.:  14.9
      thresh= 2.824E-07 alpha_mix =  0.700 |ddv_scf|^2 =  3.811E-14

      iter #   6 total cpu time :  3302.4 secs   av.it.:  17.2
      thresh= 1.952E-08 alpha_mix =  0.700 |ddv_scf|^2 =  6.450E-15

     End of self-consistent calculation

     Convergence has been achieved 


     Representation #  12 mode #  12

     Self-consistent Calculation

      iter #   1 total cpu time :  3308.9 secs   av.it.:   3.0
      thresh= 1.000E-02 alpha_mix =  0.700 |ddv_scf|^2 =  7.652E-08

      iter #   2 total cpu time :  3318.9 secs   av.it.:  13.9
      thresh= 2.766E-05 alpha_mix =  0.700 |ddv_scf|^2 =  1.094E-07

      iter #   3 total cpu time :  3328.5 secs   av.it.:  13.0
      thresh= 3.307E-05 alpha_mix =  0.700 |ddv_scf|^2 =  1.113E-10

      iter #   4 total cpu time :  3338.7 secs   av.it.:  14.5
      thresh= 1.055E-06 alpha_mix =  0.700 |ddv_scf|^2 =  4.288E-12

      iter #   5 total cpu time :  3349.1 secs   av.it.:  15.2
      thresh= 2.071E-07 alpha_mix =  0.700 |ddv_scf|^2 =  5.758E-13

      iter #   6 total cpu time :  3359.3 secs   av.it.:  15.0
      thresh= 7.588E-08 alpha_mix =  0.700 |ddv_scf|^2 =  7.126E-15

     End of self-consistent calculation

     Convergence has been achieved 


     Representation #  13 mode #  13

     Self-consistent Calculation

      iter #   1 total cpu time :  3365.9 secs   av.it.:   3.2
      thresh= 1.000E-02 alpha_mix =  0.700 |ddv_scf|^2 =  4.944E-09

      iter #   2 total cpu time :  3377.3 secs   av.it.:  17.5
      thresh= 7.031E-06 alpha_mix =  0.700 |ddv_scf|^2 =  1.040E-09

      iter #   3 total cpu time :  3388.4 secs   av.it.:  17.2
      thresh= 3.225E-06 alpha_mix =  0.700 |ddv_scf|^2 =  2.712E-10

      iter #   4 total cpu time :  3399.2 secs   av.it.:  16.0
      thresh= 1.647E-06 alpha_mix =  0.700 |ddv_scf|^2 =  2.270E-11

      iter #   5 total cpu time :  3410.2 secs   av.it.:  17.0
      thresh= 4.764E-07 alpha_mix =  0.700 |ddv_scf|^2 =  6.605E-13

      iter #   6 total cpu time :  3421.4 secs   av.it.:  17.4
      thresh= 8.127E-08 alpha_mix =  0.700 |ddv_scf|^2 =  1.763E-13

      iter #   7 total cpu time :  3432.4 secs   av.it.:  16.6
      thresh= 4.199E-08 alpha_mix =  0.700 |ddv_scf|^2 =  5.269E-15

     End of self-consistent calculation

     Convergence has been achieved 


     Representation #  14 mode #  14

     Self-consistent Calculation

      iter #   1 total cpu time :  3438.9 secs   av.it.:   3.0
      thresh= 1.000E-02 alpha_mix =  0.700 |ddv_scf|^2 =  5.613E-09

      iter #   2 total cpu time :  3450.1 secs   av.it.:  17.5
      thresh= 7.492E-06 alpha_mix =  0.700 |ddv_scf|^2 =  2.922E-09

      iter #   3 total cpu time :  3461.1 secs   av.it.:  16.9
      thresh= 5.406E-06 alpha_mix =  0.700 |ddv_scf|^2 =  8.392E-10

      iter #   4 total cpu time :  3472.0 secs   av.it.:  16.1
      thresh= 2.897E-06 alpha_mix =  0.700 |ddv_scf|^2 =  1.854E-11

      iter #   5 total cpu time :  3483.1 secs   av.it.:  17.2
      thresh= 4.306E-07 alpha_mix =  0.700 |ddv_scf|^2 =  3.804E-12

      iter #   6 total cpu time :  3494.1 secs   av.it.:  16.8
      thresh= 1.950E-07 alpha_mix =  0.700 |ddv_scf|^2 =  6.121E-14

      iter #   7 total cpu time :  3505.5 secs   av.it.:  18.1
      thresh= 2.474E-08 alpha_mix =  0.700 |ddv_scf|^2 =  5.123E-15

     End of self-consistent calculation

     Convergence has been achieved 


     Representation #  15 mode #  15

     Self-consistent Calculation

      iter #   1 total cpu time :  3512.1 secs   av.it.:   3.4
      thresh= 1.000E-02 alpha_mix =  0.700 |ddv_scf|^2 =  8.568E-08

      iter #   2 total cpu time :  3523.3 secs   av.it.:  17.2
      thresh= 2.927E-05 alpha_mix =  0.700 |ddv_scf|^2 =  2.125E-07

      iter #   3 total cpu time :  3533.7 secs   av.it.:  15.4
      thresh= 4.610E-05 alpha_mix =  0.700 |ddv_scf|^2 =  9.641E-10

      iter #   4 total cpu time :  3544.7 secs   av.it.:  16.8
      thresh= 3.105E-06 alpha_mix =  0.700 |ddv_scf|^2 =  6.511E-11

      iter #   5 total cpu time :  3555.7 secs   av.it.:  17.0
      thresh= 8.069E-07 alpha_mix =  0.700 |ddv_scf|^2 =  3.298E-12

      iter #   6 total cpu time :  3567.0 secs   av.it.:  17.8
      thresh= 1.816E-07 alpha_mix =  0.700 |ddv_scf|^2 =  8.524E-14

      iter #   7 total cpu time :  3578.1 secs   av.it.:  17.2
      thresh= 2.920E-08 alpha_mix =  0.700 |ddv_scf|^2 =  2.268E-15

     End of self-consistent calculation

     Convergence has been achieved 


     Representation #  16 mode #  16

     Self-consistent Calculation

      iter #   1 total cpu time :  3584.4 secs   av.it.:   3.0
      thresh= 1.000E-02 alpha_mix =  0.700 |ddv_scf|^2 =  4.495E-09

      iter #   2 total cpu time :  3595.7 secs   av.it.:  17.6
      thresh= 6.704E-06 alpha_mix =  0.700 |ddv_scf|^2 =  4.868E-10

      iter #   3 total cpu time :  3607.0 secs   av.it.:  17.8
      thresh= 2.206E-06 alpha_mix =  0.700 |ddv_scf|^2 =  1.406E-10

      iter #   4 total cpu time :  3617.5 secs   av.it.:  15.4
      thresh= 1.186E-06 alpha_mix =  0.700 |ddv_scf|^2 =  1.528E-11

      iter #   5 total cpu time :  3628.4 secs   av.it.:  16.4
      thresh= 3.909E-07 alpha_mix =  0.700 |ddv_scf|^2 =  1.382E-13

      iter #   6 total cpu time :  3639.9 secs   av.it.:  18.0
      thresh= 3.717E-08 alpha_mix =  0.700 |ddv_scf|^2 =  1.605E-14

      iter #   7 total cpu time :  3651.3 secs   av.it.:  17.9
      thresh= 1.267E-08 alpha_mix =  0.700 |ddv_scf|^2 =  3.802E-15

     End of self-consistent calculation

     Convergence has been achieved 


     Representation #  17 mode #  17

     Self-consistent Calculation

      iter #   1 total cpu time :  3657.7 secs   av.it.:   3.0
      thresh= 1.000E-02 alpha_mix =  0.700 |ddv_scf|^2 =  4.517E-09

      iter #   2 total cpu time :  3669.0 secs   av.it.:  17.8
      thresh= 6.721E-06 alpha_mix =  0.700 |ddv_scf|^2 =  5.099E-10

      iter #   3 total cpu time :  3680.3 secs   av.it.:  17.6
      thresh= 2.258E-06 alpha_mix =  0.700 |ddv_scf|^2 =  1.454E-10

      iter #   4 total cpu time :  3690.7 secs   av.it.:  15.8
      thresh= 1.206E-06 alpha_mix =  0.700 |ddv_scf|^2 =  1.590E-11

      iter #   5 total cpu time :  3701.6 secs   av.it.:  16.5
      thresh= 3.987E-07 alpha_mix =  0.700 |ddv_scf|^2 =  1.642E-13

      iter #   6 total cpu time :  3713.1 secs   av.it.:  18.1
      thresh= 4.053E-08 alpha_mix =  0.700 |ddv_scf|^2 =  4.825E-14

      iter #   7 total cpu time :  3724.2 secs   av.it.:  16.9
      thresh= 2.197E-08 alpha_mix =  0.700 |ddv_scf|^2 =  5.791E-15

     End of self-consistent calculation

     Convergence has been achieved 


     Representation #  18 mode #  18

     Self-consistent Calculation

      iter #   1 total cpu time :  3730.8 secs   av.it.:   3.0
      thresh= 1.000E-02 alpha_mix =  0.700 |ddv_scf|^2 =  7.304E-08

      iter #   2 total cpu time :  3742.0 secs   av.it.:  17.4
      thresh= 2.702E-05 alpha_mix =  0.700 |ddv_scf|^2 =  1.299E-07

      iter #   3 total cpu time :  3752.7 secs   av.it.:  16.0
      thresh= 3.604E-05 alpha_mix =  0.700 |ddv_scf|^2 =  1.772E-09

      iter #   4 total cpu time :  3763.4 secs   av.it.:  16.0
      thresh= 4.209E-06 alpha_mix =  0.700 |ddv_scf|^2 =  3.959E-11

      iter #   5 total cpu time :  3774.6 secs   av.it.:  17.4
      thresh= 6.292E-07 alpha_mix =  0.700 |ddv_scf|^2 =  2.956E-12

      iter #   6 total cpu time :  3785.9 secs   av.it.:  17.5
      thresh= 1.719E-07 alpha_mix =  0.700 |ddv_scf|^2 =  1.297E-13

      iter #   7 total cpu time :  3797.2 secs   av.it.:  17.6
      thresh= 3.601E-08 alpha_mix =  0.700 |ddv_scf|^2 =  4.632E-15

     End of self-consistent calculation

     Convergence has been achieved 


     Representation #  19 mode #  19

     Self-consistent Calculation

      iter #   1 total cpu time :  3803.7 secs   av.it.:   3.0
      thresh= 1.000E-02 alpha_mix =  0.700 |ddv_scf|^2 =  5.033E-09

      iter #   2 total cpu time :  3814.8 secs   av.it.:  17.4
      thresh= 7.094E-06 alpha_mix =  0.700 |ddv_scf|^2 =  5.600E-10

      iter #   3 total cpu time :  3826.0 secs   av.it.:  17.2
      thresh= 2.366E-06 alpha_mix =  0.700 |ddv_scf|^2 =  5.826E-11

      iter #   4 total cpu time :  3837.0 secs   av.it.:  16.9
      thresh= 7.633E-07 alpha_mix =  0.700 |ddv_scf|^2 =  2.276E-11

      iter #   5 total cpu time :  3847.7 secs   av.it.:  16.1
      thresh= 4.771E-07 alpha_mix =  0.700 |ddv_scf|^2 =  1.228E-12

      iter #   6 total cpu time :  3858.8 secs   av.it.:  16.9
      thresh= 1.108E-07 alpha_mix =  0.700 |ddv_scf|^2 =  1.631E-13

      iter #   7 total cpu time :  3869.9 secs   av.it.:  17.0
      thresh= 4.039E-08 alpha_mix =  0.700 |ddv_scf|^2 =  2.727E-15

     End of self-consistent calculation

     Convergence has been achieved 


     Representation #  20 mode #  20

     Self-consistent Calculation

      iter #   1 total cpu time :  3876.4 secs   av.it.:   3.0
      thresh= 1.000E-02 alpha_mix =  0.700 |ddv_scf|^2 =  5.029E-09

      iter #   2 total cpu time :  3887.6 secs   av.it.:  17.1
      thresh= 7.092E-06 alpha_mix =  0.700 |ddv_scf|^2 =  5.681E-10

      iter #   3 total cpu time :  3898.8 secs   av.it.:  17.2
      thresh= 2.383E-06 alpha_mix =  0.700 |ddv_scf|^2 =  5.825E-11

      iter #   4 total cpu time :  3909.9 secs   av.it.:  17.0
      thresh= 7.632E-07 alpha_mix =  0.700 |ddv_scf|^2 =  2.170E-11

      iter #   5 total cpu time :  3920.7 secs   av.it.:  16.1
      thresh= 4.658E-07 alpha_mix =  0.700 |ddv_scf|^2 =  1.336E-12

      iter #   6 total cpu time :  3931.7 secs   av.it.:  16.9
      thresh= 1.156E-07 alpha_mix =  0.700 |ddv_scf|^2 =  1.574E-13

      iter #   7 total cpu time :  3942.9 secs   av.it.:  17.2
      thresh= 3.967E-08 alpha_mix =  0.700 |ddv_scf|^2 =  2.423E-15

     End of self-consistent calculation

     Convergence has been achieved 


     Representation #  21 mode #  21

     Self-consistent Calculation

      iter #   1 total cpu time :  3949.6 secs   av.it.:   3.8
      thresh= 1.000E-02 alpha_mix =  0.700 |ddv_scf|^2 =  6.949E-08

      iter #   2 total cpu time :  3960.5 secs   av.it.:  16.4
      thresh= 2.636E-05 alpha_mix =  0.700 |ddv_scf|^2 =  9.243E-08

      iter #   3 total cpu time :  3970.7 secs   av.it.:  14.6
      thresh= 3.040E-05 alpha_mix =  0.700 |ddv_scf|^2 =  6.596E-11

      iter #   4 total cpu time :  3982.2 secs   av.it.:  18.2
      thresh= 8.122E-07 alpha_mix =  0.700 |ddv_scf|^2 =  3.350E-11

      iter #   5 total cpu time :  3993.0 secs   av.it.:  16.4
      thresh= 5.788E-07 alpha_mix =  0.700 |ddv_scf|^2 =  8.003E-12

      iter #   6 total cpu time :  4004.0 secs   av.it.:  16.6
      thresh= 2.829E-07 alpha_mix =  0.700 |ddv_scf|^2 =  1.398E-13

      iter #   7 total cpu time :  4015.4 secs   av.it.:  17.9
      thresh= 3.739E-08 alpha_mix =  0.700 |ddv_scf|^2 =  5.482E-15

     End of self-consistent calculation

     Convergence has been achieved 


     Representation #  22 mode #  22

     Self-consistent Calculation

      iter #   1 total cpu time :  4021.8 secs   av.it.:   3.0
      thresh= 1.000E-02 alpha_mix =  0.700 |ddv_scf|^2 =  5.562E-09

      iter #   2 total cpu time :  4033.1 secs   av.it.:  17.4
      thresh= 7.458E-06 alpha_mix =  0.700 |ddv_scf|^2 =  2.782E-09

      iter #   3 total cpu time :  4044.1 secs   av.it.:  17.0
      thresh= 5.275E-06 alpha_mix =  0.700 |ddv_scf|^2 =  8.498E-10

      iter #   4 total cpu time :  4054.8 secs   av.it.:  16.1
      thresh= 2.915E-06 alpha_mix =  0.700 |ddv_scf|^2 =  1.702E-11

      iter #   5 total cpu time :  4066.1 secs   av.it.:  17.5
      thresh= 4.126E-07 alpha_mix =  0.700 |ddv_scf|^2 =  3.726E-12

      iter #   6 total cpu time :  4077.0 secs   av.it.:  16.2
      thresh= 1.930E-07 alpha_mix =  0.700 |ddv_scf|^2 =  5.961E-14

      iter #   7 total cpu time :  4088.7 secs   av.it.:  18.5
      thresh= 2.442E-08 alpha_mix =  0.700 |ddv_scf|^2 =  4.944E-15

     End of self-consistent calculation

     Convergence has been achieved 


     Representation #  23 mode #  23

     Self-consistent Calculation

      iter #   1 total cpu time :  4095.4 secs   av.it.:   3.2
      thresh= 1.000E-02 alpha_mix =  0.700 |ddv_scf|^2 =  4.976E-09

      iter #   2 total cpu time :  4106.7 secs   av.it.:  17.6
      thresh= 7.054E-06 alpha_mix =  0.700 |ddv_scf|^2 =  1.053E-09

      iter #   3 total cpu time :  4118.0 secs   av.it.:  17.5
      thresh= 3.246E-06 alpha_mix =  0.700 |ddv_scf|^2 =  2.718E-10

      iter #   4 total cpu time :  4128.6 secs   av.it.:  15.8
      thresh= 1.649E-06 alpha_mix =  0.700 |ddv_scf|^2 =  2.205E-11

      iter #   5 total cpu time :  4139.6 secs   av.it.:  16.8
      thresh= 4.696E-07 alpha_mix =  0.700 |ddv_scf|^2 =  3.462E-13

      iter #   6 total cpu time :  4151.0 secs   av.it.:  17.9
      thresh= 5.884E-08 alpha_mix =  0.700 |ddv_scf|^2 =  1.235E-13

      iter #   7 total cpu time :  4161.8 secs   av.it.:  16.5
      thresh= 3.515E-08 alpha_mix =  0.700 |ddv_scf|^2 =  7.656E-15

     End of self-consistent calculation

     Convergence has been achieved 


     Representation #  24 mode #  24

     Self-consistent Calculation

      iter #   1 total cpu time :  4168.4 secs   av.it.:   3.2
      thresh= 1.000E-02 alpha_mix =  0.700 |ddv_scf|^2 =  8.659E-08

      iter #   2 total cpu time :  4179.5 secs   av.it.:  17.0
      thresh= 2.943E-05 alpha_mix =  0.700 |ddv_scf|^2 =  2.158E-07

      iter #   3 total cpu time :  4190.0 secs   av.it.:  15.1
      thresh= 4.645E-05 alpha_mix =  0.700 |ddv_scf|^2 =  9.626E-10

      iter #   4 total cpu time :  4201.0 secs   av.it.:  16.5
      thresh= 3.103E-06 alpha_mix =  0.700 |ddv_scf|^2 =  6.482E-11

      iter #   5 total cpu time :  4212.1 secs   av.it.:  17.0
      thresh= 8.051E-07 alpha_mix =  0.700 |ddv_scf|^2 =  3.293E-12

      iter #   6 total cpu time :  4223.4 secs   av.it.:  17.6
      thresh= 1.815E-07 alpha_mix =  0.700 |ddv_scf|^2 =  8.199E-14

      iter #   7 total cpu time :  4234.6 secs   av.it.:  17.5
      thresh= 2.863E-08 alpha_mix =  0.700 |ddv_scf|^2 =  1.843E-15

     End of self-consistent calculation

     Convergence has been achieved 


     Representation #  25 mode #  25

     Self-consistent Calculation

      iter #   1 total cpu time :  4241.2 secs   av.it.:   3.2
      thresh= 1.000E-02 alpha_mix =  0.700 |ddv_scf|^2 =  4.944E-09

      iter #   2 total cpu time :  4252.5 secs   av.it.:  17.5
      thresh= 7.031E-06 alpha_mix =  0.700 |ddv_scf|^2 =  1.040E-09

      iter #   3 total cpu time :  4263.7 secs   av.it.:  17.2
      thresh= 3.224E-06 alpha_mix =  0.700 |ddv_scf|^2 =  2.713E-10

      iter #   4 total cpu time :  4274.3 secs   av.it.:  16.0
      thresh= 1.647E-06 alpha_mix =  0.700 |ddv_scf|^2 =  2.269E-11

      iter #   5 total cpu time :  4285.3 secs   av.it.:  17.0
      thresh= 4.763E-07 alpha_mix =  0.700 |ddv_scf|^2 =  6.554E-13

      iter #   6 total cpu time :  4296.5 secs   av.it.:  17.4
      thresh= 8.096E-08 alpha_mix =  0.700 |ddv_scf|^2 =  1.761E-13

      iter #   7 total cpu time :  4307.5 secs   av.it.:  16.6
      thresh= 4.196E-08 alpha_mix =  0.700 |ddv_scf|^2 =  5.284E-15

     End of self-consistent calculation

     Convergence has been achieved 


     Representation #  26 mode #  26

     Self-consistent Calculation

      iter #   1 total cpu time :  4314.1 secs   av.it.:   3.0
      thresh= 1.000E-02 alpha_mix =  0.700 |ddv_scf|^2 =  5.613E-09

      iter #   2 total cpu time :  4325.4 secs   av.it.:  17.5
      thresh= 7.492E-06 alpha_mix =  0.700 |ddv_scf|^2 =  2.923E-09

      iter #   3 total cpu time :  4336.5 secs   av.it.:  16.9
      thresh= 5.407E-06 alpha_mix =  0.700 |ddv_scf|^2 =  8.391E-10

      iter #   4 total cpu time :  4347.3 secs   av.it.:  16.1
      thresh= 2.897E-06 alpha_mix =  0.700 |ddv_scf|^2 =  1.856E-11

      iter #   5 total cpu time :  4358.5 secs   av.it.:  17.2
      thresh= 4.308E-07 alpha_mix =  0.700 |ddv_scf|^2 =  3.803E-12

      iter #   6 total cpu time :  4369.5 secs   av.it.:  16.8
      thresh= 1.950E-07 alpha_mix =  0.700 |ddv_scf|^2 =  6.121E-14

      iter #   7 total cpu time :  4381.1 secs   av.it.:  18.1
      thresh= 2.474E-08 alpha_mix =  0.700 |ddv_scf|^2 =  5.122E-15

     End of self-consistent calculation

     Convergence has been achieved 


     Representation #  27 mode #  27

     Self-consistent Calculation

      iter #   1 total cpu time :  4387.9 secs   av.it.:   3.4
      thresh= 1.000E-02 alpha_mix =  0.700 |ddv_scf|^2 =  8.566E-08

      iter #   2 total cpu time :  4399.1 secs   av.it.:  17.2
      thresh= 2.927E-05 alpha_mix =  0.700 |ddv_scf|^2 =  2.124E-07

      iter #   3 total cpu time :  4409.7 secs   av.it.:  15.4
      thresh= 4.609E-05 alpha_mix =  0.700 |ddv_scf|^2 =  9.652E-10

      iter #   4 total cpu time :  4420.9 secs   av.it.:  16.6
      thresh= 3.107E-06 alpha_mix =  0.700 |ddv_scf|^2 =  6.507E-11

      iter #   5 total cpu time :  4431.9 secs   av.it.:  17.0
      thresh= 8.066E-07 alpha_mix =  0.700 |ddv_scf|^2 =  3.298E-12

      iter #   6 total cpu time :  4443.2 secs   av.it.:  17.8
      thresh= 1.816E-07 alpha_mix =  0.700 |ddv_scf|^2 =  8.531E-14

      iter #   7 total cpu time :  4454.3 secs   av.it.:  17.2
      thresh= 2.921E-08 alpha_mix =  0.700 |ddv_scf|^2 =  2.268E-15

     End of self-consistent calculation

     Convergence has been achieved 


     Representation #  28 mode #  28

     Self-consistent Calculation

      iter #   1 total cpu time :  4460.7 secs   av.it.:   3.0
      thresh= 1.000E-02 alpha_mix =  0.700 |ddv_scf|^2 =  4.495E-09

      iter #   2 total cpu time :  4472.0 secs   av.it.:  17.6
      thresh= 6.705E-06 alpha_mix =  0.700 |ddv_scf|^2 =  4.882E-10

      iter #   3 total cpu time :  4483.1 secs   av.it.:  17.8
      thresh= 2.210E-06 alpha_mix =  0.700 |ddv_scf|^2 =  1.421E-10

      iter #   4 total cpu time :  4493.4 secs   av.it.:  15.4
      thresh= 1.192E-06 alpha_mix =  0.700 |ddv_scf|^2 =  1.520E-11

      iter #   5 total cpu time :  4504.0 secs   av.it.:  16.4
      thresh= 3.898E-07 alpha_mix =  0.700 |ddv_scf|^2 =  1.394E-13

      iter #   6 total cpu time :  4515.3 secs   av.it.:  18.1
      thresh= 3.734E-08 alpha_mix =  0.700 |ddv_scf|^2 =  1.775E-14

      iter #   7 total cpu time :  4526.5 secs   av.it.:  17.8
      thresh= 1.332E-08 alpha_mix =  0.700 |ddv_scf|^2 =  4.296E-15

     End of self-consistent calculation

     Convergence has been achieved 


     Representation #  29 mode #  29

     Self-consistent Calculation

      iter #   1 total cpu time :  4532.8 secs   av.it.:   3.0
      thresh= 1.000E-02 alpha_mix =  0.700 |ddv_scf|^2 =  4.513E-09

      iter #   2 total cpu time :  4544.1 secs   av.it.:  17.8
      thresh= 6.718E-06 alpha_mix =  0.700 |ddv_scf|^2 =  5.044E-10

      iter #   3 total cpu time :  4555.3 secs   av.it.:  17.6
      thresh= 2.246E-06 alpha_mix =  0.700 |ddv_scf|^2 =  1.410E-10

      iter #   4 total cpu time :  4565.8 secs   av.it.:  15.8
      thresh= 1.188E-06 alpha_mix =  0.700 |ddv_scf|^2 =  1.613E-11

      iter #   5 total cpu time :  4576.6 secs   av.it.:  16.5
      thresh= 4.016E-07 alpha_mix =  0.700 |ddv_scf|^2 =  1.641E-13

      iter #   6 total cpu time :  4587.9 secs   av.it.:  18.1
      thresh= 4.051E-08 alpha_mix =  0.700 |ddv_scf|^2 =  4.822E-14

      iter #   7 total cpu time :  4598.8 secs   av.it.:  16.9
      thresh= 2.196E-08 alpha_mix =  0.700 |ddv_scf|^2 =  5.780E-15

     End of self-consistent calculation

     Convergence has been achieved 


     Representation #  30 mode #  30

     Self-consistent Calculation

      iter #   1 total cpu time :  4605.3 secs   av.it.:   3.0
      thresh= 1.000E-02 alpha_mix =  0.700 |ddv_scf|^2 =  7.299E-08

      iter #   2 total cpu time :  4616.4 secs   av.it.:  17.4
      thresh= 2.702E-05 alpha_mix =  0.700 |ddv_scf|^2 =  1.297E-07

      iter #   3 total cpu time :  4626.9 secs   av.it.:  16.0
      thresh= 3.602E-05 alpha_mix =  0.700 |ddv_scf|^2 =  1.771E-09

      iter #   4 total cpu time :  4637.6 secs   av.it.:  16.0
      thresh= 4.208E-06 alpha_mix =  0.700 |ddv_scf|^2 =  3.955E-11

      iter #   5 total cpu time :  4648.8 secs   av.it.:  17.4
      thresh= 6.289E-07 alpha_mix =  0.700 |ddv_scf|^2 =  2.951E-12

      iter #   6 total cpu time :  4660.1 secs   av.it.:  17.5
      thresh= 1.718E-07 alpha_mix =  0.700 |ddv_scf|^2 =  1.300E-13

      iter #   7 total cpu time :  4671.5 secs   av.it.:  17.6
      thresh= 3.606E-08 alpha_mix =  0.700 |ddv_scf|^2 =  4.626E-15

     End of self-consistent calculation

     Convergence has been achieved 


     Representation #  31 mode #  31

     Self-consistent Calculation

      iter #   1 total cpu time :  4678.1 secs   av.it.:   3.0
      thresh= 1.000E-02 alpha_mix =  0.700 |ddv_scf|^2 =  5.033E-09

      iter #   2 total cpu time :  4689.3 secs   av.it.:  17.4
      thresh= 7.094E-06 alpha_mix =  0.700 |ddv_scf|^2 =  5.598E-10

      iter #   3 total cpu time :  4700.6 secs   av.it.:  17.2
      thresh= 2.366E-06 alpha_mix =  0.700 |ddv_scf|^2 =  5.817E-11

      iter #   4 total cpu time :  4711.7 secs   av.it.:  16.9
      thresh= 7.627E-07 alpha_mix =  0.700 |ddv_scf|^2 =  2.276E-11

      iter #   5 total cpu time :  4722.4 secs   av.it.:  16.0
      thresh= 4.771E-07 alpha_mix =  0.700 |ddv_scf|^2 =  1.226E-12

      iter #   6 total cpu time :  4733.4 secs   av.it.:  16.9
      thresh= 1.107E-07 alpha_mix =  0.700 |ddv_scf|^2 =  1.632E-13

      iter #   7 total cpu time :  4744.5 secs   av.it.:  17.0
      thresh= 4.039E-08 alpha_mix =  0.700 |ddv_scf|^2 =  2.729E-15

     End of self-consistent calculation

     Convergence has been achieved 


     Representation #  32 mode #  32

     Self-consistent Calculation

      iter #   1 total cpu time :  4751.0 secs   av.it.:   3.0
      thresh= 1.000E-02 alpha_mix =  0.700 |ddv_scf|^2 =  5.029E-09

      iter #   2 total cpu time :  4762.1 secs   av.it.:  17.1
      thresh= 7.092E-06 alpha_mix =  0.700 |ddv_scf|^2 =  5.678E-10

      iter #   3 total cpu time :  4773.3 secs   av.it.:  17.2
      thresh= 2.383E-06 alpha_mix =  0.700 |ddv_scf|^2 =  5.790E-11

      iter #   4 total cpu time :  4784.4 secs   av.it.:  17.0
      thresh= 7.609E-07 alpha_mix =  0.700 |ddv_scf|^2 =  2.170E-11

      iter #   5 total cpu time :  4795.2 secs   av.it.:  16.1
      thresh= 4.658E-07 alpha_mix =  0.700 |ddv_scf|^2 =  1.332E-12

      iter #   6 total cpu time :  4806.3 secs   av.it.:  16.9
      thresh= 1.154E-07 alpha_mix =  0.700 |ddv_scf|^2 =  1.577E-13

      iter #   7 total cpu time :  4817.5 secs   av.it.:  17.2
      thresh= 3.971E-08 alpha_mix =  0.700 |ddv_scf|^2 =  2.424E-15

     End of self-consistent calculation

     Convergence has been achieved 


     Representation #  33 mode #  33

     Self-consistent Calculation

      iter #   1 total cpu time :  4824.2 secs   av.it.:   3.8
      thresh= 1.000E-02 alpha_mix =  0.700 |ddv_scf|^2 =  6.949E-08

      iter #   2 total cpu time :  4835.1 secs   av.it.:  16.4
      thresh= 2.636E-05 alpha_mix =  0.700 |ddv_scf|^2 =  9.244E-08

      iter #   3 total cpu time :  4845.3 secs   av.it.:  14.6
      thresh= 3.040E-05 alpha_mix =  0.700 |ddv_scf|^2 =  6.655E-11

      iter #   4 total cpu time :  4856.8 secs   av.it.:  18.2
      thresh= 8.158E-07 alpha_mix =  0.700 |ddv_scf|^2 =  3.435E-11

      iter #   5 total cpu time :  4867.6 secs   av.it.:  16.4
      thresh= 5.861E-07 alpha_mix =  0.700 |ddv_scf|^2 =  7.966E-12

      iter #   6 total cpu time :  4878.5 secs   av.it.:  16.6
      thresh= 2.822E-07 alpha_mix =  0.700 |ddv_scf|^2 =  1.395E-13

      iter #   7 total cpu time :  4889.8 secs   av.it.:  17.9
      thresh= 3.735E-08 alpha_mix =  0.700 |ddv_scf|^2 =  5.479E-15

     End of self-consistent calculation

     Convergence has been achieved 


     Representation #  34 mode #  34

     Self-consistent Calculation

      iter #   1 total cpu time :  4896.3 secs   av.it.:   3.0
      thresh= 1.000E-02 alpha_mix =  0.700 |ddv_scf|^2 =  5.562E-09

      iter #   2 total cpu time :  4907.6 secs   av.it.:  17.4
      thresh= 7.458E-06 alpha_mix =  0.700 |ddv_scf|^2 =  2.783E-09

      iter #   3 total cpu time :  4918.8 secs   av.it.:  17.0
      thresh= 5.275E-06 alpha_mix =  0.700 |ddv_scf|^2 =  8.500E-10

      iter #   4 total cpu time :  4929.6 secs   av.it.:  16.1
      thresh= 2.916E-06 alpha_mix =  0.700 |ddv_scf|^2 =  1.701E-11

      iter #   5 total cpu time :  4940.8 secs   av.it.:  17.5
      thresh= 4.124E-07 alpha_mix =  0.700 |ddv_scf|^2 =  3.726E-12

      iter #   6 total cpu time :  4951.6 secs   av.it.:  16.2
      thresh= 1.930E-07 alpha_mix =  0.700 |ddv_scf|^2 =  5.960E-14

      iter #   7 total cpu time :  4963.1 secs   av.it.:  18.5
      thresh= 2.441E-08 alpha_mix =  0.700 |ddv_scf|^2 =  4.942E-15

     End of self-consistent calculation

     Convergence has been achieved 


     Representation #  35 mode #  35

     Self-consistent Calculation

      iter #   1 total cpu time :  4969.7 secs   av.it.:   3.2
      thresh= 1.000E-02 alpha_mix =  0.700 |ddv_scf|^2 =  4.976E-09

      iter #   2 total cpu time :  4981.0 secs   av.it.:  17.6
      thresh= 7.054E-06 alpha_mix =  0.700 |ddv_scf|^2 =  1.054E-09

      iter #   3 total cpu time :  4992.3 secs   av.it.:  17.5
      thresh= 3.247E-06 alpha_mix =  0.700 |ddv_scf|^2 =  2.724E-10

      iter #   4 total cpu time :  5003.0 secs   av.it.:  15.8
      thresh= 1.650E-06 alpha_mix =  0.700 |ddv_scf|^2 =  2.202E-11

      iter #   5 total cpu time :  5013.9 secs   av.it.:  16.8
      thresh= 4.693E-07 alpha_mix =  0.700 |ddv_scf|^2 =  3.439E-13

      iter #   6 total cpu time :  5025.5 secs   av.it.:  17.9
      thresh= 5.864E-08 alpha_mix =  0.700 |ddv_scf|^2 =  1.227E-13

      iter #   7 total cpu time :  5036.5 secs   av.it.:  16.5
      thresh= 3.503E-08 alpha_mix =  0.700 |ddv_scf|^2 =  7.693E-15

     End of self-consistent calculation

     Convergence has been achieved 


     Representation #  36 mode #  36

     Self-consistent Calculation

      iter #   1 total cpu time :  5043.3 secs   av.it.:   3.2
      thresh= 1.000E-02 alpha_mix =  0.700 |ddv_scf|^2 =  8.660E-08

      iter #   2 total cpu time :  5054.5 secs   av.it.:  17.0
      thresh= 2.943E-05 alpha_mix =  0.700 |ddv_scf|^2 =  2.158E-07

      iter #   3 total cpu time :  5064.9 secs   av.it.:  15.1
      thresh= 4.646E-05 alpha_mix =  0.700 |ddv_scf|^2 =  9.615E-10

      iter #   4 total cpu time :  5075.8 secs   av.it.:  16.5
      thresh= 3.101E-06 alpha_mix =  0.700 |ddv_scf|^2 =  6.485E-11

      iter #   5 total cpu time :  5087.0 secs   av.it.:  17.0
      thresh= 8.053E-07 alpha_mix =  0.700 |ddv_scf|^2 =  3.292E-12

      iter #   6 total cpu time :  5098.3 secs   av.it.:  17.6
      thresh= 1.814E-07 alpha_mix =  0.700 |ddv_scf|^2 =  8.198E-14

      iter #   7 total cpu time :  5109.5 secs   av.it.:  17.4
      thresh= 2.863E-08 alpha_mix =  0.700 |ddv_scf|^2 =  1.844E-15

     End of self-consistent calculation

     Convergence has been achieved 

     Number of q in the star =    1
     List of q in the star:
          1   0.016762557   0.016765951  -0.499887196

     Diagonalizing the dynamical matrix

     q = (    0.016762557   0.016765951  -0.499887196 ) 

 **************************************************************************
     freq (    1) =       7.204929 [THz] =     240.330559 [cm-1]
     freq (    2) =      10.813565 [THz] =     360.701687 [cm-1]
     freq (    3) =      12.296985 [THz] =     410.183270 [cm-1]
     freq (    4) =      13.867375 [THz] =     462.565843 [cm-1]
     freq (    5) =      14.134360 [THz] =     471.471501 [cm-1]
     freq (    6) =      14.819307 [THz] =     494.318859 [cm-1]
     freq (    7) =      17.421355 [THz] =     581.113854 [cm-1]
     freq (    8) =      17.661929 [THz] =     589.138547 [cm-1]
     freq (    9) =      18.224537 [THz] =     607.905130 [cm-1]
     freq (   10) =      18.626528 [THz] =     621.314094 [cm-1]
     freq (   11) =      19.640169 [THz] =     655.125508 [cm-1]
     freq (   12) =      21.371797 [THz] =     712.886402 [cm-1]
     freq (   13) =      22.171338 [THz] =     739.556241 [cm-1]
     freq (   14) =      22.371523 [THz] =     746.233693 [cm-1]
     freq (   15) =      22.711780 [THz] =     757.583424 [cm-1]
     freq (   16) =      22.852163 [THz] =     762.266114 [cm-1]
     freq (   17) =      23.575801 [THz] =     786.404069 [cm-1]
     freq (   18) =      25.121627 [THz] =     837.967293 [cm-1]
     freq (   19) =      25.780193 [THz] =     859.934674 [cm-1]
     freq (   20) =      26.895501 [THz] =     897.137356 [cm-1]
     freq (   21) =      27.415469 [THz] =     914.481625 [cm-1]
     freq (   22) =      27.880764 [THz] =     930.002175 [cm-1]
     freq (   23) =      28.890224 [THz] =     963.674153 [cm-1]
     freq (   24) =      30.756839 [THz] =    1025.937711 [cm-1]
     freq (   25) =      32.515866 [THz] =    1084.612550 [cm-1]
     freq (   26) =      32.697414 [THz] =    1090.668319 [cm-1]
     freq (   27) =      33.746450 [THz] =    1125.660415 [cm-1]
     freq (   28) =      36.912029 [THz] =    1231.252750 [cm-1]
     freq (   29) =      39.498166 [THz] =    1317.516991 [cm-1]
     freq (   30) =      43.264527 [THz] =    1443.149275 [cm-1]
     freq (   31) =      47.133064 [THz] =    1572.189785 [cm-1]
     freq (   32) =      50.329298 [THz] =    1678.804690 [cm-1]
     freq (   33) =      50.905539 [THz] =    1698.026014 [cm-1]
     freq (   34) =      52.618166 [THz] =    1755.153085 [cm-1]
     freq (   35) =      55.093299 [THz] =    1837.714632 [cm-1]
     freq (   36) =      59.290740 [THz] =    1977.726216 [cm-1]
 **************************************************************************

     Calculation of q =   -0.0167658  -0.4998866   0.0167659

     Parallelization info
     --------------------
     sticks:   dense  smooth     PW     G-vecs:    dense   smooth      PW
     Min        3060    1217    361               179147    45315    7265
     Max        3061    1218    362               179148    45316    7266
     Sum        6121    2435    723               358295    90631   14531


     Title: 
     Phonons                                                                    


     bravais-lattice index     =            0
     lattice parameter (alat)  =       9.7743  a.u.
     unit-cell volume          =     937.5358 (a.u.)^3
     number of atoms/cell      =           12
     number of atomic types    =            3
     number of electrons       =        24.00
     number of Kohn-Sham states=           16
     kinetic-energy cutoff     =      80.0000  Ry
     charge density cutoff     =     800.0000  Ry
     Exchange-correlation= PBE
                           (   1   4   3   4   0   0   0)

     celldm(1)=   9.774316  celldm(2)=   0.000000  celldm(3)=   0.000000
     celldm(4)=   0.000000  celldm(5)=   0.000000  celldm(6)=   0.000000

     crystal axes: (cart. coord. in units of alat)
               a(1) = (   1.002405  -0.032529   0.032522 )  
               a(2) = (  -0.032529   1.002409   0.032529 )  
               a(3) = (   0.032522   0.032529   1.002407 )  

     reciprocal axes: (cart. coord. in units 2 pi/alat)
               b(1) = (  0.999776  0.033531 -0.033525 )  
               b(2) = (  0.033532  0.999773 -0.033532 )  
               b(3) = ( -0.033525 -0.033532  0.999774 )  


     PseudoPot. # 1 for Ba read from file:
     /home/marco/ZOS_Cloud_Compute/pseudo/Ba.UPF
     MD5 check sum: c432291d3e53af55f19d5e8866385beb
     Pseudo is Projector augmented-wave + core cor, Zval = 10.0
     Generated using "atomic" code by A. Dal Corso  v.5.1
     Shape of augmentation charge: PSQ
     Using radial grid of 1251 points,  7 beta functions with: 
                l(1) =   0
                l(2) =   0
                l(3) =   0
                l(4) =   1
                l(5) =   1
                l(6) =   2
                l(7) =   2
     Q(r) pseudized with 0 coefficients 


     PseudoPot. # 2 for H  read from file:
     /home/marco/ZOS_Cloud_Compute/pseudo/H.UPF
     MD5 check sum: f52b6d4d1c606e5624b1dc7b2218f220
     Pseudo is Ultrasoft, Zval =  1.0
     Generated using "atomic" code by A. Dal Corso  v.5.1
     Using radial grid of  929 points,  2 beta functions with: 
                l(1) =   0
                l(2) =   0
     Q(r) pseudized with 0 coefficients 


     PseudoPot. # 3 for Mg read from file:
     /home/marco/ZOS_Cloud_Compute/pseudo/Mg.UPF
     MD5 check sum: 24ecedc7f3e3cbe212e682f4413594e4
     Pseudo is Projector augmented-wave + core cor, Zval =  2.0
     Generated using "atomic" code by A. Dal Corso  v.5.0.99 svn rev. 10869
     Shape of augmentation charge: PSQ
     Using radial grid of 1129 points,  4 beta functions with: 
                l(1) =   0
                l(2) =   0
                l(3) =   1
                l(4) =   1
     Q(r) pseudized with 0 coefficients 


     atomic species   valence    mass     pseudopotential
        Ba            10.00     1.00000     Ba( 1.00)
        H              1.00     1.00000     H ( 1.00)
        Mg             2.00     1.00000     Mg( 1.00)

     No symmetry found



   Cartesian axes

     site n.     atom                  positions (alat units)
         1           Mg  tau(   1) = (   0.4849284   0.4849423   0.0325299  )
         2           Ba  tau(   2) = (   0.5175157  -0.0000002   0.5174640  )
         3           Mg  tau(   3) = (  -0.0000060   0.5174702   0.5174584  )
         4           Mg  tau(   4) = (   0.0000027  -0.0000020  -0.0000057  )
         5           H   tau(   5) = (  -0.0059120   0.8553070   0.3679238  )
         6           H   tau(   6) = (   0.8152546   0.2978027   0.2196554  )
         7           H   tau(   7) = (   0.3703630   0.1820619   1.0083537  )
         8           H   tau(   8) = (   0.6669807   0.5115597   0.6970802  )
         9           H   tau(   9) = (   1.0083348   0.1470839   0.6995069  )
        10           H   tau(  10) = (   0.1871133   0.7045993   0.8477967  )
        11           H   tau(  11) = (   0.6320227   0.8203497   0.0591614  )
        12           H   tau(  12) = (   0.3353953   0.4908714   0.3703700  )

     number of k points=    16  Methfessel-Paxton smearing, width (Ry)=  0.0200
                       cart. coord. in units 2pi/alat
        k(    1) = (   0.0000000   0.0000000   0.0000000), wk =   0.2500000
        k(    2) = (  -0.0167658  -0.4998866   0.0167659), wk =   0.0000000
        k(    3) = (   0.0167626   0.0167660  -0.4998872), wk =   0.2500000
        k(    4) = (  -0.0000032  -0.4831206  -0.4831213), wk =   0.0000000
        k(    5) = (  -0.0000032  -0.4831206  -0.4831213), wk =   0.2500000
        k(    6) = (  -0.0167690  -0.9830072  -0.4663554), wk =   0.0000000
        k(    7) = (  -0.4998913  -0.4998862  -0.4663590), wk =   0.2500000
        k(    8) = (  -0.5166571  -0.9997728  -0.4495931), wk =   0.0000000
        k(    9) = (   0.0167658   0.4998866  -0.0167659), wk =   0.2500000
        k(   10) = (   0.0000000   0.0000000  -0.0000000), wk =   0.0000000
        k(   11) = (   0.4998881   0.0167656  -0.0167623), wk =   0.2500000
        k(   12) = (   0.4831223  -0.4831210   0.0000036), wk =   0.0000000
        k(   13) = (  -0.4831223   0.4831210  -0.0000036), wk =   0.2500000
        k(   14) = (  -0.4998881  -0.0167656   0.0167623), wk =   0.0000000
        k(   15) = (   0.4831256  -0.0000003   0.4831249), wk =   0.2500000
        k(   16) = (   0.4663598  -0.4998869   0.4998908), wk =   0.0000000

     Dense  grid:   358295 G-vectors     FFT dimensions: (  90,  90,  90)

     Smooth grid:    90631 G-vectors     FFT dimensions: (  60,  60,  60)

     Estimated max dynamical RAM per process >     661.92 MB

     Estimated total dynamical RAM >       1.29 GB

     The potential is recalculated from file :
     ./tmp/_ph0/BaMg3H8.q_3/BaMg3H8.save/charge-density

     Starting wfcs are   25 atomic wfcs
     Checking if some PAW data can be deallocated... 

     Band Structure Calculation
     Davidson diagonalization with overlap

     ethr =  4.17E-11,  avg # of iterations = 29.8

     total cpu time spent up to now is       56.0 secs

     End of band structure calculation

          k = 0.0000 0.0000 0.0000 ( 11349 PWs)   bands (ev):

   -23.4087  -8.6938  -8.6571  -8.6571  -3.3517   0.2198   0.2198   1.0124
     1.0125   1.2292   1.9231   2.2082   6.7214   6.7214   7.0776   7.9566

          k =-0.0168-0.4999 0.0168 ( 11302 PWs)   bands (ev):

   -23.4057  -8.8340  -8.6698  -8.6384  -1.9785  -1.8717   0.5463   1.0204
     1.1811   1.3976   1.8853   2.1477   6.2837   6.4874   7.4946   7.7459

          k = 0.0168 0.0168-0.4999 ( 11302 PWs)   bands (ev):

   -23.4057  -8.8340  -8.6698  -8.6384  -1.9785  -1.8717   0.5463   1.0204
     1.1811   1.3976   1.8853   2.1477   6.2837   6.4873   7.4946   7.7459

          k =-0.0000-0.4831-0.4831 ( 11344 PWs)   bands (ev):

   -23.4028  -8.8078  -8.7981  -8.6384  -1.3567  -0.9057  -0.5757  -0.4765
     1.1505   1.9478   1.9568   2.2984   6.5685   6.7650   7.3122   7.5199

          k =-0.0000-0.4831-0.4831 ( 11344 PWs)   bands (ev):

   -23.4028  -8.8078  -8.7981  -8.6384  -1.3567  -0.9057  -0.5757  -0.4765
     1.1505   1.9478   1.9568   2.2984   6.5685   6.7650   7.3122   7.5199

          k =-0.0168-0.9830-0.4664 ( 11302 PWs)   bands (ev):

   -23.4057  -8.8340  -8.6698  -8.6384  -1.9785  -1.8717   0.5463   1.0204
     1.1811   1.3976   1.8853   2.1477   6.2837   6.4873   7.4946   7.7459

          k =-0.4999-0.4999-0.4664 ( 11344 PWs)   bands (ev):

   -23.4000  -8.7933  -8.7656  -8.7656  -0.7855  -0.7855  -0.0066   0.0878
     0.4192   0.4193   0.4856   3.7816   6.4644   8.0850   8.0851   9.2164

          k =-0.5167-0.9998-0.4496 ( 11344 PWs)   bands (ev):

   -23.4028  -8.8078  -8.7981  -8.6384  -1.3567  -0.9057  -0.5758  -0.4765
     1.1504   1.9478   1.9569   2.2985   6.5685   6.7649   7.3123   7.5199

          k = 0.0168 0.4999-0.0168 ( 11302 PWs)   bands (ev):

   -23.4057  -8.8340  -8.6698  -8.6384  -1.9785  -1.8717   0.5463   1.0204
     1.1811   1.3976   1.8853   2.1477   6.2837   6.4874   7.4946   7.7459

          k = 0.0000 0.0000-0.0000 ( 11349 PWs)   bands (ev):

   -23.4087  -8.6938  -8.6571  -8.6571  -3.3517   0.2198   0.2198   1.0124
     1.0125   1.2292   1.9231   2.2082   6.7214   6.7214   7.0776   7.9566

          k = 0.4999 0.0168-0.0168 ( 11302 PWs)   bands (ev):

   -23.4057  -8.8340  -8.6698  -8.6384  -1.9785  -1.8717   0.5463   1.0204
     1.1811   1.3976   1.8853   2.1477   6.2837   6.4873   7.4947   7.7458

          k = 0.4831-0.4831 0.0000 ( 11344 PWs)   bands (ev):

   -23.4028  -8.8078  -8.7981  -8.6384  -1.3567  -0.9057  -0.5757  -0.4765
     1.1505   1.9478   1.9568   2.2984   6.5685   6.7650   7.3122   7.5199

          k =-0.4831 0.4831-0.0000 ( 11344 PWs)   bands (ev):

   -23.4028  -8.8078  -8.7981  -8.6384  -1.3567  -0.9057  -0.5757  -0.4765
     1.1505   1.9478   1.9568   2.2984   6.5685   6.7650   7.3122   7.5199

          k =-0.4999-0.0168 0.0168 ( 11302 PWs)   bands (ev):

   -23.4057  -8.8340  -8.6698  -8.6384  -1.9785  -1.8717   0.5463   1.0204
     1.1811   1.3976   1.8853   2.1477   6.2837   6.4873   7.4947   7.7458

          k = 0.4831-0.0000 0.4831 ( 11344 PWs)   bands (ev):

   -23.4028  -8.8078  -8.7981  -8.6384  -1.3567  -0.9057  -0.5758  -0.4765
     1.1504   1.9478   1.9569   2.2985   6.5685   6.7649   7.3123   7.5199

          k = 0.4664-0.4999 0.4999 ( 11344 PWs)   bands (ev):

   -23.4000  -8.7933  -8.7656  -8.7656  -0.7855  -0.7855  -0.0066   0.0878
     0.4192   0.4193   0.4856   3.7816   6.4644   8.0850   8.0851   9.2164

     the Fermi energy is     6.1130 ev

     Writing output data file ./tmp/_ph0/BaMg3H8.q_3/BaMg3H8.save/

     Phonons                                                                    

     bravais-lattice index     =            0
     lattice parameter (alat)  =       9.7743  a.u.
     unit-cell volume          =     937.5358 (a.u.)^3
     number of atoms/cell      =           12
     number of atomic types    =            3
     kinetic-energy cut-off    =      80.0000  Ry
     charge density cut-off    =     800.0000  Ry
     convergence threshold     =      1.0E-14
     beta                      =       0.7000
     number of iterations used =            4
     Exchange-correlation= PBE
                           (   1   4   3   4   0   0   0)


     celldm(1)=    9.77432  celldm(2)=    0.00000  celldm(3)=    0.00000
     celldm(4)=    0.00000  celldm(5)=    0.00000  celldm(6)=    0.00000

     crystal axes: (cart. coord. in units of alat)
               a(1) = (  1.0024 -0.0325  0.0325 )  
               a(2) = ( -0.0325  1.0024  0.0325 )  
               a(3) = (  0.0325  0.0325  1.0024 )  

     reciprocal axes: (cart. coord. in units 2 pi/alat)
               b(1) = (  0.9998  0.0335 -0.0335 )  
               b(2) = (  0.0335  0.9998 -0.0335 )  
               b(3) = ( -0.0335 -0.0335  0.9998 )  


     Atoms inside the unit cell: 

     Cartesian axes

     site n.  atom      mass           positions (alat units)
        1     Mg   1.0000   tau(    1) = (    0.48493    0.48494    0.03253  )
        2     Ba   1.0000   tau(    2) = (    0.51752   -0.00000    0.51746  )
        3     Mg   1.0000   tau(    3) = (   -0.00001    0.51747    0.51746  )
        4     Mg   1.0000   tau(    4) = (    0.00000   -0.00000   -0.00001  )
        5     H    1.0000   tau(    5) = (   -0.00591    0.85531    0.36792  )
        6     H    1.0000   tau(    6) = (    0.81525    0.29780    0.21966  )
        7     H    1.0000   tau(    7) = (    0.37036    0.18206    1.00835  )
        8     H    1.0000   tau(    8) = (    0.66698    0.51156    0.69708  )
        9     H    1.0000   tau(    9) = (    1.00833    0.14708    0.69951  )
       10     H    1.0000   tau(   10) = (    0.18711    0.70460    0.84780  )
       11     H    1.0000   tau(   11) = (    0.63202    0.82035    0.05916  )
       12     H    1.0000   tau(   12) = (    0.33540    0.49087    0.37037  )

     Computing dynamical matrix for 
                    q = (  -0.0167658  -0.4998866   0.0167659 )

      2 Sym.Ops. (with q -> -q+G )


     G cutoff = 1935.9896  ( 179147 G-vectors)     FFT grid: ( 90, 90, 90)
     G cutoff =  774.3958  (  45316 G-vectors)  smooth grid: ( 60, 60, 60)

     number of k points=    16  Methfessel-Paxton smearing, width (Ry)=  0.0200

     PseudoPot. # 1 for Ba read from file:
     /home/marco/ZOS_Cloud_Compute/pseudo/Ba.UPF
     MD5 check sum: c432291d3e53af55f19d5e8866385beb
     Pseudo is Projector augmented-wave + core cor, Zval = 10.0
     Generated using "atomic" code by A. Dal Corso  v.5.1
     Shape of augmentation charge: PSQ
     Using radial grid of 1251 points,  7 beta functions with: 
                l(1) =   0
                l(2) =   0
                l(3) =   0
                l(4) =   1
                l(5) =   1
                l(6) =   2
                l(7) =   2
     Q(r) pseudized with 0 coefficients 


     PseudoPot. # 2 for H  read from file:
     /home/marco/ZOS_Cloud_Compute/pseudo/H.UPF
     MD5 check sum: f52b6d4d1c606e5624b1dc7b2218f220
     Pseudo is Ultrasoft, Zval =  1.0
     Generated using "atomic" code by A. Dal Corso  v.5.1
     Using radial grid of  929 points,  2 beta functions with: 
                l(1) =   0
                l(2) =   0
     Q(r) pseudized with 0 coefficients 


     PseudoPot. # 3 for Mg read from file:
     /home/marco/ZOS_Cloud_Compute/pseudo/Mg.UPF
     MD5 check sum: 24ecedc7f3e3cbe212e682f4413594e4
     Pseudo is Projector augmented-wave + core cor, Zval =  2.0
     Generated using "atomic" code by A. Dal Corso  v.5.0.99 svn rev. 10869
     Shape of augmentation charge: PSQ
     Using radial grid of 1129 points,  4 beta functions with: 
                l(1) =   0
                l(2) =   0
                l(3) =   1
                l(4) =   1
     Q(r) pseudized with 0 coefficients 



     Atomic displacements:
     There are   36 irreducible representations

     Representation     1      1 modes -  To be done

     Representation     2      1 modes -  To be done

     Representation     3      1 modes -  To be done

     Representation     4      1 modes -  To be done

     Representation     5      1 modes -  To be done

     Representation     6      1 modes -  To be done

     Representation     7      1 modes -  To be done

     Representation     8      1 modes -  To be done

     Representation     9      1 modes -  To be done

     Representation    10      1 modes -  To be done

     Representation    11      1 modes -  To be done

     Representation    12      1 modes -  To be done

     Representation    13      1 modes -  To be done

     Representation    14      1 modes -  To be done

     Representation    15      1 modes -  To be done

     Representation    16      1 modes -  To be done

     Representation    17      1 modes -  To be done

     Representation    18      1 modes -  To be done

     Representation    19      1 modes -  To be done

     Representation    20      1 modes -  To be done

     Representation    21      1 modes -  To be done

     Representation    22      1 modes -  To be done

     Representation    23      1 modes -  To be done

     Representation    24      1 modes -  To be done

     Representation    25      1 modes -  To be done

     Representation    26      1 modes -  To be done

     Representation    27      1 modes -  To be done

     Representation    28      1 modes -  To be done

     Representation    29      1 modes -  To be done

     Representation    30      1 modes -  To be done

     Representation    31      1 modes -  To be done

     Representation    32      1 modes -  To be done

     Representation    33      1 modes -  To be done

     Representation    34      1 modes -  To be done

     Representation    35      1 modes -  To be done

     Representation    36      1 modes -  To be done



     Alpha used in Ewald sum =   2.8000
     PHONON       :      1h46m CPU      1h27m WALL



     Representation #   1 mode #   1

     Self-consistent Calculation

      iter #   1 total cpu time :  5252.1 secs   av.it.:   2.8
      thresh= 1.000E-02 alpha_mix =  0.700 |ddv_scf|^2 =  1.988E-09

      iter #   2 total cpu time :  5262.3 secs   av.it.:  14.4
      thresh= 4.458E-06 alpha_mix =  0.700 |ddv_scf|^2 =  6.325E-10

      iter #   3 total cpu time :  5272.5 secs   av.it.:  14.1
      thresh= 2.515E-06 alpha_mix =  0.700 |ddv_scf|^2 =  1.457E-10

      iter #   4 total cpu time :  5282.4 secs   av.it.:  13.9
      thresh= 1.207E-06 alpha_mix =  0.700 |ddv_scf|^2 =  7.989E-12

      iter #   5 total cpu time :  5292.7 secs   av.it.:  14.8
      thresh= 2.826E-07 alpha_mix =  0.700 |ddv_scf|^2 =  4.178E-14

      iter #   6 total cpu time :  5304.1 secs   av.it.:  17.4
      thresh= 2.044E-08 alpha_mix =  0.700 |ddv_scf|^2 =  1.245E-14

      iter #   7 total cpu time :  5314.9 secs   av.it.:  16.0
      thresh= 1.116E-08 alpha_mix =  0.700 |ddv_scf|^2 =  7.876E-15

     End of self-consistent calculation

     Convergence has been achieved 


     Representation #   2 mode #   2

     Self-consistent Calculation

      iter #   1 total cpu time :  5321.6 secs   av.it.:   3.0
      thresh= 1.000E-02 alpha_mix =  0.700 |ddv_scf|^2 =  7.651E-08

      iter #   2 total cpu time :  5331.6 secs   av.it.:  13.8
      thresh= 2.766E-05 alpha_mix =  0.700 |ddv_scf|^2 =  1.093E-07

      iter #   3 total cpu time :  5341.2 secs   av.it.:  12.9
      thresh= 3.307E-05 alpha_mix =  0.700 |ddv_scf|^2 =  1.112E-10

      iter #   4 total cpu time :  5351.5 secs   av.it.:  14.8
      thresh= 1.054E-06 alpha_mix =  0.700 |ddv_scf|^2 =  4.304E-12

      iter #   5 total cpu time :  5362.0 secs   av.it.:  15.4
      thresh= 2.075E-07 alpha_mix =  0.700 |ddv_scf|^2 =  5.765E-13

      iter #   6 total cpu time :  5372.4 secs   av.it.:  15.2
      thresh= 7.593E-08 alpha_mix =  0.700 |ddv_scf|^2 =  1.104E-14

      iter #   7 total cpu time :  5383.4 secs   av.it.:  17.0
      thresh= 1.051E-08 alpha_mix =  0.700 |ddv_scf|^2 =  5.796E-15

     End of self-consistent calculation

     Convergence has been achieved 


     Representation #   3 mode #   3

     Self-consistent Calculation

      iter #   1 total cpu time :  5389.8 secs   av.it.:   2.9
      thresh= 1.000E-02 alpha_mix =  0.700 |ddv_scf|^2 =  1.874E-09

      iter #   2 total cpu time :  5400.2 secs   av.it.:  14.9
      thresh= 4.329E-06 alpha_mix =  0.700 |ddv_scf|^2 =  3.187E-10

      iter #   3 total cpu time :  5410.7 secs   av.it.:  14.8
      thresh= 1.785E-06 alpha_mix =  0.700 |ddv_scf|^2 =  8.309E-11

      iter #   4 total cpu time :  5420.6 secs   av.it.:  13.9
      thresh= 9.115E-07 alpha_mix =  0.700 |ddv_scf|^2 =  1.409E-11

      iter #   5 total cpu time :  5430.7 secs   av.it.:  14.0
      thresh= 3.754E-07 alpha_mix =  0.700 |ddv_scf|^2 =  4.320E-14

      iter #   6 total cpu time :  5441.7 secs   av.it.:  17.0
      thresh= 2.078E-08 alpha_mix =  0.700 |ddv_scf|^2 =  3.548E-15

     End of self-consistent calculation

     Convergence has been achieved 


     Representation #   4 mode #   4

     Self-consistent Calculation

      iter #   1 total cpu time :  5449.1 secs   av.it.:   5.4
      thresh= 1.000E-02 alpha_mix =  0.700 |ddv_scf|^2 =  2.314E-07

      iter #   2 total cpu time :  5459.3 secs   av.it.:  14.8
      thresh= 4.810E-05 alpha_mix =  0.700 |ddv_scf|^2 =  7.295E-08

      iter #   3 total cpu time :  5469.7 secs   av.it.:  15.0
      thresh= 2.701E-05 alpha_mix =  0.700 |ddv_scf|^2 =  1.019E-08

      iter #   4 total cpu time :  5479.6 secs   av.it.:  13.9
      thresh= 1.009E-05 alpha_mix =  0.700 |ddv_scf|^2 =  4.842E-10

      iter #   5 total cpu time :  5489.7 secs   av.it.:  14.4
      thresh= 2.200E-06 alpha_mix =  0.700 |ddv_scf|^2 =  9.267E-11

      iter #   6 total cpu time :  5499.9 secs   av.it.:  14.5
      thresh= 9.627E-07 alpha_mix =  0.700 |ddv_scf|^2 =  1.333E-11

      iter #   7 total cpu time :  5510.3 secs   av.it.:  15.1
      thresh= 3.652E-07 alpha_mix =  0.700 |ddv_scf|^2 =  6.419E-13

      iter #   8 total cpu time :  5521.4 secs   av.it.:  17.0
      thresh= 8.012E-08 alpha_mix =  0.700 |ddv_scf|^2 =  4.526E-14

      iter #   9 total cpu time :  5532.9 secs   av.it.:  17.9
      thresh= 2.128E-08 alpha_mix =  0.700 |ddv_scf|^2 =  3.029E-14

      iter #  10 total cpu time :  5544.1 secs   av.it.:  16.8
      thresh= 1.740E-08 alpha_mix =  0.700 |ddv_scf|^2 =  1.066E-14

      iter #  11 total cpu time :  5554.6 secs   av.it.:  15.4
      thresh= 1.032E-08 alpha_mix =  0.700 |ddv_scf|^2 =  6.127E-16

     End of self-consistent calculation

     Convergence has been achieved 


     Representation #   5 mode #   5

     Self-consistent Calculation

      iter #   1 total cpu time :  5562.4 secs   av.it.:   6.0
      thresh= 1.000E-02 alpha_mix =  0.700 |ddv_scf|^2 =  5.379E-06

      iter #   2 total cpu time :  5572.8 secs   av.it.:  14.5
      thresh= 2.319E-04 alpha_mix =  0.700 |ddv_scf|^2 =  1.573E-05

      iter #   3 total cpu time :  5582.6 secs   av.it.:  13.2
      thresh= 3.966E-04 alpha_mix =  0.700 |ddv_scf|^2 =  4.818E-09

      iter #   4 total cpu time :  5593.0 secs   av.it.:  15.1
      thresh= 6.941E-06 alpha_mix =  0.700 |ddv_scf|^2 =  4.049E-10

      iter #   5 total cpu time :  5603.0 secs   av.it.:  14.0
      thresh= 2.012E-06 alpha_mix =  0.700 |ddv_scf|^2 =  9.179E-11

      iter #   6 total cpu time :  5613.2 secs   av.it.:  14.5
      thresh= 9.581E-07 alpha_mix =  0.700 |ddv_scf|^2 =  1.283E-11

      iter #   7 total cpu time :  5623.6 secs   av.it.:  14.8
      thresh= 3.582E-07 alpha_mix =  0.700 |ddv_scf|^2 =  3.035E-13

      iter #   8 total cpu time :  5634.8 secs   av.it.:  17.1
      thresh= 5.509E-08 alpha_mix =  0.700 |ddv_scf|^2 =  3.067E-14

      iter #   9 total cpu time :  5646.1 secs   av.it.:  17.5
      thresh= 1.751E-08 alpha_mix =  0.700 |ddv_scf|^2 =  8.911E-15

     End of self-consistent calculation

     Convergence has been achieved 


     Representation #   6 mode #   6

     Self-consistent Calculation

      iter #   1 total cpu time :  5653.7 secs   av.it.:   5.4
      thresh= 1.000E-02 alpha_mix =  0.700 |ddv_scf|^2 =  2.311E-07

      iter #   2 total cpu time :  5664.1 secs   av.it.:  15.1
      thresh= 4.807E-05 alpha_mix =  0.700 |ddv_scf|^2 =  7.332E-08

      iter #   3 total cpu time :  5674.5 secs   av.it.:  14.9
      thresh= 2.708E-05 alpha_mix =  0.700 |ddv_scf|^2 =  1.062E-08

      iter #   4 total cpu time :  5684.4 secs   av.it.:  13.6
      thresh= 1.030E-05 alpha_mix =  0.700 |ddv_scf|^2 =  4.842E-10

      iter #   5 total cpu time :  5694.4 secs   av.it.:  14.4
      thresh= 2.200E-06 alpha_mix =  0.700 |ddv_scf|^2 =  9.095E-11

      iter #   6 total cpu time :  5704.6 secs   av.it.:  14.8
      thresh= 9.537E-07 alpha_mix =  0.700 |ddv_scf|^2 =  1.321E-11

      iter #   7 total cpu time :  5714.9 secs   av.it.:  15.0
      thresh= 3.634E-07 alpha_mix =  0.700 |ddv_scf|^2 =  6.582E-13

      iter #   8 total cpu time :  5725.6 secs   av.it.:  16.0
      thresh= 8.113E-08 alpha_mix =  0.700 |ddv_scf|^2 =  3.386E-14

      iter #   9 total cpu time :  5737.0 secs   av.it.:  17.9
      thresh= 1.840E-08 alpha_mix =  0.700 |ddv_scf|^2 =  1.828E-14

      iter #  10 total cpu time :  5747.9 secs   av.it.:  17.0
      thresh= 1.352E-08 alpha_mix =  0.700 |ddv_scf|^2 =  9.666E-15

     End of self-consistent calculation

     Convergence has been achieved 


     Representation #   7 mode #   7

     Self-consistent Calculation

      iter #   1 total cpu time :  5754.3 secs   av.it.:   2.9
      thresh= 1.000E-02 alpha_mix =  0.700 |ddv_scf|^2 =  1.849E-09

      iter #   2 total cpu time :  5764.6 secs   av.it.:  15.0
      thresh= 4.300E-06 alpha_mix =  0.700 |ddv_scf|^2 =  2.600E-10

      iter #   3 total cpu time :  5775.0 secs   av.it.:  14.8
      thresh= 1.613E-06 alpha_mix =  0.700 |ddv_scf|^2 =  5.523E-11

      iter #   4 total cpu time :  5785.2 secs   av.it.:  14.2
      thresh= 7.432E-07 alpha_mix =  0.700 |ddv_scf|^2 =  1.683E-11

      iter #   5 total cpu time :  5795.4 secs   av.it.:  14.4
      thresh= 4.103E-07 alpha_mix =  0.700 |ddv_scf|^2 =  5.042E-14

      iter #   6 total cpu time :  5806.6 secs   av.it.:  17.4
      thresh= 2.245E-08 alpha_mix =  0.700 |ddv_scf|^2 =  8.531E-15

     End of self-consistent calculation

     Convergence has been achieved 


     Representation #   8 mode #   8

     Self-consistent Calculation

      iter #   1 total cpu time :  5813.1 secs   av.it.:   3.0
      thresh= 1.000E-02 alpha_mix =  0.700 |ddv_scf|^2 =  7.636E-08

      iter #   2 total cpu time :  5823.1 secs   av.it.:  14.0
      thresh= 2.763E-05 alpha_mix =  0.700 |ddv_scf|^2 =  1.094E-07

      iter #   3 total cpu time :  5832.7 secs   av.it.:  13.1
      thresh= 3.308E-05 alpha_mix =  0.700 |ddv_scf|^2 =  1.150E-10

      iter #   4 total cpu time :  5843.0 secs   av.it.:  14.8
      thresh= 1.073E-06 alpha_mix =  0.700 |ddv_scf|^2 =  4.267E-12

      iter #   5 total cpu time :  5853.3 secs   av.it.:  15.0
      thresh= 2.066E-07 alpha_mix =  0.700 |ddv_scf|^2 =  6.120E-13

      iter #   6 total cpu time :  5863.7 secs   av.it.:  14.9
      thresh= 7.823E-08 alpha_mix =  0.700 |ddv_scf|^2 =  7.515E-15

     End of self-consistent calculation

     Convergence has been achieved 


     Representation #   9 mode #   9

     Self-consistent Calculation

      iter #   1 total cpu time :  5870.0 secs   av.it.:   2.4
      thresh= 1.000E-02 alpha_mix =  0.700 |ddv_scf|^2 =  1.908E-09

      iter #   2 total cpu time :  5880.1 secs   av.it.:  14.2
      thresh= 4.368E-06 alpha_mix =  0.700 |ddv_scf|^2 =  4.547E-10

      iter #   3 total cpu time :  5890.3 secs   av.it.:  14.6
      thresh= 2.132E-06 alpha_mix =  0.700 |ddv_scf|^2 =  1.320E-10

      iter #   4 total cpu time :  5900.2 secs   av.it.:  13.6
      thresh= 1.149E-06 alpha_mix =  0.700 |ddv_scf|^2 =  9.962E-12

      iter #   5 total cpu time :  5910.4 secs   av.it.:  14.6
      thresh= 3.156E-07 alpha_mix =  0.700 |ddv_scf|^2 =  3.248E-14

      iter #   6 total cpu time :  5921.6 secs   av.it.:  17.4
      thresh= 1.802E-08 alpha_mix =  0.700 |ddv_scf|^2 =  6.814E-15

     End of self-consistent calculation

     Convergence has been achieved 


     Representation #  10 mode #  10

     Self-consistent Calculation

      iter #   1 total cpu time :  5928.0 secs   av.it.:   3.0
      thresh= 1.000E-02 alpha_mix =  0.700 |ddv_scf|^2 =  2.332E-09

      iter #   2 total cpu time :  5938.3 secs   av.it.:  15.0
      thresh= 4.829E-06 alpha_mix =  0.700 |ddv_scf|^2 =  5.688E-10

      iter #   3 total cpu time :  5948.6 secs   av.it.:  15.0
      thresh= 2.385E-06 alpha_mix =  0.700 |ddv_scf|^2 =  1.490E-10

      iter #   4 total cpu time :  5958.7 secs   av.it.:  14.1
      thresh= 1.221E-06 alpha_mix =  0.700 |ddv_scf|^2 =  5.558E-11

      iter #   5 total cpu time :  5968.6 secs   av.it.:  14.0
      thresh= 7.455E-07 alpha_mix =  0.700 |ddv_scf|^2 =  1.577E-13

      iter #   6 total cpu time :  5979.2 secs   av.it.:  15.8
      thresh= 3.972E-08 alpha_mix =  0.700 |ddv_scf|^2 =  4.104E-15

     End of self-consistent calculation

     Convergence has been achieved 


     Representation #  11 mode #  11

     Self-consistent Calculation

      iter #   1 total cpu time :  5985.7 secs   av.it.:   3.2
      thresh= 1.000E-02 alpha_mix =  0.700 |ddv_scf|^2 =  1.118E-07

      iter #   2 total cpu time :  5995.8 secs   av.it.:  14.4
      thresh= 3.344E-05 alpha_mix =  0.700 |ddv_scf|^2 =  3.114E-07

      iter #   3 total cpu time :  6005.4 secs   av.it.:  13.4
      thresh= 5.580E-05 alpha_mix =  0.700 |ddv_scf|^2 =  7.857E-11

      iter #   4 total cpu time :  6015.9 secs   av.it.:  15.2
      thresh= 8.864E-07 alpha_mix =  0.700 |ddv_scf|^2 =  1.156E-11

      iter #   5 total cpu time :  6026.1 secs   av.it.:  14.6
      thresh= 3.400E-07 alpha_mix =  0.700 |ddv_scf|^2 =  3.870E-13

      iter #   6 total cpu time :  6035.9 secs   av.it.:  13.9
      thresh= 6.221E-08 alpha_mix =  0.700 |ddv_scf|^2 =  4.254E-15

     End of self-consistent calculation

     Convergence has been achieved 


     Representation #  12 mode #  12

     Self-consistent Calculation

      iter #   1 total cpu time :  6042.4 secs   av.it.:   3.0
      thresh= 1.000E-02 alpha_mix =  0.700 |ddv_scf|^2 =  2.337E-09

      iter #   2 total cpu time :  6052.6 secs   av.it.:  15.0
      thresh= 4.834E-06 alpha_mix =  0.700 |ddv_scf|^2 =  6.145E-10

      iter #   3 total cpu time :  6062.9 secs   av.it.:  15.1
      thresh= 2.479E-06 alpha_mix =  0.700 |ddv_scf|^2 =  1.796E-10

      iter #   4 total cpu time :  6072.9 secs   av.it.:  14.1
      thresh= 1.340E-06 alpha_mix =  0.700 |ddv_scf|^2 =  4.976E-11

      iter #   5 total cpu time :  6083.0 secs   av.it.:  14.0
      thresh= 7.054E-07 alpha_mix =  0.700 |ddv_scf|^2 =  1.606E-13

      iter #   6 total cpu time :  6093.5 secs   av.it.:  15.5
      thresh= 4.008E-08 alpha_mix =  0.700 |ddv_scf|^2 =  4.357E-15

     End of self-consistent calculation

     Convergence has been achieved 


     Representation #  13 mode #  13

     Self-consistent Calculation

      iter #   1 total cpu time :  6100.2 secs   av.it.:   3.4
      thresh= 1.000E-02 alpha_mix =  0.700 |ddv_scf|^2 =  4.987E-09

      iter #   2 total cpu time :  6111.5 secs   av.it.:  17.8
      thresh= 7.062E-06 alpha_mix =  0.700 |ddv_scf|^2 =  1.074E-09

      iter #   3 total cpu time :  6122.7 secs   av.it.:  17.4
      thresh= 3.278E-06 alpha_mix =  0.700 |ddv_scf|^2 =  2.787E-10

      iter #   4 total cpu time :  6133.4 secs   av.it.:  15.8
      thresh= 1.670E-06 alpha_mix =  0.700 |ddv_scf|^2 =  2.206E-11

      iter #   5 total cpu time :  6144.5 secs   av.it.:  16.5
      thresh= 4.697E-07 alpha_mix =  0.700 |ddv_scf|^2 =  3.696E-13

      iter #   6 total cpu time :  6156.0 secs   av.it.:  17.9
      thresh= 6.079E-08 alpha_mix =  0.700 |ddv_scf|^2 =  1.309E-13

      iter #   7 total cpu time :  6167.0 secs   av.it.:  16.5
      thresh= 3.618E-08 alpha_mix =  0.700 |ddv_scf|^2 =  7.337E-15

     End of self-consistent calculation

     Convergence has been achieved 


     Representation #  14 mode #  14

     Self-consistent Calculation

      iter #   1 total cpu time :  6173.8 secs   av.it.:   3.4
      thresh= 1.000E-02 alpha_mix =  0.700 |ddv_scf|^2 =  8.665E-08

      iter #   2 total cpu time :  6185.1 secs   av.it.:  17.1
      thresh= 2.944E-05 alpha_mix =  0.700 |ddv_scf|^2 =  2.160E-07

      iter #   3 total cpu time :  6195.5 secs   av.it.:  15.1
      thresh= 4.648E-05 alpha_mix =  0.700 |ddv_scf|^2 =  9.621E-10

      iter #   4 total cpu time :  6206.5 secs   av.it.:  16.5
      thresh= 3.102E-06 alpha_mix =  0.700 |ddv_scf|^2 =  6.492E-11

      iter #   5 total cpu time :  6217.6 secs   av.it.:  16.9
      thresh= 8.057E-07 alpha_mix =  0.700 |ddv_scf|^2 =  3.300E-12

      iter #   6 total cpu time :  6229.1 secs   av.it.:  17.6
      thresh= 1.817E-07 alpha_mix =  0.700 |ddv_scf|^2 =  8.127E-14

      iter #   7 total cpu time :  6240.3 secs   av.it.:  17.2
      thresh= 2.851E-08 alpha_mix =  0.700 |ddv_scf|^2 =  1.848E-15

     End of self-consistent calculation

     Convergence has been achieved 


     Representation #  15 mode #  15

     Self-consistent Calculation

      iter #   1 total cpu time :  6246.9 secs   av.it.:   3.0
      thresh= 1.000E-02 alpha_mix =  0.700 |ddv_scf|^2 =  5.569E-09

      iter #   2 total cpu time :  6258.3 secs   av.it.:  17.4
      thresh= 7.463E-06 alpha_mix =  0.700 |ddv_scf|^2 =  2.803E-09

      iter #   3 total cpu time :  6269.5 secs   av.it.:  17.0
      thresh= 5.295E-06 alpha_mix =  0.700 |ddv_scf|^2 =  8.568E-10

      iter #   4 total cpu time :  6280.3 secs   av.it.:  16.1
      thresh= 2.927E-06 alpha_mix =  0.700 |ddv_scf|^2 =  1.645E-11

      iter #   5 total cpu time :  6291.6 secs   av.it.:  17.5
      thresh= 4.056E-07 alpha_mix =  0.700 |ddv_scf|^2 =  3.734E-12

      iter #   6 total cpu time :  6302.5 secs   av.it.:  16.4
      thresh= 1.932E-07 alpha_mix =  0.700 |ddv_scf|^2 =  5.970E-14

      iter #   7 total cpu time :  6314.1 secs   av.it.:  18.4
      thresh= 2.443E-08 alpha_mix =  0.700 |ddv_scf|^2 =  5.008E-15

     End of self-consistent calculation

     Convergence has been achieved 


     Representation #  16 mode #  16

     Self-consistent Calculation

      iter #   1 total cpu time :  6320.5 secs   av.it.:   3.0
      thresh= 1.000E-02 alpha_mix =  0.700 |ddv_scf|^2 =  4.515E-09

      iter #   2 total cpu time :  6331.8 secs   av.it.:  17.8
      thresh= 6.719E-06 alpha_mix =  0.700 |ddv_scf|^2 =  5.088E-10

      iter #   3 total cpu time :  6343.2 secs   av.it.:  17.6
      thresh= 2.256E-06 alpha_mix =  0.700 |ddv_scf|^2 =  1.455E-10

      iter #   4 total cpu time :  6353.8 secs   av.it.:  15.8
      thresh= 1.206E-06 alpha_mix =  0.700 |ddv_scf|^2 =  1.588E-11

      iter #   5 total cpu time :  6364.7 secs   av.it.:  16.5
      thresh= 3.986E-07 alpha_mix =  0.700 |ddv_scf|^2 =  1.679E-13

      iter #   6 total cpu time :  6376.3 secs   av.it.:  18.2
      thresh= 4.097E-08 alpha_mix =  0.700 |ddv_scf|^2 =  5.170E-14

      iter #   7 total cpu time :  6387.3 secs   av.it.:  16.8
      thresh= 2.274E-08 alpha_mix =  0.700 |ddv_scf|^2 =  5.713E-15

     End of self-consistent calculation

     Convergence has been achieved 


     Representation #  17 mode #  17

     Self-consistent Calculation

      iter #   1 total cpu time :  6393.8 secs   av.it.:   3.0
      thresh= 1.000E-02 alpha_mix =  0.700 |ddv_scf|^2 =  7.314E-08

      iter #   2 total cpu time :  6405.1 secs   av.it.:  17.1
      thresh= 2.704E-05 alpha_mix =  0.700 |ddv_scf|^2 =  1.302E-07

      iter #   3 total cpu time :  6415.7 secs   av.it.:  15.9
      thresh= 3.609E-05 alpha_mix =  0.700 |ddv_scf|^2 =  1.775E-09

      iter #   4 total cpu time :  6426.4 secs   av.it.:  16.1
      thresh= 4.213E-06 alpha_mix =  0.700 |ddv_scf|^2 =  3.980E-11

      iter #   5 total cpu time :  6437.6 secs   av.it.:  17.1
      thresh= 6.308E-07 alpha_mix =  0.700 |ddv_scf|^2 =  2.970E-12

      iter #   6 total cpu time :  6448.9 secs   av.it.:  17.4
      thresh= 1.723E-07 alpha_mix =  0.700 |ddv_scf|^2 =  1.285E-13

      iter #   7 total cpu time :  6460.1 secs   av.it.:  17.6
      thresh= 3.585E-08 alpha_mix =  0.700 |ddv_scf|^2 =  4.611E-15

     End of self-consistent calculation

     Convergence has been achieved 


     Representation #  18 mode #  18

     Self-consistent Calculation

      iter #   1 total cpu time :  6466.6 secs   av.it.:   3.0
      thresh= 1.000E-02 alpha_mix =  0.700 |ddv_scf|^2 =  4.496E-09

      iter #   2 total cpu time :  6478.0 secs   av.it.:  17.8
      thresh= 6.705E-06 alpha_mix =  0.700 |ddv_scf|^2 =  4.900E-10

      iter #   3 total cpu time :  6489.3 secs   av.it.:  17.8
      thresh= 2.214E-06 alpha_mix =  0.700 |ddv_scf|^2 =  1.438E-10

      iter #   4 total cpu time :  6499.8 secs   av.it.:  15.1
      thresh= 1.199E-06 alpha_mix =  0.700 |ddv_scf|^2 =  1.511E-11

      iter #   5 total cpu time :  6510.6 secs   av.it.:  16.4
      thresh= 3.888E-07 alpha_mix =  0.700 |ddv_scf|^2 =  1.393E-13

      iter #   6 total cpu time :  6522.1 secs   av.it.:  18.1
      thresh= 3.732E-08 alpha_mix =  0.700 |ddv_scf|^2 =  1.745E-14

      iter #   7 total cpu time :  6533.3 secs   av.it.:  17.8
      thresh= 1.321E-08 alpha_mix =  0.700 |ddv_scf|^2 =  4.213E-15

     End of self-consistent calculation

     Convergence has been achieved 


     Representation #  19 mode #  19

     Self-consistent Calculation

      iter #   1 total cpu time :  6539.8 secs   av.it.:   3.0
      thresh= 1.000E-02 alpha_mix =  0.700 |ddv_scf|^2 =  5.606E-09

      iter #   2 total cpu time :  6551.0 secs   av.it.:  17.5
      thresh= 7.487E-06 alpha_mix =  0.700 |ddv_scf|^2 =  2.913E-09

      iter #   3 total cpu time :  6562.0 secs   av.it.:  16.9
      thresh= 5.398E-06 alpha_mix =  0.700 |ddv_scf|^2 =  8.430E-10

      iter #   4 total cpu time :  6572.8 secs   av.it.:  16.1
      thresh= 2.903E-06 alpha_mix =  0.700 |ddv_scf|^2 =  1.812E-11

      iter #   5 total cpu time :  6584.0 secs   av.it.:  17.2
      thresh= 4.257E-07 alpha_mix =  0.700 |ddv_scf|^2 =  3.789E-12

      iter #   6 total cpu time :  6594.8 secs   av.it.:  16.6
      thresh= 1.947E-07 alpha_mix =  0.700 |ddv_scf|^2 =  6.104E-14

      iter #   7 total cpu time :  6606.3 secs   av.it.:  18.2
      thresh= 2.471E-08 alpha_mix =  0.700 |ddv_scf|^2 =  5.112E-15

     End of self-consistent calculation

     Convergence has been achieved 


     Representation #  20 mode #  20

     Self-consistent Calculation

      iter #   1 total cpu time :  6613.0 secs   av.it.:   3.5
      thresh= 1.000E-02 alpha_mix =  0.700 |ddv_scf|^2 =  8.566E-08

      iter #   2 total cpu time :  6624.2 secs   av.it.:  17.1
      thresh= 2.927E-05 alpha_mix =  0.700 |ddv_scf|^2 =  2.126E-07

      iter #   3 total cpu time :  6634.6 secs   av.it.:  15.4
      thresh= 4.610E-05 alpha_mix =  0.700 |ddv_scf|^2 =  9.607E-10

      iter #   4 total cpu time :  6645.7 secs   av.it.:  16.8
      thresh= 3.099E-06 alpha_mix =  0.700 |ddv_scf|^2 =  6.555E-11

      iter #   5 total cpu time :  6656.9 secs   av.it.:  16.9
      thresh= 8.096E-07 alpha_mix =  0.700 |ddv_scf|^2 =  3.289E-12

      iter #   6 total cpu time :  6668.2 secs   av.it.:  17.5
      thresh= 1.814E-07 alpha_mix =  0.700 |ddv_scf|^2 =  8.461E-14

      iter #   7 total cpu time :  6679.3 secs   av.it.:  17.2
      thresh= 2.909E-08 alpha_mix =  0.700 |ddv_scf|^2 =  2.269E-15

     End of self-consistent calculation

     Convergence has been achieved 


     Representation #  21 mode #  21

     Self-consistent Calculation

      iter #   1 total cpu time :  6685.8 secs   av.it.:   3.2
      thresh= 1.000E-02 alpha_mix =  0.700 |ddv_scf|^2 =  4.950E-09

      iter #   2 total cpu time :  6697.1 secs   av.it.:  17.6
      thresh= 7.035E-06 alpha_mix =  0.700 |ddv_scf|^2 =  1.060E-09

      iter #   3 total cpu time :  6708.3 secs   av.it.:  17.2
      thresh= 3.255E-06 alpha_mix =  0.700 |ddv_scf|^2 =  2.828E-10

      iter #   4 total cpu time :  6719.0 secs   av.it.:  15.9
      thresh= 1.682E-06 alpha_mix =  0.700 |ddv_scf|^2 =  2.240E-11

      iter #   5 total cpu time :  6730.0 secs   av.it.:  17.1
      thresh= 4.733E-07 alpha_mix =  0.700 |ddv_scf|^2 =  6.467E-13

      iter #   6 total cpu time :  6741.3 secs   av.it.:  17.4
      thresh= 8.042E-08 alpha_mix =  0.700 |ddv_scf|^2 =  1.755E-13

      iter #   7 total cpu time :  6752.2 secs   av.it.:  16.6
      thresh= 4.189E-08 alpha_mix =  0.700 |ddv_scf|^2 =  5.305E-15

     End of self-consistent calculation

     Convergence has been achieved 


     Representation #  22 mode #  22

     Self-consistent Calculation

      iter #   1 total cpu time :  6758.7 secs   av.it.:   3.0
      thresh= 1.000E-02 alpha_mix =  0.700 |ddv_scf|^2 =  5.027E-09

      iter #   2 total cpu time :  6769.9 secs   av.it.:  17.4
      thresh= 7.090E-06 alpha_mix =  0.700 |ddv_scf|^2 =  5.717E-10

      iter #   3 total cpu time :  6781.1 secs   av.it.:  17.4
      thresh= 2.391E-06 alpha_mix =  0.700 |ddv_scf|^2 =  6.501E-11

      iter #   4 total cpu time :  6792.2 secs   av.it.:  16.9
      thresh= 8.063E-07 alpha_mix =  0.700 |ddv_scf|^2 =  2.205E-11

      iter #   5 total cpu time :  6803.1 secs   av.it.:  16.1
      thresh= 4.695E-07 alpha_mix =  0.700 |ddv_scf|^2 =  1.381E-12

      iter #   6 total cpu time :  6814.2 secs   av.it.:  16.9
      thresh= 1.175E-07 alpha_mix =  0.700 |ddv_scf|^2 =  1.505E-13

      iter #   7 total cpu time :  6825.4 secs   av.it.:  17.1
      thresh= 3.880E-08 alpha_mix =  0.700 |ddv_scf|^2 =  2.411E-15

     End of self-consistent calculation

     Convergence has been achieved 


     Representation #  23 mode #  23

     Self-consistent Calculation

      iter #   1 total cpu time :  6832.2 secs   av.it.:   3.5
      thresh= 1.000E-02 alpha_mix =  0.700 |ddv_scf|^2 =  6.955E-08

      iter #   2 total cpu time :  6843.0 secs   av.it.:  16.4
      thresh= 2.637E-05 alpha_mix =  0.700 |ddv_scf|^2 =  9.260E-08

      iter #   3 total cpu time :  6853.2 secs   av.it.:  14.5
      thresh= 3.043E-05 alpha_mix =  0.700 |ddv_scf|^2 =  6.613E-11

      iter #   4 total cpu time :  6864.8 secs   av.it.:  18.2
      thresh= 8.132E-07 alpha_mix =  0.700 |ddv_scf|^2 =  3.349E-11

      iter #   5 total cpu time :  6875.7 secs   av.it.:  16.4
      thresh= 5.787E-07 alpha_mix =  0.700 |ddv_scf|^2 =  7.994E-12

      iter #   6 total cpu time :  6886.6 secs   av.it.:  16.8
      thresh= 2.827E-07 alpha_mix =  0.700 |ddv_scf|^2 =  1.392E-13

      iter #   7 total cpu time :  6898.0 secs   av.it.:  17.9
      thresh= 3.731E-08 alpha_mix =  0.700 |ddv_scf|^2 =  5.452E-15

     End of self-consistent calculation

     Convergence has been achieved 


     Representation #  24 mode #  24

     Self-consistent Calculation

      iter #   1 total cpu time :  6904.6 secs   av.it.:   3.0
      thresh= 1.000E-02 alpha_mix =  0.700 |ddv_scf|^2 =  5.032E-09

      iter #   2 total cpu time :  6915.8 secs   av.it.:  17.2
      thresh= 7.094E-06 alpha_mix =  0.700 |ddv_scf|^2 =  5.548E-10

      iter #   3 total cpu time :  6927.2 secs   av.it.:  17.2
      thresh= 2.355E-06 alpha_mix =  0.700 |ddv_scf|^2 =  5.673E-11

      iter #   4 total cpu time :  6938.4 secs   av.it.:  16.9
      thresh= 7.532E-07 alpha_mix =  0.700 |ddv_scf|^2 =  2.332E-11

      iter #   5 total cpu time :  6949.2 secs   av.it.:  16.0
      thresh= 4.829E-07 alpha_mix =  0.700 |ddv_scf|^2 =  1.141E-12

      iter #   6 total cpu time :  6960.4 secs   av.it.:  17.1
      thresh= 1.068E-07 alpha_mix =  0.700 |ddv_scf|^2 =  1.641E-13

      iter #   7 total cpu time :  6971.5 secs   av.it.:  16.8
      thresh= 4.051E-08 alpha_mix =  0.700 |ddv_scf|^2 =  2.759E-15

     End of self-consistent calculation

     Convergence has been achieved 


     Representation #  25 mode #  25

     Self-consistent Calculation

      iter #   1 total cpu time :  6978.1 secs   av.it.:   3.4
      thresh= 1.000E-02 alpha_mix =  0.700 |ddv_scf|^2 =  4.986E-09

      iter #   2 total cpu time :  6989.5 secs   av.it.:  17.8
      thresh= 7.061E-06 alpha_mix =  0.700 |ddv_scf|^2 =  1.071E-09

      iter #   3 total cpu time :  7000.7 secs   av.it.:  17.4
      thresh= 3.272E-06 alpha_mix =  0.700 |ddv_scf|^2 =  2.764E-10

      iter #   4 total cpu time :  7011.2 secs   av.it.:  15.8
      thresh= 1.663E-06 alpha_mix =  0.700 |ddv_scf|^2 =  2.216E-11

      iter #   5 total cpu time :  7022.2 secs   av.it.:  16.5
      thresh= 4.708E-07 alpha_mix =  0.700 |ddv_scf|^2 =  3.790E-13

      iter #   6 total cpu time :  7033.7 secs   av.it.:  17.9
      thresh= 6.156E-08 alpha_mix =  0.700 |ddv_scf|^2 =  1.338E-13

      iter #   7 total cpu time :  7044.6 secs   av.it.:  16.5
      thresh= 3.658E-08 alpha_mix =  0.700 |ddv_scf|^2 =  7.194E-15

     End of self-consistent calculation

     Convergence has been achieved 


     Representation #  26 mode #  26

     Self-consistent Calculation

      iter #   1 total cpu time :  7051.2 secs   av.it.:   3.4
      thresh= 1.000E-02 alpha_mix =  0.700 |ddv_scf|^2 =  8.664E-08

      iter #   2 total cpu time :  7062.4 secs   av.it.:  17.1
      thresh= 2.943E-05 alpha_mix =  0.700 |ddv_scf|^2 =  2.160E-07

      iter #   3 total cpu time :  7072.8 secs   av.it.:  15.2
      thresh= 4.648E-05 alpha_mix =  0.700 |ddv_scf|^2 =  9.624E-10

      iter #   4 total cpu time :  7083.7 secs   av.it.:  16.5
      thresh= 3.102E-06 alpha_mix =  0.700 |ddv_scf|^2 =  6.491E-11

      iter #   5 total cpu time :  7094.8 secs   av.it.:  17.0
      thresh= 8.057E-07 alpha_mix =  0.700 |ddv_scf|^2 =  3.301E-12

      iter #   6 total cpu time :  7106.1 secs   av.it.:  17.6
      thresh= 1.817E-07 alpha_mix =  0.700 |ddv_scf|^2 =  8.130E-14

      iter #   7 total cpu time :  7117.3 secs   av.it.:  17.2
      thresh= 2.851E-08 alpha_mix =  0.700 |ddv_scf|^2 =  1.848E-15

     End of self-consistent calculation

     Convergence has been achieved 


     Representation #  27 mode #  27

     Self-consistent Calculation

      iter #   1 total cpu time :  7124.0 secs   av.it.:   3.0
      thresh= 1.000E-02 alpha_mix =  0.700 |ddv_scf|^2 =  5.568E-09

      iter #   2 total cpu time :  7135.1 secs   av.it.:  17.4
      thresh= 7.462E-06 alpha_mix =  0.700 |ddv_scf|^2 =  2.803E-09

      iter #   3 total cpu time :  7145.9 secs   av.it.:  17.0
      thresh= 5.294E-06 alpha_mix =  0.700 |ddv_scf|^2 =  8.547E-10

      iter #   4 total cpu time :  7156.4 secs   av.it.:  16.1
      thresh= 2.924E-06 alpha_mix =  0.700 |ddv_scf|^2 =  1.666E-11

      iter #   5 total cpu time :  7167.5 secs   av.it.:  17.5
      thresh= 4.081E-07 alpha_mix =  0.700 |ddv_scf|^2 =  3.733E-12

      iter #   6 total cpu time :  7178.2 secs   av.it.:  16.2
      thresh= 1.932E-07 alpha_mix =  0.700 |ddv_scf|^2 =  5.969E-14

      iter #   7 total cpu time :  7189.7 secs   av.it.:  18.4
      thresh= 2.443E-08 alpha_mix =  0.700 |ddv_scf|^2 =  5.002E-15

     End of self-consistent calculation

     Convergence has been achieved 


     Representation #  28 mode #  28

     Self-consistent Calculation

      iter #   1 total cpu time :  7196.1 secs   av.it.:   3.0
      thresh= 1.000E-02 alpha_mix =  0.700 |ddv_scf|^2 =  4.518E-09

      iter #   2 total cpu time :  7207.2 secs   av.it.:  17.8
      thresh= 6.722E-06 alpha_mix =  0.700 |ddv_scf|^2 =  5.138E-10

      iter #   3 total cpu time :  7218.5 secs   av.it.:  17.6
      thresh= 2.267E-06 alpha_mix =  0.700 |ddv_scf|^2 =  1.495E-10

      iter #   4 total cpu time :  7228.8 secs   av.it.:  15.8
      thresh= 1.223E-06 alpha_mix =  0.700 |ddv_scf|^2 =  1.568E-11

      iter #   5 total cpu time :  7239.6 secs   av.it.:  16.5
      thresh= 3.960E-07 alpha_mix =  0.700 |ddv_scf|^2 =  1.650E-13

      iter #   6 total cpu time :  7251.1 secs   av.it.:  18.2
      thresh= 4.062E-08 alpha_mix =  0.700 |ddv_scf|^2 =  4.896E-14

      iter #   7 total cpu time :  7262.0 secs   av.it.:  16.9
      thresh= 2.213E-08 alpha_mix =  0.700 |ddv_scf|^2 =  5.783E-15

     End of self-consistent calculation

     Convergence has been achieved 


     Representation #  29 mode #  29

     Self-consistent Calculation

      iter #   1 total cpu time :  7268.5 secs   av.it.:   3.0
      thresh= 1.000E-02 alpha_mix =  0.700 |ddv_scf|^2 =  7.317E-08

      iter #   2 total cpu time :  7279.4 secs   av.it.:  17.1
      thresh= 2.705E-05 alpha_mix =  0.700 |ddv_scf|^2 =  1.303E-07

      iter #   3 total cpu time :  7289.9 secs   av.it.:  15.9
      thresh= 3.610E-05 alpha_mix =  0.700 |ddv_scf|^2 =  1.775E-09

      iter #   4 total cpu time :  7300.6 secs   av.it.:  16.1
      thresh= 4.213E-06 alpha_mix =  0.700 |ddv_scf|^2 =  3.988E-11

      iter #   5 total cpu time :  7311.6 secs   av.it.:  17.1
      thresh= 6.315E-07 alpha_mix =  0.700 |ddv_scf|^2 =  2.975E-12

      iter #   6 total cpu time :  7322.8 secs   av.it.:  17.4
      thresh= 1.725E-07 alpha_mix =  0.700 |ddv_scf|^2 =  1.282E-13

      iter #   7 total cpu time :  7333.8 secs   av.it.:  17.6
      thresh= 3.580E-08 alpha_mix =  0.700 |ddv_scf|^2 =  4.615E-15

     End of self-consistent calculation

     Convergence has been achieved 


     Representation #  30 mode #  30

     Self-consistent Calculation

      iter #   1 total cpu time :  7340.1 secs   av.it.:   3.0
      thresh= 1.000E-02 alpha_mix =  0.700 |ddv_scf|^2 =  4.495E-09

      iter #   2 total cpu time :  7351.3 secs   av.it.:  17.8
      thresh= 6.705E-06 alpha_mix =  0.700 |ddv_scf|^2 =  4.881E-10

      iter #   3 total cpu time :  7362.4 secs   av.it.:  17.8
      thresh= 2.209E-06 alpha_mix =  0.700 |ddv_scf|^2 =  1.418E-10

      iter #   4 total cpu time :  7372.7 secs   av.it.:  15.2
      thresh= 1.191E-06 alpha_mix =  0.700 |ddv_scf|^2 =  1.523E-11

      iter #   5 total cpu time :  7383.4 secs   av.it.:  16.4
      thresh= 3.903E-07 alpha_mix =  0.700 |ddv_scf|^2 =  1.377E-13

      iter #   6 total cpu time :  7394.6 secs   av.it.:  18.0
      thresh= 3.710E-08 alpha_mix =  0.700 |ddv_scf|^2 =  1.523E-14

      iter #   7 total cpu time :  7406.0 secs   av.it.:  17.9
      thresh= 1.234E-08 alpha_mix =  0.700 |ddv_scf|^2 =  3.523E-15

     End of self-consistent calculation

     Convergence has been achieved 


     Representation #  31 mode #  31

     Self-consistent Calculation

      iter #   1 total cpu time :  7412.4 secs   av.it.:   3.0
      thresh= 1.000E-02 alpha_mix =  0.700 |ddv_scf|^2 =  5.606E-09

      iter #   2 total cpu time :  7423.5 secs   av.it.:  17.5
      thresh= 7.488E-06 alpha_mix =  0.700 |ddv_scf|^2 =  2.915E-09

      iter #   3 total cpu time :  7434.4 secs   av.it.:  16.9
      thresh= 5.399E-06 alpha_mix =  0.700 |ddv_scf|^2 =  8.429E-10

      iter #   4 total cpu time :  7444.9 secs   av.it.:  16.1
      thresh= 2.903E-06 alpha_mix =  0.700 |ddv_scf|^2 =  1.812E-11

      iter #   5 total cpu time :  7455.9 secs   av.it.:  17.2
      thresh= 4.257E-07 alpha_mix =  0.700 |ddv_scf|^2 =  3.789E-12

      iter #   6 total cpu time :  7466.6 secs   av.it.:  16.6
      thresh= 1.947E-07 alpha_mix =  0.700 |ddv_scf|^2 =  6.107E-14

      iter #   7 total cpu time :  7477.9 secs   av.it.:  18.2
      thresh= 2.471E-08 alpha_mix =  0.700 |ddv_scf|^2 =  5.113E-15

     End of self-consistent calculation

     Convergence has been achieved 


     Representation #  32 mode #  32

     Self-consistent Calculation

      iter #   1 total cpu time :  7484.4 secs   av.it.:   3.5
      thresh= 1.000E-02 alpha_mix =  0.700 |ddv_scf|^2 =  8.567E-08

      iter #   2 total cpu time :  7495.4 secs   av.it.:  17.1
      thresh= 2.927E-05 alpha_mix =  0.700 |ddv_scf|^2 =  2.126E-07

      iter #   3 total cpu time :  7505.7 secs   av.it.:  15.4
      thresh= 4.611E-05 alpha_mix =  0.700 |ddv_scf|^2 =  9.601E-10

      iter #   4 total cpu time :  7516.5 secs   av.it.:  16.6
      thresh= 3.099E-06 alpha_mix =  0.700 |ddv_scf|^2 =  6.556E-11

      iter #   5 total cpu time :  7527.4 secs   av.it.:  16.9
      thresh= 8.097E-07 alpha_mix =  0.700 |ddv_scf|^2 =  3.290E-12

      iter #   6 total cpu time :  7538.6 secs   av.it.:  17.5
      thresh= 1.814E-07 alpha_mix =  0.700 |ddv_scf|^2 =  8.458E-14

      iter #   7 total cpu time :  7549.7 secs   av.it.:  17.2
      thresh= 2.908E-08 alpha_mix =  0.700 |ddv_scf|^2 =  2.268E-15

     End of self-consistent calculation

     Convergence has been achieved 


     Representation #  33 mode #  33

     Self-consistent Calculation

      iter #   1 total cpu time :  7556.3 secs   av.it.:   3.2
      thresh= 1.000E-02 alpha_mix =  0.700 |ddv_scf|^2 =  4.950E-09

      iter #   2 total cpu time :  7567.5 secs   av.it.:  17.6
      thresh= 7.036E-06 alpha_mix =  0.700 |ddv_scf|^2 =  1.060E-09

      iter #   3 total cpu time :  7578.7 secs   av.it.:  17.2
      thresh= 3.256E-06 alpha_mix =  0.700 |ddv_scf|^2 =  2.830E-10

      iter #   4 total cpu time :  7589.2 secs   av.it.:  15.9
      thresh= 1.682E-06 alpha_mix =  0.700 |ddv_scf|^2 =  2.240E-11

      iter #   5 total cpu time :  7600.1 secs   av.it.:  17.1
      thresh= 4.733E-07 alpha_mix =  0.700 |ddv_scf|^2 =  6.486E-13

      iter #   6 total cpu time :  7611.1 secs   av.it.:  17.4
      thresh= 8.054E-08 alpha_mix =  0.700 |ddv_scf|^2 =  1.756E-13

      iter #   7 total cpu time :  7621.8 secs   av.it.:  16.6
      thresh= 4.191E-08 alpha_mix =  0.700 |ddv_scf|^2 =  5.296E-15

     End of self-consistent calculation

     Convergence has been achieved 


     Representation #  34 mode #  34

     Self-consistent Calculation

      iter #   1 total cpu time :  7628.2 secs   av.it.:   3.0
      thresh= 1.000E-02 alpha_mix =  0.700 |ddv_scf|^2 =  5.028E-09

      iter #   2 total cpu time :  7639.2 secs   av.it.:  17.4
      thresh= 7.091E-06 alpha_mix =  0.700 |ddv_scf|^2 =  5.723E-10

      iter #   3 total cpu time :  7650.2 secs   av.it.:  17.4
      thresh= 2.392E-06 alpha_mix =  0.700 |ddv_scf|^2 =  6.548E-11

      iter #   4 total cpu time :  7661.1 secs   av.it.:  16.9
      thresh= 8.092E-07 alpha_mix =  0.700 |ddv_scf|^2 =  2.203E-11

      iter #   5 total cpu time :  7671.7 secs   av.it.:  16.1
      thresh= 4.693E-07 alpha_mix =  0.700 |ddv_scf|^2 =  1.388E-12

      iter #   6 total cpu time :  7682.6 secs   av.it.:  16.9
      thresh= 1.178E-07 alpha_mix =  0.700 |ddv_scf|^2 =  1.501E-13

      iter #   7 total cpu time :  7693.5 secs   av.it.:  17.1
      thresh= 3.874E-08 alpha_mix =  0.700 |ddv_scf|^2 =  2.409E-15

     End of self-consistent calculation

     Convergence has been achieved 


     Representation #  35 mode #  35

     Self-consistent Calculation

      iter #   1 total cpu time :  7700.2 secs   av.it.:   3.5
      thresh= 1.000E-02 alpha_mix =  0.700 |ddv_scf|^2 =  6.955E-08

      iter #   2 total cpu time :  7711.0 secs   av.it.:  16.4
      thresh= 2.637E-05 alpha_mix =  0.700 |ddv_scf|^2 =  9.258E-08

      iter #   3 total cpu time :  7721.2 secs   av.it.:  14.5
      thresh= 3.043E-05 alpha_mix =  0.700 |ddv_scf|^2 =  6.591E-11

      iter #   4 total cpu time :  7732.9 secs   av.it.:  18.2
      thresh= 8.119E-07 alpha_mix =  0.700 |ddv_scf|^2 =  3.318E-11

      iter #   5 total cpu time :  7743.7 secs   av.it.:  16.4
      thresh= 5.760E-07 alpha_mix =  0.700 |ddv_scf|^2 =  8.007E-12

      iter #   6 total cpu time :  7754.6 secs   av.it.:  16.8
      thresh= 2.830E-07 alpha_mix =  0.700 |ddv_scf|^2 =  1.393E-13

      iter #   7 total cpu time :  7766.0 secs   av.it.:  17.9
      thresh= 3.732E-08 alpha_mix =  0.700 |ddv_scf|^2 =  5.453E-15

     End of self-consistent calculation

     Convergence has been achieved 


     Representation #  36 mode #  36

     Self-consistent Calculation

      iter #   1 total cpu time :  7772.4 secs   av.it.:   3.0
      thresh= 1.000E-02 alpha_mix =  0.700 |ddv_scf|^2 =  5.032E-09

      iter #   2 total cpu time :  7783.6 secs   av.it.:  17.2
      thresh= 7.094E-06 alpha_mix =  0.700 |ddv_scf|^2 =  5.551E-10

      iter #   3 total cpu time :  7794.9 secs   av.it.:  17.2
      thresh= 2.356E-06 alpha_mix =  0.700 |ddv_scf|^2 =  5.681E-11

      iter #   4 total cpu time :  7805.9 secs   av.it.:  16.9
      thresh= 7.537E-07 alpha_mix =  0.700 |ddv_scf|^2 =  2.328E-11

      iter #   5 total cpu time :  7816.6 secs   av.it.:  15.9
      thresh= 4.825E-07 alpha_mix =  0.700 |ddv_scf|^2 =  1.147E-12

      iter #   6 total cpu time :  7827.7 secs   av.it.:  17.1
      thresh= 1.071E-07 alpha_mix =  0.700 |ddv_scf|^2 =  1.640E-13

      iter #   7 total cpu time :  7838.7 secs   av.it.:  16.8
      thresh= 4.050E-08 alpha_mix =  0.700 |ddv_scf|^2 =  2.756E-15

     End of self-consistent calculation

     Convergence has been achieved 

     Number of q in the star =    1
     List of q in the star:
          1  -0.016765779  -0.499886576   0.016765892

     Diagonalizing the dynamical matrix

     q = (   -0.016765779  -0.499886576   0.016765892 ) 

 **************************************************************************
     freq (    1) =       7.212279 [THz] =     240.575729 [cm-1]
     freq (    2) =      10.813079 [THz] =     360.685490 [cm-1]
     freq (    3) =      12.303607 [THz] =     410.404159 [cm-1]
     freq (    4) =      13.870246 [THz] =     462.661617 [cm-1]
     freq (    5) =      14.138911 [THz] =     471.623321 [cm-1]
     freq (    6) =      14.820252 [THz] =     494.350396 [cm-1]
     freq (    7) =      17.409586 [THz] =     580.721283 [cm-1]
     freq (    8) =      17.663367 [THz] =     589.186498 [cm-1]
     freq (    9) =      18.226169 [THz] =     607.959554 [cm-1]
     freq (   10) =      18.628409 [THz] =     621.376824 [cm-1]
     freq (   11) =      19.638514 [THz] =     655.070307 [cm-1]
     freq (   12) =      21.372377 [THz] =     712.905774 [cm-1]
     freq (   13) =      22.170152 [THz] =     739.516660 [cm-1]
     freq (   14) =      22.424044 [THz] =     747.985585 [cm-1]
     freq (   15) =      22.720056 [THz] =     757.859497 [cm-1]
     freq (   16) =      22.852480 [THz] =     762.276676 [cm-1]
     freq (   17) =      23.636970 [THz] =     788.444436 [cm-1]
     freq (   18) =      25.122227 [THz] =     837.987282 [cm-1]
     freq (   19) =      25.788722 [THz] =     860.219159 [cm-1]
     freq (   20) =      26.896257 [THz] =     897.162565 [cm-1]
     freq (   21) =      27.425096 [THz] =     914.802725 [cm-1]
     freq (   22) =      27.880978 [THz] =     930.009320 [cm-1]
     freq (   23) =      28.889648 [THz] =     963.654930 [cm-1]
     freq (   24) =      30.756841 [THz] =    1025.937791 [cm-1]
     freq (   25) =      32.515850 [THz] =    1084.611998 [cm-1]
     freq (   26) =      32.697041 [THz] =    1090.655882 [cm-1]
     freq (   27) =      33.813753 [THz] =    1127.905403 [cm-1]
     freq (   28) =      36.912748 [THz] =    1231.276734 [cm-1]
     freq (   29) =      39.497620 [THz] =    1317.498803 [cm-1]
     freq (   30) =      43.305427 [THz] =    1444.513569 [cm-1]
     freq (   31) =      47.133780 [THz] =    1572.213683 [cm-1]
     freq (   32) =      50.331157 [THz] =    1678.866690 [cm-1]
     freq (   33) =      50.906375 [THz] =    1698.053899 [cm-1]
     freq (   34) =      52.616170 [THz] =    1755.086510 [cm-1]
     freq (   35) =      55.103977 [THz] =    1838.070833 [cm-1]
     freq (   36) =      59.292546 [THz] =    1977.786441 [cm-1]
 **************************************************************************

     Calculation of q =   -0.0000032  -0.4831206  -0.4831213

     Parallelization info
     --------------------
     sticks:   dense  smooth     PW     G-vecs:    dense   smooth      PW
     Min        3060    1217    375               179147    45315    7658
     Max        3061    1218    376               179148    45316    7659
     Sum        6121    2435    751               358295    90631   15317


     Title: 
     Phonons                                                                    


     bravais-lattice index     =            0
     lattice parameter (alat)  =       9.7743  a.u.
     unit-cell volume          =     937.5358 (a.u.)^3
     number of atoms/cell      =           12
     number of atomic types    =            3
     number of electrons       =        24.00
     number of Kohn-Sham states=           16
     kinetic-energy cutoff     =      80.0000  Ry
     charge density cutoff     =     800.0000  Ry
     Exchange-correlation= PBE
                           (   1   4   3   4   0   0   0)

     celldm(1)=   9.774316  celldm(2)=   0.000000  celldm(3)=   0.000000
     celldm(4)=   0.000000  celldm(5)=   0.000000  celldm(6)=   0.000000

     crystal axes: (cart. coord. in units of alat)
               a(1) = (   1.002405  -0.032529   0.032522 )  
               a(2) = (  -0.032529   1.002409   0.032529 )  
               a(3) = (   0.032522   0.032529   1.002407 )  

     reciprocal axes: (cart. coord. in units 2 pi/alat)
               b(1) = (  0.999776  0.033531 -0.033525 )  
               b(2) = (  0.033532  0.999773 -0.033532 )  
               b(3) = ( -0.033525 -0.033532  0.999774 )  


     PseudoPot. # 1 for Ba read from file:
     /home/marco/ZOS_Cloud_Compute/pseudo/Ba.UPF
     MD5 check sum: c432291d3e53af55f19d5e8866385beb
     Pseudo is Projector augmented-wave + core cor, Zval = 10.0
     Generated using "atomic" code by A. Dal Corso  v.5.1
     Shape of augmentation charge: PSQ
     Using radial grid of 1251 points,  7 beta functions with: 
                l(1) =   0
                l(2) =   0
                l(3) =   0
                l(4) =   1
                l(5) =   1
                l(6) =   2
                l(7) =   2
     Q(r) pseudized with 0 coefficients 


     PseudoPot. # 2 for H  read from file:
     /home/marco/ZOS_Cloud_Compute/pseudo/H.UPF
     MD5 check sum: f52b6d4d1c606e5624b1dc7b2218f220
     Pseudo is Ultrasoft, Zval =  1.0
     Generated using "atomic" code by A. Dal Corso  v.5.1
     Using radial grid of  929 points,  2 beta functions with: 
                l(1) =   0
                l(2) =   0
     Q(r) pseudized with 0 coefficients 


     PseudoPot. # 3 for Mg read from file:
     /home/marco/ZOS_Cloud_Compute/pseudo/Mg.UPF
     MD5 check sum: 24ecedc7f3e3cbe212e682f4413594e4
     Pseudo is Projector augmented-wave + core cor, Zval =  2.0
     Generated using "atomic" code by A. Dal Corso  v.5.0.99 svn rev. 10869
     Shape of augmentation charge: PSQ
     Using radial grid of 1129 points,  4 beta functions with: 
                l(1) =   0
                l(2) =   0
                l(3) =   1
                l(4) =   1
     Q(r) pseudized with 0 coefficients 


     atomic species   valence    mass     pseudopotential
        Ba            10.00     1.00000     Ba( 1.00)
        H              1.00     1.00000     H ( 1.00)
        Mg             2.00     1.00000     Mg( 1.00)

     No symmetry found



   Cartesian axes

     site n.     atom                  positions (alat units)
         1           Mg  tau(   1) = (   0.4849284   0.4849423   0.0325299  )
         2           Ba  tau(   2) = (   0.5175157  -0.0000002   0.5174640  )
         3           Mg  tau(   3) = (  -0.0000060   0.5174702   0.5174584  )
         4           Mg  tau(   4) = (   0.0000027  -0.0000020  -0.0000057  )
         5           H   tau(   5) = (  -0.0059120   0.8553070   0.3679238  )
         6           H   tau(   6) = (   0.8152546   0.2978027   0.2196554  )
         7           H   tau(   7) = (   0.3703630   0.1820619   1.0083537  )
         8           H   tau(   8) = (   0.6669807   0.5115597   0.6970802  )
         9           H   tau(   9) = (   1.0083348   0.1470839   0.6995069  )
        10           H   tau(  10) = (   0.1871133   0.7045993   0.8477967  )
        11           H   tau(  11) = (   0.6320227   0.8203497   0.0591614  )
        12           H   tau(  12) = (   0.3353953   0.4908714   0.3703700  )

     number of k points=    16  Methfessel-Paxton smearing, width (Ry)=  0.0200
                       cart. coord. in units 2pi/alat
        k(    1) = (   0.0000000   0.0000000   0.0000000), wk =   0.2500000
        k(    2) = (  -0.0000032  -0.4831206  -0.4831213), wk =   0.0000000
        k(    3) = (   0.0167626   0.0167660  -0.4998872), wk =   0.2500000
        k(    4) = (   0.0167593  -0.4663547  -0.9830085), wk =   0.0000000
        k(    5) = (  -0.0000032  -0.4831206  -0.4831213), wk =   0.2500000
        k(    6) = (  -0.0000064  -0.9662413  -0.9662426), wk =   0.0000000
        k(    7) = (  -0.4998913  -0.4998862  -0.4663590), wk =   0.2500000
        k(    8) = (  -0.4998946  -0.9830069  -0.9494803), wk =   0.0000000
        k(    9) = (   0.0167658   0.4998866  -0.0167659), wk =   0.2500000
        k(   10) = (   0.0167626   0.0167660  -0.4998872), wk =   0.0000000
        k(   11) = (   0.4998881   0.0167656  -0.0167623), wk =   0.2500000
        k(   12) = (   0.4998849  -0.4663550  -0.4998836), wk =   0.0000000
        k(   13) = (  -0.4831223   0.4831210  -0.0000036), wk =   0.2500000
        k(   14) = (  -0.4831256   0.0000003  -0.4831249), wk =   0.0000000
        k(   15) = (   0.4831256  -0.0000003   0.4831249), wk =   0.2500000
        k(   16) = (   0.4831223  -0.4831210   0.0000036), wk =   0.0000000

     Dense  grid:   358295 G-vectors     FFT dimensions: (  90,  90,  90)

     Smooth grid:    90631 G-vectors     FFT dimensions: (  60,  60,  60)

     Estimated max dynamical RAM per process >     661.98 MB

     Estimated total dynamical RAM >       1.29 GB

     The potential is recalculated from file :
     ./tmp/_ph0/BaMg3H8.q_4/BaMg3H8.save/charge-density

     Starting wfcs are   25 atomic wfcs
     Checking if some PAW data can be deallocated... 

     Band Structure Calculation
     Davidson diagonalization with overlap

     ethr =  4.17E-11,  avg # of iterations = 29.8

     total cpu time spent up to now is       84.1 secs

     End of band structure calculation

          k = 0.0000 0.0000 0.0000 ( 11349 PWs)   bands (ev):

   -23.4087  -8.6938  -8.6571  -8.6571  -3.3517   0.2198   0.2198   1.0124
     1.0125   1.2292   1.9231   2.2082   6.7214   6.7214   7.0776   7.9566

          k =-0.0000-0.4831-0.4831 ( 11344 PWs)   bands (ev):

   -23.4028  -8.8078  -8.7981  -8.6384  -1.3567  -0.9057  -0.5757  -0.4765
     1.1505   1.9478   1.9568   2.2984   6.5685   6.7650   7.3122   7.5199

          k = 0.0168 0.0168-0.4999 ( 11302 PWs)   bands (ev):

   -23.4057  -8.8340  -8.6698  -8.6384  -1.9785  -1.8717   0.5463   1.0204
     1.1811   1.3976   1.8853   2.1477   6.2837   6.4873   7.4946   7.7459

          k = 0.0168-0.4664-0.9830 ( 11302 PWs)   bands (ev):

   -23.4057  -8.8340  -8.6698  -8.6384  -1.9785  -1.8717   0.5463   1.0204
     1.1811   1.3976   1.8853   2.1477   6.2837   6.4874   7.4946   7.7459

          k =-0.0000-0.4831-0.4831 ( 11344 PWs)   bands (ev):

   -23.4028  -8.8078  -8.7981  -8.6384  -1.3567  -0.9057  -0.5757  -0.4765
     1.1505   1.9478   1.9568   2.2984   6.5685   6.7650   7.3122   7.5199

          k =-0.0000-0.9662-0.9662 ( 11349 PWs)   bands (ev):

   -23.4087  -8.6938  -8.6571  -8.6571  -3.3517   0.2198   0.2198   1.0124
     1.0125   1.2292   1.9231   2.2082   6.7214   6.7214   7.0776   7.9566

          k =-0.4999-0.4999-0.4664 ( 11344 PWs)   bands (ev):

   -23.4000  -8.7932  -8.7656  -8.7656  -0.7855  -0.7855  -0.0066   0.0878
     0.4192   0.4193   0.4856   3.7816   6.4644   8.0850   8.0851   9.2164

          k =-0.4999-0.9830-0.9495 ( 11302 PWs)   bands (ev):

   -23.4057  -8.8340  -8.6698  -8.6384  -1.9785  -1.8717   0.5463   1.0204
     1.1811   1.3976   1.8853   2.1477   6.2837   6.4873   7.4947   7.7458

          k = 0.0168 0.4999-0.0168 ( 11302 PWs)   bands (ev):

   -23.4057  -8.8340  -8.6698  -8.6384  -1.9785  -1.8717   0.5463   1.0204
     1.1811   1.3976   1.8853   2.1477   6.2837   6.4874   7.4946   7.7459

          k = 0.0168 0.0168-0.4999 ( 11302 PWs)   bands (ev):

   -23.4057  -8.8340  -8.6698  -8.6384  -1.9785  -1.8717   0.5463   1.0204
     1.1811   1.3976   1.8853   2.1477   6.2837   6.4873   7.4946   7.7459

          k = 0.4999 0.0168-0.0168 ( 11302 PWs)   bands (ev):

   -23.4057  -8.8340  -8.6698  -8.6384  -1.9785  -1.8717   0.5463   1.0204
     1.1811   1.3976   1.8853   2.1477   6.2837   6.4873   7.4947   7.7458

          k = 0.4999-0.4664-0.4999 ( 11344 PWs)   bands (ev):

   -23.4000  -8.7932  -8.7656  -8.7656  -0.7855  -0.7855  -0.0066   0.0878
     0.4192   0.4193   0.4856   3.7816   6.4644   8.0850   8.0851   9.2164

          k =-0.4831 0.4831-0.0000 ( 11344 PWs)   bands (ev):

   -23.4028  -8.8078  -8.7981  -8.6384  -1.3567  -0.9057  -0.5757  -0.4765
     1.1505   1.9478   1.9568   2.2984   6.5685   6.7650   7.3122   7.5199

          k =-0.4831 0.0000-0.4831 ( 11344 PWs)   bands (ev):

   -23.4028  -8.8078  -8.7981  -8.6384  -1.3567  -0.9057  -0.5758  -0.4765
     1.1504   1.9478   1.9569   2.2985   6.5685   6.7649   7.3123   7.5199

          k = 0.4831-0.0000 0.4831 ( 11344 PWs)   bands (ev):

   -23.4028  -8.8078  -8.7981  -8.6384  -1.3567  -0.9057  -0.5758  -0.4765
     1.1504   1.9478   1.9569   2.2985   6.5685   6.7649   7.3123   7.5199

          k = 0.4831-0.4831 0.0000 ( 11344 PWs)   bands (ev):

   -23.4028  -8.8078  -8.7981  -8.6384  -1.3567  -0.9057  -0.5757  -0.4765
     1.1505   1.9478   1.9568   2.2984   6.5685   6.7650   7.3122   7.5199

     the Fermi energy is     6.1130 ev

     Writing output data file ./tmp/_ph0/BaMg3H8.q_4/BaMg3H8.save/

     Phonons                                                                    

     bravais-lattice index     =            0
     lattice parameter (alat)  =       9.7743  a.u.
     unit-cell volume          =     937.5358 (a.u.)^3
     number of atoms/cell      =           12
     number of atomic types    =            3
     kinetic-energy cut-off    =      80.0000  Ry
     charge density cut-off    =     800.0000  Ry
     convergence threshold     =      1.0E-14
     beta                      =       0.7000
     number of iterations used =            4
     Exchange-correlation= PBE
                           (   1   4   3   4   0   0   0)


     celldm(1)=    9.77432  celldm(2)=    0.00000  celldm(3)=    0.00000
     celldm(4)=    0.00000  celldm(5)=    0.00000  celldm(6)=    0.00000

     crystal axes: (cart. coord. in units of alat)
               a(1) = (  1.0024 -0.0325  0.0325 )  
               a(2) = ( -0.0325  1.0024  0.0325 )  
               a(3) = (  0.0325  0.0325  1.0024 )  

     reciprocal axes: (cart. coord. in units 2 pi/alat)
               b(1) = (  0.9998  0.0335 -0.0335 )  
               b(2) = (  0.0335  0.9998 -0.0335 )  
               b(3) = ( -0.0335 -0.0335  0.9998 )  


     Atoms inside the unit cell: 

     Cartesian axes

     site n.  atom      mass           positions (alat units)
        1     Mg   1.0000   tau(    1) = (    0.48493    0.48494    0.03253  )
        2     Ba   1.0000   tau(    2) = (    0.51752   -0.00000    0.51746  )
        3     Mg   1.0000   tau(    3) = (   -0.00001    0.51747    0.51746  )
        4     Mg   1.0000   tau(    4) = (    0.00000   -0.00000   -0.00001  )
        5     H    1.0000   tau(    5) = (   -0.00591    0.85531    0.36792  )
        6     H    1.0000   tau(    6) = (    0.81525    0.29780    0.21966  )
        7     H    1.0000   tau(    7) = (    0.37036    0.18206    1.00835  )
        8     H    1.0000   tau(    8) = (    0.66698    0.51156    0.69708  )
        9     H    1.0000   tau(    9) = (    1.00833    0.14708    0.69951  )
       10     H    1.0000   tau(   10) = (    0.18711    0.70460    0.84780  )
       11     H    1.0000   tau(   11) = (    0.63202    0.82035    0.05916  )
       12     H    1.0000   tau(   12) = (    0.33540    0.49087    0.37037  )

     Computing dynamical matrix for 
                    q = (  -0.0000032  -0.4831206  -0.4831213 )

      2 Sym.Ops. (with q -> -q+G )


     G cutoff = 1935.9896  ( 179147 G-vectors)     FFT grid: ( 90, 90, 90)
     G cutoff =  774.3958  (  45316 G-vectors)  smooth grid: ( 60, 60, 60)

     number of k points=    16  Methfessel-Paxton smearing, width (Ry)=  0.0200

     PseudoPot. # 1 for Ba read from file:
     /home/marco/ZOS_Cloud_Compute/pseudo/Ba.UPF
     MD5 check sum: c432291d3e53af55f19d5e8866385beb
     Pseudo is Projector augmented-wave + core cor, Zval = 10.0
     Generated using "atomic" code by A. Dal Corso  v.5.1
     Shape of augmentation charge: PSQ
     Using radial grid of 1251 points,  7 beta functions with: 
                l(1) =   0
                l(2) =   0
                l(3) =   0
                l(4) =   1
                l(5) =   1
                l(6) =   2
                l(7) =   2
     Q(r) pseudized with 0 coefficients 


     PseudoPot. # 2 for H  read from file:
     /home/marco/ZOS_Cloud_Compute/pseudo/H.UPF
     MD5 check sum: f52b6d4d1c606e5624b1dc7b2218f220
     Pseudo is Ultrasoft, Zval =  1.0
     Generated using "atomic" code by A. Dal Corso  v.5.1
     Using radial grid of  929 points,  2 beta functions with: 
                l(1) =   0
                l(2) =   0
     Q(r) pseudized with 0 coefficients 


     PseudoPot. # 3 for Mg read from file:
     /home/marco/ZOS_Cloud_Compute/pseudo/Mg.UPF
     MD5 check sum: 24ecedc7f3e3cbe212e682f4413594e4
     Pseudo is Projector augmented-wave + core cor, Zval =  2.0
     Generated using "atomic" code by A. Dal Corso  v.5.0.99 svn rev. 10869
     Shape of augmentation charge: PSQ
     Using radial grid of 1129 points,  4 beta functions with: 
                l(1) =   0
                l(2) =   0
                l(3) =   1
                l(4) =   1
     Q(r) pseudized with 0 coefficients 



     Atomic displacements:
     There are   36 irreducible representations

     Representation     1      1 modes -  To be done

     Representation     2      1 modes -  To be done

     Representation     3      1 modes -  To be done

     Representation     4      1 modes -  To be done

     Representation     5      1 modes -  To be done

     Representation     6      1 modes -  To be done

     Representation     7      1 modes -  To be done

     Representation     8      1 modes -  To be done

     Representation     9      1 modes -  To be done

     Representation    10      1 modes -  To be done

     Representation    11      1 modes -  To be done

     Representation    12      1 modes -  To be done

     Representation    13      1 modes -  To be done

     Representation    14      1 modes -  To be done

     Representation    15      1 modes -  To be done

     Representation    16      1 modes -  To be done

     Representation    17      1 modes -  To be done

     Representation    18      1 modes -  To be done

     Representation    19      1 modes -  To be done

     Representation    20      1 modes -  To be done

     Representation    21      1 modes -  To be done

     Representation    22      1 modes -  To be done

     Representation    23      1 modes -  To be done

     Representation    24      1 modes -  To be done

     Representation    25      1 modes -  To be done

     Representation    26      1 modes -  To be done

     Representation    27      1 modes -  To be done

     Representation    28      1 modes -  To be done

     Representation    29      1 modes -  To be done

     Representation    30      1 modes -  To be done

     Representation    31      1 modes -  To be done

     Representation    32      1 modes -  To be done

     Representation    33      1 modes -  To be done

     Representation    34      1 modes -  To be done

     Representation    35      1 modes -  To be done

     Representation    36      1 modes -  To be done



     Alpha used in Ewald sum =   2.8000
     PHONON       :      2h41m CPU      2h12m WALL



     Representation #   1 mode #   1

     Self-consistent Calculation

      iter #   1 total cpu time :  7980.7 secs   av.it.:   2.0
      thresh= 1.000E-02 alpha_mix =  0.700 |ddv_scf|^2 =  1.497E-09

      iter #   2 total cpu time :  7990.8 secs   av.it.:  14.5
      thresh= 3.869E-06 alpha_mix =  0.700 |ddv_scf|^2 =  1.609E-10

      iter #   3 total cpu time :  8001.0 secs   av.it.:  14.6
      thresh= 1.269E-06 alpha_mix =  0.700 |ddv_scf|^2 =  2.629E-11

      iter #   4 total cpu time :  8011.4 secs   av.it.:  14.6
      thresh= 5.127E-07 alpha_mix =  0.700 |ddv_scf|^2 =  6.934E-12

      iter #   5 total cpu time :  8021.6 secs   av.it.:  14.6
      thresh= 2.633E-07 alpha_mix =  0.700 |ddv_scf|^2 =  2.952E-14

      iter #   6 total cpu time :  8032.2 secs   av.it.:  15.9
      thresh= 1.718E-08 alpha_mix =  0.700 |ddv_scf|^2 =  2.083E-15

     End of self-consistent calculation

     Convergence has been achieved 


     Representation #   2 mode #   2

     Self-consistent Calculation

      iter #   1 total cpu time :  8038.7 secs   av.it.:   3.0
      thresh= 1.000E-02 alpha_mix =  0.700 |ddv_scf|^2 =  2.232E-08

      iter #   2 total cpu time :  8049.0 secs   av.it.:  14.9
      thresh= 1.494E-05 alpha_mix =  0.700 |ddv_scf|^2 =  2.506E-08

      iter #   3 total cpu time :  8059.1 secs   av.it.:  14.4
      thresh= 1.583E-05 alpha_mix =  0.700 |ddv_scf|^2 =  7.496E-11

      iter #   4 total cpu time :  8069.6 secs   av.it.:  15.4
      thresh= 8.658E-07 alpha_mix =  0.700 |ddv_scf|^2 =  3.455E-11

      iter #   5 total cpu time :  8079.8 secs   av.it.:  14.6
      thresh= 5.878E-07 alpha_mix =  0.700 |ddv_scf|^2 =  5.624E-13

      iter #   6 total cpu time :  8090.3 secs   av.it.:  15.5
      thresh= 7.499E-08 alpha_mix =  0.700 |ddv_scf|^2 =  1.001E-14

      iter #   7 total cpu time :  8100.9 secs   av.it.:  15.9
      thresh= 1.000E-08 alpha_mix =  0.700 |ddv_scf|^2 =  1.543E-15

     End of self-consistent calculation

     Convergence has been achieved 


     Representation #   3 mode #   3

     Self-consistent Calculation

      iter #   1 total cpu time :  8107.4 secs   av.it.:   3.0
      thresh= 1.000E-02 alpha_mix =  0.700 |ddv_scf|^2 =  2.204E-08

      iter #   2 total cpu time :  8117.7 secs   av.it.:  15.0
      thresh= 1.485E-05 alpha_mix =  0.700 |ddv_scf|^2 =  2.456E-08

      iter #   3 total cpu time :  8127.8 secs   av.it.:  14.5
      thresh= 1.567E-05 alpha_mix =  0.700 |ddv_scf|^2 =  7.576E-11

      iter #   4 total cpu time :  8138.4 secs   av.it.:  15.4
      thresh= 8.704E-07 alpha_mix =  0.700 |ddv_scf|^2 =  3.478E-11

      iter #   5 total cpu time :  8148.9 secs   av.it.:  14.9
      thresh= 5.898E-07 alpha_mix =  0.700 |ddv_scf|^2 =  5.750E-13

      iter #   6 total cpu time :  8159.3 secs   av.it.:  15.5
      thresh= 7.583E-08 alpha_mix =  0.700 |ddv_scf|^2 =  1.006E-14

      iter #   7 total cpu time :  8169.9 secs   av.it.:  15.8
      thresh= 1.003E-08 alpha_mix =  0.700 |ddv_scf|^2 =  1.561E-15

     End of self-consistent calculation

     Convergence has been achieved 


     Representation #   4 mode #   4

     Self-consistent Calculation

      iter #   1 total cpu time :  8177.4 secs   av.it.:   5.4
      thresh= 1.000E-02 alpha_mix =  0.700 |ddv_scf|^2 =  1.973E-07

      iter #   2 total cpu time :  8187.8 secs   av.it.:  14.6
      thresh= 4.442E-05 alpha_mix =  0.700 |ddv_scf|^2 =  4.376E-08

      iter #   3 total cpu time :  8198.3 secs   av.it.:  15.4
      thresh= 2.092E-05 alpha_mix =  0.700 |ddv_scf|^2 =  1.218E-09

      iter #   4 total cpu time :  8208.6 secs   av.it.:  14.6
      thresh= 3.490E-06 alpha_mix =  0.700 |ddv_scf|^2 =  3.459E-10

      iter #   5 total cpu time :  8218.9 secs   av.it.:  14.8
      thresh= 1.860E-06 alpha_mix =  0.700 |ddv_scf|^2 =  4.880E-11

      iter #   6 total cpu time :  8229.3 secs   av.it.:  15.2
      thresh= 6.986E-07 alpha_mix =  0.700 |ddv_scf|^2 =  1.027E-11

      iter #   7 total cpu time :  8239.9 secs   av.it.:  15.6
      thresh= 3.204E-07 alpha_mix =  0.700 |ddv_scf|^2 =  1.455E-12

      iter #   8 total cpu time :  8250.7 secs   av.it.:  16.0
      thresh= 1.206E-07 alpha_mix =  0.700 |ddv_scf|^2 =  1.303E-13

      iter #   9 total cpu time :  8261.5 secs   av.it.:  16.1
      thresh= 3.609E-08 alpha_mix =  0.700 |ddv_scf|^2 =  1.010E-14

      iter #  10 total cpu time :  8272.4 secs   av.it.:  16.6
      thresh= 1.005E-08 alpha_mix =  0.700 |ddv_scf|^2 =  1.396E-15

     End of self-consistent calculation

     Convergence has been achieved 


     Representation #   5 mode #   5

     Self-consistent Calculation

      iter #   1 total cpu time :  8280.2 secs   av.it.:   5.8
      thresh= 1.000E-02 alpha_mix =  0.700 |ddv_scf|^2 =  1.259E-06

      iter #   2 total cpu time :  8290.6 secs   av.it.:  15.2
      thresh= 1.122E-04 alpha_mix =  0.700 |ddv_scf|^2 =  1.463E-06

      iter #   3 total cpu time :  8300.6 secs   av.it.:  14.1
      thresh= 1.210E-04 alpha_mix =  0.700 |ddv_scf|^2 =  4.000E-09

      iter #   4 total cpu time :  8311.1 secs   av.it.:  15.2
      thresh= 6.324E-06 alpha_mix =  0.700 |ddv_scf|^2 =  6.761E-10

      iter #   5 total cpu time :  8321.4 secs   av.it.:  14.9
      thresh= 2.600E-06 alpha_mix =  0.700 |ddv_scf|^2 =  1.981E-10

      iter #   6 total cpu time :  8331.7 secs   av.it.:  15.0
      thresh= 1.408E-06 alpha_mix =  0.700 |ddv_scf|^2 =  1.978E-11

      iter #   7 total cpu time :  8342.0 secs   av.it.:  14.8
      thresh= 4.447E-07 alpha_mix =  0.700 |ddv_scf|^2 =  1.980E-12

      iter #   8 total cpu time :  8352.3 secs   av.it.:  15.1
      thresh= 1.407E-07 alpha_mix =  0.700 |ddv_scf|^2 =  7.953E-14

      iter #   9 total cpu time :  8363.0 secs   av.it.:  16.0
      thresh= 2.820E-08 alpha_mix =  0.700 |ddv_scf|^2 =  9.723E-15

     End of self-consistent calculation

     Convergence has been achieved 


     Representation #   6 mode #   6

     Self-consistent Calculation

      iter #   1 total cpu time :  8370.7 secs   av.it.:   5.8
      thresh= 1.000E-02 alpha_mix =  0.700 |ddv_scf|^2 =  1.261E-06

      iter #   2 total cpu time :  8381.1 secs   av.it.:  15.1
      thresh= 1.123E-04 alpha_mix =  0.700 |ddv_scf|^2 =  1.472E-06

      iter #   3 total cpu time :  8391.3 secs   av.it.:  14.5
      thresh= 1.213E-04 alpha_mix =  0.700 |ddv_scf|^2 =  3.985E-09

      iter #   4 total cpu time :  8401.7 secs   av.it.:  15.4
      thresh= 6.312E-06 alpha_mix =  0.700 |ddv_scf|^2 =  6.729E-10

      iter #   5 total cpu time :  8412.1 secs   av.it.:  14.9
      thresh= 2.594E-06 alpha_mix =  0.700 |ddv_scf|^2 =  1.962E-10

      iter #   6 total cpu time :  8422.5 secs   av.it.:  14.9
      thresh= 1.401E-06 alpha_mix =  0.700 |ddv_scf|^2 =  1.982E-11

      iter #   7 total cpu time :  8432.8 secs   av.it.:  15.0
      thresh= 4.451E-07 alpha_mix =  0.700 |ddv_scf|^2 =  1.982E-12

      iter #   8 total cpu time :  8443.3 secs   av.it.:  15.4
      thresh= 1.408E-07 alpha_mix =  0.700 |ddv_scf|^2 =  8.321E-14

      iter #   9 total cpu time :  8454.6 secs   av.it.:  17.2
      thresh= 2.885E-08 alpha_mix =  0.700 |ddv_scf|^2 =  1.125E-14

      iter #  10 total cpu time :  8465.8 secs   av.it.:  17.4
      thresh= 1.061E-08 alpha_mix =  0.700 |ddv_scf|^2 =  1.914E-15

     End of self-consistent calculation

     Convergence has been achieved 


     Representation #   7 mode #   7

     Self-consistent Calculation

      iter #   1 total cpu time :  8472.3 secs   av.it.:   2.9
      thresh= 1.000E-02 alpha_mix =  0.700 |ddv_scf|^2 =  1.557E-09

      iter #   2 total cpu time :  8482.7 secs   av.it.:  15.0
      thresh= 3.946E-06 alpha_mix =  0.700 |ddv_scf|^2 =  1.718E-10

      iter #   3 total cpu time :  8493.0 secs   av.it.:  14.9
      thresh= 1.311E-06 alpha_mix =  0.700 |ddv_scf|^2 =  4.613E-11

      iter #   4 total cpu time :  8503.4 secs   av.it.:  14.6
      thresh= 6.792E-07 alpha_mix =  0.700 |ddv_scf|^2 =  1.640E-11

      iter #   5 total cpu time :  8513.4 secs   av.it.:  13.9
      thresh= 4.049E-07 alpha_mix =  0.700 |ddv_scf|^2 =  3.522E-14

      iter #   6 total cpu time :  8524.1 secs   av.it.:  15.5
      thresh= 1.877E-08 alpha_mix =  0.700 |ddv_scf|^2 =  1.025E-14

      iter #   7 total cpu time :  8534.4 secs   av.it.:  14.9
      thresh= 1.013E-08 alpha_mix =  0.700 |ddv_scf|^2 =  7.513E-16

     End of self-consistent calculation

     Convergence has been achieved 


     Representation #   8 mode #   8

     Self-consistent Calculation

      iter #   1 total cpu time :  8540.8 secs   av.it.:   3.0
      thresh= 1.000E-02 alpha_mix =  0.700 |ddv_scf|^2 =  2.394E-08

      iter #   2 total cpu time :  8551.0 secs   av.it.:  14.5
      thresh= 1.547E-05 alpha_mix =  0.700 |ddv_scf|^2 =  2.775E-08

      iter #   3 total cpu time :  8561.0 secs   av.it.:  13.8
      thresh= 1.666E-05 alpha_mix =  0.700 |ddv_scf|^2 =  1.899E-10

      iter #   4 total cpu time :  8571.2 secs   av.it.:  14.5
      thresh= 1.378E-06 alpha_mix =  0.700 |ddv_scf|^2 =  2.607E-11

      iter #   5 total cpu time :  8581.4 secs   av.it.:  14.5
      thresh= 5.106E-07 alpha_mix =  0.700 |ddv_scf|^2 =  4.387E-13

      iter #   6 total cpu time :  8591.8 secs   av.it.:  15.0
      thresh= 6.623E-08 alpha_mix =  0.700 |ddv_scf|^2 =  7.731E-15

     End of self-consistent calculation

     Convergence has been achieved 


     Representation #   9 mode #   9

     Self-consistent Calculation

      iter #   1 total cpu time :  8598.2 secs   av.it.:   3.0
      thresh= 1.000E-02 alpha_mix =  0.700 |ddv_scf|^2 =  1.935E-08

      iter #   2 total cpu time :  8608.2 secs   av.it.:  14.0
      thresh= 1.391E-05 alpha_mix =  0.700 |ddv_scf|^2 =  2.147E-08

      iter #   3 total cpu time :  8618.1 secs   av.it.:  13.9
      thresh= 1.465E-05 alpha_mix =  0.700 |ddv_scf|^2 =  1.645E-10

      iter #   4 total cpu time :  8628.4 secs   av.it.:  14.5
      thresh= 1.283E-06 alpha_mix =  0.700 |ddv_scf|^2 =  3.310E-11

      iter #   5 total cpu time :  8638.5 secs   av.it.:  14.4
      thresh= 5.753E-07 alpha_mix =  0.700 |ddv_scf|^2 =  3.265E-13

      iter #   6 total cpu time :  8648.8 secs   av.it.:  15.1
      thresh= 5.714E-08 alpha_mix =  0.700 |ddv_scf|^2 =  6.876E-15

     End of self-consistent calculation

     Convergence has been achieved 


     Representation #  10 mode #  10

     Self-consistent Calculation

      iter #   1 total cpu time :  8655.2 secs   av.it.:   2.8
      thresh= 1.000E-02 alpha_mix =  0.700 |ddv_scf|^2 =  1.567E-09

      iter #   2 total cpu time :  8665.4 secs   av.it.:  14.8
      thresh= 3.958E-06 alpha_mix =  0.700 |ddv_scf|^2 =  1.669E-10

      iter #   3 total cpu time :  8675.8 secs   av.it.:  15.0
      thresh= 1.292E-06 alpha_mix =  0.700 |ddv_scf|^2 =  3.745E-11

      iter #   4 total cpu time :  8686.0 secs   av.it.:  14.6
      thresh= 6.120E-07 alpha_mix =  0.700 |ddv_scf|^2 =  1.698E-11

      iter #   5 total cpu time :  8696.1 secs   av.it.:  13.9
      thresh= 4.121E-07 alpha_mix =  0.700 |ddv_scf|^2 =  4.427E-14

      iter #   6 total cpu time :  8706.8 secs   av.it.:  15.6
      thresh= 2.104E-08 alpha_mix =  0.700 |ddv_scf|^2 =  1.182E-14

      iter #   7 total cpu time :  8717.2 secs   av.it.:  14.9
      thresh= 1.087E-08 alpha_mix =  0.700 |ddv_scf|^2 =  6.795E-16

     End of self-consistent calculation

     Convergence has been achieved 


     Representation #  11 mode #  11

     Self-consistent Calculation

      iter #   1 total cpu time :  8723.6 secs   av.it.:   3.0
      thresh= 1.000E-02 alpha_mix =  0.700 |ddv_scf|^2 =  1.914E-08

      iter #   2 total cpu time :  8733.6 secs   av.it.:  14.2
      thresh= 1.383E-05 alpha_mix =  0.700 |ddv_scf|^2 =  2.111E-08

      iter #   3 total cpu time :  8743.7 secs   av.it.:  13.9
      thresh= 1.453E-05 alpha_mix =  0.700 |ddv_scf|^2 =  1.649E-10

      iter #   4 total cpu time :  8754.1 secs   av.it.:  14.6
      thresh= 1.284E-06 alpha_mix =  0.700 |ddv_scf|^2 =  3.302E-11

      iter #   5 total cpu time :  8764.4 secs   av.it.:  14.5
      thresh= 5.747E-07 alpha_mix =  0.700 |ddv_scf|^2 =  3.290E-13

      iter #   6 total cpu time :  8774.9 secs   av.it.:  15.0
      thresh= 5.736E-08 alpha_mix =  0.700 |ddv_scf|^2 =  6.544E-15

     End of self-consistent calculation

     Convergence has been achieved 


     Representation #  12 mode #  12

     Self-consistent Calculation

      iter #   1 total cpu time :  8781.4 secs   av.it.:   3.0
      thresh= 1.000E-02 alpha_mix =  0.700 |ddv_scf|^2 =  2.413E-08

      iter #   2 total cpu time :  8791.7 secs   av.it.:  14.5
      thresh= 1.553E-05 alpha_mix =  0.700 |ddv_scf|^2 =  2.813E-08

      iter #   3 total cpu time :  8801.7 secs   av.it.:  13.8
      thresh= 1.677E-05 alpha_mix =  0.700 |ddv_scf|^2 =  1.889E-10

      iter #   4 total cpu time :  8812.0 secs   av.it.:  14.6
      thresh= 1.374E-06 alpha_mix =  0.700 |ddv_scf|^2 =  2.627E-11

      iter #   5 total cpu time :  8822.3 secs   av.it.:  14.4
      thresh= 5.125E-07 alpha_mix =  0.700 |ddv_scf|^2 =  4.678E-13

      iter #   6 total cpu time :  8832.7 secs   av.it.:  15.0
      thresh= 6.840E-08 alpha_mix =  0.700 |ddv_scf|^2 =  8.842E-15

     End of self-consistent calculation

     Convergence has been achieved 


     Representation #  13 mode #  13

     Self-consistent Calculation

      iter #   1 total cpu time :  8839.3 secs   av.it.:   3.2
      thresh= 1.000E-02 alpha_mix =  0.700 |ddv_scf|^2 =  4.231E-09

      iter #   2 total cpu time :  8850.6 secs   av.it.:  17.2
      thresh= 6.505E-06 alpha_mix =  0.700 |ddv_scf|^2 =  4.498E-10

      iter #   3 total cpu time :  8861.9 secs   av.it.:  17.4
      thresh= 2.121E-06 alpha_mix =  0.700 |ddv_scf|^2 =  1.898E-11

      iter #   4 total cpu time :  8873.4 secs   av.it.:  17.9
      thresh= 4.357E-07 alpha_mix =  0.700 |ddv_scf|^2 =  3.527E-12

      iter #   5 total cpu time :  8884.6 secs   av.it.:  17.4
      thresh= 1.878E-07 alpha_mix =  0.700 |ddv_scf|^2 =  1.996E-13

      iter #   6 total cpu time :  8896.0 secs   av.it.:  18.0
      thresh= 4.468E-08 alpha_mix =  0.700 |ddv_scf|^2 =  1.067E-14

      iter #   7 total cpu time :  8907.5 secs   av.it.:  18.2
      thresh= 1.033E-08 alpha_mix =  0.700 |ddv_scf|^2 =  4.345E-15

     End of self-consistent calculation

     Convergence has been achieved 


     Representation #  14 mode #  14

     Self-consistent Calculation

      iter #   1 total cpu time :  8914.1 secs   av.it.:   3.1
      thresh= 1.000E-02 alpha_mix =  0.700 |ddv_scf|^2 =  2.441E-08

      iter #   2 total cpu time :  8925.5 secs   av.it.:  17.8
      thresh= 1.562E-05 alpha_mix =  0.700 |ddv_scf|^2 =  2.537E-08

      iter #   3 total cpu time :  8936.7 secs   av.it.:  17.0
      thresh= 1.593E-05 alpha_mix =  0.700 |ddv_scf|^2 =  1.191E-10

      iter #   4 total cpu time :  8948.1 secs   av.it.:  18.0
      thresh= 1.091E-06 alpha_mix =  0.700 |ddv_scf|^2 =  2.585E-11

      iter #   5 total cpu time :  8959.4 secs   av.it.:  17.5
      thresh= 5.084E-07 alpha_mix =  0.700 |ddv_scf|^2 =  1.142E-12

      iter #   6 total cpu time :  8970.7 secs   av.it.:  17.4
      thresh= 1.069E-07 alpha_mix =  0.700 |ddv_scf|^2 =  4.604E-14

      iter #   7 total cpu time :  8982.4 secs   av.it.:  18.4
      thresh= 2.146E-08 alpha_mix =  0.700 |ddv_scf|^2 =  1.996E-14

      iter #   8 total cpu time :  8993.4 secs   av.it.:  16.9
      thresh= 1.413E-08 alpha_mix =  0.700 |ddv_scf|^2 =  1.287E-15

     End of self-consistent calculation

     Convergence has been achieved 


     Representation #  15 mode #  15

     Self-consistent Calculation

      iter #   1 total cpu time :  9000.1 secs   av.it.:   3.1
      thresh= 1.000E-02 alpha_mix =  0.700 |ddv_scf|^2 =  2.413E-08

      iter #   2 total cpu time :  9011.5 secs   av.it.:  17.6
      thresh= 1.553E-05 alpha_mix =  0.700 |ddv_scf|^2 =  2.489E-08

      iter #   3 total cpu time :  9022.6 secs   av.it.:  17.0
      thresh= 1.578E-05 alpha_mix =  0.700 |ddv_scf|^2 =  1.192E-10

      iter #   4 total cpu time :  9034.1 secs   av.it.:  17.9
      thresh= 1.092E-06 alpha_mix =  0.700 |ddv_scf|^2 =  2.599E-11

      iter #   5 total cpu time :  9045.5 secs   av.it.:  17.2
      thresh= 5.098E-07 alpha_mix =  0.700 |ddv_scf|^2 =  1.123E-12

      iter #   6 total cpu time :  9056.8 secs   av.it.:  17.4
      thresh= 1.060E-07 alpha_mix =  0.700 |ddv_scf|^2 =  4.786E-14

      iter #   7 total cpu time :  9068.4 secs   av.it.:  18.4
      thresh= 2.188E-08 alpha_mix =  0.700 |ddv_scf|^2 =  1.995E-14

      iter #   8 total cpu time :  9079.5 secs   av.it.:  16.6
      thresh= 1.412E-08 alpha_mix =  0.700 |ddv_scf|^2 =  1.468E-15

     End of self-consistent calculation

     Convergence has been achieved 


     Representation #  16 mode #  16

     Self-consistent Calculation

      iter #   1 total cpu time :  9085.9 secs   av.it.:   3.0
      thresh= 1.000E-02 alpha_mix =  0.700 |ddv_scf|^2 =  3.947E-09

      iter #   2 total cpu time :  9097.2 secs   av.it.:  17.5
      thresh= 6.283E-06 alpha_mix =  0.700 |ddv_scf|^2 =  3.582E-10

      iter #   3 total cpu time :  9108.6 secs   av.it.:  17.8
      thresh= 1.893E-06 alpha_mix =  0.700 |ddv_scf|^2 =  7.524E-11

      iter #   4 total cpu time :  9119.5 secs   av.it.:  16.4
      thresh= 8.674E-07 alpha_mix =  0.700 |ddv_scf|^2 =  4.581E-12

      iter #   5 total cpu time :  9130.7 secs   av.it.:  17.4
      thresh= 2.140E-07 alpha_mix =  0.700 |ddv_scf|^2 =  3.486E-13

      iter #   6 total cpu time :  9141.9 secs   av.it.:  17.5
      thresh= 5.904E-08 alpha_mix =  0.700 |ddv_scf|^2 =  2.855E-14

      iter #   7 total cpu time :  9153.2 secs   av.it.:  17.5
      thresh= 1.690E-08 alpha_mix =  0.700 |ddv_scf|^2 =  1.628E-15

     End of self-consistent calculation

     Convergence has been achieved 


     Representation #  17 mode #  17

     Self-consistent Calculation

      iter #   1 total cpu time :  9159.8 secs   av.it.:   3.0
      thresh= 1.000E-02 alpha_mix =  0.700 |ddv_scf|^2 =  2.184E-08

      iter #   2 total cpu time :  9171.1 secs   av.it.:  17.6
      thresh= 1.478E-05 alpha_mix =  0.700 |ddv_scf|^2 =  2.056E-08

      iter #   3 total cpu time :  9182.1 secs   av.it.:  16.8
      thresh= 1.434E-05 alpha_mix =  0.700 |ddv_scf|^2 =  1.346E-10

      iter #   4 total cpu time :  9193.6 secs   av.it.:  18.0
      thresh= 1.160E-06 alpha_mix =  0.700 |ddv_scf|^2 =  1.893E-11

      iter #   5 total cpu time :  9204.9 secs   av.it.:  17.5
      thresh= 4.351E-07 alpha_mix =  0.700 |ddv_scf|^2 =  6.101E-13

      iter #   6 total cpu time :  9216.4 secs   av.it.:  18.1
      thresh= 7.811E-08 alpha_mix =  0.700 |ddv_scf|^2 =  5.866E-14

      iter #   7 total cpu time :  9227.9 secs   av.it.:  17.9
      thresh= 2.422E-08 alpha_mix =  0.700 |ddv_scf|^2 =  1.273E-14

      iter #   8 total cpu time :  9239.1 secs   av.it.:  17.6
      thresh= 1.128E-08 alpha_mix =  0.700 |ddv_scf|^2 =  6.014E-16

     End of self-consistent calculation

     Convergence has been achieved 


     Representation #  18 mode #  18

     Self-consistent Calculation

      iter #   1 total cpu time :  9245.7 secs   av.it.:   3.0
      thresh= 1.000E-02 alpha_mix =  0.700 |ddv_scf|^2 =  2.176E-08

      iter #   2 total cpu time :  9257.0 secs   av.it.:  17.8
      thresh= 1.475E-05 alpha_mix =  0.700 |ddv_scf|^2 =  2.041E-08

      iter #   3 total cpu time :  9267.9 secs   av.it.:  16.9
      thresh= 1.429E-05 alpha_mix =  0.700 |ddv_scf|^2 =  1.347E-10

      iter #   4 total cpu time :  9279.4 secs   av.it.:  18.0
      thresh= 1.161E-06 alpha_mix =  0.700 |ddv_scf|^2 =  1.916E-11

      iter #   5 total cpu time :  9290.6 secs   av.it.:  17.2
      thresh= 4.377E-07 alpha_mix =  0.700 |ddv_scf|^2 =  6.166E-13

      iter #   6 total cpu time :  9302.1 secs   av.it.:  18.0
      thresh= 7.852E-08 alpha_mix =  0.700 |ddv_scf|^2 =  6.044E-14

      iter #   7 total cpu time :  9313.7 secs   av.it.:  18.1
      thresh= 2.458E-08 alpha_mix =  0.700 |ddv_scf|^2 =  1.254E-14

      iter #   8 total cpu time :  9324.9 secs   av.it.:  17.4
      thresh= 1.120E-08 alpha_mix =  0.700 |ddv_scf|^2 =  6.466E-16

     End of self-consistent calculation

     Convergence has been achieved 


     Representation #  19 mode #  19

     Self-consistent Calculation

      iter #   1 total cpu time :  9331.4 secs   av.it.:   3.0
      thresh= 1.000E-02 alpha_mix =  0.700 |ddv_scf|^2 =  4.510E-09

      iter #   2 total cpu time :  9342.7 secs   av.it.:  17.2
      thresh= 6.715E-06 alpha_mix =  0.700 |ddv_scf|^2 =  5.237E-10

      iter #   3 total cpu time :  9354.3 secs   av.it.:  17.9
      thresh= 2.288E-06 alpha_mix =  0.700 |ddv_scf|^2 =  6.902E-11

      iter #   4 total cpu time :  9365.5 secs   av.it.:  17.2
      thresh= 8.308E-07 alpha_mix =  0.700 |ddv_scf|^2 =  4.772E-12

      iter #   5 total cpu time :  9376.9 secs   av.it.:  17.6
      thresh= 2.184E-07 alpha_mix =  0.700 |ddv_scf|^2 =  8.279E-13

      iter #   6 total cpu time :  9388.0 secs   av.it.:  16.9
      thresh= 9.099E-08 alpha_mix =  0.700 |ddv_scf|^2 =  3.387E-14

      iter #   7 total cpu time :  9399.4 secs   av.it.:  17.8
      thresh= 1.840E-08 alpha_mix =  0.700 |ddv_scf|^2 =  2.351E-15

     End of self-consistent calculation

     Convergence has been achieved 


     Representation #  20 mode #  20

     Self-consistent Calculation

      iter #   1 total cpu time :  9406.0 secs   av.it.:   3.4
      thresh= 1.000E-02 alpha_mix =  0.700 |ddv_scf|^2 =  2.357E-08

      iter #   2 total cpu time :  9417.3 secs   av.it.:  17.8
      thresh= 1.535E-05 alpha_mix =  0.700 |ddv_scf|^2 =  2.551E-08

      iter #   3 total cpu time :  9428.3 secs   av.it.:  16.4
      thresh= 1.597E-05 alpha_mix =  0.700 |ddv_scf|^2 =  1.536E-10

      iter #   4 total cpu time :  9439.7 secs   av.it.:  17.4
      thresh= 1.239E-06 alpha_mix =  0.700 |ddv_scf|^2 =  2.385E-11

      iter #   5 total cpu time :  9450.9 secs   av.it.:  17.4
      thresh= 4.883E-07 alpha_mix =  0.700 |ddv_scf|^2 =  4.768E-13

      iter #   6 total cpu time :  9462.7 secs   av.it.:  18.4
      thresh= 6.905E-08 alpha_mix =  0.700 |ddv_scf|^2 =  1.527E-13

      iter #   7 total cpu time :  9474.0 secs   av.it.:  17.2
      thresh= 3.908E-08 alpha_mix =  0.700 |ddv_scf|^2 =  8.699E-15

     End of self-consistent calculation

     Convergence has been achieved 


     Representation #  21 mode #  21

     Self-consistent Calculation

      iter #   1 total cpu time :  9480.7 secs   av.it.:   3.5
      thresh= 1.000E-02 alpha_mix =  0.700 |ddv_scf|^2 =  2.468E-08

      iter #   2 total cpu time :  9492.1 secs   av.it.:  17.8
      thresh= 1.571E-05 alpha_mix =  0.700 |ddv_scf|^2 =  2.646E-08

      iter #   3 total cpu time :  9503.2 secs   av.it.:  16.9
      thresh= 1.627E-05 alpha_mix =  0.700 |ddv_scf|^2 =  1.624E-10

      iter #   4 total cpu time :  9514.7 secs   av.it.:  17.9
      thresh= 1.275E-06 alpha_mix =  0.700 |ddv_scf|^2 =  2.169E-11

      iter #   5 total cpu time :  9525.8 secs   av.it.:  17.0
      thresh= 4.657E-07 alpha_mix =  0.700 |ddv_scf|^2 =  6.775E-13

      iter #   6 total cpu time :  9537.2 secs   av.it.:  17.9
      thresh= 8.231E-08 alpha_mix =  0.700 |ddv_scf|^2 =  1.098E-13

      iter #   7 total cpu time :  9548.5 secs   av.it.:  17.4
      thresh= 3.314E-08 alpha_mix =  0.700 |ddv_scf|^2 =  1.435E-14

      iter #   8 total cpu time :  9559.6 secs   av.it.:  17.2
      thresh= 1.198E-08 alpha_mix =  0.700 |ddv_scf|^2 =  1.668E-15

     End of self-consistent calculation

     Convergence has been achieved 


     Representation #  22 mode #  22

     Self-consistent Calculation

      iter #   1 total cpu time :  9566.1 secs   av.it.:   3.0
      thresh= 1.000E-02 alpha_mix =  0.700 |ddv_scf|^2 =  4.513E-09

      iter #   2 total cpu time :  9577.3 secs   av.it.:  17.4
      thresh= 6.718E-06 alpha_mix =  0.700 |ddv_scf|^2 =  5.221E-10

      iter #   3 total cpu time :  9588.6 secs   av.it.:  17.6
      thresh= 2.285E-06 alpha_mix =  0.700 |ddv_scf|^2 =  6.284E-11

      iter #   4 total cpu time :  9599.8 secs   av.it.:  17.4
      thresh= 7.927E-07 alpha_mix =  0.700 |ddv_scf|^2 =  4.417E-12

      iter #   5 total cpu time :  9611.2 secs   av.it.:  17.8
      thresh= 2.102E-07 alpha_mix =  0.700 |ddv_scf|^2 =  8.352E-13

      iter #   6 total cpu time :  9622.2 secs   av.it.:  16.8
      thresh= 9.139E-08 alpha_mix =  0.700 |ddv_scf|^2 =  3.262E-14

      iter #   7 total cpu time :  9633.6 secs   av.it.:  18.0
      thresh= 1.806E-08 alpha_mix =  0.700 |ddv_scf|^2 =  1.956E-15

     End of self-consistent calculation

     Convergence has been achieved 


     Representation #  23 mode #  23

     Self-consistent Calculation

      iter #   1 total cpu time :  9640.3 secs   av.it.:   3.5
      thresh= 1.000E-02 alpha_mix =  0.700 |ddv_scf|^2 =  2.452E-08

      iter #   2 total cpu time :  9651.6 secs   av.it.:  17.8
      thresh= 1.566E-05 alpha_mix =  0.700 |ddv_scf|^2 =  2.594E-08

      iter #   3 total cpu time :  9662.7 secs   av.it.:  17.0
      thresh= 1.610E-05 alpha_mix =  0.700 |ddv_scf|^2 =  1.677E-10

      iter #   4 total cpu time :  9674.1 secs   av.it.:  17.8
      thresh= 1.295E-06 alpha_mix =  0.700 |ddv_scf|^2 =  2.085E-11

      iter #   5 total cpu time :  9685.2 secs   av.it.:  17.0
      thresh= 4.566E-07 alpha_mix =  0.700 |ddv_scf|^2 =  6.580E-13

      iter #   6 total cpu time :  9696.7 secs   av.it.:  18.0
      thresh= 8.112E-08 alpha_mix =  0.700 |ddv_scf|^2 =  1.110E-13

      iter #   7 total cpu time :  9708.1 secs   av.it.:  17.5
      thresh= 3.331E-08 alpha_mix =  0.700 |ddv_scf|^2 =  1.580E-14

      iter #   8 total cpu time :  9719.3 secs   av.it.:  17.4
      thresh= 1.257E-08 alpha_mix =  0.700 |ddv_scf|^2 =  1.704E-15

     End of self-consistent calculation

     Convergence has been achieved 


     Representation #  24 mode #  24

     Self-consistent Calculation

      iter #   1 total cpu time :  9725.9 secs   av.it.:   3.2
      thresh= 1.000E-02 alpha_mix =  0.700 |ddv_scf|^2 =  2.355E-08

      iter #   2 total cpu time :  9737.3 secs   av.it.:  17.6
      thresh= 1.535E-05 alpha_mix =  0.700 |ddv_scf|^2 =  2.522E-08

      iter #   3 total cpu time :  9748.2 secs   av.it.:  16.6
      thresh= 1.588E-05 alpha_mix =  0.700 |ddv_scf|^2 =  1.608E-10

      iter #   4 total cpu time :  9759.6 secs   av.it.:  17.8
      thresh= 1.268E-06 alpha_mix =  0.700 |ddv_scf|^2 =  2.345E-11

      iter #   5 total cpu time :  9770.8 secs   av.it.:  17.4
      thresh= 4.843E-07 alpha_mix =  0.700 |ddv_scf|^2 =  4.584E-13

      iter #   6 total cpu time :  9782.4 secs   av.it.:  18.4
      thresh= 6.771E-08 alpha_mix =  0.700 |ddv_scf|^2 =  1.540E-13

      iter #   7 total cpu time :  9793.7 secs   av.it.:  17.2
      thresh= 3.924E-08 alpha_mix =  0.700 |ddv_scf|^2 =  8.914E-15

     End of self-consistent calculation

     Convergence has been achieved 


     Representation #  25 mode #  25

     Self-consistent Calculation

      iter #   1 total cpu time :  9800.4 secs   av.it.:   3.2
      thresh= 1.000E-02 alpha_mix =  0.700 |ddv_scf|^2 =  4.231E-09

      iter #   2 total cpu time :  9811.6 secs   av.it.:  17.2
      thresh= 6.505E-06 alpha_mix =  0.700 |ddv_scf|^2 =  4.497E-10

      iter #   3 total cpu time :  9822.8 secs   av.it.:  17.4
      thresh= 2.121E-06 alpha_mix =  0.700 |ddv_scf|^2 =  1.894E-11

      iter #   4 total cpu time :  9834.2 secs   av.it.:  17.9
      thresh= 4.352E-07 alpha_mix =  0.700 |ddv_scf|^2 =  3.511E-12

      iter #   5 total cpu time :  9845.4 secs   av.it.:  17.4
      thresh= 1.874E-07 alpha_mix =  0.700 |ddv_scf|^2 =  1.985E-13

      iter #   6 total cpu time :  9856.9 secs   av.it.:  18.0
      thresh= 4.455E-08 alpha_mix =  0.700 |ddv_scf|^2 =  1.016E-14

      iter #   7 total cpu time :  9868.4 secs   av.it.:  18.2
      thresh= 1.008E-08 alpha_mix =  0.700 |ddv_scf|^2 =  4.150E-15

     End of self-consistent calculation

     Convergence has been achieved 


     Representation #  26 mode #  26

     Self-consistent Calculation

      iter #   1 total cpu time :  9875.1 secs   av.it.:   3.1
      thresh= 1.000E-02 alpha_mix =  0.700 |ddv_scf|^2 =  2.442E-08

      iter #   2 total cpu time :  9886.5 secs   av.it.:  17.8
      thresh= 1.563E-05 alpha_mix =  0.700 |ddv_scf|^2 =  2.537E-08

      iter #   3 total cpu time :  9897.7 secs   av.it.:  17.0
      thresh= 1.593E-05 alpha_mix =  0.700 |ddv_scf|^2 =  1.191E-10

      iter #   4 total cpu time :  9909.2 secs   av.it.:  18.0
      thresh= 1.091E-06 alpha_mix =  0.700 |ddv_scf|^2 =  2.584E-11

      iter #   5 total cpu time :  9920.5 secs   av.it.:  17.5
      thresh= 5.083E-07 alpha_mix =  0.700 |ddv_scf|^2 =  1.142E-12

      iter #   6 total cpu time :  9931.9 secs   av.it.:  17.4
      thresh= 1.069E-07 alpha_mix =  0.700 |ddv_scf|^2 =  4.612E-14

      iter #   7 total cpu time :  9943.6 secs   av.it.:  18.4
      thresh= 2.147E-08 alpha_mix =  0.700 |ddv_scf|^2 =  2.002E-14

      iter #   8 total cpu time :  9954.5 secs   av.it.:  16.8
      thresh= 1.415E-08 alpha_mix =  0.700 |ddv_scf|^2 =  1.287E-15

     End of self-consistent calculation

     Convergence has been achieved 


     Representation #  27 mode #  27

     Self-consistent Calculation

      iter #   1 total cpu time :  9961.1 secs   av.it.:   3.1
      thresh= 1.000E-02 alpha_mix =  0.700 |ddv_scf|^2 =  2.413E-08

      iter #   2 total cpu time :  9972.6 secs   av.it.:  17.6
      thresh= 1.553E-05 alpha_mix =  0.700 |ddv_scf|^2 =  2.487E-08

      iter #   3 total cpu time :  9983.9 secs   av.it.:  17.0
      thresh= 1.577E-05 alpha_mix =  0.700 |ddv_scf|^2 =  1.191E-10

      iter #   4 total cpu time :  9995.4 secs   av.it.:  17.8
      thresh= 1.092E-06 alpha_mix =  0.700 |ddv_scf|^2 =  2.599E-11

      iter #   5 total cpu time : 10006.7 secs   av.it.:  17.2
      thresh= 5.098E-07 alpha_mix =  0.700 |ddv_scf|^2 =  1.123E-12

      iter #   6 total cpu time : 10018.2 secs   av.it.:  17.4
      thresh= 1.060E-07 alpha_mix =  0.700 |ddv_scf|^2 =  4.791E-14

      iter #   7 total cpu time : 10030.0 secs   av.it.:  18.4
      thresh= 2.189E-08 alpha_mix =  0.700 |ddv_scf|^2 =  1.999E-14

      iter #   8 total cpu time : 10041.1 secs   av.it.:  16.8
      thresh= 1.414E-08 alpha_mix =  0.700 |ddv_scf|^2 =  1.469E-15

     End of self-consistent calculation

     Convergence has been achieved 


     Representation #  28 mode #  28

     Self-consistent Calculation

      iter #   1 total cpu time : 10047.6 secs   av.it.:   3.0
      thresh= 1.000E-02 alpha_mix =  0.700 |ddv_scf|^2 =  3.948E-09

      iter #   2 total cpu time : 10058.9 secs   av.it.:  17.5
      thresh= 6.283E-06 alpha_mix =  0.700 |ddv_scf|^2 =  3.587E-10

      iter #   3 total cpu time : 10070.3 secs   av.it.:  17.8
      thresh= 1.894E-06 alpha_mix =  0.700 |ddv_scf|^2 =  7.554E-11

      iter #   4 total cpu time : 10081.3 secs   av.it.:  16.4
      thresh= 8.692E-07 alpha_mix =  0.700 |ddv_scf|^2 =  4.575E-12

      iter #   5 total cpu time : 10092.6 secs   av.it.:  17.4
      thresh= 2.139E-07 alpha_mix =  0.700 |ddv_scf|^2 =  3.466E-13

      iter #   6 total cpu time : 10103.9 secs   av.it.:  17.5
      thresh= 5.887E-08 alpha_mix =  0.700 |ddv_scf|^2 =  2.842E-14

      iter #   7 total cpu time : 10115.2 secs   av.it.:  17.5
      thresh= 1.686E-08 alpha_mix =  0.700 |ddv_scf|^2 =  1.619E-15

     End of self-consistent calculation

     Convergence has been achieved 


     Representation #  29 mode #  29

     Self-consistent Calculation

      iter #   1 total cpu time : 10121.8 secs   av.it.:   3.0
      thresh= 1.000E-02 alpha_mix =  0.700 |ddv_scf|^2 =  2.184E-08

      iter #   2 total cpu time : 10133.2 secs   av.it.:  17.6
      thresh= 1.478E-05 alpha_mix =  0.700 |ddv_scf|^2 =  2.056E-08

      iter #   3 total cpu time : 10144.2 secs   av.it.:  16.8
      thresh= 1.434E-05 alpha_mix =  0.700 |ddv_scf|^2 =  1.346E-10

      iter #   4 total cpu time : 10155.7 secs   av.it.:  18.0
      thresh= 1.160E-06 alpha_mix =  0.700 |ddv_scf|^2 =  1.894E-11

      iter #   5 total cpu time : 10167.1 secs   av.it.:  17.5
      thresh= 4.352E-07 alpha_mix =  0.700 |ddv_scf|^2 =  6.103E-13

      iter #   6 total cpu time : 10178.6 secs   av.it.:  18.2
      thresh= 7.812E-08 alpha_mix =  0.700 |ddv_scf|^2 =  5.862E-14

      iter #   7 total cpu time : 10190.0 secs   av.it.:  17.9
      thresh= 2.421E-08 alpha_mix =  0.700 |ddv_scf|^2 =  1.274E-14

      iter #   8 total cpu time : 10201.3 secs   av.it.:  17.6
      thresh= 1.129E-08 alpha_mix =  0.700 |ddv_scf|^2 =  6.022E-16

     End of self-consistent calculation

     Convergence has been achieved 


     Representation #  30 mode #  30

     Self-consistent Calculation

      iter #   1 total cpu time : 10207.8 secs   av.it.:   3.0
      thresh= 1.000E-02 alpha_mix =  0.700 |ddv_scf|^2 =  2.176E-08

      iter #   2 total cpu time : 10219.2 secs   av.it.:  17.8
      thresh= 1.475E-05 alpha_mix =  0.700 |ddv_scf|^2 =  2.040E-08

      iter #   3 total cpu time : 10230.3 secs   av.it.:  16.9
      thresh= 1.428E-05 alpha_mix =  0.700 |ddv_scf|^2 =  1.347E-10

      iter #   4 total cpu time : 10241.9 secs   av.it.:  18.0
      thresh= 1.160E-06 alpha_mix =  0.700 |ddv_scf|^2 =  1.914E-11

      iter #   5 total cpu time : 10253.3 secs   av.it.:  17.2
      thresh= 4.375E-07 alpha_mix =  0.700 |ddv_scf|^2 =  6.171E-13

      iter #   6 total cpu time : 10264.9 secs   av.it.:  18.0
      thresh= 7.855E-08 alpha_mix =  0.700 |ddv_scf|^2 =  6.034E-14

      iter #   7 total cpu time : 10276.5 secs   av.it.:  18.1
      thresh= 2.456E-08 alpha_mix =  0.700 |ddv_scf|^2 =  1.252E-14

      iter #   8 total cpu time : 10287.9 secs   av.it.:  17.4
      thresh= 1.119E-08 alpha_mix =  0.700 |ddv_scf|^2 =  6.448E-16

     End of self-consistent calculation

     Convergence has been achieved 


     Representation #  31 mode #  31

     Self-consistent Calculation

      iter #   1 total cpu time : 10294.4 secs   av.it.:   3.0
      thresh= 1.000E-02 alpha_mix =  0.700 |ddv_scf|^2 =  4.509E-09

      iter #   2 total cpu time : 10305.7 secs   av.it.:  17.2
      thresh= 6.715E-06 alpha_mix =  0.700 |ddv_scf|^2 =  5.240E-10

      iter #   3 total cpu time : 10317.3 secs   av.it.:  17.9
      thresh= 2.289E-06 alpha_mix =  0.700 |ddv_scf|^2 =  6.910E-11

      iter #   4 total cpu time : 10328.6 secs   av.it.:  17.2
      thresh= 8.313E-07 alpha_mix =  0.700 |ddv_scf|^2 =  4.774E-12

      iter #   5 total cpu time : 10339.9 secs   av.it.:  17.6
      thresh= 2.185E-07 alpha_mix =  0.700 |ddv_scf|^2 =  8.285E-13

      iter #   6 total cpu time : 10351.0 secs   av.it.:  16.8
      thresh= 9.102E-08 alpha_mix =  0.700 |ddv_scf|^2 =  3.385E-14

      iter #   7 total cpu time : 10362.5 secs   av.it.:  17.8
      thresh= 1.840E-08 alpha_mix =  0.700 |ddv_scf|^2 =  2.352E-15

     End of self-consistent calculation

     Convergence has been achieved 


     Representation #  32 mode #  32

     Self-consistent Calculation

      iter #   1 total cpu time : 10369.2 secs   av.it.:   3.4
      thresh= 1.000E-02 alpha_mix =  0.700 |ddv_scf|^2 =  2.357E-08

      iter #   2 total cpu time : 10380.5 secs   av.it.:  17.8
      thresh= 1.535E-05 alpha_mix =  0.700 |ddv_scf|^2 =  2.550E-08

      iter #   3 total cpu time : 10391.5 secs   av.it.:  16.4
      thresh= 1.597E-05 alpha_mix =  0.700 |ddv_scf|^2 =  1.536E-10

      iter #   4 total cpu time : 10402.9 secs   av.it.:  17.4
      thresh= 1.239E-06 alpha_mix =  0.700 |ddv_scf|^2 =  2.385E-11

      iter #   5 total cpu time : 10414.3 secs   av.it.:  17.2
      thresh= 4.884E-07 alpha_mix =  0.700 |ddv_scf|^2 =  4.771E-13

      iter #   6 total cpu time : 10425.9 secs   av.it.:  18.4
      thresh= 6.907E-08 alpha_mix =  0.700 |ddv_scf|^2 =  1.528E-13

      iter #   7 total cpu time : 10437.6 secs   av.it.:  17.2
      thresh= 3.910E-08 alpha_mix =  0.700 |ddv_scf|^2 =  8.698E-15

     End of self-consistent calculation

     Convergence has been achieved 


     Representation #  33 mode #  33

     Self-consistent Calculation

      iter #   1 total cpu time : 10444.3 secs   av.it.:   3.5
      thresh= 1.000E-02 alpha_mix =  0.700 |ddv_scf|^2 =  2.468E-08

      iter #   2 total cpu time : 10455.8 secs   av.it.:  17.8
      thresh= 1.571E-05 alpha_mix =  0.700 |ddv_scf|^2 =  2.647E-08

      iter #   3 total cpu time : 10466.9 secs   av.it.:  16.9
      thresh= 1.627E-05 alpha_mix =  0.700 |ddv_scf|^2 =  1.624E-10

      iter #   4 total cpu time : 10478.5 secs   av.it.:  17.9
      thresh= 1.274E-06 alpha_mix =  0.700 |ddv_scf|^2 =  2.168E-11

      iter #   5 total cpu time : 10489.9 secs   av.it.:  17.0
      thresh= 4.657E-07 alpha_mix =  0.700 |ddv_scf|^2 =  6.773E-13

      iter #   6 total cpu time : 10501.6 secs   av.it.:  17.9
      thresh= 8.230E-08 alpha_mix =  0.700 |ddv_scf|^2 =  1.100E-13

      iter #   7 total cpu time : 10513.2 secs   av.it.:  17.4
      thresh= 3.317E-08 alpha_mix =  0.700 |ddv_scf|^2 =  1.436E-14

      iter #   8 total cpu time : 10524.5 secs   av.it.:  17.2
      thresh= 1.198E-08 alpha_mix =  0.700 |ddv_scf|^2 =  1.668E-15

     End of self-consistent calculation

     Convergence has been achieved 


     Representation #  34 mode #  34

     Self-consistent Calculation

      iter #   1 total cpu time : 10531.2 secs   av.it.:   3.0
      thresh= 1.000E-02 alpha_mix =  0.700 |ddv_scf|^2 =  4.513E-09

      iter #   2 total cpu time : 10542.5 secs   av.it.:  17.4
      thresh= 6.718E-06 alpha_mix =  0.700 |ddv_scf|^2 =  5.220E-10

      iter #   3 total cpu time : 10554.0 secs   av.it.:  17.6
      thresh= 2.285E-06 alpha_mix =  0.700 |ddv_scf|^2 =  6.279E-11

      iter #   4 total cpu time : 10565.3 secs   av.it.:  17.4
      thresh= 7.924E-07 alpha_mix =  0.700 |ddv_scf|^2 =  4.415E-12

      iter #   5 total cpu time : 10576.8 secs   av.it.:  17.8
      thresh= 2.101E-07 alpha_mix =  0.700 |ddv_scf|^2 =  8.346E-13

      iter #   6 total cpu time : 10587.9 secs   av.it.:  16.8
      thresh= 9.135E-08 alpha_mix =  0.700 |ddv_scf|^2 =  3.264E-14

      iter #   7 total cpu time : 10599.4 secs   av.it.:  18.1
      thresh= 1.807E-08 alpha_mix =  0.700 |ddv_scf|^2 =  1.955E-15

     End of self-consistent calculation

     Convergence has been achieved 


     Representation #  35 mode #  35

     Self-consistent Calculation

      iter #   1 total cpu time : 10606.2 secs   av.it.:   3.5
      thresh= 1.000E-02 alpha_mix =  0.700 |ddv_scf|^2 =  2.452E-08

      iter #   2 total cpu time : 10617.6 secs   av.it.:  17.8
      thresh= 1.566E-05 alpha_mix =  0.700 |ddv_scf|^2 =  2.593E-08

      iter #   3 total cpu time : 10628.8 secs   av.it.:  17.0
      thresh= 1.610E-05 alpha_mix =  0.700 |ddv_scf|^2 =  1.676E-10

      iter #   4 total cpu time : 10640.2 secs   av.it.:  17.8
      thresh= 1.294E-06 alpha_mix =  0.700 |ddv_scf|^2 =  2.085E-11

      iter #   5 total cpu time : 10651.4 secs   av.it.:  17.0
      thresh= 4.566E-07 alpha_mix =  0.700 |ddv_scf|^2 =  6.593E-13

      iter #   6 total cpu time : 10663.0 secs   av.it.:  18.1
      thresh= 8.120E-08 alpha_mix =  0.700 |ddv_scf|^2 =  1.111E-13

      iter #   7 total cpu time : 10674.4 secs   av.it.:  17.5
      thresh= 3.333E-08 alpha_mix =  0.700 |ddv_scf|^2 =  1.581E-14

      iter #   8 total cpu time : 10685.6 secs   av.it.:  17.4
      thresh= 1.257E-08 alpha_mix =  0.700 |ddv_scf|^2 =  1.708E-15

     End of self-consistent calculation

     Convergence has been achieved 


     Representation #  36 mode #  36

     Self-consistent Calculation

      iter #   1 total cpu time : 10692.3 secs   av.it.:   3.2
      thresh= 1.000E-02 alpha_mix =  0.700 |ddv_scf|^2 =  2.355E-08

      iter #   2 total cpu time : 10703.7 secs   av.it.:  17.6
      thresh= 1.535E-05 alpha_mix =  0.700 |ddv_scf|^2 =  2.521E-08

      iter #   3 total cpu time : 10714.7 secs   av.it.:  16.6
      thresh= 1.588E-05 alpha_mix =  0.700 |ddv_scf|^2 =  1.608E-10

      iter #   4 total cpu time : 10726.2 secs   av.it.:  17.6
      thresh= 1.268E-06 alpha_mix =  0.700 |ddv_scf|^2 =  2.346E-11

      iter #   5 total cpu time : 10737.5 secs   av.it.:  17.4
      thresh= 4.843E-07 alpha_mix =  0.700 |ddv_scf|^2 =  4.585E-13

      iter #   6 total cpu time : 10749.1 secs   av.it.:  18.4
      thresh= 6.772E-08 alpha_mix =  0.700 |ddv_scf|^2 =  1.541E-13

      iter #   7 total cpu time : 10760.4 secs   av.it.:  17.2
      thresh= 3.925E-08 alpha_mix =  0.700 |ddv_scf|^2 =  8.913E-15

     End of self-consistent calculation

     Convergence has been achieved 

     Number of q in the star =    1
     List of q in the star:
          1  -0.000003222  -0.483120625  -0.483121304

     Diagonalizing the dynamical matrix

     q = (   -0.000003222  -0.483120625  -0.483121304 ) 

 **************************************************************************
     freq (    1) =       7.117105 [THz] =     237.401056 [cm-1]
     freq (    2) =       7.672369 [THz] =     255.922682 [cm-1]
     freq (    3) =      11.378149 [THz] =     379.534210 [cm-1]
     freq (    4) =      13.097230 [THz] =     436.876564 [cm-1]
     freq (    5) =      13.158187 [THz] =     438.909873 [cm-1]
     freq (    6) =      16.416071 [THz] =     547.581198 [cm-1]
     freq (    7) =      17.675246 [THz] =     589.582745 [cm-1]
     freq (    8) =      18.117872 [THz] =     604.347142 [cm-1]
     freq (    9) =      19.377068 [THz] =     646.349417 [cm-1]
     freq (   10) =      19.905983 [THz] =     663.992127 [cm-1]
     freq (   11) =      20.025085 [THz] =     667.964929 [cm-1]
     freq (   12) =      20.774241 [THz] =     692.954078 [cm-1]
     freq (   13) =      20.796664 [THz] =     693.702056 [cm-1]
     freq (   14) =      21.355299 [THz] =     712.336100 [cm-1]
     freq (   15) =      21.913361 [THz] =     730.951056 [cm-1]
     freq (   16) =      22.605352 [THz] =     754.033393 [cm-1]
     freq (   17) =      22.931272 [THz] =     764.904913 [cm-1]
     freq (   18) =      24.644097 [THz] =     822.038590 [cm-1]
     freq (   19) =      24.690149 [THz] =     823.574710 [cm-1]
     freq (   20) =      25.014914 [THz] =     834.407713 [cm-1]
     freq (   21) =      27.196975 [THz] =     907.193434 [cm-1]
     freq (   22) =      27.307366 [THz] =     910.875676 [cm-1]
     freq (   23) =      29.097648 [THz] =     970.593055 [cm-1]
     freq (   24) =      30.460397 [THz] =    1016.049487 [cm-1]
     freq (   25) =      32.101038 [THz] =    1070.775370 [cm-1]
     freq (   26) =      32.757284 [THz] =    1092.665386 [cm-1]
     freq (   27) =      35.671046 [THz] =    1189.858031 [cm-1]
     freq (   28) =      36.272287 [THz] =    1209.913247 [cm-1]
     freq (   29) =      39.489246 [THz] =    1317.219474 [cm-1]
     freq (   30) =      40.161056 [THz] =    1339.628622 [cm-1]
     freq (   31) =      48.666187 [THz] =    1623.329257 [cm-1]
     freq (   32) =      50.695650 [THz] =    1691.024847 [cm-1]
     freq (   33) =      52.844401 [THz] =    1762.699468 [cm-1]
     freq (   34) =      52.861353 [THz] =    1763.264937 [cm-1]
     freq (   35) =      54.677482 [THz] =    1823.844484 [cm-1]
     freq (   36) =      56.919450 [THz] =    1898.628484 [cm-1]
 **************************************************************************

     Calculation of q =   -0.4998881  -0.0167656   0.0167623

     Parallelization info
     --------------------
     sticks:   dense  smooth     PW     G-vecs:    dense   smooth      PW
     Min        3060    1217    361               179147    45315    7265
     Max        3061    1218    362               179148    45316    7266
     Sum        6121    2435    723               358295    90631   14531


     Title: 
     Phonons                                                                    


     bravais-lattice index     =            0
     lattice parameter (alat)  =       9.7743  a.u.
     unit-cell volume          =     937.5358 (a.u.)^3
     number of atoms/cell      =           12
     number of atomic types    =            3
     number of electrons       =        24.00
     number of Kohn-Sham states=           16
     kinetic-energy cutoff     =      80.0000  Ry
     charge density cutoff     =     800.0000  Ry
     Exchange-correlation= PBE
                           (   1   4   3   4   0   0   0)

     celldm(1)=   9.774316  celldm(2)=   0.000000  celldm(3)=   0.000000
     celldm(4)=   0.000000  celldm(5)=   0.000000  celldm(6)=   0.000000

     crystal axes: (cart. coord. in units of alat)
               a(1) = (   1.002405  -0.032529   0.032522 )  
               a(2) = (  -0.032529   1.002409   0.032529 )  
               a(3) = (   0.032522   0.032529   1.002407 )  

     reciprocal axes: (cart. coord. in units 2 pi/alat)
               b(1) = (  0.999776  0.033531 -0.033525 )  
               b(2) = (  0.033532  0.999773 -0.033532 )  
               b(3) = ( -0.033525 -0.033532  0.999774 )  


     PseudoPot. # 1 for Ba read from file:
     /home/marco/ZOS_Cloud_Compute/pseudo/Ba.UPF
     MD5 check sum: c432291d3e53af55f19d5e8866385beb
     Pseudo is Projector augmented-wave + core cor, Zval = 10.0
     Generated using "atomic" code by A. Dal Corso  v.5.1
     Shape of augmentation charge: PSQ
     Using radial grid of 1251 points,  7 beta functions with: 
                l(1) =   0
                l(2) =   0
                l(3) =   0
                l(4) =   1
                l(5) =   1
                l(6) =   2
                l(7) =   2
     Q(r) pseudized with 0 coefficients 


     PseudoPot. # 2 for H  read from file:
     /home/marco/ZOS_Cloud_Compute/pseudo/H.UPF
     MD5 check sum: f52b6d4d1c606e5624b1dc7b2218f220
     Pseudo is Ultrasoft, Zval =  1.0
     Generated using "atomic" code by A. Dal Corso  v.5.1
     Using radial grid of  929 points,  2 beta functions with: 
                l(1) =   0
                l(2) =   0
     Q(r) pseudized with 0 coefficients 


     PseudoPot. # 3 for Mg read from file:
     /home/marco/ZOS_Cloud_Compute/pseudo/Mg.UPF
     MD5 check sum: 24ecedc7f3e3cbe212e682f4413594e4
     Pseudo is Projector augmented-wave + core cor, Zval =  2.0
     Generated using "atomic" code by A. Dal Corso  v.5.0.99 svn rev. 10869
     Shape of augmentation charge: PSQ
     Using radial grid of 1129 points,  4 beta functions with: 
                l(1) =   0
                l(2) =   0
                l(3) =   1
                l(4) =   1
     Q(r) pseudized with 0 coefficients 


     atomic species   valence    mass     pseudopotential
        Ba            10.00     1.00000     Ba( 1.00)
        H              1.00     1.00000     H ( 1.00)
        Mg             2.00     1.00000     Mg( 1.00)

     No symmetry found



   Cartesian axes

     site n.     atom                  positions (alat units)
         1           Mg  tau(   1) = (   0.4849284   0.4849423   0.0325299  )
         2           Ba  tau(   2) = (   0.5175157  -0.0000002   0.5174640  )
         3           Mg  tau(   3) = (  -0.0000060   0.5174702   0.5174584  )
         4           Mg  tau(   4) = (   0.0000027  -0.0000020  -0.0000057  )
         5           H   tau(   5) = (  -0.0059120   0.8553070   0.3679238  )
         6           H   tau(   6) = (   0.8152546   0.2978027   0.2196554  )
         7           H   tau(   7) = (   0.3703630   0.1820619   1.0083537  )
         8           H   tau(   8) = (   0.6669807   0.5115597   0.6970802  )
         9           H   tau(   9) = (   1.0083348   0.1470839   0.6995069  )
        10           H   tau(  10) = (   0.1871133   0.7045993   0.8477967  )
        11           H   tau(  11) = (   0.6320227   0.8203497   0.0591614  )
        12           H   tau(  12) = (   0.3353953   0.4908714   0.3703700  )

     number of k points=    16  Methfessel-Paxton smearing, width (Ry)=  0.0200
                       cart. coord. in units 2pi/alat
        k(    1) = (   0.0000000   0.0000000   0.0000000), wk =   0.2500000
        k(    2) = (  -0.4998881  -0.0167656   0.0167623), wk =   0.0000000
        k(    3) = (   0.0167626   0.0167660  -0.4998872), wk =   0.2500000
        k(    4) = (  -0.4831256   0.0000003  -0.4831249), wk =   0.0000000
        k(    5) = (  -0.0000032  -0.4831206  -0.4831213), wk =   0.2500000
        k(    6) = (  -0.4998913  -0.4998862  -0.4663590), wk =   0.0000000
        k(    7) = (  -0.4998913  -0.4998862  -0.4663590), wk =   0.2500000
        k(    8) = (  -0.9997795  -0.5166519  -0.4495966), wk =   0.0000000
        k(    9) = (   0.0167658   0.4998866  -0.0167659), wk =   0.2500000
        k(   10) = (  -0.4831223   0.4831210  -0.0000036), wk =   0.0000000
        k(   11) = (   0.4998881   0.0167656  -0.0167623), wk =   0.2500000
        k(   12) = (   0.0000000   0.0000000  -0.0000000), wk =   0.0000000
        k(   13) = (  -0.4831223   0.4831210  -0.0000036), wk =   0.2500000
        k(   14) = (  -0.9830105   0.4663553   0.0167588), wk =   0.0000000
        k(   15) = (   0.4831256  -0.0000003   0.4831249), wk =   0.2500000
        k(   16) = (  -0.0167626  -0.0167660   0.4998872), wk =   0.0000000

     Dense  grid:   358295 G-vectors     FFT dimensions: (  90,  90,  90)

     Smooth grid:    90631 G-vectors     FFT dimensions: (  60,  60,  60)

     Estimated max dynamical RAM per process >     661.95 MB

     Estimated total dynamical RAM >       1.29 GB

     The potential is recalculated from file :
     ./tmp/_ph0/BaMg3H8.q_5/BaMg3H8.save/charge-density

     Starting wfcs are   25 atomic wfcs
     Checking if some PAW data can be deallocated... 

     Band Structure Calculation
     Davidson diagonalization with overlap

     ethr =  4.17E-11,  avg # of iterations = 29.8

     total cpu time spent up to now is      112.2 secs

     End of band structure calculation

          k = 0.0000 0.0000 0.0000 ( 11349 PWs)   bands (ev):

   -23.4087  -8.6938  -8.6571  -8.6571  -3.3517   0.2198   0.2198   1.0124
     1.0125   1.2292   1.9231   2.2082   6.7214   6.7214   7.0776   7.9566

          k =-0.4999-0.0168 0.0168 ( 11302 PWs)   bands (ev):

   -23.4057  -8.8340  -8.6698  -8.6384  -1.9785  -1.8717   0.5463   1.0204
     1.1811   1.3976   1.8853   2.1477   6.2837   6.4873   7.4947   7.7458

          k = 0.0168 0.0168-0.4999 ( 11302 PWs)   bands (ev):

   -23.4057  -8.8340  -8.6698  -8.6384  -1.9785  -1.8717   0.5463   1.0204
     1.1811   1.3976   1.8853   2.1477   6.2837   6.4873   7.4946   7.7459

          k =-0.4831 0.0000-0.4831 ( 11344 PWs)   bands (ev):

   -23.4028  -8.8078  -8.7981  -8.6384  -1.3567  -0.9057  -0.5758  -0.4765
     1.1504   1.9478   1.9569   2.2985   6.5685   6.7649   7.3123   7.5199

          k =-0.0000-0.4831-0.4831 ( 11344 PWs)   bands (ev):

   -23.4028  -8.8078  -8.7981  -8.6384  -1.3567  -0.9057  -0.5757  -0.4765
     1.1505   1.9478   1.9568   2.2984   6.5685   6.7650   7.3122   7.5199

          k =-0.4999-0.4999-0.4664 ( 11344 PWs)   bands (ev):

   -23.4000  -8.7933  -8.7656  -8.7656  -0.7855  -0.7855  -0.0066   0.0878
     0.4192   0.4193   0.4856   3.7816   6.4644   8.0850   8.0851   9.2164

          k =-0.4999-0.4999-0.4664 ( 11344 PWs)   bands (ev):

   -23.4000  -8.7933  -8.7656  -8.7656  -0.7855  -0.7855  -0.0066   0.0878
     0.4192   0.4193   0.4856   3.7816   6.4644   8.0850   8.0851   9.2164

          k =-0.9998-0.5167-0.4496 ( 11344 PWs)   bands (ev):

   -23.4028  -8.8078  -8.7981  -8.6384  -1.3567  -0.9057  -0.5757  -0.4765
     1.1505   1.9478   1.9568   2.2984   6.5685   6.7650   7.3122   7.5199

          k = 0.0168 0.4999-0.0168 ( 11302 PWs)   bands (ev):

   -23.4057  -8.8340  -8.6698  -8.6384  -1.9785  -1.8717   0.5463   1.0204
     1.1811   1.3976   1.8853   2.1477   6.2837   6.4874   7.4946   7.7459

          k =-0.4831 0.4831-0.0000 ( 11344 PWs)   bands (ev):

   -23.4028  -8.8078  -8.7981  -8.6384  -1.3567  -0.9057  -0.5757  -0.4765
     1.1505   1.9478   1.9568   2.2984   6.5685   6.7650   7.3122   7.5199

          k = 0.4999 0.0168-0.0168 ( 11302 PWs)   bands (ev):

   -23.4057  -8.8340  -8.6698  -8.6384  -1.9785  -1.8717   0.5463   1.0204
     1.1811   1.3976   1.8853   2.1477   6.2837   6.4873   7.4947   7.7458

          k = 0.0000 0.0000-0.0000 ( 11349 PWs)   bands (ev):

   -23.4087  -8.6938  -8.6571  -8.6571  -3.3517   0.2198   0.2198   1.0124
     1.0125   1.2292   1.9231   2.2082   6.7214   6.7214   7.0776   7.9566

          k =-0.4831 0.4831-0.0000 ( 11344 PWs)   bands (ev):

   -23.4028  -8.8078  -8.7981  -8.6384  -1.3567  -0.9057  -0.5757  -0.4765
     1.1505   1.9478   1.9568   2.2984   6.5685   6.7650   7.3122   7.5199

          k =-0.9830 0.4664 0.0168 ( 11302 PWs)   bands (ev):

   -23.4057  -8.8340  -8.6698  -8.6384  -1.9785  -1.8717   0.5463   1.0204
     1.1811   1.3976   1.8853   2.1477   6.2837   6.4874   7.4946   7.7459

          k = 0.4831-0.0000 0.4831 ( 11344 PWs)   bands (ev):

   -23.4028  -8.8078  -8.7981  -8.6384  -1.3567  -0.9057  -0.5758  -0.4765
     1.1504   1.9478   1.9569   2.2985   6.5685   6.7649   7.3123   7.5199

          k =-0.0168-0.0168 0.4999 ( 11302 PWs)   bands (ev):

   -23.4057  -8.8340  -8.6698  -8.6384  -1.9785  -1.8717   0.5463   1.0204
     1.1811   1.3976   1.8853   2.1477   6.2837   6.4873   7.4946   7.7459

     the Fermi energy is     6.1130 ev

     Writing output data file ./tmp/_ph0/BaMg3H8.q_5/BaMg3H8.save/

     Phonons                                                                    

     bravais-lattice index     =            0
     lattice parameter (alat)  =       9.7743  a.u.
     unit-cell volume          =     937.5358 (a.u.)^3
     number of atoms/cell      =           12
     number of atomic types    =            3
     kinetic-energy cut-off    =      80.0000  Ry
     charge density cut-off    =     800.0000  Ry
     convergence threshold     =      1.0E-14
     beta                      =       0.7000
     number of iterations used =            4
     Exchange-correlation= PBE
                           (   1   4   3   4   0   0   0)


     celldm(1)=    9.77432  celldm(2)=    0.00000  celldm(3)=    0.00000
     celldm(4)=    0.00000  celldm(5)=    0.00000  celldm(6)=    0.00000

     crystal axes: (cart. coord. in units of alat)
               a(1) = (  1.0024 -0.0325  0.0325 )  
               a(2) = ( -0.0325  1.0024  0.0325 )  
               a(3) = (  0.0325  0.0325  1.0024 )  

     reciprocal axes: (cart. coord. in units 2 pi/alat)
               b(1) = (  0.9998  0.0335 -0.0335 )  
               b(2) = (  0.0335  0.9998 -0.0335 )  
               b(3) = ( -0.0335 -0.0335  0.9998 )  


     Atoms inside the unit cell: 

     Cartesian axes

     site n.  atom      mass           positions (alat units)
        1     Mg   1.0000   tau(    1) = (    0.48493    0.48494    0.03253  )
        2     Ba   1.0000   tau(    2) = (    0.51752   -0.00000    0.51746  )
        3     Mg   1.0000   tau(    3) = (   -0.00001    0.51747    0.51746  )
        4     Mg   1.0000   tau(    4) = (    0.00000   -0.00000   -0.00001  )
        5     H    1.0000   tau(    5) = (   -0.00591    0.85531    0.36792  )
        6     H    1.0000   tau(    6) = (    0.81525    0.29780    0.21966  )
        7     H    1.0000   tau(    7) = (    0.37036    0.18206    1.00835  )
        8     H    1.0000   tau(    8) = (    0.66698    0.51156    0.69708  )
        9     H    1.0000   tau(    9) = (    1.00833    0.14708    0.69951  )
       10     H    1.0000   tau(   10) = (    0.18711    0.70460    0.84780  )
       11     H    1.0000   tau(   11) = (    0.63202    0.82035    0.05916  )
       12     H    1.0000   tau(   12) = (    0.33540    0.49087    0.37037  )

     Computing dynamical matrix for 
                    q = (  -0.4998881  -0.0167656   0.0167623 )

      2 Sym.Ops. (with q -> -q+G )


     G cutoff = 1935.9896  ( 179147 G-vectors)     FFT grid: ( 90, 90, 90)
     G cutoff =  774.3958  (  45316 G-vectors)  smooth grid: ( 60, 60, 60)

     number of k points=    16  Methfessel-Paxton smearing, width (Ry)=  0.0200

     PseudoPot. # 1 for Ba read from file:
     /home/marco/ZOS_Cloud_Compute/pseudo/Ba.UPF
     MD5 check sum: c432291d3e53af55f19d5e8866385beb
     Pseudo is Projector augmented-wave + core cor, Zval = 10.0
     Generated using "atomic" code by A. Dal Corso  v.5.1
     Shape of augmentation charge: PSQ
     Using radial grid of 1251 points,  7 beta functions with: 
                l(1) =   0
                l(2) =   0
                l(3) =   0
                l(4) =   1
                l(5) =   1
                l(6) =   2
                l(7) =   2
     Q(r) pseudized with 0 coefficients 


     PseudoPot. # 2 for H  read from file:
     /home/marco/ZOS_Cloud_Compute/pseudo/H.UPF
     MD5 check sum: f52b6d4d1c606e5624b1dc7b2218f220
     Pseudo is Ultrasoft, Zval =  1.0
     Generated using "atomic" code by A. Dal Corso  v.5.1
     Using radial grid of  929 points,  2 beta functions with: 
                l(1) =   0
                l(2) =   0
     Q(r) pseudized with 0 coefficients 


     PseudoPot. # 3 for Mg read from file:
     /home/marco/ZOS_Cloud_Compute/pseudo/Mg.UPF
     MD5 check sum: 24ecedc7f3e3cbe212e682f4413594e4
     Pseudo is Projector augmented-wave + core cor, Zval =  2.0
     Generated using "atomic" code by A. Dal Corso  v.5.0.99 svn rev. 10869
     Shape of augmentation charge: PSQ
     Using radial grid of 1129 points,  4 beta functions with: 
                l(1) =   0
                l(2) =   0
                l(3) =   1
                l(4) =   1
     Q(r) pseudized with 0 coefficients 



     Atomic displacements:
     There are   36 irreducible representations

     Representation     1      1 modes -  To be done

     Representation     2      1 modes -  To be done

     Representation     3      1 modes -  To be done

     Representation     4      1 modes -  To be done

     Representation     5      1 modes -  To be done

     Representation     6      1 modes -  To be done

     Representation     7      1 modes -  To be done

     Representation     8      1 modes -  To be done

     Representation     9      1 modes -  To be done

     Representation    10      1 modes -  To be done

     Representation    11      1 modes -  To be done

     Representation    12      1 modes -  To be done

     Representation    13      1 modes -  To be done

     Representation    14      1 modes -  To be done

     Representation    15      1 modes -  To be done

     Representation    16      1 modes -  To be done

     Representation    17      1 modes -  To be done

     Representation    18      1 modes -  To be done

     Representation    19      1 modes -  To be done

     Representation    20      1 modes -  To be done

     Representation    21      1 modes -  To be done

     Representation    22      1 modes -  To be done

     Representation    23      1 modes -  To be done

     Representation    24      1 modes -  To be done

     Representation    25      1 modes -  To be done

     Representation    26      1 modes -  To be done

     Representation    27      1 modes -  To be done

     Representation    28      1 modes -  To be done

     Representation    29      1 modes -  To be done

     Representation    30      1 modes -  To be done

     Representation    31      1 modes -  To be done

     Representation    32      1 modes -  To be done

     Representation    33      1 modes -  To be done

     Representation    34      1 modes -  To be done

     Representation    35      1 modes -  To be done

     Representation    36      1 modes -  To be done



     Alpha used in Ewald sum =   2.8000
     PHONON       :      3h40m CPU      3h 1m WALL



     Representation #   1 mode #   1

     Self-consistent Calculation

      iter #   1 total cpu time : 10903.0 secs   av.it.:   3.2
      thresh= 1.000E-02 alpha_mix =  0.700 |ddv_scf|^2 =  1.117E-07

      iter #   2 total cpu time : 10913.2 secs   av.it.:  14.6
      thresh= 3.342E-05 alpha_mix =  0.700 |ddv_scf|^2 =  3.107E-07

      iter #   3 total cpu time : 10923.0 secs   av.it.:  13.4
      thresh= 5.574E-05 alpha_mix =  0.700 |ddv_scf|^2 =  7.863E-11

      iter #   4 total cpu time : 10933.6 secs   av.it.:  15.6
      thresh= 8.867E-07 alpha_mix =  0.700 |ddv_scf|^2 =  1.151E-11

      iter #   5 total cpu time : 10943.9 secs   av.it.:  14.6
      thresh= 3.393E-07 alpha_mix =  0.700 |ddv_scf|^2 =  3.698E-13

      iter #   6 total cpu time : 10954.0 secs   av.it.:  14.6
      thresh= 6.081E-08 alpha_mix =  0.700 |ddv_scf|^2 =  4.453E-15

     End of self-consistent calculation

     Convergence has been achieved 


     Representation #   2 mode #   2

     Self-consistent Calculation

      iter #   1 total cpu time : 10960.5 secs   av.it.:   3.0
      thresh= 1.000E-02 alpha_mix =  0.700 |ddv_scf|^2 =  2.341E-09

      iter #   2 total cpu time : 10970.8 secs   av.it.:  15.0
      thresh= 4.839E-06 alpha_mix =  0.700 |ddv_scf|^2 =  6.252E-10

      iter #   3 total cpu time : 10981.2 secs   av.it.:  15.0
      thresh= 2.500E-06 alpha_mix =  0.700 |ddv_scf|^2 =  1.847E-10

      iter #   4 total cpu time : 10991.5 secs   av.it.:  14.2
      thresh= 1.359E-06 alpha_mix =  0.700 |ddv_scf|^2 =  4.892E-11

      iter #   5 total cpu time : 11001.6 secs   av.it.:  14.1
      thresh= 6.994E-07 alpha_mix =  0.700 |ddv_scf|^2 =  1.621E-13

      iter #   6 total cpu time : 11012.2 secs   av.it.:  15.5
      thresh= 4.026E-08 alpha_mix =  0.700 |ddv_scf|^2 =  4.473E-15

     End of self-consistent calculation

     Convergence has been achieved 


     Representation #   3 mode #   3

     Self-consistent Calculation

      iter #   1 total cpu time : 11018.6 secs   av.it.:   3.0
      thresh= 1.000E-02 alpha_mix =  0.700 |ddv_scf|^2 =  2.347E-09

      iter #   2 total cpu time : 11029.0 secs   av.it.:  15.0
      thresh= 4.844E-06 alpha_mix =  0.700 |ddv_scf|^2 =  6.024E-10

      iter #   3 total cpu time : 11039.5 secs   av.it.:  15.0
      thresh= 2.454E-06 alpha_mix =  0.700 |ddv_scf|^2 =  1.652E-10

      iter #   4 total cpu time : 11049.7 secs   av.it.:  14.2
      thresh= 1.285E-06 alpha_mix =  0.700 |ddv_scf|^2 =  5.278E-11

      iter #   5 total cpu time : 11060.0 secs   av.it.:  14.1
      thresh= 7.265E-07 alpha_mix =  0.700 |ddv_scf|^2 =  1.630E-13

      iter #   6 total cpu time : 11070.6 secs   av.it.:  15.8
      thresh= 4.038E-08 alpha_mix =  0.700 |ddv_scf|^2 =  4.462E-15

     End of self-consistent calculation

     Convergence has been achieved 


     Representation #   4 mode #   4

     Self-consistent Calculation

      iter #   1 total cpu time : 11078.5 secs   av.it.:   6.0
      thresh= 1.000E-02 alpha_mix =  0.700 |ddv_scf|^2 =  5.380E-06

      iter #   2 total cpu time : 11088.8 secs   av.it.:  14.4
      thresh= 2.319E-04 alpha_mix =  0.700 |ddv_scf|^2 =  1.573E-05

      iter #   3 total cpu time : 11098.7 secs   av.it.:  13.4
      thresh= 3.966E-04 alpha_mix =  0.700 |ddv_scf|^2 =  4.829E-09

      iter #   4 total cpu time : 11109.1 secs   av.it.:  15.1
      thresh= 6.949E-06 alpha_mix =  0.700 |ddv_scf|^2 =  4.050E-10

      iter #   5 total cpu time : 11119.0 secs   av.it.:  14.1
      thresh= 2.013E-06 alpha_mix =  0.700 |ddv_scf|^2 =  9.183E-11

      iter #   6 total cpu time : 11129.3 secs   av.it.:  14.8
      thresh= 9.583E-07 alpha_mix =  0.700 |ddv_scf|^2 =  1.287E-11

      iter #   7 total cpu time : 11140.0 secs   av.it.:  15.5
      thresh= 3.587E-07 alpha_mix =  0.700 |ddv_scf|^2 =  3.552E-13

      iter #   8 total cpu time : 11151.3 secs   av.it.:  17.5
      thresh= 5.960E-08 alpha_mix =  0.700 |ddv_scf|^2 =  7.214E-14

      iter #   9 total cpu time : 11162.7 secs   av.it.:  17.4
      thresh= 2.686E-08 alpha_mix =  0.700 |ddv_scf|^2 =  2.467E-14

      iter #  10 total cpu time : 11173.8 secs   av.it.:  17.2
      thresh= 1.571E-08 alpha_mix =  0.700 |ddv_scf|^2 =  3.968E-15

     End of self-consistent calculation

     Convergence has been achieved 


     Representation #   5 mode #   5

     Self-consistent Calculation

      iter #   1 total cpu time : 11181.3 secs   av.it.:   5.4
      thresh= 1.000E-02 alpha_mix =  0.700 |ddv_scf|^2 =  2.311E-07

      iter #   2 total cpu time : 11191.6 secs   av.it.:  14.8
      thresh= 4.807E-05 alpha_mix =  0.700 |ddv_scf|^2 =  7.320E-08

      iter #   3 total cpu time : 11202.0 secs   av.it.:  14.9
      thresh= 2.706E-05 alpha_mix =  0.700 |ddv_scf|^2 =  1.059E-08

      iter #   4 total cpu time : 11211.9 secs   av.it.:  14.0
      thresh= 1.029E-05 alpha_mix =  0.700 |ddv_scf|^2 =  4.837E-10

      iter #   5 total cpu time : 11222.0 secs   av.it.:  14.2
      thresh= 2.199E-06 alpha_mix =  0.700 |ddv_scf|^2 =  9.220E-11

      iter #   6 total cpu time : 11232.1 secs   av.it.:  14.6
      thresh= 9.602E-07 alpha_mix =  0.700 |ddv_scf|^2 =  1.329E-11

      iter #   7 total cpu time : 11242.6 secs   av.it.:  15.0
      thresh= 3.646E-07 alpha_mix =  0.700 |ddv_scf|^2 =  6.684E-13

      iter #   8 total cpu time : 11253.6 secs   av.it.:  16.5
      thresh= 8.175E-08 alpha_mix =  0.700 |ddv_scf|^2 =  4.270E-14

      iter #   9 total cpu time : 11265.2 secs   av.it.:  17.9
      thresh= 2.067E-08 alpha_mix =  0.700 |ddv_scf|^2 =  2.793E-14

      iter #  10 total cpu time : 11276.2 secs   av.it.:  16.9
      thresh= 1.671E-08 alpha_mix =  0.700 |ddv_scf|^2 =  1.053E-14

      iter #  11 total cpu time : 11286.6 secs   av.it.:  15.0
      thresh= 1.026E-08 alpha_mix =  0.700 |ddv_scf|^2 =  5.643E-16

     End of self-consistent calculation

     Convergence has been achieved 


     Representation #   6 mode #   6

     Self-consistent Calculation

      iter #   1 total cpu time : 11294.0 secs   av.it.:   5.4
      thresh= 1.000E-02 alpha_mix =  0.700 |ddv_scf|^2 =  2.314E-07

      iter #   2 total cpu time : 11304.2 secs   av.it.:  14.8
      thresh= 4.810E-05 alpha_mix =  0.700 |ddv_scf|^2 =  7.292E-08

      iter #   3 total cpu time : 11314.5 secs   av.it.:  14.9
      thresh= 2.700E-05 alpha_mix =  0.700 |ddv_scf|^2 =  1.017E-08

      iter #   4 total cpu time : 11324.5 secs   av.it.:  13.9
      thresh= 1.008E-05 alpha_mix =  0.700 |ddv_scf|^2 =  4.843E-10

      iter #   5 total cpu time : 11334.5 secs   av.it.:  14.2
      thresh= 2.201E-06 alpha_mix =  0.700 |ddv_scf|^2 =  9.147E-11

      iter #   6 total cpu time : 11344.5 secs   av.it.:  14.4
      thresh= 9.564E-07 alpha_mix =  0.700 |ddv_scf|^2 =  1.326E-11

      iter #   7 total cpu time : 11354.8 secs   av.it.:  14.9
      thresh= 3.641E-07 alpha_mix =  0.700 |ddv_scf|^2 =  6.304E-13

      iter #   8 total cpu time : 11365.6 secs   av.it.:  16.4
      thresh= 7.940E-08 alpha_mix =  0.700 |ddv_scf|^2 =  3.436E-14

      iter #   9 total cpu time : 11376.9 secs   av.it.:  17.5
      thresh= 1.854E-08 alpha_mix =  0.700 |ddv_scf|^2 =  1.861E-14

      iter #  10 total cpu time : 11387.8 secs   av.it.:  16.8
      thresh= 1.364E-08 alpha_mix =  0.700 |ddv_scf|^2 =  9.529E-15

     End of self-consistent calculation

     Convergence has been achieved 


     Representation #   7 mode #   7

     Self-consistent Calculation

      iter #   1 total cpu time : 11394.4 secs   av.it.:   3.0
      thresh= 1.000E-02 alpha_mix =  0.700 |ddv_scf|^2 =  7.666E-08

      iter #   2 total cpu time : 11404.4 secs   av.it.:  13.8
      thresh= 2.769E-05 alpha_mix =  0.700 |ddv_scf|^2 =  1.097E-07

      iter #   3 total cpu time : 11414.0 secs   av.it.:  13.0
      thresh= 3.312E-05 alpha_mix =  0.700 |ddv_scf|^2 =  1.139E-10

      iter #   4 total cpu time : 11424.3 secs   av.it.:  14.8
      thresh= 1.067E-06 alpha_mix =  0.700 |ddv_scf|^2 =  4.312E-12

      iter #   5 total cpu time : 11434.9 secs   av.it.:  15.2
      thresh= 2.077E-07 alpha_mix =  0.700 |ddv_scf|^2 =  6.030E-13

      iter #   6 total cpu time : 11445.5 secs   av.it.:  15.4
      thresh= 7.765E-08 alpha_mix =  0.700 |ddv_scf|^2 =  2.264E-14

      iter #   7 total cpu time : 11456.2 secs   av.it.:  16.4
      thresh= 1.505E-08 alpha_mix =  0.700 |ddv_scf|^2 =  4.531E-15

     End of self-consistent calculation

     Convergence has been achieved 


     Representation #   8 mode #   8

     Self-consistent Calculation

      iter #   1 total cpu time : 11462.6 secs   av.it.:   2.9
      thresh= 1.000E-02 alpha_mix =  0.700 |ddv_scf|^2 =  1.880E-09

      iter #   2 total cpu time : 11473.1 secs   av.it.:  15.0
      thresh= 4.336E-06 alpha_mix =  0.700 |ddv_scf|^2 =  3.290E-10

      iter #   3 total cpu time : 11483.5 secs   av.it.:  14.8
      thresh= 1.814E-06 alpha_mix =  0.700 |ddv_scf|^2 =  8.560E-11

      iter #   4 total cpu time : 11493.6 secs   av.it.:  14.0
      thresh= 9.252E-07 alpha_mix =  0.700 |ddv_scf|^2 =  1.388E-11

      iter #   5 total cpu time : 11503.8 secs   av.it.:  14.4
      thresh= 3.726E-07 alpha_mix =  0.700 |ddv_scf|^2 =  4.752E-14

      iter #   6 total cpu time : 11515.1 secs   av.it.:  17.4
      thresh= 2.180E-08 alpha_mix =  0.700 |ddv_scf|^2 =  6.652E-15

     End of self-consistent calculation

     Convergence has been achieved 


     Representation #   9 mode #   9

     Self-consistent Calculation

      iter #   1 total cpu time : 11521.4 secs   av.it.:   2.8
      thresh= 1.000E-02 alpha_mix =  0.700 |ddv_scf|^2 =  1.970E-09

      iter #   2 total cpu time : 11531.6 secs   av.it.:  14.2
      thresh= 4.439E-06 alpha_mix =  0.700 |ddv_scf|^2 =  5.909E-10

      iter #   3 total cpu time : 11541.8 secs   av.it.:  14.1
      thresh= 2.431E-06 alpha_mix =  0.700 |ddv_scf|^2 =  1.446E-10

      iter #   4 total cpu time : 11551.7 secs   av.it.:  13.9
      thresh= 1.202E-06 alpha_mix =  0.700 |ddv_scf|^2 =  8.308E-12

      iter #   5 total cpu time : 11562.0 secs   av.it.:  14.5
      thresh= 2.882E-07 alpha_mix =  0.700 |ddv_scf|^2 =  3.597E-14

      iter #   6 total cpu time : 11572.9 secs   av.it.:  16.6
      thresh= 1.897E-08 alpha_mix =  0.700 |ddv_scf|^2 =  2.928E-15

     End of self-consistent calculation

     Convergence has been achieved 


     Representation #  10 mode #  10

     Self-consistent Calculation

      iter #   1 total cpu time : 11579.6 secs   av.it.:   3.0
      thresh= 1.000E-02 alpha_mix =  0.700 |ddv_scf|^2 =  7.638E-08

      iter #   2 total cpu time : 11589.6 secs   av.it.:  14.0
      thresh= 2.764E-05 alpha_mix =  0.700 |ddv_scf|^2 =  1.095E-07

      iter #   3 total cpu time : 11599.3 secs   av.it.:  13.0
      thresh= 3.308E-05 alpha_mix =  0.700 |ddv_scf|^2 =  1.153E-10

      iter #   4 total cpu time : 11609.6 secs   av.it.:  14.5
      thresh= 1.074E-06 alpha_mix =  0.700 |ddv_scf|^2 =  4.245E-12

      iter #   5 total cpu time : 11620.2 secs   av.it.:  15.1
      thresh= 2.060E-07 alpha_mix =  0.700 |ddv_scf|^2 =  6.161E-13

      iter #   6 total cpu time : 11630.9 secs   av.it.:  15.5
      thresh= 7.849E-08 alpha_mix =  0.700 |ddv_scf|^2 =  2.107E-14

      iter #   7 total cpu time : 11641.8 secs   av.it.:  16.1
      thresh= 1.452E-08 alpha_mix =  0.700 |ddv_scf|^2 =  4.531E-15

     End of self-consistent calculation

     Convergence has been achieved 


     Representation #  11 mode #  11

     Self-consistent Calculation

      iter #   1 total cpu time : 11648.2 secs   av.it.:   2.4
      thresh= 1.000E-02 alpha_mix =  0.700 |ddv_scf|^2 =  1.917E-09

      iter #   2 total cpu time : 11658.5 secs   av.it.:  14.2
      thresh= 4.379E-06 alpha_mix =  0.700 |ddv_scf|^2 =  4.836E-10

      iter #   3 total cpu time : 11668.8 secs   av.it.:  14.6
      thresh= 2.199E-06 alpha_mix =  0.700 |ddv_scf|^2 =  1.358E-10

      iter #   4 total cpu time : 11678.8 secs   av.it.:  13.5
      thresh= 1.165E-06 alpha_mix =  0.700 |ddv_scf|^2 =  9.434E-12

      iter #   5 total cpu time : 11688.9 secs   av.it.:  14.2
      thresh= 3.072E-07 alpha_mix =  0.700 |ddv_scf|^2 =  3.116E-14

      iter #   6 total cpu time : 11700.0 secs   av.it.:  16.9
      thresh= 1.765E-08 alpha_mix =  0.700 |ddv_scf|^2 =  3.630E-15

     End of self-consistent calculation

     Convergence has been achieved 


     Representation #  12 mode #  12

     Self-consistent Calculation

      iter #   1 total cpu time : 11706.4 secs   av.it.:   2.9
      thresh= 1.000E-02 alpha_mix =  0.700 |ddv_scf|^2 =  1.844E-09

      iter #   2 total cpu time : 11716.7 secs   av.it.:  14.9
      thresh= 4.294E-06 alpha_mix =  0.700 |ddv_scf|^2 =  2.515E-10

      iter #   3 total cpu time : 11727.1 secs   av.it.:  14.8
      thresh= 1.586E-06 alpha_mix =  0.700 |ddv_scf|^2 =  5.165E-11

      iter #   4 total cpu time : 11737.2 secs   av.it.:  14.1
      thresh= 7.187E-07 alpha_mix =  0.700 |ddv_scf|^2 =  1.707E-11

      iter #   5 total cpu time : 11747.2 secs   av.it.:  13.9
      thresh= 4.132E-07 alpha_mix =  0.700 |ddv_scf|^2 =  4.559E-14

      iter #   6 total cpu time : 11758.3 secs   av.it.:  17.1
      thresh= 2.135E-08 alpha_mix =  0.700 |ddv_scf|^2 =  3.410E-15

     End of self-consistent calculation

     Convergence has been achieved 


     Representation #  13 mode #  13

     Self-consistent Calculation

      iter #   1 total cpu time : 11765.0 secs   av.it.:   3.8
      thresh= 1.000E-02 alpha_mix =  0.700 |ddv_scf|^2 =  6.958E-08

      iter #   2 total cpu time : 11776.0 secs   av.it.:  16.4
      thresh= 2.638E-05 alpha_mix =  0.700 |ddv_scf|^2 =  9.268E-08

      iter #   3 total cpu time : 11786.2 secs   av.it.:  14.6
      thresh= 3.044E-05 alpha_mix =  0.700 |ddv_scf|^2 =  6.708E-11

      iter #   4 total cpu time : 11797.9 secs   av.it.:  18.2
      thresh= 8.190E-07 alpha_mix =  0.700 |ddv_scf|^2 =  3.458E-11

      iter #   5 total cpu time : 11808.8 secs   av.it.:  16.4
      thresh= 5.880E-07 alpha_mix =  0.700 |ddv_scf|^2 =  7.960E-12

      iter #   6 total cpu time : 11819.9 secs   av.it.:  16.8
      thresh= 2.821E-07 alpha_mix =  0.700 |ddv_scf|^2 =  1.377E-13

      iter #   7 total cpu time : 11831.2 secs   av.it.:  17.8
      thresh= 3.711E-08 alpha_mix =  0.700 |ddv_scf|^2 =  5.476E-15

     End of self-consistent calculation

     Convergence has been achieved 


     Representation #  14 mode #  14

     Self-consistent Calculation

      iter #   1 total cpu time : 11837.8 secs   av.it.:   3.0
      thresh= 1.000E-02 alpha_mix =  0.700 |ddv_scf|^2 =  5.034E-09

      iter #   2 total cpu time : 11849.0 secs   av.it.:  17.4
      thresh= 7.095E-06 alpha_mix =  0.700 |ddv_scf|^2 =  5.560E-10

      iter #   3 total cpu time : 11860.3 secs   av.it.:  17.4
      thresh= 2.358E-06 alpha_mix =  0.700 |ddv_scf|^2 =  5.657E-11

      iter #   4 total cpu time : 11871.4 secs   av.it.:  16.9
      thresh= 7.522E-07 alpha_mix =  0.700 |ddv_scf|^2 =  2.342E-11

      iter #   5 total cpu time : 11882.1 secs   av.it.:  16.1
      thresh= 4.839E-07 alpha_mix =  0.700 |ddv_scf|^2 =  1.135E-12

      iter #   6 total cpu time : 11893.3 secs   av.it.:  17.1
      thresh= 1.065E-07 alpha_mix =  0.700 |ddv_scf|^2 =  1.646E-13

      iter #   7 total cpu time : 11904.4 secs   av.it.:  16.9
      thresh= 4.057E-08 alpha_mix =  0.700 |ddv_scf|^2 =  2.757E-15

     End of self-consistent calculation

     Convergence has been achieved 


     Representation #  15 mode #  15

     Self-consistent Calculation

      iter #   1 total cpu time : 11910.9 secs   av.it.:   3.0
      thresh= 1.000E-02 alpha_mix =  0.700 |ddv_scf|^2 =  5.036E-09

      iter #   2 total cpu time : 11922.1 secs   av.it.:  17.4
      thresh= 7.097E-06 alpha_mix =  0.700 |ddv_scf|^2 =  5.783E-10

      iter #   3 total cpu time : 11933.4 secs   av.it.:  17.4
      thresh= 2.405E-06 alpha_mix =  0.700 |ddv_scf|^2 =  6.464E-11

      iter #   4 total cpu time : 11944.6 secs   av.it.:  16.9
      thresh= 8.040E-07 alpha_mix =  0.700 |ddv_scf|^2 =  2.180E-11

      iter #   5 total cpu time : 11955.5 secs   av.it.:  16.2
      thresh= 4.669E-07 alpha_mix =  0.700 |ddv_scf|^2 =  1.426E-12

      iter #   6 total cpu time : 11966.6 secs   av.it.:  16.8
      thresh= 1.194E-07 alpha_mix =  0.700 |ddv_scf|^2 =  1.513E-13

      iter #   7 total cpu time : 11977.7 secs   av.it.:  17.2
      thresh= 3.890E-08 alpha_mix =  0.700 |ddv_scf|^2 =  2.417E-15

     End of self-consistent calculation

     Convergence has been achieved 


     Representation #  16 mode #  16

     Self-consistent Calculation

      iter #   1 total cpu time : 11984.2 secs   av.it.:   3.0
      thresh= 1.000E-02 alpha_mix =  0.700 |ddv_scf|^2 =  7.307E-08

      iter #   2 total cpu time : 11995.5 secs   av.it.:  17.2
      thresh= 2.703E-05 alpha_mix =  0.700 |ddv_scf|^2 =  1.300E-07

      iter #   3 total cpu time : 12006.3 secs   av.it.:  16.0
      thresh= 3.606E-05 alpha_mix =  0.700 |ddv_scf|^2 =  1.774E-09

      iter #   4 total cpu time : 12017.1 secs   av.it.:  16.0
      thresh= 4.212E-06 alpha_mix =  0.700 |ddv_scf|^2 =  3.968E-11

      iter #   5 total cpu time : 12028.4 secs   av.it.:  17.4
      thresh= 6.299E-07 alpha_mix =  0.700 |ddv_scf|^2 =  2.965E-12

      iter #   6 total cpu time : 12039.8 secs   av.it.:  17.5
      thresh= 1.722E-07 alpha_mix =  0.700 |ddv_scf|^2 =  1.295E-13

      iter #   7 total cpu time : 12051.2 secs   av.it.:  17.5
      thresh= 3.598E-08 alpha_mix =  0.700 |ddv_scf|^2 =  4.604E-15

     End of self-consistent calculation

     Convergence has been achieved 


     Representation #  17 mode #  17

     Self-consistent Calculation

      iter #   1 total cpu time : 12057.6 secs   av.it.:   3.0
      thresh= 1.000E-02 alpha_mix =  0.700 |ddv_scf|^2 =  4.497E-09

      iter #   2 total cpu time : 12069.1 secs   av.it.:  17.6
      thresh= 6.706E-06 alpha_mix =  0.700 |ddv_scf|^2 =  4.864E-10

      iter #   3 total cpu time : 12080.4 secs   av.it.:  17.8
      thresh= 2.206E-06 alpha_mix =  0.700 |ddv_scf|^2 =  1.387E-10

      iter #   4 total cpu time : 12090.9 secs   av.it.:  15.2
      thresh= 1.178E-06 alpha_mix =  0.700 |ddv_scf|^2 =  1.545E-11

      iter #   5 total cpu time : 12101.8 secs   av.it.:  16.4
      thresh= 3.930E-07 alpha_mix =  0.700 |ddv_scf|^2 =  1.385E-13

      iter #   6 total cpu time : 12113.4 secs   av.it.:  18.0
      thresh= 3.721E-08 alpha_mix =  0.700 |ddv_scf|^2 =  1.641E-14

      iter #   7 total cpu time : 12124.7 secs   av.it.:  17.8
      thresh= 1.281E-08 alpha_mix =  0.700 |ddv_scf|^2 =  3.898E-15

     End of self-consistent calculation

     Convergence has been achieved 


     Representation #  18 mode #  18

     Self-consistent Calculation

      iter #   1 total cpu time : 12131.1 secs   av.it.:   3.0
      thresh= 1.000E-02 alpha_mix =  0.700 |ddv_scf|^2 =  4.514E-09

      iter #   2 total cpu time : 12142.5 secs   av.it.:  17.8
      thresh= 6.719E-06 alpha_mix =  0.700 |ddv_scf|^2 =  5.075E-10

      iter #   3 total cpu time : 12153.9 secs   av.it.:  17.6
      thresh= 2.253E-06 alpha_mix =  0.700 |ddv_scf|^2 =  1.444E-10

      iter #   4 total cpu time : 12164.5 secs   av.it.:  15.8
      thresh= 1.202E-06 alpha_mix =  0.700 |ddv_scf|^2 =  1.593E-11

      iter #   5 total cpu time : 12175.4 secs   av.it.:  16.5
      thresh= 3.992E-07 alpha_mix =  0.700 |ddv_scf|^2 =  1.696E-13

      iter #   6 total cpu time : 12187.1 secs   av.it.:  18.2
      thresh= 4.118E-08 alpha_mix =  0.700 |ddv_scf|^2 =  5.330E-14

      iter #   7 total cpu time : 12198.1 secs   av.it.:  16.8
      thresh= 2.309E-08 alpha_mix =  0.700 |ddv_scf|^2 =  5.677E-15

     End of self-consistent calculation

     Convergence has been achieved 


     Representation #  19 mode #  19

     Self-consistent Calculation

      iter #   1 total cpu time : 12204.8 secs   av.it.:   3.4
      thresh= 1.000E-02 alpha_mix =  0.700 |ddv_scf|^2 =  8.655E-08

      iter #   2 total cpu time : 12216.0 secs   av.it.:  17.1
      thresh= 2.942E-05 alpha_mix =  0.700 |ddv_scf|^2 =  2.157E-07

      iter #   3 total cpu time : 12226.4 secs   av.it.:  15.1
      thresh= 4.644E-05 alpha_mix =  0.700 |ddv_scf|^2 =  9.567E-10

      iter #   4 total cpu time : 12237.4 secs   av.it.:  16.5
      thresh= 3.093E-06 alpha_mix =  0.700 |ddv_scf|^2 =  6.518E-11

      iter #   5 total cpu time : 12248.5 secs   av.it.:  17.0
      thresh= 8.073E-07 alpha_mix =  0.700 |ddv_scf|^2 =  3.287E-12

      iter #   6 total cpu time : 12259.8 secs   av.it.:  17.5
      thresh= 1.813E-07 alpha_mix =  0.700 |ddv_scf|^2 =  8.215E-14

      iter #   7 total cpu time : 12271.0 secs   av.it.:  17.4
      thresh= 2.866E-08 alpha_mix =  0.700 |ddv_scf|^2 =  1.850E-15

     End of self-consistent calculation

     Convergence has been achieved 


     Representation #  20 mode #  20

     Self-consistent Calculation

      iter #   1 total cpu time : 12277.6 secs   av.it.:   3.0
      thresh= 1.000E-02 alpha_mix =  0.700 |ddv_scf|^2 =  5.558E-09

      iter #   2 total cpu time : 12288.9 secs   av.it.:  17.4
      thresh= 7.455E-06 alpha_mix =  0.700 |ddv_scf|^2 =  2.753E-09

      iter #   3 total cpu time : 12300.0 secs   av.it.:  16.9
      thresh= 5.247E-06 alpha_mix =  0.700 |ddv_scf|^2 =  8.495E-10

      iter #   4 total cpu time : 12310.7 secs   av.it.:  16.0
      thresh= 2.915E-06 alpha_mix =  0.700 |ddv_scf|^2 =  1.683E-11

      iter #   5 total cpu time : 12322.0 secs   av.it.:  17.4
      thresh= 4.102E-07 alpha_mix =  0.700 |ddv_scf|^2 =  3.732E-12

      iter #   6 total cpu time : 12332.9 secs   av.it.:  16.4
      thresh= 1.932E-07 alpha_mix =  0.700 |ddv_scf|^2 =  5.974E-14

      iter #   7 total cpu time : 12344.5 secs   av.it.:  18.2
      thresh= 2.444E-08 alpha_mix =  0.700 |ddv_scf|^2 =  4.964E-15

     End of self-consistent calculation

     Convergence has been achieved 


     Representation #  21 mode #  21

     Self-consistent Calculation

      iter #   1 total cpu time : 12351.1 secs   av.it.:   3.4
      thresh= 1.000E-02 alpha_mix =  0.700 |ddv_scf|^2 =  4.986E-09

      iter #   2 total cpu time : 12362.4 secs   av.it.:  17.6
      thresh= 7.061E-06 alpha_mix =  0.700 |ddv_scf|^2 =  1.064E-09

      iter #   3 total cpu time : 12373.7 secs   av.it.:  17.5
      thresh= 3.262E-06 alpha_mix =  0.700 |ddv_scf|^2 =  2.722E-10

      iter #   4 total cpu time : 12384.4 secs   av.it.:  15.8
      thresh= 1.650E-06 alpha_mix =  0.700 |ddv_scf|^2 =  2.227E-11

      iter #   5 total cpu time : 12395.4 secs   av.it.:  16.5
      thresh= 4.720E-07 alpha_mix =  0.700 |ddv_scf|^2 =  3.462E-13

      iter #   6 total cpu time : 12406.9 secs   av.it.:  17.9
      thresh= 5.884E-08 alpha_mix =  0.700 |ddv_scf|^2 =  1.243E-13

      iter #   7 total cpu time : 12417.8 secs   av.it.:  16.5
      thresh= 3.525E-08 alpha_mix =  0.700 |ddv_scf|^2 =  7.609E-15

     End of self-consistent calculation

     Convergence has been achieved 


     Representation #  22 mode #  22

     Self-consistent Calculation

      iter #   1 total cpu time : 12424.5 secs   av.it.:   3.4
      thresh= 1.000E-02 alpha_mix =  0.700 |ddv_scf|^2 =  8.576E-08

      iter #   2 total cpu time : 12435.7 secs   av.it.:  17.2
      thresh= 2.929E-05 alpha_mix =  0.700 |ddv_scf|^2 =  2.128E-07

      iter #   3 total cpu time : 12446.3 secs   av.it.:  15.4
      thresh= 4.613E-05 alpha_mix =  0.700 |ddv_scf|^2 =  9.695E-10

      iter #   4 total cpu time : 12457.3 secs   av.it.:  16.8
      thresh= 3.114E-06 alpha_mix =  0.700 |ddv_scf|^2 =  6.487E-11

      iter #   5 total cpu time : 12468.5 secs   av.it.:  17.1
      thresh= 8.054E-07 alpha_mix =  0.700 |ddv_scf|^2 =  3.314E-12

      iter #   6 total cpu time : 12479.9 secs   av.it.:  17.8
      thresh= 1.820E-07 alpha_mix =  0.700 |ddv_scf|^2 =  8.401E-14

      iter #   7 total cpu time : 12491.2 secs   av.it.:  17.2
      thresh= 2.899E-08 alpha_mix =  0.700 |ddv_scf|^2 =  2.232E-15

     End of self-consistent calculation

     Convergence has been achieved 


     Representation #  23 mode #  23

     Self-consistent Calculation

      iter #   1 total cpu time : 12497.9 secs   av.it.:   3.1
      thresh= 1.000E-02 alpha_mix =  0.700 |ddv_scf|^2 =  4.943E-09

      iter #   2 total cpu time : 12509.3 secs   av.it.:  17.5
      thresh= 7.031E-06 alpha_mix =  0.700 |ddv_scf|^2 =  1.046E-09

      iter #   3 total cpu time : 12520.7 secs   av.it.:  17.1
      thresh= 3.235E-06 alpha_mix =  0.700 |ddv_scf|^2 =  2.769E-10

      iter #   4 total cpu time : 12531.5 secs   av.it.:  16.0
      thresh= 1.664E-06 alpha_mix =  0.700 |ddv_scf|^2 =  2.249E-11

      iter #   5 total cpu time : 12542.7 secs   av.it.:  17.0
      thresh= 4.742E-07 alpha_mix =  0.700 |ddv_scf|^2 =  6.712E-13

      iter #   6 total cpu time : 12554.2 secs   av.it.:  17.2
      thresh= 8.192E-08 alpha_mix =  0.700 |ddv_scf|^2 =  1.770E-13

      iter #   7 total cpu time : 12565.6 secs   av.it.:  16.8
      thresh= 4.208E-08 alpha_mix =  0.700 |ddv_scf|^2 =  5.244E-15

     End of self-consistent calculation

     Convergence has been achieved 


     Representation #  24 mode #  24

     Self-consistent Calculation

      iter #   1 total cpu time : 12572.2 secs   av.it.:   3.0
      thresh= 1.000E-02 alpha_mix =  0.700 |ddv_scf|^2 =  5.610E-09

      iter #   2 total cpu time : 12583.7 secs   av.it.:  17.4
      thresh= 7.490E-06 alpha_mix =  0.700 |ddv_scf|^2 =  2.923E-09

      iter #   3 total cpu time : 12594.9 secs   av.it.:  16.9
      thresh= 5.406E-06 alpha_mix =  0.700 |ddv_scf|^2 =  8.389E-10

      iter #   4 total cpu time : 12605.7 secs   av.it.:  16.1
      thresh= 2.896E-06 alpha_mix =  0.700 |ddv_scf|^2 =  1.859E-11

      iter #   5 total cpu time : 12617.0 secs   av.it.:  17.2
      thresh= 4.312E-07 alpha_mix =  0.700 |ddv_scf|^2 =  3.792E-12

      iter #   6 total cpu time : 12627.9 secs   av.it.:  16.6
      thresh= 1.947E-07 alpha_mix =  0.700 |ddv_scf|^2 =  6.127E-14

      iter #   7 total cpu time : 12639.5 secs   av.it.:  18.2
      thresh= 2.475E-08 alpha_mix =  0.700 |ddv_scf|^2 =  5.111E-15

     End of self-consistent calculation

     Convergence has been achieved 


     Representation #  25 mode #  25

     Self-consistent Calculation

      iter #   1 total cpu time : 12646.2 secs   av.it.:   3.8
      thresh= 1.000E-02 alpha_mix =  0.700 |ddv_scf|^2 =  6.958E-08

      iter #   2 total cpu time : 12657.1 secs   av.it.:  16.4
      thresh= 2.638E-05 alpha_mix =  0.700 |ddv_scf|^2 =  9.266E-08

      iter #   3 total cpu time : 12667.3 secs   av.it.:  14.6
      thresh= 3.044E-05 alpha_mix =  0.700 |ddv_scf|^2 =  6.648E-11

      iter #   4 total cpu time : 12679.1 secs   av.it.:  18.2
      thresh= 8.153E-07 alpha_mix =  0.700 |ddv_scf|^2 =  3.369E-11

      iter #   5 total cpu time : 12689.9 secs   av.it.:  16.4
      thresh= 5.804E-07 alpha_mix =  0.700 |ddv_scf|^2 =  8.001E-12

      iter #   6 total cpu time : 12701.0 secs   av.it.:  16.6
      thresh= 2.829E-07 alpha_mix =  0.700 |ddv_scf|^2 =  1.381E-13

      iter #   7 total cpu time : 12712.3 secs   av.it.:  17.8
      thresh= 3.716E-08 alpha_mix =  0.700 |ddv_scf|^2 =  5.481E-15

     End of self-consistent calculation

     Convergence has been achieved 


     Representation #  26 mode #  26

     Self-consistent Calculation

      iter #   1 total cpu time : 12718.8 secs   av.it.:   3.0
      thresh= 1.000E-02 alpha_mix =  0.700 |ddv_scf|^2 =  5.034E-09

      iter #   2 total cpu time : 12730.0 secs   av.it.:  17.4
      thresh= 7.095E-06 alpha_mix =  0.700 |ddv_scf|^2 =  5.556E-10

      iter #   3 total cpu time : 12741.3 secs   av.it.:  17.2
      thresh= 2.357E-06 alpha_mix =  0.700 |ddv_scf|^2 =  5.634E-11

      iter #   4 total cpu time : 12752.5 secs   av.it.:  16.9
      thresh= 7.506E-07 alpha_mix =  0.700 |ddv_scf|^2 =  2.345E-11

      iter #   5 total cpu time : 12763.2 secs   av.it.:  16.0
      thresh= 4.843E-07 alpha_mix =  0.700 |ddv_scf|^2 =  1.128E-12

      iter #   6 total cpu time : 12774.3 secs   av.it.:  17.1
      thresh= 1.062E-07 alpha_mix =  0.700 |ddv_scf|^2 =  1.648E-13

      iter #   7 total cpu time : 12785.3 secs   av.it.:  16.9
      thresh= 4.060E-08 alpha_mix =  0.700 |ddv_scf|^2 =  2.760E-15

     End of self-consistent calculation

     Convergence has been achieved 


     Representation #  27 mode #  27

     Self-consistent Calculation

      iter #   1 total cpu time : 12791.9 secs   av.it.:   3.0
      thresh= 1.000E-02 alpha_mix =  0.700 |ddv_scf|^2 =  5.036E-09

      iter #   2 total cpu time : 12803.2 secs   av.it.:  17.4
      thresh= 7.096E-06 alpha_mix =  0.700 |ddv_scf|^2 =  5.783E-10

      iter #   3 total cpu time : 12814.5 secs   av.it.:  17.5
      thresh= 2.405E-06 alpha_mix =  0.700 |ddv_scf|^2 =  6.481E-11

      iter #   4 total cpu time : 12825.5 secs   av.it.:  16.9
      thresh= 8.050E-07 alpha_mix =  0.700 |ddv_scf|^2 =  2.182E-11

      iter #   5 total cpu time : 12836.3 secs   av.it.:  16.2
      thresh= 4.671E-07 alpha_mix =  0.700 |ddv_scf|^2 =  1.426E-12

      iter #   6 total cpu time : 12847.4 secs   av.it.:  16.8
      thresh= 1.194E-07 alpha_mix =  0.700 |ddv_scf|^2 =  1.512E-13

      iter #   7 total cpu time : 12858.5 secs   av.it.:  17.2
      thresh= 3.888E-08 alpha_mix =  0.700 |ddv_scf|^2 =  2.415E-15

     End of self-consistent calculation

     Convergence has been achieved 


     Representation #  28 mode #  28

     Self-consistent Calculation

      iter #   1 total cpu time : 12865.1 secs   av.it.:   3.0
      thresh= 1.000E-02 alpha_mix =  0.700 |ddv_scf|^2 =  7.309E-08

      iter #   2 total cpu time : 12876.4 secs   av.it.:  17.2
      thresh= 2.704E-05 alpha_mix =  0.700 |ddv_scf|^2 =  1.301E-07

      iter #   3 total cpu time : 12887.1 secs   av.it.:  16.0
      thresh= 3.607E-05 alpha_mix =  0.700 |ddv_scf|^2 =  1.774E-09

      iter #   4 total cpu time : 12897.9 secs   av.it.:  16.0
      thresh= 4.212E-06 alpha_mix =  0.700 |ddv_scf|^2 =  3.963E-11

      iter #   5 total cpu time : 12909.2 secs   av.it.:  17.4
      thresh= 6.296E-07 alpha_mix =  0.700 |ddv_scf|^2 =  2.966E-12

      iter #   6 total cpu time : 12920.6 secs   av.it.:  17.5
      thresh= 1.722E-07 alpha_mix =  0.700 |ddv_scf|^2 =  1.294E-13

      iter #   7 total cpu time : 12931.9 secs   av.it.:  17.5
      thresh= 3.597E-08 alpha_mix =  0.700 |ddv_scf|^2 =  4.602E-15

     End of self-consistent calculation

     Convergence has been achieved 


     Representation #  29 mode #  29

     Self-consistent Calculation

      iter #   1 total cpu time : 12938.5 secs   av.it.:   3.0
      thresh= 1.000E-02 alpha_mix =  0.700 |ddv_scf|^2 =  4.496E-09

      iter #   2 total cpu time : 12949.8 secs   av.it.:  17.6
      thresh= 6.705E-06 alpha_mix =  0.700 |ddv_scf|^2 =  4.863E-10

      iter #   3 total cpu time : 12961.0 secs   av.it.:  17.8
      thresh= 2.205E-06 alpha_mix =  0.700 |ddv_scf|^2 =  1.388E-10

      iter #   4 total cpu time : 12971.5 secs   av.it.:  15.1
      thresh= 1.178E-06 alpha_mix =  0.700 |ddv_scf|^2 =  1.544E-11

      iter #   5 total cpu time : 12982.4 secs   av.it.:  16.4
      thresh= 3.929E-07 alpha_mix =  0.700 |ddv_scf|^2 =  1.386E-13

      iter #   6 total cpu time : 12993.9 secs   av.it.:  18.0
      thresh= 3.723E-08 alpha_mix =  0.700 |ddv_scf|^2 =  1.674E-14

      iter #   7 total cpu time : 13005.3 secs   av.it.:  17.8
      thresh= 1.294E-08 alpha_mix =  0.700 |ddv_scf|^2 =  4.005E-15

     End of self-consistent calculation

     Convergence has been achieved 


     Representation #  30 mode #  30

     Self-consistent Calculation

      iter #   1 total cpu time : 13011.8 secs   av.it.:   3.0
      thresh= 1.000E-02 alpha_mix =  0.700 |ddv_scf|^2 =  4.513E-09

      iter #   2 total cpu time : 13023.1 secs   av.it.:  17.8
      thresh= 6.718E-06 alpha_mix =  0.700 |ddv_scf|^2 =  5.080E-10

      iter #   3 total cpu time : 13034.4 secs   av.it.:  17.6
      thresh= 2.254E-06 alpha_mix =  0.700 |ddv_scf|^2 =  1.452E-10

      iter #   4 total cpu time : 13045.0 secs   av.it.:  15.8
      thresh= 1.205E-06 alpha_mix =  0.700 |ddv_scf|^2 =  1.588E-11

      iter #   5 total cpu time : 13055.9 secs   av.it.:  16.5
      thresh= 3.985E-07 alpha_mix =  0.700 |ddv_scf|^2 =  1.735E-13

      iter #   6 total cpu time : 13067.4 secs   av.it.:  18.2
      thresh= 4.165E-08 alpha_mix =  0.700 |ddv_scf|^2 =  5.689E-14

      iter #   7 total cpu time : 13078.4 secs   av.it.:  16.8
      thresh= 2.385E-08 alpha_mix =  0.700 |ddv_scf|^2 =  5.579E-15

     End of self-consistent calculation

     Convergence has been achieved 


     Representation #  31 mode #  31

     Self-consistent Calculation

      iter #   1 total cpu time : 13085.0 secs   av.it.:   3.4
      thresh= 1.000E-02 alpha_mix =  0.700 |ddv_scf|^2 =  8.654E-08

      iter #   2 total cpu time : 13096.2 secs   av.it.:  17.0
      thresh= 2.942E-05 alpha_mix =  0.700 |ddv_scf|^2 =  2.156E-07

      iter #   3 total cpu time : 13106.6 secs   av.it.:  15.1
      thresh= 4.644E-05 alpha_mix =  0.700 |ddv_scf|^2 =  9.582E-10

      iter #   4 total cpu time : 13117.7 secs   av.it.:  16.5
      thresh= 3.095E-06 alpha_mix =  0.700 |ddv_scf|^2 =  6.514E-11

      iter #   5 total cpu time : 13128.8 secs   av.it.:  17.0
      thresh= 8.071E-07 alpha_mix =  0.700 |ddv_scf|^2 =  3.286E-12

      iter #   6 total cpu time : 13140.1 secs   av.it.:  17.5
      thresh= 1.813E-07 alpha_mix =  0.700 |ddv_scf|^2 =  8.212E-14

      iter #   7 total cpu time : 13151.4 secs   av.it.:  17.5
      thresh= 2.866E-08 alpha_mix =  0.700 |ddv_scf|^2 =  1.850E-15

     End of self-consistent calculation

     Convergence has been achieved 


     Representation #  32 mode #  32

     Self-consistent Calculation

      iter #   1 total cpu time : 13157.8 secs   av.it.:   3.0
      thresh= 1.000E-02 alpha_mix =  0.700 |ddv_scf|^2 =  5.559E-09

      iter #   2 total cpu time : 13169.2 secs   av.it.:  17.4
      thresh= 7.456E-06 alpha_mix =  0.700 |ddv_scf|^2 =  2.752E-09

      iter #   3 total cpu time : 13180.3 secs   av.it.:  16.9
      thresh= 5.246E-06 alpha_mix =  0.700 |ddv_scf|^2 =  8.513E-10

      iter #   4 total cpu time : 13191.0 secs   av.it.:  16.0
      thresh= 2.918E-06 alpha_mix =  0.700 |ddv_scf|^2 =  1.664E-11

      iter #   5 total cpu time : 13202.2 secs   av.it.:  17.4
      thresh= 4.079E-07 alpha_mix =  0.700 |ddv_scf|^2 =  3.733E-12

      iter #   6 total cpu time : 13213.1 secs   av.it.:  16.4
      thresh= 1.932E-07 alpha_mix =  0.700 |ddv_scf|^2 =  5.978E-14

      iter #   7 total cpu time : 13224.7 secs   av.it.:  18.2
      thresh= 2.445E-08 alpha_mix =  0.700 |ddv_scf|^2 =  4.977E-15

     End of self-consistent calculation

     Convergence has been achieved 


     Representation #  33 mode #  33

     Self-consistent Calculation

      iter #   1 total cpu time : 13231.3 secs   av.it.:   3.4
      thresh= 1.000E-02 alpha_mix =  0.700 |ddv_scf|^2 =  4.988E-09

      iter #   2 total cpu time : 13242.6 secs   av.it.:  17.6
      thresh= 7.063E-06 alpha_mix =  0.700 |ddv_scf|^2 =  1.067E-09

      iter #   3 total cpu time : 13253.9 secs   av.it.:  17.5
      thresh= 3.266E-06 alpha_mix =  0.700 |ddv_scf|^2 =  2.735E-10

      iter #   4 total cpu time : 13264.5 secs   av.it.:  15.6
      thresh= 1.654E-06 alpha_mix =  0.700 |ddv_scf|^2 =  2.222E-11

      iter #   5 total cpu time : 13275.4 secs   av.it.:  16.5
      thresh= 4.714E-07 alpha_mix =  0.700 |ddv_scf|^2 =  3.429E-13

      iter #   6 total cpu time : 13287.0 secs   av.it.:  17.9
      thresh= 5.855E-08 alpha_mix =  0.700 |ddv_scf|^2 =  1.230E-13

      iter #   7 total cpu time : 13297.9 secs   av.it.:  16.5
      thresh= 3.507E-08 alpha_mix =  0.700 |ddv_scf|^2 =  7.680E-15

     End of self-consistent calculation

     Convergence has been achieved 


     Representation #  34 mode #  34

     Self-consistent Calculation

      iter #   1 total cpu time : 13304.5 secs   av.it.:   3.4
      thresh= 1.000E-02 alpha_mix =  0.700 |ddv_scf|^2 =  8.578E-08

      iter #   2 total cpu time : 13315.7 secs   av.it.:  17.2
      thresh= 2.929E-05 alpha_mix =  0.700 |ddv_scf|^2 =  2.129E-07

      iter #   3 total cpu time : 13326.2 secs   av.it.:  15.4
      thresh= 4.614E-05 alpha_mix =  0.700 |ddv_scf|^2 =  9.681E-10

      iter #   4 total cpu time : 13337.2 secs   av.it.:  16.6
      thresh= 3.111E-06 alpha_mix =  0.700 |ddv_scf|^2 =  6.493E-11

      iter #   5 total cpu time : 13348.3 secs   av.it.:  17.1
      thresh= 8.058E-07 alpha_mix =  0.700 |ddv_scf|^2 =  3.313E-12

      iter #   6 total cpu time : 13359.7 secs   av.it.:  17.8
      thresh= 1.820E-07 alpha_mix =  0.700 |ddv_scf|^2 =  8.399E-14

      iter #   7 total cpu time : 13370.8 secs   av.it.:  17.2
      thresh= 2.898E-08 alpha_mix =  0.700 |ddv_scf|^2 =  2.231E-15

     End of self-consistent calculation

     Convergence has been achieved 


     Representation #  35 mode #  35

     Self-consistent Calculation

      iter #   1 total cpu time : 13377.5 secs   av.it.:   3.1
      thresh= 1.000E-02 alpha_mix =  0.700 |ddv_scf|^2 =  4.943E-09

      iter #   2 total cpu time : 13388.6 secs   av.it.:  17.5
      thresh= 7.031E-06 alpha_mix =  0.700 |ddv_scf|^2 =  1.047E-09

      iter #   3 total cpu time : 13399.7 secs   av.it.:  17.1
      thresh= 3.235E-06 alpha_mix =  0.700 |ddv_scf|^2 =  2.772E-10

      iter #   4 total cpu time : 13410.3 secs   av.it.:  16.0
      thresh= 1.665E-06 alpha_mix =  0.700 |ddv_scf|^2 =  2.247E-11

      iter #   5 total cpu time : 13421.3 secs   av.it.:  17.0
      thresh= 4.741E-07 alpha_mix =  0.700 |ddv_scf|^2 =  6.734E-13

      iter #   6 total cpu time : 13432.4 secs   av.it.:  17.2
      thresh= 8.206E-08 alpha_mix =  0.700 |ddv_scf|^2 =  1.771E-13

      iter #   7 total cpu time : 13443.2 secs   av.it.:  16.8
      thresh= 4.209E-08 alpha_mix =  0.700 |ddv_scf|^2 =  5.244E-15

     End of self-consistent calculation

     Convergence has been achieved 


     Representation #  36 mode #  36

     Self-consistent Calculation

      iter #   1 total cpu time : 13449.6 secs   av.it.:   3.0
      thresh= 1.000E-02 alpha_mix =  0.700 |ddv_scf|^2 =  5.610E-09

      iter #   2 total cpu time : 13460.7 secs   av.it.:  17.5
      thresh= 7.490E-06 alpha_mix =  0.700 |ddv_scf|^2 =  2.923E-09

      iter #   3 total cpu time : 13471.6 secs   av.it.:  16.9
      thresh= 5.407E-06 alpha_mix =  0.700 |ddv_scf|^2 =  8.392E-10

      iter #   4 total cpu time : 13482.3 secs   av.it.:  16.1
      thresh= 2.897E-06 alpha_mix =  0.700 |ddv_scf|^2 =  1.856E-11

      iter #   5 total cpu time : 13493.3 secs   av.it.:  17.2
      thresh= 4.309E-07 alpha_mix =  0.700 |ddv_scf|^2 =  3.793E-12

      iter #   6 total cpu time : 13504.1 secs   av.it.:  16.6
      thresh= 1.947E-07 alpha_mix =  0.700 |ddv_scf|^2 =  6.125E-14

      iter #   7 total cpu time : 13515.5 secs   av.it.:  18.2
      thresh= 2.475E-08 alpha_mix =  0.700 |ddv_scf|^2 =  5.108E-15

     End of self-consistent calculation

     Convergence has been achieved 

     Number of q in the star =    1
     List of q in the star:
          1  -0.499888117  -0.016765618   0.016762337

     Diagonalizing the dynamical matrix

     q = (   -0.499888117  -0.016765618   0.016762337 ) 

 **************************************************************************
     freq (    1) =       7.205651 [THz] =     240.354653 [cm-1]
     freq (    2) =      10.812047 [THz] =     360.651066 [cm-1]
     freq (    3) =      12.296972 [THz] =     410.182825 [cm-1]
     freq (    4) =      13.867452 [THz] =     462.568404 [cm-1]
     freq (    5) =      14.135114 [THz] =     471.496659 [cm-1]
     freq (    6) =      14.821636 [THz] =     494.396570 [cm-1]
     freq (    7) =      17.418461 [THz] =     581.017304 [cm-1]
     freq (    8) =      17.662497 [THz] =     589.157489 [cm-1]
     freq (    9) =      18.228343 [THz] =     608.032070 [cm-1]
     freq (   10) =      18.626280 [THz] =     621.305828 [cm-1]
     freq (   11) =      19.640426 [THz] =     655.134100 [cm-1]
     freq (   12) =      21.372116 [THz] =     712.897046 [cm-1]
     freq (   13) =      22.171374 [THz] =     739.557421 [cm-1]
     freq (   14) =      22.385302 [THz] =     746.693312 [cm-1]
     freq (   15) =      22.711834 [THz] =     757.585245 [cm-1]
     freq (   16) =      22.845373 [THz] =     762.039618 [cm-1]
     freq (   17) =      23.579395 [THz] =     786.523966 [cm-1]
     freq (   18) =      25.122407 [THz] =     837.993288 [cm-1]
     freq (   19) =      25.782019 [THz] =     859.995576 [cm-1]
     freq (   20) =      26.896947 [THz] =     897.185591 [cm-1]
     freq (   21) =      27.415001 [THz] =     914.465989 [cm-1]
     freq (   22) =      27.880542 [THz] =     929.994784 [cm-1]
     freq (   23) =      28.890980 [THz] =     963.699362 [cm-1]
     freq (   24) =      30.756384 [THz] =    1025.922531 [cm-1]
     freq (   25) =      32.515240 [THz] =    1084.591651 [cm-1]
     freq (   26) =      32.697873 [THz] =    1090.683632 [cm-1]
     freq (   27) =      33.752059 [THz] =    1125.847493 [cm-1]
     freq (   28) =      36.913081 [THz] =    1231.287845 [cm-1]
     freq (   29) =      39.498623 [THz] =    1317.532257 [cm-1]
     freq (   30) =      43.265533 [THz] =    1443.182830 [cm-1]
     freq (   31) =      47.134940 [THz] =    1572.252357 [cm-1]
     freq (   32) =      50.329304 [THz] =    1678.804874 [cm-1]
     freq (   33) =      50.905636 [THz] =    1698.029235 [cm-1]
     freq (   34) =      52.617971 [THz] =    1755.146593 [cm-1]
     freq (   35) =      55.095131 [THz] =    1837.775758 [cm-1]
     freq (   36) =      59.292217 [THz] =    1977.775470 [cm-1]
 **************************************************************************

     Calculation of q =   -0.4831256   0.0000003  -0.4831249

     Parallelization info
     --------------------
     sticks:   dense  smooth     PW     G-vecs:    dense   smooth      PW
     Min        3060    1217    375               179147    45315    7658
     Max        3061    1218    376               179148    45316    7659
     Sum        6121    2435    751               358295    90631   15317


     Title: 
     Phonons                                                                    


     bravais-lattice index     =            0
     lattice parameter (alat)  =       9.7743  a.u.
     unit-cell volume          =     937.5358 (a.u.)^3
     number of atoms/cell      =           12
     number of atomic types    =            3
     number of electrons       =        24.00
     number of Kohn-Sham states=           16
     kinetic-energy cutoff     =      80.0000  Ry
     charge density cutoff     =     800.0000  Ry
     Exchange-correlation= PBE
                           (   1   4   3   4   0   0   0)

     celldm(1)=   9.774316  celldm(2)=   0.000000  celldm(3)=   0.000000
     celldm(4)=   0.000000  celldm(5)=   0.000000  celldm(6)=   0.000000

     crystal axes: (cart. coord. in units of alat)
               a(1) = (   1.002405  -0.032529   0.032522 )  
               a(2) = (  -0.032529   1.002409   0.032529 )  
               a(3) = (   0.032522   0.032529   1.002407 )  

     reciprocal axes: (cart. coord. in units 2 pi/alat)
               b(1) = (  0.999776  0.033531 -0.033525 )  
               b(2) = (  0.033532  0.999773 -0.033532 )  
               b(3) = ( -0.033525 -0.033532  0.999774 )  


     PseudoPot. # 1 for Ba read from file:
     /home/marco/ZOS_Cloud_Compute/pseudo/Ba.UPF
     MD5 check sum: c432291d3e53af55f19d5e8866385beb
     Pseudo is Projector augmented-wave + core cor, Zval = 10.0
     Generated using "atomic" code by A. Dal Corso  v.5.1
     Shape of augmentation charge: PSQ
     Using radial grid of 1251 points,  7 beta functions with: 
                l(1) =   0
                l(2) =   0
                l(3) =   0
                l(4) =   1
                l(5) =   1
                l(6) =   2
                l(7) =   2
     Q(r) pseudized with 0 coefficients 


     PseudoPot. # 2 for H  read from file:
     /home/marco/ZOS_Cloud_Compute/pseudo/H.UPF
     MD5 check sum: f52b6d4d1c606e5624b1dc7b2218f220
     Pseudo is Ultrasoft, Zval =  1.0
     Generated using "atomic" code by A. Dal Corso  v.5.1
     Using radial grid of  929 points,  2 beta functions with: 
                l(1) =   0
                l(2) =   0
     Q(r) pseudized with 0 coefficients 


     PseudoPot. # 3 for Mg read from file:
     /home/marco/ZOS_Cloud_Compute/pseudo/Mg.UPF
     MD5 check sum: 24ecedc7f3e3cbe212e682f4413594e4
     Pseudo is Projector augmented-wave + core cor, Zval =  2.0
     Generated using "atomic" code by A. Dal Corso  v.5.0.99 svn rev. 10869
     Shape of augmentation charge: PSQ
     Using radial grid of 1129 points,  4 beta functions with: 
                l(1) =   0
                l(2) =   0
                l(3) =   1
                l(4) =   1
     Q(r) pseudized with 0 coefficients 


     atomic species   valence    mass     pseudopotential
        Ba            10.00     1.00000     Ba( 1.00)
        H              1.00     1.00000     H ( 1.00)
        Mg             2.00     1.00000     Mg( 1.00)

     No symmetry found



   Cartesian axes

     site n.     atom                  positions (alat units)
         1           Mg  tau(   1) = (   0.4849284   0.4849423   0.0325299  )
         2           Ba  tau(   2) = (   0.5175157  -0.0000002   0.5174640  )
         3           Mg  tau(   3) = (  -0.0000060   0.5174702   0.5174584  )
         4           Mg  tau(   4) = (   0.0000027  -0.0000020  -0.0000057  )
         5           H   tau(   5) = (  -0.0059120   0.8553070   0.3679238  )
         6           H   tau(   6) = (   0.8152546   0.2978027   0.2196554  )
         7           H   tau(   7) = (   0.3703630   0.1820619   1.0083537  )
         8           H   tau(   8) = (   0.6669807   0.5115597   0.6970802  )
         9           H   tau(   9) = (   1.0083348   0.1470839   0.6995069  )
        10           H   tau(  10) = (   0.1871133   0.7045993   0.8477967  )
        11           H   tau(  11) = (   0.6320227   0.8203497   0.0591614  )
        12           H   tau(  12) = (   0.3353953   0.4908714   0.3703700  )

     number of k points=    16  Methfessel-Paxton smearing, width (Ry)=  0.0200
                       cart. coord. in units 2pi/alat
        k(    1) = (   0.0000000   0.0000000   0.0000000), wk =   0.2500000
        k(    2) = (  -0.4831256   0.0000003  -0.4831249), wk =   0.0000000
        k(    3) = (   0.0167626   0.0167660  -0.4998872), wk =   0.2500000
        k(    4) = (  -0.4663630   0.0167663  -0.9830121), wk =   0.0000000
        k(    5) = (  -0.0000032  -0.4831206  -0.4831213), wk =   0.2500000
        k(    6) = (  -0.4831288  -0.4831203  -0.9662462), wk =   0.0000000
        k(    7) = (  -0.4998913  -0.4998862  -0.4663590), wk =   0.2500000
        k(    8) = (  -0.9830169  -0.4998859  -0.9494838), wk =   0.0000000
        k(    9) = (   0.0167658   0.4998866  -0.0167659), wk =   0.2500000
        k(   10) = (  -0.4663598   0.4998869  -0.4998908), wk =   0.0000000
        k(   11) = (   0.4998881   0.0167656  -0.0167623), wk =   0.2500000
        k(   12) = (   0.0167626   0.0167660  -0.4998872), wk =   0.0000000
        k(   13) = (  -0.4831223   0.4831210  -0.0000036), wk =   0.2500000
        k(   14) = (  -0.9662479   0.4831213  -0.4831284), wk =   0.0000000
        k(   15) = (   0.4831256  -0.0000003   0.4831249), wk =   0.2500000
        k(   16) = (   0.0000000   0.0000000   0.0000000), wk =   0.0000000

     Dense  grid:   358295 G-vectors     FFT dimensions: (  90,  90,  90)

     Smooth grid:    90631 G-vectors     FFT dimensions: (  60,  60,  60)

     Estimated max dynamical RAM per process >     661.98 MB

     Estimated total dynamical RAM >       1.29 GB

     The potential is recalculated from file :
     ./tmp/_ph0/BaMg3H8.q_6/BaMg3H8.save/charge-density

     Starting wfcs are   25 atomic wfcs
     Checking if some PAW data can be deallocated... 

     Band Structure Calculation
     Davidson diagonalization with overlap

     ethr =  4.17E-11,  avg # of iterations = 29.8

     total cpu time spent up to now is      140.1 secs

     End of band structure calculation

          k = 0.0000 0.0000 0.0000 ( 11349 PWs)   bands (ev):

   -23.4087  -8.6938  -8.6571  -8.6571  -3.3517   0.2198   0.2198   1.0124
     1.0125   1.2292   1.9231   2.2082   6.7214   6.7214   7.0776   7.9566

          k =-0.4831 0.0000-0.4831 ( 11344 PWs)   bands (ev):

   -23.4028  -8.8078  -8.7981  -8.6384  -1.3567  -0.9057  -0.5758  -0.4765
     1.1504   1.9478   1.9569   2.2985   6.5685   6.7649   7.3123   7.5199

          k = 0.0168 0.0168-0.4999 ( 11302 PWs)   bands (ev):

   -23.4057  -8.8340  -8.6698  -8.6384  -1.9785  -1.8717   0.5463   1.0204
     1.1811   1.3976   1.8853   2.1477   6.2837   6.4873   7.4946   7.7459

          k =-0.4664 0.0168-0.9830 ( 11302 PWs)   bands (ev):

   -23.4057  -8.8340  -8.6698  -8.6384  -1.9785  -1.8717   0.5463   1.0204
     1.1811   1.3976   1.8853   2.1477   6.2837   6.4873   7.4947   7.7458

          k =-0.0000-0.4831-0.4831 ( 11344 PWs)   bands (ev):

   -23.4028  -8.8078  -8.7981  -8.6384  -1.3567  -0.9057  -0.5757  -0.4765
     1.1505   1.9478   1.9568   2.2984   6.5685   6.7650   7.3122   7.5199

          k =-0.4831-0.4831-0.9662 ( 11344 PWs)   bands (ev):

   -23.4028  -8.8078  -8.7981  -8.6384  -1.3567  -0.9057  -0.5757  -0.4765
     1.1505   1.9478   1.9568   2.2984   6.5685   6.7650   7.3122   7.5199

          k =-0.4999-0.4999-0.4664 ( 11344 PWs)   bands (ev):

   -23.4000  -8.7932  -8.7656  -8.7656  -0.7855  -0.7855  -0.0066   0.0878
     0.4192   0.4193   0.4856   3.7816   6.4644   8.0850   8.0851   9.2164

          k =-0.9830-0.4999-0.9495 ( 11302 PWs)   bands (ev):

   -23.4057  -8.8340  -8.6698  -8.6384  -1.9785  -1.8717   0.5463   1.0204
     1.1811   1.3976   1.8853   2.1477   6.2837   6.4874   7.4946   7.7459

          k = 0.0168 0.4999-0.0168 ( 11302 PWs)   bands (ev):

   -23.4057  -8.8340  -8.6698  -8.6384  -1.9785  -1.8717   0.5463   1.0204
     1.1811   1.3976   1.8853   2.1477   6.2837   6.4874   7.4946   7.7459

          k =-0.4664 0.4999-0.4999 ( 11344 PWs)   bands (ev):

   -23.4000  -8.7932  -8.7656  -8.7656  -0.7855  -0.7855  -0.0066   0.0878
     0.4192   0.4193   0.4856   3.7816   6.4644   8.0850   8.0851   9.2164

          k = 0.4999 0.0168-0.0168 ( 11302 PWs)   bands (ev):

   -23.4057  -8.8340  -8.6698  -8.6384  -1.9785  -1.8717   0.5463   1.0204
     1.1811   1.3976   1.8853   2.1477   6.2837   6.4873   7.4947   7.7458

          k = 0.0168 0.0168-0.4999 ( 11302 PWs)   bands (ev):

   -23.4057  -8.8340  -8.6698  -8.6384  -1.9785  -1.8717   0.5463   1.0204
     1.1811   1.3976   1.8853   2.1477   6.2837   6.4873   7.4946   7.7459

          k =-0.4831 0.4831-0.0000 ( 11344 PWs)   bands (ev):

   -23.4028  -8.8078  -8.7981  -8.6384  -1.3567  -0.9057  -0.5757  -0.4765
     1.1505   1.9478   1.9568   2.2984   6.5685   6.7650   7.3122   7.5199

          k =-0.9662 0.4831-0.4831 ( 11344 PWs)   bands (ev):

   -23.4028  -8.8078  -8.7981  -8.6384  -1.3567  -0.9057  -0.5757  -0.4765
     1.1505   1.9478   1.9568   2.2984   6.5685   6.7650   7.3122   7.5199

          k = 0.4831-0.0000 0.4831 ( 11344 PWs)   bands (ev):

   -23.4028  -8.8078  -8.7981  -8.6384  -1.3567  -0.9057  -0.5758  -0.4765
     1.1504   1.9478   1.9569   2.2985   6.5685   6.7649   7.3123   7.5199

          k = 0.0000 0.0000 0.0000 ( 11349 PWs)   bands (ev):

   -23.4087  -8.6938  -8.6571  -8.6571  -3.3517   0.2198   0.2198   1.0124
     1.0125   1.2292   1.9231   2.2082   6.7214   6.7214   7.0776   7.9566

     the Fermi energy is     6.1130 ev

     Writing output data file ./tmp/_ph0/BaMg3H8.q_6/BaMg3H8.save/

     Phonons                                                                    

     bravais-lattice index     =            0
     lattice parameter (alat)  =       9.7743  a.u.
     unit-cell volume          =     937.5358 (a.u.)^3
     number of atoms/cell      =           12
     number of atomic types    =            3
     kinetic-energy cut-off    =      80.0000  Ry
     charge density cut-off    =     800.0000  Ry
     convergence threshold     =      1.0E-14
     beta                      =       0.7000
     number of iterations used =            4
     Exchange-correlation= PBE
                           (   1   4   3   4   0   0   0)


     celldm(1)=    9.77432  celldm(2)=    0.00000  celldm(3)=    0.00000
     celldm(4)=    0.00000  celldm(5)=    0.00000  celldm(6)=    0.00000

     crystal axes: (cart. coord. in units of alat)
               a(1) = (  1.0024 -0.0325  0.0325 )  
               a(2) = ( -0.0325  1.0024  0.0325 )  
               a(3) = (  0.0325  0.0325  1.0024 )  

     reciprocal axes: (cart. coord. in units 2 pi/alat)
               b(1) = (  0.9998  0.0335 -0.0335 )  
               b(2) = (  0.0335  0.9998 -0.0335 )  
               b(3) = ( -0.0335 -0.0335  0.9998 )  


     Atoms inside the unit cell: 

     Cartesian axes

     site n.  atom      mass           positions (alat units)
        1     Mg   1.0000   tau(    1) = (    0.48493    0.48494    0.03253  )
        2     Ba   1.0000   tau(    2) = (    0.51752   -0.00000    0.51746  )
        3     Mg   1.0000   tau(    3) = (   -0.00001    0.51747    0.51746  )
        4     Mg   1.0000   tau(    4) = (    0.00000   -0.00000   -0.00001  )
        5     H    1.0000   tau(    5) = (   -0.00591    0.85531    0.36792  )
        6     H    1.0000   tau(    6) = (    0.81525    0.29780    0.21966  )
        7     H    1.0000   tau(    7) = (    0.37036    0.18206    1.00835  )
        8     H    1.0000   tau(    8) = (    0.66698    0.51156    0.69708  )
        9     H    1.0000   tau(    9) = (    1.00833    0.14708    0.69951  )
       10     H    1.0000   tau(   10) = (    0.18711    0.70460    0.84780  )
       11     H    1.0000   tau(   11) = (    0.63202    0.82035    0.05916  )
       12     H    1.0000   tau(   12) = (    0.33540    0.49087    0.37037  )

     Computing dynamical matrix for 
                    q = (  -0.4831256   0.0000003  -0.4831249 )

      2 Sym.Ops. (with q -> -q+G )


     G cutoff = 1935.9896  ( 179147 G-vectors)     FFT grid: ( 90, 90, 90)
     G cutoff =  774.3958  (  45316 G-vectors)  smooth grid: ( 60, 60, 60)

     number of k points=    16  Methfessel-Paxton smearing, width (Ry)=  0.0200

     PseudoPot. # 1 for Ba read from file:
     /home/marco/ZOS_Cloud_Compute/pseudo/Ba.UPF
     MD5 check sum: c432291d3e53af55f19d5e8866385beb
     Pseudo is Projector augmented-wave + core cor, Zval = 10.0
     Generated using "atomic" code by A. Dal Corso  v.5.1
     Shape of augmentation charge: PSQ
     Using radial grid of 1251 points,  7 beta functions with: 
                l(1) =   0
                l(2) =   0
                l(3) =   0
                l(4) =   1
                l(5) =   1
                l(6) =   2
                l(7) =   2
     Q(r) pseudized with 0 coefficients 


     PseudoPot. # 2 for H  read from file:
     /home/marco/ZOS_Cloud_Compute/pseudo/H.UPF
     MD5 check sum: f52b6d4d1c606e5624b1dc7b2218f220
     Pseudo is Ultrasoft, Zval =  1.0
     Generated using "atomic" code by A. Dal Corso  v.5.1
     Using radial grid of  929 points,  2 beta functions with: 
                l(1) =   0
                l(2) =   0
     Q(r) pseudized with 0 coefficients 


     PseudoPot. # 3 for Mg read from file:
     /home/marco/ZOS_Cloud_Compute/pseudo/Mg.UPF
     MD5 check sum: 24ecedc7f3e3cbe212e682f4413594e4
     Pseudo is Projector augmented-wave + core cor, Zval =  2.0
     Generated using "atomic" code by A. Dal Corso  v.5.0.99 svn rev. 10869
     Shape of augmentation charge: PSQ
     Using radial grid of 1129 points,  4 beta functions with: 
                l(1) =   0
                l(2) =   0
                l(3) =   1
                l(4) =   1
     Q(r) pseudized with 0 coefficients 



     Atomic displacements:
     There are   36 irreducible representations

     Representation     1      1 modes -  To be done

     Representation     2      1 modes -  To be done

     Representation     3      1 modes -  To be done

     Representation     4      1 modes -  To be done

     Representation     5      1 modes -  To be done

     Representation     6      1 modes -  To be done

     Representation     7      1 modes -  To be done

     Representation     8      1 modes -  To be done

     Representation     9      1 modes -  To be done

     Representation    10      1 modes -  To be done

     Representation    11      1 modes -  To be done

     Representation    12      1 modes -  To be done

     Representation    13      1 modes -  To be done

     Representation    14      1 modes -  To be done

     Representation    15      1 modes -  To be done

     Representation    16      1 modes -  To be done

     Representation    17      1 modes -  To be done

     Representation    18      1 modes -  To be done

     Representation    19      1 modes -  To be done

     Representation    20      1 modes -  To be done

     Representation    21      1 modes -  To be done

     Representation    22      1 modes -  To be done

     Representation    23      1 modes -  To be done

     Representation    24      1 modes -  To be done

     Representation    25      1 modes -  To be done

     Representation    26      1 modes -  To be done

     Representation    27      1 modes -  To be done

     Representation    28      1 modes -  To be done

     Representation    29      1 modes -  To be done

     Representation    30      1 modes -  To be done

     Representation    31      1 modes -  To be done

     Representation    32      1 modes -  To be done

     Representation    33      1 modes -  To be done

     Representation    34      1 modes -  To be done

     Representation    35      1 modes -  To be done

     Representation    36      1 modes -  To be done



     Alpha used in Ewald sum =   2.8000
     PHONON       :      4h36m CPU      3h47m WALL



     Representation #   1 mode #   1

     Self-consistent Calculation

      iter #   1 total cpu time : 13654.4 secs   av.it.:   3.0
      thresh= 1.000E-02 alpha_mix =  0.700 |ddv_scf|^2 =  1.931E-08

      iter #   2 total cpu time : 13664.4 secs   av.it.:  14.0
      thresh= 1.390E-05 alpha_mix =  0.700 |ddv_scf|^2 =  2.140E-08

      iter #   3 total cpu time : 13674.1 secs   av.it.:  13.8
      thresh= 1.463E-05 alpha_mix =  0.700 |ddv_scf|^2 =  1.647E-10

      iter #   4 total cpu time : 13684.3 secs   av.it.:  14.5
      thresh= 1.283E-06 alpha_mix =  0.700 |ddv_scf|^2 =  3.297E-11

      iter #   5 total cpu time : 13694.4 secs   av.it.:  14.2
      thresh= 5.742E-07 alpha_mix =  0.700 |ddv_scf|^2 =  3.358E-13

      iter #   6 total cpu time : 13704.8 secs   av.it.:  15.1
      thresh= 5.795E-08 alpha_mix =  0.700 |ddv_scf|^2 =  6.668E-15

     End of self-consistent calculation

     Convergence has been achieved 


     Representation #   2 mode #   2

     Self-consistent Calculation

      iter #   1 total cpu time : 13711.1 secs   av.it.:   2.9
      thresh= 1.000E-02 alpha_mix =  0.700 |ddv_scf|^2 =  1.558E-09

      iter #   2 total cpu time : 13721.4 secs   av.it.:  14.9
      thresh= 3.947E-06 alpha_mix =  0.700 |ddv_scf|^2 =  1.739E-10

      iter #   3 total cpu time : 13731.7 secs   av.it.:  15.0
      thresh= 1.319E-06 alpha_mix =  0.700 |ddv_scf|^2 =  4.836E-11

      iter #   4 total cpu time : 13741.9 secs   av.it.:  14.5
      thresh= 6.954E-07 alpha_mix =  0.700 |ddv_scf|^2 =  1.618E-11

      iter #   5 total cpu time : 13751.9 secs   av.it.:  13.9
      thresh= 4.022E-07 alpha_mix =  0.700 |ddv_scf|^2 =  3.358E-14

      iter #   6 total cpu time : 13762.5 secs   av.it.:  16.0
      thresh= 1.832E-08 alpha_mix =  0.700 |ddv_scf|^2 =  9.774E-15

     End of self-consistent calculation

     Convergence has been achieved 


     Representation #   3 mode #   3

     Self-consistent Calculation

      iter #   1 total cpu time : 13768.9 secs   av.it.:   3.0
      thresh= 1.000E-02 alpha_mix =  0.700 |ddv_scf|^2 =  2.397E-08

      iter #   2 total cpu time : 13779.0 secs   av.it.:  14.2
      thresh= 1.548E-05 alpha_mix =  0.700 |ddv_scf|^2 =  2.776E-08

      iter #   3 total cpu time : 13788.8 secs   av.it.:  13.8
      thresh= 1.666E-05 alpha_mix =  0.700 |ddv_scf|^2 =  1.917E-10

      iter #   4 total cpu time : 13798.9 secs   av.it.:  14.2
      thresh= 1.385E-06 alpha_mix =  0.700 |ddv_scf|^2 =  2.599E-11

      iter #   5 total cpu time : 13809.0 secs   av.it.:  14.5
      thresh= 5.098E-07 alpha_mix =  0.700 |ddv_scf|^2 =  4.318E-13

      iter #   6 total cpu time : 13819.2 secs   av.it.:  15.0
      thresh= 6.571E-08 alpha_mix =  0.700 |ddv_scf|^2 =  7.859E-15

     End of self-consistent calculation

     Convergence has been achieved 


     Representation #   4 mode #   4

     Self-consistent Calculation

      iter #   1 total cpu time : 13826.9 secs   av.it.:   5.9
      thresh= 1.000E-02 alpha_mix =  0.700 |ddv_scf|^2 =  1.262E-06

      iter #   2 total cpu time : 13837.2 secs   av.it.:  15.0
      thresh= 1.123E-04 alpha_mix =  0.700 |ddv_scf|^2 =  1.473E-06

      iter #   3 total cpu time : 13847.3 secs   av.it.:  14.5
      thresh= 1.214E-04 alpha_mix =  0.700 |ddv_scf|^2 =  3.975E-09

      iter #   4 total cpu time : 13857.6 secs   av.it.:  15.2
      thresh= 6.305E-06 alpha_mix =  0.700 |ddv_scf|^2 =  6.734E-10

      iter #   5 total cpu time : 13867.9 secs   av.it.:  15.0
      thresh= 2.595E-06 alpha_mix =  0.700 |ddv_scf|^2 =  1.966E-10

      iter #   6 total cpu time : 13878.1 secs   av.it.:  14.9
      thresh= 1.402E-06 alpha_mix =  0.700 |ddv_scf|^2 =  1.998E-11

      iter #   7 total cpu time : 13888.3 secs   av.it.:  15.0
      thresh= 4.470E-07 alpha_mix =  0.700 |ddv_scf|^2 =  1.996E-12

      iter #   8 total cpu time : 13898.6 secs   av.it.:  15.2
      thresh= 1.413E-07 alpha_mix =  0.700 |ddv_scf|^2 =  8.459E-14

      iter #   9 total cpu time : 13909.7 secs   av.it.:  17.1
      thresh= 2.908E-08 alpha_mix =  0.700 |ddv_scf|^2 =  1.164E-14

      iter #  10 total cpu time : 13920.9 secs   av.it.:  17.4
      thresh= 1.079E-08 alpha_mix =  0.700 |ddv_scf|^2 =  1.999E-15

     End of self-consistent calculation

     Convergence has been achieved 


     Representation #   5 mode #   5

     Self-consistent Calculation

      iter #   1 total cpu time : 13928.3 secs   av.it.:   5.4
      thresh= 1.000E-02 alpha_mix =  0.700 |ddv_scf|^2 =  1.973E-07

      iter #   2 total cpu time : 13938.4 secs   av.it.:  14.5
      thresh= 4.442E-05 alpha_mix =  0.700 |ddv_scf|^2 =  4.374E-08

      iter #   3 total cpu time : 13948.7 secs   av.it.:  15.1
      thresh= 2.092E-05 alpha_mix =  0.700 |ddv_scf|^2 =  1.218E-09

      iter #   4 total cpu time : 13958.9 secs   av.it.:  14.4
      thresh= 3.491E-06 alpha_mix =  0.700 |ddv_scf|^2 =  3.458E-10

      iter #   5 total cpu time : 13969.0 secs   av.it.:  14.6
      thresh= 1.859E-06 alpha_mix =  0.700 |ddv_scf|^2 =  4.885E-11

      iter #   6 total cpu time : 13979.4 secs   av.it.:  15.2
      thresh= 6.989E-07 alpha_mix =  0.700 |ddv_scf|^2 =  1.031E-11

      iter #   7 total cpu time : 13989.7 secs   av.it.:  15.0
      thresh= 3.211E-07 alpha_mix =  0.700 |ddv_scf|^2 =  1.477E-12

      iter #   8 total cpu time : 14000.1 secs   av.it.:  15.4
      thresh= 1.215E-07 alpha_mix =  0.700 |ddv_scf|^2 =  1.285E-13

      iter #   9 total cpu time : 14010.5 secs   av.it.:  15.4
      thresh= 3.584E-08 alpha_mix =  0.700 |ddv_scf|^2 =  1.007E-14

      iter #  10 total cpu time : 14021.1 secs   av.it.:  15.8
      thresh= 1.003E-08 alpha_mix =  0.700 |ddv_scf|^2 =  1.394E-15

     End of self-consistent calculation

     Convergence has been achieved 


     Representation #   6 mode #   6

     Self-consistent Calculation

      iter #   1 total cpu time : 14028.7 secs   av.it.:   5.9
      thresh= 1.000E-02 alpha_mix =  0.700 |ddv_scf|^2 =  1.260E-06

      iter #   2 total cpu time : 14039.0 secs   av.it.:  15.2
      thresh= 1.123E-04 alpha_mix =  0.700 |ddv_scf|^2 =  1.466E-06

      iter #   3 total cpu time : 14049.1 secs   av.it.:  14.1
      thresh= 1.211E-04 alpha_mix =  0.700 |ddv_scf|^2 =  4.000E-09

      iter #   4 total cpu time : 14059.5 secs   av.it.:  15.5
      thresh= 6.325E-06 alpha_mix =  0.700 |ddv_scf|^2 =  6.767E-10

      iter #   5 total cpu time : 14069.8 secs   av.it.:  15.0
      thresh= 2.601E-06 alpha_mix =  0.700 |ddv_scf|^2 =  1.975E-10

      iter #   6 total cpu time : 14080.1 secs   av.it.:  15.0
      thresh= 1.405E-06 alpha_mix =  0.700 |ddv_scf|^2 =  1.954E-11

      iter #   7 total cpu time : 14090.4 secs   av.it.:  14.9
      thresh= 4.420E-07 alpha_mix =  0.700 |ddv_scf|^2 =  1.966E-12

      iter #   8 total cpu time : 14100.8 secs   av.it.:  15.5
      thresh= 1.402E-07 alpha_mix =  0.700 |ddv_scf|^2 =  8.390E-14

      iter #   9 total cpu time : 14112.0 secs   av.it.:  17.1
      thresh= 2.897E-08 alpha_mix =  0.700 |ddv_scf|^2 =  1.086E-14

      iter #  10 total cpu time : 14123.2 secs   av.it.:  17.6
      thresh= 1.042E-08 alpha_mix =  0.700 |ddv_scf|^2 =  2.015E-15

     End of self-consistent calculation

     Convergence has been achieved 


     Representation #   7 mode #   7

     Self-consistent Calculation

      iter #   1 total cpu time : 14129.6 secs   av.it.:   3.0
      thresh= 1.000E-02 alpha_mix =  0.700 |ddv_scf|^2 =  2.415E-08

      iter #   2 total cpu time : 14139.7 secs   av.it.:  14.2
      thresh= 1.554E-05 alpha_mix =  0.700 |ddv_scf|^2 =  2.813E-08

      iter #   3 total cpu time : 14149.6 secs   av.it.:  13.9
      thresh= 1.677E-05 alpha_mix =  0.700 |ddv_scf|^2 =  1.905E-10

      iter #   4 total cpu time : 14159.8 secs   av.it.:  14.5
      thresh= 1.380E-06 alpha_mix =  0.700 |ddv_scf|^2 =  2.619E-11

      iter #   5 total cpu time : 14170.0 secs   av.it.:  14.4
      thresh= 5.118E-07 alpha_mix =  0.700 |ddv_scf|^2 =  4.594E-13

      iter #   6 total cpu time : 14180.2 secs   av.it.:  14.9
      thresh= 6.778E-08 alpha_mix =  0.700 |ddv_scf|^2 =  8.877E-15

     End of self-consistent calculation

     Convergence has been achieved 


     Representation #   8 mode #   8

     Self-consistent Calculation

      iter #   1 total cpu time : 14186.6 secs   av.it.:   2.8
      thresh= 1.000E-02 alpha_mix =  0.700 |ddv_scf|^2 =  1.573E-09

      iter #   2 total cpu time : 14196.8 secs   av.it.:  14.8
      thresh= 3.966E-06 alpha_mix =  0.700 |ddv_scf|^2 =  1.701E-10

      iter #   3 total cpu time : 14207.2 secs   av.it.:  14.9
      thresh= 1.304E-06 alpha_mix =  0.700 |ddv_scf|^2 =  3.809E-11

      iter #   4 total cpu time : 14217.4 secs   av.it.:  14.6
      thresh= 6.172E-07 alpha_mix =  0.700 |ddv_scf|^2 =  1.722E-11

      iter #   5 total cpu time : 14227.4 secs   av.it.:  13.8
      thresh= 4.150E-07 alpha_mix =  0.700 |ddv_scf|^2 =  4.175E-14

      iter #   6 total cpu time : 14238.1 secs   av.it.:  16.0
      thresh= 2.043E-08 alpha_mix =  0.700 |ddv_scf|^2 =  1.176E-14

      iter #   7 total cpu time : 14248.3 secs   av.it.:  14.8
      thresh= 1.085E-08 alpha_mix =  0.700 |ddv_scf|^2 =  6.953E-16

     End of self-consistent calculation

     Convergence has been achieved 


     Representation #   9 mode #   9

     Self-consistent Calculation

      iter #   1 total cpu time : 14254.7 secs   av.it.:   3.0
      thresh= 1.000E-02 alpha_mix =  0.700 |ddv_scf|^2 =  1.913E-08

      iter #   2 total cpu time : 14264.7 secs   av.it.:  14.0
      thresh= 1.383E-05 alpha_mix =  0.700 |ddv_scf|^2 =  2.109E-08

      iter #   3 total cpu time : 14274.6 secs   av.it.:  13.8
      thresh= 1.452E-05 alpha_mix =  0.700 |ddv_scf|^2 =  1.653E-10

      iter #   4 total cpu time : 14284.8 secs   av.it.:  14.6
      thresh= 1.286E-06 alpha_mix =  0.700 |ddv_scf|^2 =  3.301E-11

      iter #   5 total cpu time : 14294.9 secs   av.it.:  14.2
      thresh= 5.746E-07 alpha_mix =  0.700 |ddv_scf|^2 =  3.273E-13

      iter #   6 total cpu time : 14305.2 secs   av.it.:  15.1
      thresh= 5.721E-08 alpha_mix =  0.700 |ddv_scf|^2 =  6.555E-15

     End of self-consistent calculation

     Convergence has been achieved 


     Representation #  10 mode #  10

     Self-consistent Calculation

      iter #   1 total cpu time : 14311.7 secs   av.it.:   3.0
      thresh= 1.000E-02 alpha_mix =  0.700 |ddv_scf|^2 =  2.200E-08

      iter #   2 total cpu time : 14321.9 secs   av.it.:  14.9
      thresh= 1.483E-05 alpha_mix =  0.700 |ddv_scf|^2 =  2.446E-08

      iter #   3 total cpu time : 14332.0 secs   av.it.:  14.6
      thresh= 1.564E-05 alpha_mix =  0.700 |ddv_scf|^2 =  7.590E-11

      iter #   4 total cpu time : 14342.6 secs   av.it.:  15.5
      thresh= 8.712E-07 alpha_mix =  0.700 |ddv_scf|^2 =  3.467E-11

      iter #   5 total cpu time : 14352.8 secs   av.it.:  14.9
      thresh= 5.888E-07 alpha_mix =  0.700 |ddv_scf|^2 =  5.857E-13

      iter #   6 total cpu time : 14363.2 secs   av.it.:  15.5
      thresh= 7.653E-08 alpha_mix =  0.700 |ddv_scf|^2 =  1.013E-14

      iter #   7 total cpu time : 14373.8 secs   av.it.:  15.9
      thresh= 1.006E-08 alpha_mix =  0.700 |ddv_scf|^2 =  1.572E-15

     End of self-consistent calculation

     Convergence has been achieved 


     Representation #  11 mode #  11

     Self-consistent Calculation

      iter #   1 total cpu time : 14380.0 secs   av.it.:   2.0
      thresh= 1.000E-02 alpha_mix =  0.700 |ddv_scf|^2 =  1.494E-09

      iter #   2 total cpu time : 14390.2 secs   av.it.:  14.6
      thresh= 3.865E-06 alpha_mix =  0.700 |ddv_scf|^2 =  1.583E-10

      iter #   3 total cpu time : 14400.4 secs   av.it.:  14.6
      thresh= 1.258E-06 alpha_mix =  0.700 |ddv_scf|^2 =  2.517E-11

      iter #   4 total cpu time : 14410.7 secs   av.it.:  15.0
      thresh= 5.017E-07 alpha_mix =  0.700 |ddv_scf|^2 =  6.772E-12

      iter #   5 total cpu time : 14420.9 secs   av.it.:  14.8
      thresh= 2.602E-07 alpha_mix =  0.700 |ddv_scf|^2 =  3.104E-14

      iter #   6 total cpu time : 14431.6 secs   av.it.:  16.2
      thresh= 1.762E-08 alpha_mix =  0.700 |ddv_scf|^2 =  3.786E-15

     End of self-consistent calculation

     Convergence has been achieved 


     Representation #  12 mode #  12

     Self-consistent Calculation

      iter #   1 total cpu time : 14438.1 secs   av.it.:   3.0
      thresh= 1.000E-02 alpha_mix =  0.700 |ddv_scf|^2 =  2.233E-08

      iter #   2 total cpu time : 14448.3 secs   av.it.:  14.9
      thresh= 1.494E-05 alpha_mix =  0.700 |ddv_scf|^2 =  2.511E-08

      iter #   3 total cpu time : 14458.4 secs   av.it.:  14.5
      thresh= 1.585E-05 alpha_mix =  0.700 |ddv_scf|^2 =  7.470E-11

      iter #   4 total cpu time : 14468.9 secs   av.it.:  15.5
      thresh= 8.643E-07 alpha_mix =  0.700 |ddv_scf|^2 =  3.441E-11

      iter #   5 total cpu time : 14479.0 secs   av.it.:  14.5
      thresh= 5.866E-07 alpha_mix =  0.700 |ddv_scf|^2 =  5.718E-13

      iter #   6 total cpu time : 14489.5 secs   av.it.:  15.6
      thresh= 7.562E-08 alpha_mix =  0.700 |ddv_scf|^2 =  9.897E-15

     End of self-consistent calculation

     Convergence has been achieved 


     Representation #  13 mode #  13

     Self-consistent Calculation

      iter #   1 total cpu time : 14496.1 secs   av.it.:   3.5
      thresh= 1.000E-02 alpha_mix =  0.700 |ddv_scf|^2 =  2.469E-08

      iter #   2 total cpu time : 14507.4 secs   av.it.:  17.6
      thresh= 1.571E-05 alpha_mix =  0.700 |ddv_scf|^2 =  2.650E-08

      iter #   3 total cpu time : 14518.3 secs   av.it.:  16.9
      thresh= 1.628E-05 alpha_mix =  0.700 |ddv_scf|^2 =  1.624E-10

      iter #   4 total cpu time : 14529.6 secs   av.it.:  17.9
      thresh= 1.274E-06 alpha_mix =  0.700 |ddv_scf|^2 =  2.169E-11

      iter #   5 total cpu time : 14540.6 secs   av.it.:  17.0
      thresh= 4.657E-07 alpha_mix =  0.700 |ddv_scf|^2 =  6.801E-13

      iter #   6 total cpu time : 14551.8 secs   av.it.:  17.9
      thresh= 8.247E-08 alpha_mix =  0.700 |ddv_scf|^2 =  1.095E-13

      iter #   7 total cpu time : 14563.0 secs   av.it.:  17.4
      thresh= 3.309E-08 alpha_mix =  0.700 |ddv_scf|^2 =  1.447E-14

      iter #   8 total cpu time : 14574.1 secs   av.it.:  17.4
      thresh= 1.203E-08 alpha_mix =  0.700 |ddv_scf|^2 =  1.672E-15

     End of self-consistent calculation

     Convergence has been achieved 


     Representation #  14 mode #  14

     Self-consistent Calculation

      iter #   1 total cpu time : 14580.6 secs   av.it.:   3.0
      thresh= 1.000E-02 alpha_mix =  0.700 |ddv_scf|^2 =  4.510E-09

      iter #   2 total cpu time : 14591.7 secs   av.it.:  17.2
      thresh= 6.716E-06 alpha_mix =  0.700 |ddv_scf|^2 =  5.236E-10

      iter #   3 total cpu time : 14602.9 secs   av.it.:  17.9
      thresh= 2.288E-06 alpha_mix =  0.700 |ddv_scf|^2 =  6.803E-11

      iter #   4 total cpu time : 14614.0 secs   av.it.:  17.1
      thresh= 8.248E-07 alpha_mix =  0.700 |ddv_scf|^2 =  4.715E-12

      iter #   5 total cpu time : 14625.3 secs   av.it.:  17.6
      thresh= 2.171E-07 alpha_mix =  0.700 |ddv_scf|^2 =  8.264E-13

      iter #   6 total cpu time : 14636.1 secs   av.it.:  16.8
      thresh= 9.091E-08 alpha_mix =  0.700 |ddv_scf|^2 =  3.411E-14

      iter #   7 total cpu time : 14647.4 secs   av.it.:  18.0
      thresh= 1.847E-08 alpha_mix =  0.700 |ddv_scf|^2 =  2.362E-15

     End of self-consistent calculation

     Convergence has been achieved 


     Representation #  15 mode #  15

     Self-consistent Calculation

      iter #   1 total cpu time : 14654.0 secs   av.it.:   3.4
      thresh= 1.000E-02 alpha_mix =  0.700 |ddv_scf|^2 =  2.357E-08

      iter #   2 total cpu time : 14665.2 secs   av.it.:  17.8
      thresh= 1.535E-05 alpha_mix =  0.700 |ddv_scf|^2 =  2.551E-08

      iter #   3 total cpu time : 14676.0 secs   av.it.:  16.4
      thresh= 1.597E-05 alpha_mix =  0.700 |ddv_scf|^2 =  1.537E-10

      iter #   4 total cpu time : 14687.4 secs   av.it.:  17.4
      thresh= 1.240E-06 alpha_mix =  0.700 |ddv_scf|^2 =  2.386E-11

      iter #   5 total cpu time : 14698.4 secs   av.it.:  17.0
      thresh= 4.884E-07 alpha_mix =  0.700 |ddv_scf|^2 =  4.762E-13

      iter #   6 total cpu time : 14709.9 secs   av.it.:  18.2
      thresh= 6.901E-08 alpha_mix =  0.700 |ddv_scf|^2 =  1.529E-13

      iter #   7 total cpu time : 14720.9 secs   av.it.:  17.2
      thresh= 3.910E-08 alpha_mix =  0.700 |ddv_scf|^2 =  8.643E-15

     End of self-consistent calculation

     Convergence has been achieved 


     Representation #  16 mode #  16

     Self-consistent Calculation

      iter #   1 total cpu time : 14727.5 secs   av.it.:   3.0
      thresh= 1.000E-02 alpha_mix =  0.700 |ddv_scf|^2 =  2.176E-08

      iter #   2 total cpu time : 14738.7 secs   av.it.:  17.6
      thresh= 1.475E-05 alpha_mix =  0.700 |ddv_scf|^2 =  2.039E-08

      iter #   3 total cpu time : 14749.6 secs   av.it.:  16.8
      thresh= 1.428E-05 alpha_mix =  0.700 |ddv_scf|^2 =  1.347E-10

      iter #   4 total cpu time : 14760.9 secs   av.it.:  18.0
      thresh= 1.161E-06 alpha_mix =  0.700 |ddv_scf|^2 =  1.916E-11

      iter #   5 total cpu time : 14772.1 secs   av.it.:  17.2
      thresh= 4.377E-07 alpha_mix =  0.700 |ddv_scf|^2 =  6.161E-13

      iter #   6 total cpu time : 14783.5 secs   av.it.:  18.0
      thresh= 7.849E-08 alpha_mix =  0.700 |ddv_scf|^2 =  6.041E-14

      iter #   7 total cpu time : 14794.9 secs   av.it.:  18.1
      thresh= 2.458E-08 alpha_mix =  0.700 |ddv_scf|^2 =  1.252E-14

      iter #   8 total cpu time : 14806.0 secs   av.it.:  17.4
      thresh= 1.119E-08 alpha_mix =  0.700 |ddv_scf|^2 =  6.453E-16

     End of self-consistent calculation

     Convergence has been achieved 


     Representation #  17 mode #  17

     Self-consistent Calculation

      iter #   1 total cpu time : 14812.3 secs   av.it.:   3.0
      thresh= 1.000E-02 alpha_mix =  0.700 |ddv_scf|^2 =  3.949E-09

      iter #   2 total cpu time : 14823.5 secs   av.it.:  17.5
      thresh= 6.284E-06 alpha_mix =  0.700 |ddv_scf|^2 =  3.611E-10

      iter #   3 total cpu time : 14834.7 secs   av.it.:  17.8
      thresh= 1.900E-06 alpha_mix =  0.700 |ddv_scf|^2 =  7.630E-11

      iter #   4 total cpu time : 14845.6 secs   av.it.:  16.4
      thresh= 8.735E-07 alpha_mix =  0.700 |ddv_scf|^2 =  4.576E-12

      iter #   5 total cpu time : 14856.7 secs   av.it.:  17.0
      thresh= 2.139E-07 alpha_mix =  0.700 |ddv_scf|^2 =  3.521E-13

      iter #   6 total cpu time : 14867.8 secs   av.it.:  17.5
      thresh= 5.934E-08 alpha_mix =  0.700 |ddv_scf|^2 =  2.849E-14

      iter #   7 total cpu time : 14879.0 secs   av.it.:  17.5
      thresh= 1.688E-08 alpha_mix =  0.700 |ddv_scf|^2 =  1.621E-15

     End of self-consistent calculation

     Convergence has been achieved 


     Representation #  18 mode #  18

     Self-consistent Calculation

      iter #   1 total cpu time : 14885.5 secs   av.it.:   3.0
      thresh= 1.000E-02 alpha_mix =  0.700 |ddv_scf|^2 =  2.184E-08

      iter #   2 total cpu time : 14896.7 secs   av.it.:  17.6
      thresh= 1.478E-05 alpha_mix =  0.700 |ddv_scf|^2 =  2.055E-08

      iter #   3 total cpu time : 14907.7 secs   av.it.:  16.8
      thresh= 1.433E-05 alpha_mix =  0.700 |ddv_scf|^2 =  1.347E-10

      iter #   4 total cpu time : 14919.1 secs   av.it.:  17.9
      thresh= 1.161E-06 alpha_mix =  0.700 |ddv_scf|^2 =  1.894E-11

      iter #   5 total cpu time : 14930.3 secs   av.it.:  17.5
      thresh= 4.352E-07 alpha_mix =  0.700 |ddv_scf|^2 =  6.102E-13

      iter #   6 total cpu time : 14941.7 secs   av.it.:  18.2
      thresh= 7.812E-08 alpha_mix =  0.700 |ddv_scf|^2 =  5.866E-14

      iter #   7 total cpu time : 14953.1 secs   av.it.:  17.9
      thresh= 2.422E-08 alpha_mix =  0.700 |ddv_scf|^2 =  1.272E-14

      iter #   8 total cpu time : 14964.2 secs   av.it.:  17.6
      thresh= 1.128E-08 alpha_mix =  0.700 |ddv_scf|^2 =  6.002E-16

     End of self-consistent calculation

     Convergence has been achieved 


     Representation #  19 mode #  19

     Self-consistent Calculation

      iter #   1 total cpu time : 14970.8 secs   av.it.:   3.4
      thresh= 1.000E-02 alpha_mix =  0.700 |ddv_scf|^2 =  2.358E-08

      iter #   2 total cpu time : 14982.0 secs   av.it.:  17.5
      thresh= 1.536E-05 alpha_mix =  0.700 |ddv_scf|^2 =  2.530E-08

      iter #   3 total cpu time : 14992.8 secs   av.it.:  16.5
      thresh= 1.591E-05 alpha_mix =  0.700 |ddv_scf|^2 =  1.606E-10

      iter #   4 total cpu time : 15004.0 secs   av.it.:  17.4
      thresh= 1.267E-06 alpha_mix =  0.700 |ddv_scf|^2 =  2.348E-11

      iter #   5 total cpu time : 15015.1 secs   av.it.:  17.2
      thresh= 4.846E-07 alpha_mix =  0.700 |ddv_scf|^2 =  4.599E-13

      iter #   6 total cpu time : 15026.6 secs   av.it.:  18.2
      thresh= 6.781E-08 alpha_mix =  0.700 |ddv_scf|^2 =  1.542E-13

      iter #   7 total cpu time : 15037.6 secs   av.it.:  17.2
      thresh= 3.927E-08 alpha_mix =  0.700 |ddv_scf|^2 =  8.926E-15

     End of self-consistent calculation

     Convergence has been achieved 


     Representation #  20 mode #  20

     Self-consistent Calculation

      iter #   1 total cpu time : 15044.1 secs   av.it.:   3.0
      thresh= 1.000E-02 alpha_mix =  0.700 |ddv_scf|^2 =  4.513E-09

      iter #   2 total cpu time : 15055.2 secs   av.it.:  17.4
      thresh= 6.718E-06 alpha_mix =  0.700 |ddv_scf|^2 =  5.217E-10

      iter #   3 total cpu time : 15066.4 secs   av.it.:  17.6
      thresh= 2.284E-06 alpha_mix =  0.700 |ddv_scf|^2 =  6.274E-11

      iter #   4 total cpu time : 15077.5 secs   av.it.:  17.4
      thresh= 7.921E-07 alpha_mix =  0.700 |ddv_scf|^2 =  4.421E-12

      iter #   5 total cpu time : 15088.8 secs   av.it.:  17.8
      thresh= 2.103E-07 alpha_mix =  0.700 |ddv_scf|^2 =  8.377E-13

      iter #   6 total cpu time : 15099.7 secs   av.it.:  16.6
      thresh= 9.153E-08 alpha_mix =  0.700 |ddv_scf|^2 =  3.253E-14

      iter #   7 total cpu time : 15111.1 secs   av.it.:  18.2
      thresh= 1.804E-08 alpha_mix =  0.700 |ddv_scf|^2 =  1.911E-15

     End of self-consistent calculation

     Convergence has been achieved 


     Representation #  21 mode #  21

     Self-consistent Calculation

      iter #   1 total cpu time : 15117.7 secs   av.it.:   3.6
      thresh= 1.000E-02 alpha_mix =  0.700 |ddv_scf|^2 =  2.461E-08

      iter #   2 total cpu time : 15129.0 secs   av.it.:  17.9
      thresh= 1.569E-05 alpha_mix =  0.700 |ddv_scf|^2 =  2.613E-08

      iter #   3 total cpu time : 15139.9 secs   av.it.:  16.9
      thresh= 1.617E-05 alpha_mix =  0.700 |ddv_scf|^2 =  1.671E-10

      iter #   4 total cpu time : 15151.1 secs   av.it.:  17.9
      thresh= 1.293E-06 alpha_mix =  0.700 |ddv_scf|^2 =  2.102E-11

      iter #   5 total cpu time : 15162.2 secs   av.it.:  17.1
      thresh= 4.585E-07 alpha_mix =  0.700 |ddv_scf|^2 =  6.607E-13

      iter #   6 total cpu time : 15173.5 secs   av.it.:  18.0
      thresh= 8.128E-08 alpha_mix =  0.700 |ddv_scf|^2 =  1.115E-13

      iter #   7 total cpu time : 15184.8 secs   av.it.:  17.5
      thresh= 3.339E-08 alpha_mix =  0.700 |ddv_scf|^2 =  1.579E-14

      iter #   8 total cpu time : 15195.8 secs   av.it.:  17.4
      thresh= 1.257E-08 alpha_mix =  0.700 |ddv_scf|^2 =  1.590E-15

     End of self-consistent calculation

     Convergence has been achieved 


     Representation #  22 mode #  22

     Self-consistent Calculation

      iter #   1 total cpu time : 15202.3 secs   av.it.:   3.1
      thresh= 1.000E-02 alpha_mix =  0.700 |ddv_scf|^2 =  2.406E-08

      iter #   2 total cpu time : 15213.6 secs   av.it.:  17.6
      thresh= 1.551E-05 alpha_mix =  0.700 |ddv_scf|^2 =  2.473E-08

      iter #   3 total cpu time : 15224.7 secs   av.it.:  16.9
      thresh= 1.573E-05 alpha_mix =  0.700 |ddv_scf|^2 =  1.203E-10

      iter #   4 total cpu time : 15236.0 secs   av.it.:  17.8
      thresh= 1.097E-06 alpha_mix =  0.700 |ddv_scf|^2 =  2.583E-11

      iter #   5 total cpu time : 15247.2 secs   av.it.:  17.2
      thresh= 5.082E-07 alpha_mix =  0.700 |ddv_scf|^2 =  1.127E-12

      iter #   6 total cpu time : 15258.3 secs   av.it.:  17.4
      thresh= 1.062E-07 alpha_mix =  0.700 |ddv_scf|^2 =  4.823E-14

      iter #   7 total cpu time : 15269.7 secs   av.it.:  18.2
      thresh= 2.196E-08 alpha_mix =  0.700 |ddv_scf|^2 =  1.987E-14

      iter #   8 total cpu time : 15280.6 secs   av.it.:  16.6
      thresh= 1.410E-08 alpha_mix =  0.700 |ddv_scf|^2 =  1.541E-15

     End of self-consistent calculation

     Convergence has been achieved 


     Representation #  23 mode #  23

     Self-consistent Calculation

      iter #   1 total cpu time : 15287.1 secs   av.it.:   3.1
      thresh= 1.000E-02 alpha_mix =  0.700 |ddv_scf|^2 =  4.230E-09

      iter #   2 total cpu time : 15298.2 secs   av.it.:  17.2
      thresh= 6.504E-06 alpha_mix =  0.700 |ddv_scf|^2 =  4.515E-10

      iter #   3 total cpu time : 15309.2 secs   av.it.:  17.4
      thresh= 2.125E-06 alpha_mix =  0.700 |ddv_scf|^2 =  1.946E-11

      iter #   4 total cpu time : 15320.5 secs   av.it.:  17.9
      thresh= 4.411E-07 alpha_mix =  0.700 |ddv_scf|^2 =  3.630E-12

      iter #   5 total cpu time : 15331.7 secs   av.it.:  17.4
      thresh= 1.905E-07 alpha_mix =  0.700 |ddv_scf|^2 =  2.036E-13

      iter #   6 total cpu time : 15342.9 secs   av.it.:  17.6
      thresh= 4.512E-08 alpha_mix =  0.700 |ddv_scf|^2 =  1.300E-14

      iter #   7 total cpu time : 15354.3 secs   av.it.:  18.0
      thresh= 1.140E-08 alpha_mix =  0.700 |ddv_scf|^2 =  5.049E-15

     End of self-consistent calculation

     Convergence has been achieved 


     Representation #  24 mode #  24

     Self-consistent Calculation

      iter #   1 total cpu time : 15360.8 secs   av.it.:   3.1
      thresh= 1.000E-02 alpha_mix =  0.700 |ddv_scf|^2 =  2.437E-08

      iter #   2 total cpu time : 15372.2 secs   av.it.:  17.6
      thresh= 1.561E-05 alpha_mix =  0.700 |ddv_scf|^2 =  2.528E-08

      iter #   3 total cpu time : 15383.2 secs   av.it.:  17.0
      thresh= 1.590E-05 alpha_mix =  0.700 |ddv_scf|^2 =  1.198E-10

      iter #   4 total cpu time : 15394.5 secs   av.it.:  18.0
      thresh= 1.094E-06 alpha_mix =  0.700 |ddv_scf|^2 =  2.570E-11

      iter #   5 total cpu time : 15405.7 secs   av.it.:  17.4
      thresh= 5.070E-07 alpha_mix =  0.700 |ddv_scf|^2 =  1.145E-12

      iter #   6 total cpu time : 15416.9 secs   av.it.:  17.4
      thresh= 1.070E-07 alpha_mix =  0.700 |ddv_scf|^2 =  4.642E-14

      iter #   7 total cpu time : 15428.4 secs   av.it.:  18.4
      thresh= 2.154E-08 alpha_mix =  0.700 |ddv_scf|^2 =  2.003E-14

      iter #   8 total cpu time : 15439.2 secs   av.it.:  16.6
      thresh= 1.415E-08 alpha_mix =  0.700 |ddv_scf|^2 =  1.339E-15

     End of self-consistent calculation

     Convergence has been achieved 


     Representation #  25 mode #  25

     Self-consistent Calculation

      iter #   1 total cpu time : 15445.8 secs   av.it.:   3.5
      thresh= 1.000E-02 alpha_mix =  0.700 |ddv_scf|^2 =  2.468E-08

      iter #   2 total cpu time : 15457.1 secs   av.it.:  17.6
      thresh= 1.571E-05 alpha_mix =  0.700 |ddv_scf|^2 =  2.648E-08

      iter #   3 total cpu time : 15468.0 secs   av.it.:  16.9
      thresh= 1.627E-05 alpha_mix =  0.700 |ddv_scf|^2 =  1.624E-10

      iter #   4 total cpu time : 15479.3 secs   av.it.:  17.9
      thresh= 1.274E-06 alpha_mix =  0.700 |ddv_scf|^2 =  2.169E-11

      iter #   5 total cpu time : 15490.4 secs   av.it.:  17.0
      thresh= 4.657E-07 alpha_mix =  0.700 |ddv_scf|^2 =  6.810E-13

      iter #   6 total cpu time : 15501.7 secs   av.it.:  17.9
      thresh= 8.252E-08 alpha_mix =  0.700 |ddv_scf|^2 =  1.097E-13

      iter #   7 total cpu time : 15513.0 secs   av.it.:  17.4
      thresh= 3.312E-08 alpha_mix =  0.700 |ddv_scf|^2 =  1.449E-14

      iter #   8 total cpu time : 15524.0 secs   av.it.:  17.4
      thresh= 1.204E-08 alpha_mix =  0.700 |ddv_scf|^2 =  1.676E-15

     End of self-consistent calculation

     Convergence has been achieved 


     Representation #  26 mode #  26

     Self-consistent Calculation

      iter #   1 total cpu time : 15530.5 secs   av.it.:   3.0
      thresh= 1.000E-02 alpha_mix =  0.700 |ddv_scf|^2 =  4.510E-09

      iter #   2 total cpu time : 15541.6 secs   av.it.:  17.2
      thresh= 6.716E-06 alpha_mix =  0.700 |ddv_scf|^2 =  5.236E-10

      iter #   3 total cpu time : 15553.0 secs   av.it.:  17.9
      thresh= 2.288E-06 alpha_mix =  0.700 |ddv_scf|^2 =  6.807E-11

      iter #   4 total cpu time : 15564.1 secs   av.it.:  17.1
      thresh= 8.251E-07 alpha_mix =  0.700 |ddv_scf|^2 =  4.716E-12

      iter #   5 total cpu time : 15575.3 secs   av.it.:  17.6
      thresh= 2.172E-07 alpha_mix =  0.700 |ddv_scf|^2 =  8.264E-13

      iter #   6 total cpu time : 15586.2 secs   av.it.:  16.6
      thresh= 9.091E-08 alpha_mix =  0.700 |ddv_scf|^2 =  3.411E-14

      iter #   7 total cpu time : 15597.6 secs   av.it.:  18.0
      thresh= 1.847E-08 alpha_mix =  0.700 |ddv_scf|^2 =  2.366E-15

     End of self-consistent calculation

     Convergence has been achieved 


     Representation #  27 mode #  27

     Self-consistent Calculation

      iter #   1 total cpu time : 15604.2 secs   av.it.:   3.4
      thresh= 1.000E-02 alpha_mix =  0.700 |ddv_scf|^2 =  2.357E-08

      iter #   2 total cpu time : 15615.6 secs   av.it.:  17.8
      thresh= 1.535E-05 alpha_mix =  0.700 |ddv_scf|^2 =  2.551E-08

      iter #   3 total cpu time : 15626.6 secs   av.it.:  16.4
      thresh= 1.597E-05 alpha_mix =  0.700 |ddv_scf|^2 =  1.536E-10

      iter #   4 total cpu time : 15638.0 secs   av.it.:  17.4
      thresh= 1.239E-06 alpha_mix =  0.700 |ddv_scf|^2 =  2.385E-11

      iter #   5 total cpu time : 15649.1 secs   av.it.:  17.1
      thresh= 4.884E-07 alpha_mix =  0.700 |ddv_scf|^2 =  4.768E-13

      iter #   6 total cpu time : 15660.7 secs   av.it.:  18.2
      thresh= 6.905E-08 alpha_mix =  0.700 |ddv_scf|^2 =  1.533E-13

      iter #   7 total cpu time : 15671.9 secs   av.it.:  17.2
      thresh= 3.915E-08 alpha_mix =  0.700 |ddv_scf|^2 =  8.654E-15

     End of self-consistent calculation

     Convergence has been achieved 


     Representation #  28 mode #  28

     Self-consistent Calculation

      iter #   1 total cpu time : 15678.4 secs   av.it.:   3.0
      thresh= 1.000E-02 alpha_mix =  0.700 |ddv_scf|^2 =  2.176E-08

      iter #   2 total cpu time : 15689.8 secs   av.it.:  17.6
      thresh= 1.475E-05 alpha_mix =  0.700 |ddv_scf|^2 =  2.039E-08

      iter #   3 total cpu time : 15700.8 secs   av.it.:  16.8
      thresh= 1.428E-05 alpha_mix =  0.700 |ddv_scf|^2 =  1.347E-10

      iter #   4 total cpu time : 15712.3 secs   av.it.:  18.0
      thresh= 1.161E-06 alpha_mix =  0.700 |ddv_scf|^2 =  1.916E-11

      iter #   5 total cpu time : 15723.6 secs   av.it.:  17.2
      thresh= 4.377E-07 alpha_mix =  0.700 |ddv_scf|^2 =  6.163E-13

      iter #   6 total cpu time : 15735.2 secs   av.it.:  18.0
      thresh= 7.850E-08 alpha_mix =  0.700 |ddv_scf|^2 =  6.041E-14

      iter #   7 total cpu time : 15746.8 secs   av.it.:  18.1
      thresh= 2.458E-08 alpha_mix =  0.700 |ddv_scf|^2 =  1.251E-14

      iter #   8 total cpu time : 15758.0 secs   av.it.:  17.5
      thresh= 1.118E-08 alpha_mix =  0.700 |ddv_scf|^2 =  6.410E-16

     End of self-consistent calculation

     Convergence has been achieved 


     Representation #  29 mode #  29

     Self-consistent Calculation

      iter #   1 total cpu time : 15764.4 secs   av.it.:   3.0
      thresh= 1.000E-02 alpha_mix =  0.700 |ddv_scf|^2 =  3.948E-09

      iter #   2 total cpu time : 15775.7 secs   av.it.:  17.5
      thresh= 6.284E-06 alpha_mix =  0.700 |ddv_scf|^2 =  3.606E-10

      iter #   3 total cpu time : 15787.0 secs   av.it.:  17.8
      thresh= 1.899E-06 alpha_mix =  0.700 |ddv_scf|^2 =  7.602E-11

      iter #   4 total cpu time : 15798.0 secs   av.it.:  16.4
      thresh= 8.719E-07 alpha_mix =  0.700 |ddv_scf|^2 =  4.582E-12

      iter #   5 total cpu time : 15809.1 secs   av.it.:  17.1
      thresh= 2.141E-07 alpha_mix =  0.700 |ddv_scf|^2 =  3.545E-13

      iter #   6 total cpu time : 15820.4 secs   av.it.:  17.4
      thresh= 5.954E-08 alpha_mix =  0.700 |ddv_scf|^2 =  2.856E-14

      iter #   7 total cpu time : 15831.8 secs   av.it.:  17.5
      thresh= 1.690E-08 alpha_mix =  0.700 |ddv_scf|^2 =  1.625E-15

     End of self-consistent calculation

     Convergence has been achieved 


     Representation #  30 mode #  30

     Self-consistent Calculation

      iter #   1 total cpu time : 15838.3 secs   av.it.:   3.0
      thresh= 1.000E-02 alpha_mix =  0.700 |ddv_scf|^2 =  2.184E-08

      iter #   2 total cpu time : 15849.6 secs   av.it.:  17.6
      thresh= 1.478E-05 alpha_mix =  0.700 |ddv_scf|^2 =  2.055E-08

      iter #   3 total cpu time : 15860.6 secs   av.it.:  16.8
      thresh= 1.433E-05 alpha_mix =  0.700 |ddv_scf|^2 =  1.347E-10

      iter #   4 total cpu time : 15872.1 secs   av.it.:  17.9
      thresh= 1.161E-06 alpha_mix =  0.700 |ddv_scf|^2 =  1.894E-11

      iter #   5 total cpu time : 15883.4 secs   av.it.:  17.5
      thresh= 4.352E-07 alpha_mix =  0.700 |ddv_scf|^2 =  6.096E-13

      iter #   6 total cpu time : 15895.0 secs   av.it.:  18.2
      thresh= 7.808E-08 alpha_mix =  0.700 |ddv_scf|^2 =  5.869E-14

      iter #   7 total cpu time : 15906.4 secs   av.it.:  17.9
      thresh= 2.423E-08 alpha_mix =  0.700 |ddv_scf|^2 =  1.272E-14

      iter #   8 total cpu time : 15917.7 secs   av.it.:  17.6
      thresh= 1.128E-08 alpha_mix =  0.700 |ddv_scf|^2 =  6.029E-16

     End of self-consistent calculation

     Convergence has been achieved 


     Representation #  31 mode #  31

     Self-consistent Calculation

      iter #   1 total cpu time : 15924.3 secs   av.it.:   3.4
      thresh= 1.000E-02 alpha_mix =  0.700 |ddv_scf|^2 =  2.358E-08

      iter #   2 total cpu time : 15935.7 secs   av.it.:  17.5
      thresh= 1.536E-05 alpha_mix =  0.700 |ddv_scf|^2 =  2.529E-08

      iter #   3 total cpu time : 15946.6 secs   av.it.:  16.5
      thresh= 1.590E-05 alpha_mix =  0.700 |ddv_scf|^2 =  1.605E-10

      iter #   4 total cpu time : 15958.0 secs   av.it.:  17.4
      thresh= 1.267E-06 alpha_mix =  0.700 |ddv_scf|^2 =  2.349E-11

      iter #   5 total cpu time : 15969.3 secs   av.it.:  17.2
      thresh= 4.846E-07 alpha_mix =  0.700 |ddv_scf|^2 =  4.604E-13

      iter #   6 total cpu time : 15980.8 secs   av.it.:  18.2
      thresh= 6.785E-08 alpha_mix =  0.700 |ddv_scf|^2 =  1.546E-13

      iter #   7 total cpu time : 15991.9 secs   av.it.:  17.2
      thresh= 3.932E-08 alpha_mix =  0.700 |ddv_scf|^2 =  8.928E-15

     End of self-consistent calculation

     Convergence has been achieved 


     Representation #  32 mode #  32

     Self-consistent Calculation

      iter #   1 total cpu time : 15998.4 secs   av.it.:   3.0
      thresh= 1.000E-02 alpha_mix =  0.700 |ddv_scf|^2 =  4.515E-09

      iter #   2 total cpu time : 16009.6 secs   av.it.:  17.4
      thresh= 6.720E-06 alpha_mix =  0.700 |ddv_scf|^2 =  5.200E-10

      iter #   3 total cpu time : 16021.0 secs   av.it.:  17.6
      thresh= 2.280E-06 alpha_mix =  0.700 |ddv_scf|^2 =  6.188E-11

      iter #   4 total cpu time : 16032.2 secs   av.it.:  17.2
      thresh= 7.867E-07 alpha_mix =  0.700 |ddv_scf|^2 =  4.382E-12

      iter #   5 total cpu time : 16043.6 secs   av.it.:  17.8
      thresh= 2.093E-07 alpha_mix =  0.700 |ddv_scf|^2 =  8.333E-13

      iter #   6 total cpu time : 16054.6 secs   av.it.:  16.6
      thresh= 9.129E-08 alpha_mix =  0.700 |ddv_scf|^2 =  3.248E-14

      iter #   7 total cpu time : 16066.1 secs   av.it.:  18.2
      thresh= 1.802E-08 alpha_mix =  0.700 |ddv_scf|^2 =  1.866E-15

     End of self-consistent calculation

     Convergence has been achieved 


     Representation #  33 mode #  33

     Self-consistent Calculation

      iter #   1 total cpu time : 16072.7 secs   av.it.:   3.6
      thresh= 1.000E-02 alpha_mix =  0.700 |ddv_scf|^2 =  2.458E-08

      iter #   2 total cpu time : 16084.1 secs   av.it.:  17.9
      thresh= 1.568E-05 alpha_mix =  0.700 |ddv_scf|^2 =  2.606E-08

      iter #   3 total cpu time : 16095.2 secs   av.it.:  16.9
      thresh= 1.614E-05 alpha_mix =  0.700 |ddv_scf|^2 =  1.676E-10

      iter #   4 total cpu time : 16106.5 secs   av.it.:  17.9
      thresh= 1.294E-06 alpha_mix =  0.700 |ddv_scf|^2 =  2.095E-11

      iter #   5 total cpu time : 16117.7 secs   av.it.:  17.1
      thresh= 4.577E-07 alpha_mix =  0.700 |ddv_scf|^2 =  6.597E-13

      iter #   6 total cpu time : 16129.1 secs   av.it.:  18.0
      thresh= 8.122E-08 alpha_mix =  0.700 |ddv_scf|^2 =  1.116E-13

      iter #   7 total cpu time : 16140.5 secs   av.it.:  17.5
      thresh= 3.341E-08 alpha_mix =  0.700 |ddv_scf|^2 =  1.582E-14

      iter #   8 total cpu time : 16151.7 secs   av.it.:  17.4
      thresh= 1.258E-08 alpha_mix =  0.700 |ddv_scf|^2 =  1.636E-15

     End of self-consistent calculation

     Convergence has been achieved 


     Representation #  34 mode #  34

     Self-consistent Calculation

      iter #   1 total cpu time : 16158.2 secs   av.it.:   3.1
      thresh= 1.000E-02 alpha_mix =  0.700 |ddv_scf|^2 =  2.406E-08

      iter #   2 total cpu time : 16169.6 secs   av.it.:  17.6
      thresh= 1.551E-05 alpha_mix =  0.700 |ddv_scf|^2 =  2.473E-08

      iter #   3 total cpu time : 16180.8 secs   av.it.:  16.9
      thresh= 1.573E-05 alpha_mix =  0.700 |ddv_scf|^2 =  1.203E-10

      iter #   4 total cpu time : 16192.2 secs   av.it.:  17.9
      thresh= 1.097E-06 alpha_mix =  0.700 |ddv_scf|^2 =  2.582E-11

      iter #   5 total cpu time : 16203.4 secs   av.it.:  17.2
      thresh= 5.081E-07 alpha_mix =  0.700 |ddv_scf|^2 =  1.128E-12

      iter #   6 total cpu time : 16214.6 secs   av.it.:  17.4
      thresh= 1.062E-07 alpha_mix =  0.700 |ddv_scf|^2 =  4.836E-14

      iter #   7 total cpu time : 16226.3 secs   av.it.:  18.2
      thresh= 2.199E-08 alpha_mix =  0.700 |ddv_scf|^2 =  1.997E-14

      iter #   8 total cpu time : 16237.3 secs   av.it.:  16.6
      thresh= 1.413E-08 alpha_mix =  0.700 |ddv_scf|^2 =  1.540E-15

     End of self-consistent calculation

     Convergence has been achieved 


     Representation #  35 mode #  35

     Self-consistent Calculation

      iter #   1 total cpu time : 16243.8 secs   av.it.:   3.1
      thresh= 1.000E-02 alpha_mix =  0.700 |ddv_scf|^2 =  4.230E-09

      iter #   2 total cpu time : 16255.0 secs   av.it.:  17.2
      thresh= 6.504E-06 alpha_mix =  0.700 |ddv_scf|^2 =  4.512E-10

      iter #   3 total cpu time : 16266.2 secs   av.it.:  17.2
      thresh= 2.124E-06 alpha_mix =  0.700 |ddv_scf|^2 =  1.944E-11

      iter #   4 total cpu time : 16277.7 secs   av.it.:  17.9
      thresh= 4.409E-07 alpha_mix =  0.700 |ddv_scf|^2 =  3.625E-12

      iter #   5 total cpu time : 16288.9 secs   av.it.:  17.2
      thresh= 1.904E-07 alpha_mix =  0.700 |ddv_scf|^2 =  2.033E-13

      iter #   6 total cpu time : 16300.1 secs   av.it.:  17.6
      thresh= 4.509E-08 alpha_mix =  0.700 |ddv_scf|^2 =  1.287E-14

      iter #   7 total cpu time : 16311.6 secs   av.it.:  18.0
      thresh= 1.134E-08 alpha_mix =  0.700 |ddv_scf|^2 =  5.025E-15

     End of self-consistent calculation

     Convergence has been achieved 


     Representation #  36 mode #  36

     Self-consistent Calculation

      iter #   1 total cpu time : 16318.1 secs   av.it.:   3.1
      thresh= 1.000E-02 alpha_mix =  0.700 |ddv_scf|^2 =  2.437E-08

      iter #   2 total cpu time : 16329.4 secs   av.it.:  17.6
      thresh= 1.561E-05 alpha_mix =  0.700 |ddv_scf|^2 =  2.528E-08

      iter #   3 total cpu time : 16340.4 secs   av.it.:  17.0
      thresh= 1.590E-05 alpha_mix =  0.700 |ddv_scf|^2 =  1.197E-10

      iter #   4 total cpu time : 16351.8 secs   av.it.:  18.0
      thresh= 1.094E-06 alpha_mix =  0.700 |ddv_scf|^2 =  2.570E-11

      iter #   5 total cpu time : 16362.9 secs   av.it.:  17.4
      thresh= 5.070E-07 alpha_mix =  0.700 |ddv_scf|^2 =  1.145E-12

      iter #   6 total cpu time : 16374.1 secs   av.it.:  17.4
      thresh= 1.070E-07 alpha_mix =  0.700 |ddv_scf|^2 =  4.654E-14

      iter #   7 total cpu time : 16385.6 secs   av.it.:  18.4
      thresh= 2.157E-08 alpha_mix =  0.700 |ddv_scf|^2 =  2.013E-14

      iter #   8 total cpu time : 16396.4 secs   av.it.:  16.5
      thresh= 1.419E-08 alpha_mix =  0.700 |ddv_scf|^2 =  1.338E-15

     End of self-consistent calculation

     Convergence has been achieved 

     Number of q in the star =    1
     List of q in the star:
          1  -0.483125559   0.000000333  -0.483124859

     Diagonalizing the dynamical matrix

     q = (   -0.483125559   0.000000333  -0.483124859 ) 

 **************************************************************************
     freq (    1) =       7.091860 [THz] =     236.558998 [cm-1]
     freq (    2) =       7.672155 [THz] =     255.915558 [cm-1]
     freq (    3) =      11.381584 [THz] =     379.648789 [cm-1]
     freq (    4) =      13.066119 [THz] =     435.838810 [cm-1]
     freq (    5) =      13.158996 [THz] =     438.936865 [cm-1]
     freq (    6) =      16.379762 [THz] =     546.370066 [cm-1]
     freq (    7) =      17.681388 [THz] =     589.787626 [cm-1]
     freq (    8) =      18.038678 [THz] =     601.705538 [cm-1]
     freq (    9) =      19.375894 [THz] =     646.310259 [cm-1]
     freq (   10) =      19.906564 [THz] =     664.011496 [cm-1]
     freq (   11) =      20.020444 [THz] =     667.810116 [cm-1]
     freq (   12) =      20.628729 [THz] =     688.100343 [cm-1]
     freq (   13) =      20.796687 [THz] =     693.702817 [cm-1]
     freq (   14) =      21.355473 [THz] =     712.341916 [cm-1]
     freq (   15) =      21.917526 [THz] =     731.089971 [cm-1]
     freq (   16) =      22.576566 [THz] =     753.073187 [cm-1]
     freq (   17) =      22.927310 [THz] =     764.772744 [cm-1]
     freq (   18) =      24.635081 [THz] =     821.737855 [cm-1]
     freq (   19) =      24.691963 [THz] =     823.635232 [cm-1]
     freq (   20) =      25.015305 [THz] =     834.420758 [cm-1]
     freq (   21) =      27.201124 [THz] =     907.331843 [cm-1]
     freq (   22) =      27.316242 [THz] =     911.171751 [cm-1]
     freq (   23) =      29.056511 [THz] =     969.220863 [cm-1]
     freq (   24) =      30.404847 [THz] =    1014.196513 [cm-1]
     freq (   25) =      32.099397 [THz] =    1070.720643 [cm-1]
     freq (   26) =      32.758113 [THz] =    1092.693038 [cm-1]
     freq (   27) =      35.647098 [THz] =    1189.059199 [cm-1]
     freq (   28) =      36.266118 [THz] =    1209.707488 [cm-1]
     freq (   29) =      39.397688 [THz] =    1314.165427 [cm-1]
     freq (   30) =      40.155514 [THz] =    1339.443777 [cm-1]
     freq (   31) =      48.664940 [THz] =    1623.287660 [cm-1]
     freq (   32) =      50.697633 [THz] =    1691.091023 [cm-1]
     freq (   33) =      52.834602 [THz] =    1762.372634 [cm-1]
     freq (   34) =      52.860925 [THz] =    1763.250671 [cm-1]
     freq (   35) =      54.676275 [THz] =    1823.804208 [cm-1]
     freq (   36) =      56.917740 [THz] =    1898.571439 [cm-1]
 **************************************************************************

     Calculation of q =   -0.5166539  -0.5166522   0.0335282

     Parallelization info
     --------------------
     sticks:   dense  smooth     PW     G-vecs:    dense   smooth      PW
     Min        3060    1217    375               179147    45315    7717
     Max        3061    1218    376               179148    45316    7720
     Sum        6121    2435    751               358295    90631   15437


     Title: 
     Phonons                                                                    


     bravais-lattice index     =            0
     lattice parameter (alat)  =       9.7743  a.u.
     unit-cell volume          =     937.5358 (a.u.)^3
     number of atoms/cell      =           12
     number of atomic types    =            3
     number of electrons       =        24.00
     number of Kohn-Sham states=           16
     kinetic-energy cutoff     =      80.0000  Ry
     charge density cutoff     =     800.0000  Ry
     Exchange-correlation= PBE
                           (   1   4   3   4   0   0   0)

     celldm(1)=   9.774316  celldm(2)=   0.000000  celldm(3)=   0.000000
     celldm(4)=   0.000000  celldm(5)=   0.000000  celldm(6)=   0.000000

     crystal axes: (cart. coord. in units of alat)
               a(1) = (   1.002405  -0.032529   0.032522 )  
               a(2) = (  -0.032529   1.002409   0.032529 )  
               a(3) = (   0.032522   0.032529   1.002407 )  

     reciprocal axes: (cart. coord. in units 2 pi/alat)
               b(1) = (  0.999776  0.033531 -0.033525 )  
               b(2) = (  0.033532  0.999773 -0.033532 )  
               b(3) = ( -0.033525 -0.033532  0.999774 )  


     PseudoPot. # 1 for Ba read from file:
     /home/marco/ZOS_Cloud_Compute/pseudo/Ba.UPF
     MD5 check sum: c432291d3e53af55f19d5e8866385beb
     Pseudo is Projector augmented-wave + core cor, Zval = 10.0
     Generated using "atomic" code by A. Dal Corso  v.5.1
     Shape of augmentation charge: PSQ
     Using radial grid of 1251 points,  7 beta functions with: 
                l(1) =   0
                l(2) =   0
                l(3) =   0
                l(4) =   1
                l(5) =   1
                l(6) =   2
                l(7) =   2
     Q(r) pseudized with 0 coefficients 


     PseudoPot. # 2 for H  read from file:
     /home/marco/ZOS_Cloud_Compute/pseudo/H.UPF
     MD5 check sum: f52b6d4d1c606e5624b1dc7b2218f220
     Pseudo is Ultrasoft, Zval =  1.0
     Generated using "atomic" code by A. Dal Corso  v.5.1
     Using radial grid of  929 points,  2 beta functions with: 
                l(1) =   0
                l(2) =   0
     Q(r) pseudized with 0 coefficients 


     PseudoPot. # 3 for Mg read from file:
     /home/marco/ZOS_Cloud_Compute/pseudo/Mg.UPF
     MD5 check sum: 24ecedc7f3e3cbe212e682f4413594e4
     Pseudo is Projector augmented-wave + core cor, Zval =  2.0
     Generated using "atomic" code by A. Dal Corso  v.5.0.99 svn rev. 10869
     Shape of augmentation charge: PSQ
     Using radial grid of 1129 points,  4 beta functions with: 
                l(1) =   0
                l(2) =   0
                l(3) =   1
                l(4) =   1
     Q(r) pseudized with 0 coefficients 


     atomic species   valence    mass     pseudopotential
        Ba            10.00     1.00000     Ba( 1.00)
        H              1.00     1.00000     H ( 1.00)
        Mg             2.00     1.00000     Mg( 1.00)

     No symmetry found



   Cartesian axes

     site n.     atom                  positions (alat units)
         1           Mg  tau(   1) = (   0.4849284   0.4849423   0.0325299  )
         2           Ba  tau(   2) = (   0.5175157  -0.0000002   0.5174640  )
         3           Mg  tau(   3) = (  -0.0000060   0.5174702   0.5174584  )
         4           Mg  tau(   4) = (   0.0000027  -0.0000020  -0.0000057  )
         5           H   tau(   5) = (  -0.0059120   0.8553070   0.3679238  )
         6           H   tau(   6) = (   0.8152546   0.2978027   0.2196554  )
         7           H   tau(   7) = (   0.3703630   0.1820619   1.0083537  )
         8           H   tau(   8) = (   0.6669807   0.5115597   0.6970802  )
         9           H   tau(   9) = (   1.0083348   0.1470839   0.6995069  )
        10           H   tau(  10) = (   0.1871133   0.7045993   0.8477967  )
        11           H   tau(  11) = (   0.6320227   0.8203497   0.0591614  )
        12           H   tau(  12) = (   0.3353953   0.4908714   0.3703700  )

     number of k points=    16  Methfessel-Paxton smearing, width (Ry)=  0.0200
                       cart. coord. in units 2pi/alat
        k(    1) = (   0.0000000   0.0000000   0.0000000), wk =   0.2500000
        k(    2) = (  -0.5166539  -0.5166522   0.0335282), wk =   0.0000000
        k(    3) = (   0.0167626   0.0167660  -0.4998872), wk =   0.2500000
        k(    4) = (  -0.4998913  -0.4998862  -0.4663590), wk =   0.0000000
        k(    5) = (  -0.0000032  -0.4831206  -0.4831213), wk =   0.2500000
        k(    6) = (  -0.5166571  -0.9997728  -0.4495931), wk =   0.0000000
        k(    7) = (  -0.4998913  -0.4998862  -0.4663590), wk =   0.2500000
        k(    8) = (  -1.0165452  -1.0165384  -0.4328307), wk =   0.0000000
        k(    9) = (   0.0167658   0.4998866  -0.0167659), wk =   0.2500000
        k(   10) = (  -0.4998881  -0.0167656   0.0167623), wk =   0.0000000
        k(   11) = (   0.4998881   0.0167656  -0.0167623), wk =   0.2500000
        k(   12) = (  -0.0167658  -0.4998866   0.0167659), wk =   0.0000000
        k(   13) = (  -0.4831223   0.4831210  -0.0000036), wk =   0.2500000
        k(   14) = (  -0.9997762  -0.0335312   0.0335247), wk =   0.0000000
        k(   15) = (   0.4831256  -0.0000003   0.4831249), wk =   0.2500000
        k(   16) = (  -0.0335283  -0.5166525   0.5166531), wk =   0.0000000

     Dense  grid:   358295 G-vectors     FFT dimensions: (  90,  90,  90)

     Smooth grid:    90631 G-vectors     FFT dimensions: (  60,  60,  60)

     Estimated max dynamical RAM per process >     662.00 MB

     Estimated total dynamical RAM >       1.29 GB

     The potential is recalculated from file :
     ./tmp/_ph0/BaMg3H8.q_7/BaMg3H8.save/charge-density

     Starting wfcs are   25 atomic wfcs
     Checking if some PAW data can be deallocated... 

     Band Structure Calculation
     Davidson diagonalization with overlap

     ethr =  4.17E-11,  avg # of iterations = 29.8

     total cpu time spent up to now is      167.8 secs

     End of band structure calculation

          k = 0.0000 0.0000 0.0000 ( 11349 PWs)   bands (ev):

   -23.4087  -8.6938  -8.6571  -8.6571  -3.3517   0.2198   0.2198   1.0124
     1.0125   1.2292   1.9231   2.2082   6.7214   6.7214   7.0776   7.9566

          k =-0.5167-0.5167 0.0335 ( 11344 PWs)   bands (ev):

   -23.4028  -8.8078  -8.7981  -8.6384  -1.3567  -0.9057  -0.5757  -0.4765
     1.1505   1.9478   1.9568   2.2984   6.5685   6.7650   7.3122   7.5199

          k = 0.0168 0.0168-0.4999 ( 11302 PWs)   bands (ev):

   -23.4057  -8.8340  -8.6698  -8.6384  -1.9785  -1.8717   0.5463   1.0204
     1.1811   1.3976   1.8853   2.1477   6.2837   6.4873   7.4946   7.7459

          k =-0.4999-0.4999-0.4664 ( 11344 PWs)   bands (ev):

   -23.4000  -8.7933  -8.7656  -8.7656  -0.7855  -0.7855  -0.0066   0.0878
     0.4192   0.4193   0.4856   3.7816   6.4644   8.0850   8.0851   9.2164

          k =-0.0000-0.4831-0.4831 ( 11344 PWs)   bands (ev):

   -23.4028  -8.8078  -8.7981  -8.6384  -1.3567  -0.9057  -0.5757  -0.4765
     1.1505   1.9478   1.9568   2.2984   6.5685   6.7650   7.3122   7.5199

          k =-0.5167-0.9998-0.4496 ( 11344 PWs)   bands (ev):

   -23.4028  -8.8078  -8.7981  -8.6384  -1.3567  -0.9057  -0.5758  -0.4765
     1.1504   1.9478   1.9569   2.2985   6.5685   6.7649   7.3123   7.5199

          k =-0.4999-0.4999-0.4664 ( 11344 PWs)   bands (ev):

   -23.4000  -8.7933  -8.7656  -8.7656  -0.7855  -0.7855  -0.0066   0.0878
     0.4192   0.4193   0.4856   3.7816   6.4644   8.0850   8.0851   9.2164

          k =-1.0165-1.0165-0.4328 ( 11302 PWs)   bands (ev):

   -23.4057  -8.8340  -8.6698  -8.6384  -1.9785  -1.8717   0.5463   1.0204
     1.1811   1.3976   1.8853   2.1477   6.2837   6.4873   7.4946   7.7459

          k = 0.0168 0.4999-0.0168 ( 11302 PWs)   bands (ev):

   -23.4057  -8.8340  -8.6698  -8.6384  -1.9785  -1.8717   0.5463   1.0204
     1.1811   1.3976   1.8853   2.1477   6.2837   6.4874   7.4946   7.7459

          k =-0.4999-0.0168 0.0168 ( 11302 PWs)   bands (ev):

   -23.4057  -8.8340  -8.6698  -8.6384  -1.9785  -1.8717   0.5463   1.0204
     1.1811   1.3976   1.8853   2.1477   6.2837   6.4873   7.4947   7.7458

          k = 0.4999 0.0168-0.0168 ( 11302 PWs)   bands (ev):

   -23.4057  -8.8340  -8.6698  -8.6384  -1.9785  -1.8717   0.5463   1.0204
     1.1811   1.3976   1.8853   2.1477   6.2837   6.4873   7.4947   7.7458

          k =-0.0168-0.4999 0.0168 ( 11302 PWs)   bands (ev):

   -23.4057  -8.8340  -8.6698  -8.6384  -1.9785  -1.8717   0.5463   1.0204
     1.1811   1.3976   1.8853   2.1477   6.2837   6.4874   7.4946   7.7459

          k =-0.4831 0.4831-0.0000 ( 11344 PWs)   bands (ev):

   -23.4028  -8.8078  -8.7981  -8.6384  -1.3567  -0.9057  -0.5757  -0.4765
     1.1505   1.9478   1.9568   2.2984   6.5685   6.7650   7.3122   7.5199

          k =-0.9998-0.0335 0.0335 ( 11349 PWs)   bands (ev):

   -23.4087  -8.6938  -8.6571  -8.6571  -3.3517   0.2198   0.2198   1.0124
     1.0125   1.2292   1.9231   2.2082   6.7214   6.7214   7.0776   7.9566

          k = 0.4831-0.0000 0.4831 ( 11344 PWs)   bands (ev):

   -23.4028  -8.8078  -8.7981  -8.6384  -1.3567  -0.9057  -0.5758  -0.4765
     1.1504   1.9478   1.9569   2.2985   6.5685   6.7649   7.3123   7.5199

          k =-0.0335-0.5167 0.5167 ( 11344 PWs)   bands (ev):

   -23.4028  -8.8078  -8.7981  -8.6384  -1.3567  -0.9057  -0.5757  -0.4765
     1.1505   1.9478   1.9568   2.2984   6.5685   6.7650   7.3122   7.5199

     the Fermi energy is     6.1130 ev

     Writing output data file ./tmp/_ph0/BaMg3H8.q_7/BaMg3H8.save/

     Phonons                                                                    

     bravais-lattice index     =            0
     lattice parameter (alat)  =       9.7743  a.u.
     unit-cell volume          =     937.5358 (a.u.)^3
     number of atoms/cell      =           12
     number of atomic types    =            3
     kinetic-energy cut-off    =      80.0000  Ry
     charge density cut-off    =     800.0000  Ry
     convergence threshold     =      1.0E-14
     beta                      =       0.7000
     number of iterations used =            4
     Exchange-correlation= PBE
                           (   1   4   3   4   0   0   0)


     celldm(1)=    9.77432  celldm(2)=    0.00000  celldm(3)=    0.00000
     celldm(4)=    0.00000  celldm(5)=    0.00000  celldm(6)=    0.00000

     crystal axes: (cart. coord. in units of alat)
               a(1) = (  1.0024 -0.0325  0.0325 )  
               a(2) = ( -0.0325  1.0024  0.0325 )  
               a(3) = (  0.0325  0.0325  1.0024 )  

     reciprocal axes: (cart. coord. in units 2 pi/alat)
               b(1) = (  0.9998  0.0335 -0.0335 )  
               b(2) = (  0.0335  0.9998 -0.0335 )  
               b(3) = ( -0.0335 -0.0335  0.9998 )  


     Atoms inside the unit cell: 

     Cartesian axes

     site n.  atom      mass           positions (alat units)
        1     Mg   1.0000   tau(    1) = (    0.48493    0.48494    0.03253  )
        2     Ba   1.0000   tau(    2) = (    0.51752   -0.00000    0.51746  )
        3     Mg   1.0000   tau(    3) = (   -0.00001    0.51747    0.51746  )
        4     Mg   1.0000   tau(    4) = (    0.00000   -0.00000   -0.00001  )
        5     H    1.0000   tau(    5) = (   -0.00591    0.85531    0.36792  )
        6     H    1.0000   tau(    6) = (    0.81525    0.29780    0.21966  )
        7     H    1.0000   tau(    7) = (    0.37036    0.18206    1.00835  )
        8     H    1.0000   tau(    8) = (    0.66698    0.51156    0.69708  )
        9     H    1.0000   tau(    9) = (    1.00833    0.14708    0.69951  )
       10     H    1.0000   tau(   10) = (    0.18711    0.70460    0.84780  )
       11     H    1.0000   tau(   11) = (    0.63202    0.82035    0.05916  )
       12     H    1.0000   tau(   12) = (    0.33540    0.49087    0.37037  )

     Computing dynamical matrix for 
                    q = (  -0.5166539  -0.5166522   0.0335282 )

      2 Sym.Ops. (with q -> -q+G )


     G cutoff = 1935.9896  ( 179147 G-vectors)     FFT grid: ( 90, 90, 90)
     G cutoff =  774.3958  (  45316 G-vectors)  smooth grid: ( 60, 60, 60)

     number of k points=    16  Methfessel-Paxton smearing, width (Ry)=  0.0200

     PseudoPot. # 1 for Ba read from file:
     /home/marco/ZOS_Cloud_Compute/pseudo/Ba.UPF
     MD5 check sum: c432291d3e53af55f19d5e8866385beb
     Pseudo is Projector augmented-wave + core cor, Zval = 10.0
     Generated using "atomic" code by A. Dal Corso  v.5.1
     Shape of augmentation charge: PSQ
     Using radial grid of 1251 points,  7 beta functions with: 
                l(1) =   0
                l(2) =   0
                l(3) =   0
                l(4) =   1
                l(5) =   1
                l(6) =   2
                l(7) =   2
     Q(r) pseudized with 0 coefficients 


     PseudoPot. # 2 for H  read from file:
     /home/marco/ZOS_Cloud_Compute/pseudo/H.UPF
     MD5 check sum: f52b6d4d1c606e5624b1dc7b2218f220
     Pseudo is Ultrasoft, Zval =  1.0
     Generated using "atomic" code by A. Dal Corso  v.5.1
     Using radial grid of  929 points,  2 beta functions with: 
                l(1) =   0
                l(2) =   0
     Q(r) pseudized with 0 coefficients 


     PseudoPot. # 3 for Mg read from file:
     /home/marco/ZOS_Cloud_Compute/pseudo/Mg.UPF
     MD5 check sum: 24ecedc7f3e3cbe212e682f4413594e4
     Pseudo is Projector augmented-wave + core cor, Zval =  2.0
     Generated using "atomic" code by A. Dal Corso  v.5.0.99 svn rev. 10869
     Shape of augmentation charge: PSQ
     Using radial grid of 1129 points,  4 beta functions with: 
                l(1) =   0
                l(2) =   0
                l(3) =   1
                l(4) =   1
     Q(r) pseudized with 0 coefficients 



     Atomic displacements:
     There are   36 irreducible representations

     Representation     1      1 modes -  To be done

     Representation     2      1 modes -  To be done

     Representation     3      1 modes -  To be done

     Representation     4      1 modes -  To be done

     Representation     5      1 modes -  To be done

     Representation     6      1 modes -  To be done

     Representation     7      1 modes -  To be done

     Representation     8      1 modes -  To be done

     Representation     9      1 modes -  To be done

     Representation    10      1 modes -  To be done

     Representation    11      1 modes -  To be done

     Representation    12      1 modes -  To be done

     Representation    13      1 modes -  To be done

     Representation    14      1 modes -  To be done

     Representation    15      1 modes -  To be done

     Representation    16      1 modes -  To be done

     Representation    17      1 modes -  To be done

     Representation    18      1 modes -  To be done

     Representation    19      1 modes -  To be done

     Representation    20      1 modes -  To be done

     Representation    21      1 modes -  To be done

     Representation    22      1 modes -  To be done

     Representation    23      1 modes -  To be done

     Representation    24      1 modes -  To be done

     Representation    25      1 modes -  To be done

     Representation    26      1 modes -  To be done

     Representation    27      1 modes -  To be done

     Representation    28      1 modes -  To be done

     Representation    29      1 modes -  To be done

     Representation    30      1 modes -  To be done

     Representation    31      1 modes -  To be done

     Representation    32      1 modes -  To be done

     Representation    33      1 modes -  To be done

     Representation    34      1 modes -  To be done

     Representation    35      1 modes -  To be done

     Representation    36      1 modes -  To be done



     Alpha used in Ewald sum =   2.8000
     PHONON       :      5h35m CPU      4h35m WALL



     Representation #   1 mode #   1

     Self-consistent Calculation

      iter #   1 total cpu time : 16533.3 secs   av.it.:   3.0
      thresh= 1.000E-02 alpha_mix =  0.700 |ddv_scf|^2 =  1.915E-08

      iter #   2 total cpu time : 16543.3 secs   av.it.:  14.1
      thresh= 1.384E-05 alpha_mix =  0.700 |ddv_scf|^2 =  2.114E-08

      iter #   3 total cpu time : 16553.2 secs   av.it.:  13.9
      thresh= 1.454E-05 alpha_mix =  0.700 |ddv_scf|^2 =  1.650E-10

      iter #   4 total cpu time : 16563.4 secs   av.it.:  14.6
      thresh= 1.285E-06 alpha_mix =  0.700 |ddv_scf|^2 =  3.306E-11

      iter #   5 total cpu time : 16573.5 secs   av.it.:  14.4
      thresh= 5.750E-07 alpha_mix =  0.700 |ddv_scf|^2 =  3.158E-13

      iter #   6 total cpu time : 16583.7 secs   av.it.:  15.0
      thresh= 5.620E-08 alpha_mix =  0.700 |ddv_scf|^2 =  6.560E-15

     End of self-consistent calculation

     Convergence has been achieved 


     Representation #   2 mode #   2

     Self-consistent Calculation

      iter #   1 total cpu time : 16590.1 secs   av.it.:   3.0
      thresh= 1.000E-02 alpha_mix =  0.700 |ddv_scf|^2 =  2.413E-08

      iter #   2 total cpu time : 16600.1 secs   av.it.:  14.5
      thresh= 1.553E-05 alpha_mix =  0.700 |ddv_scf|^2 =  2.814E-08

      iter #   3 total cpu time : 16610.0 secs   av.it.:  13.9
      thresh= 1.678E-05 alpha_mix =  0.700 |ddv_scf|^2 =  1.890E-10

      iter #   4 total cpu time : 16620.1 secs   av.it.:  14.6
      thresh= 1.375E-06 alpha_mix =  0.700 |ddv_scf|^2 =  2.628E-11

      iter #   5 total cpu time : 16630.2 secs   av.it.:  14.4
      thresh= 5.126E-07 alpha_mix =  0.700 |ddv_scf|^2 =  4.650E-13

      iter #   6 total cpu time : 16640.5 secs   av.it.:  15.2
      thresh= 6.819E-08 alpha_mix =  0.700 |ddv_scf|^2 =  8.849E-15

     End of self-consistent calculation

     Convergence has been achieved 


     Representation #   3 mode #   3

     Self-consistent Calculation

      iter #   1 total cpu time : 16646.8 secs   av.it.:   2.8
      thresh= 1.000E-02 alpha_mix =  0.700 |ddv_scf|^2 =  1.572E-09

      iter #   2 total cpu time : 16656.9 secs   av.it.:  14.8
      thresh= 3.964E-06 alpha_mix =  0.700 |ddv_scf|^2 =  1.688E-10

      iter #   3 total cpu time : 16667.2 secs   av.it.:  15.0
      thresh= 1.299E-06 alpha_mix =  0.700 |ddv_scf|^2 =  3.699E-11

      iter #   4 total cpu time : 16677.3 secs   av.it.:  14.5
      thresh= 6.082E-07 alpha_mix =  0.700 |ddv_scf|^2 =  1.716E-11

      iter #   5 total cpu time : 16687.2 secs   av.it.:  13.9
      thresh= 4.142E-07 alpha_mix =  0.700 |ddv_scf|^2 =  4.611E-14

      iter #   6 total cpu time : 16697.8 secs   av.it.:  15.8
      thresh= 2.147E-08 alpha_mix =  0.700 |ddv_scf|^2 =  1.193E-14

      iter #   7 total cpu time : 16707.9 secs   av.it.:  15.0
      thresh= 1.092E-08 alpha_mix =  0.700 |ddv_scf|^2 =  6.706E-16

     End of self-consistent calculation

     Convergence has been achieved 


     Representation #   4 mode #   4

     Self-consistent Calculation

      iter #   1 total cpu time : 16715.5 secs   av.it.:   5.8
      thresh= 1.000E-02 alpha_mix =  0.700 |ddv_scf|^2 =  1.260E-06

      iter #   2 total cpu time : 16725.8 secs   av.it.:  15.2
      thresh= 1.123E-04 alpha_mix =  0.700 |ddv_scf|^2 =  1.466E-06

      iter #   3 total cpu time : 16735.9 secs   av.it.:  14.2
      thresh= 1.211E-04 alpha_mix =  0.700 |ddv_scf|^2 =  3.999E-09

      iter #   4 total cpu time : 16746.2 secs   av.it.:  15.4
      thresh= 6.324E-06 alpha_mix =  0.700 |ddv_scf|^2 =  6.770E-10

      iter #   5 total cpu time : 16756.5 secs   av.it.:  15.0
      thresh= 2.602E-06 alpha_mix =  0.700 |ddv_scf|^2 =  1.980E-10

      iter #   6 total cpu time : 16766.8 secs   av.it.:  15.0
      thresh= 1.407E-06 alpha_mix =  0.700 |ddv_scf|^2 =  1.971E-11

      iter #   7 total cpu time : 16777.0 secs   av.it.:  15.0
      thresh= 4.439E-07 alpha_mix =  0.700 |ddv_scf|^2 =  1.979E-12

      iter #   8 total cpu time : 16787.4 secs   av.it.:  15.4
      thresh= 1.407E-07 alpha_mix =  0.700 |ddv_scf|^2 =  8.258E-14

      iter #   9 total cpu time : 16798.3 secs   av.it.:  16.9
      thresh= 2.874E-08 alpha_mix =  0.700 |ddv_scf|^2 =  1.023E-14

      iter #  10 total cpu time : 16809.3 secs   av.it.:  17.0
      thresh= 1.012E-08 alpha_mix =  0.700 |ddv_scf|^2 =  1.710E-15

     End of self-consistent calculation

     Convergence has been achieved 


     Representation #   5 mode #   5

     Self-consistent Calculation

      iter #   1 total cpu time : 16816.9 secs   av.it.:   5.9
      thresh= 1.000E-02 alpha_mix =  0.700 |ddv_scf|^2 =  1.262E-06

      iter #   2 total cpu time : 16827.2 secs   av.it.:  15.0
      thresh= 1.123E-04 alpha_mix =  0.700 |ddv_scf|^2 =  1.473E-06

      iter #   3 total cpu time : 16837.3 secs   av.it.:  14.5
      thresh= 1.214E-04 alpha_mix =  0.700 |ddv_scf|^2 =  3.977E-09

      iter #   4 total cpu time : 16847.6 secs   av.it.:  15.2
      thresh= 6.306E-06 alpha_mix =  0.700 |ddv_scf|^2 =  6.735E-10

      iter #   5 total cpu time : 16857.9 secs   av.it.:  15.0
      thresh= 2.595E-06 alpha_mix =  0.700 |ddv_scf|^2 =  1.965E-10

      iter #   6 total cpu time : 16868.0 secs   av.it.:  14.9
      thresh= 1.402E-06 alpha_mix =  0.700 |ddv_scf|^2 =  1.999E-11

      iter #   7 total cpu time : 16878.3 secs   av.it.:  15.1
      thresh= 4.471E-07 alpha_mix =  0.700 |ddv_scf|^2 =  1.996E-12

      iter #   8 total cpu time : 16888.7 secs   av.it.:  15.5
      thresh= 1.413E-07 alpha_mix =  0.700 |ddv_scf|^2 =  8.519E-14

      iter #   9 total cpu time : 16900.1 secs   av.it.:  17.5
      thresh= 2.919E-08 alpha_mix =  0.700 |ddv_scf|^2 =  1.217E-14

      iter #  10 total cpu time : 16911.2 secs   av.it.:  17.6
      thresh= 1.103E-08 alpha_mix =  0.700 |ddv_scf|^2 =  2.257E-15

     End of self-consistent calculation

     Convergence has been achieved 


     Representation #   6 mode #   6

     Self-consistent Calculation

      iter #   1 total cpu time : 16918.5 secs   av.it.:   5.4
      thresh= 1.000E-02 alpha_mix =  0.700 |ddv_scf|^2 =  1.973E-07

      iter #   2 total cpu time : 16928.6 secs   av.it.:  14.9
      thresh= 4.442E-05 alpha_mix =  0.700 |ddv_scf|^2 =  4.374E-08

      iter #   3 total cpu time : 16938.9 secs   av.it.:  15.4
      thresh= 2.091E-05 alpha_mix =  0.700 |ddv_scf|^2 =  1.212E-09

      iter #   4 total cpu time : 16948.9 secs   av.it.:  14.5
      thresh= 3.481E-06 alpha_mix =  0.700 |ddv_scf|^2 =  3.452E-10

      iter #   5 total cpu time : 16959.0 secs   av.it.:  14.6
      thresh= 1.858E-06 alpha_mix =  0.700 |ddv_scf|^2 =  4.805E-11

      iter #   6 total cpu time : 16969.3 secs   av.it.:  15.2
      thresh= 6.932E-07 alpha_mix =  0.700 |ddv_scf|^2 =  9.973E-12

      iter #   7 total cpu time : 16979.7 secs   av.it.:  16.0
      thresh= 3.158E-07 alpha_mix =  0.700 |ddv_scf|^2 =  1.337E-12

      iter #   8 total cpu time : 16990.3 secs   av.it.:  16.1
      thresh= 1.156E-07 alpha_mix =  0.700 |ddv_scf|^2 =  1.363E-13

      iter #   9 total cpu time : 17000.9 secs   av.it.:  16.2
      thresh= 3.692E-08 alpha_mix =  0.700 |ddv_scf|^2 =  1.000E-14

     End of self-consistent calculation

     Convergence has been achieved 


     Representation #   7 mode #   7

     Self-consistent Calculation

      iter #   1 total cpu time : 17007.3 secs   av.it.:   3.0
      thresh= 1.000E-02 alpha_mix =  0.700 |ddv_scf|^2 =  2.236E-08

      iter #   2 total cpu time : 17017.4 secs   av.it.:  14.9
      thresh= 1.495E-05 alpha_mix =  0.700 |ddv_scf|^2 =  2.515E-08

      iter #   3 total cpu time : 17027.4 secs   av.it.:  14.4
      thresh= 1.586E-05 alpha_mix =  0.700 |ddv_scf|^2 =  7.480E-11

      iter #   4 total cpu time : 17037.9 secs   av.it.:  15.5
      thresh= 8.648E-07 alpha_mix =  0.700 |ddv_scf|^2 =  3.454E-11

      iter #   5 total cpu time : 17048.1 secs   av.it.:  14.8
      thresh= 5.877E-07 alpha_mix =  0.700 |ddv_scf|^2 =  5.637E-13

      iter #   6 total cpu time : 17058.4 secs   av.it.:  15.6
      thresh= 7.508E-08 alpha_mix =  0.700 |ddv_scf|^2 =  9.989E-15

     End of self-consistent calculation

     Convergence has been achieved 


     Representation #   8 mode #   8

     Self-consistent Calculation

      iter #   1 total cpu time : 17064.8 secs   av.it.:   3.0
      thresh= 1.000E-02 alpha_mix =  0.700 |ddv_scf|^2 =  2.202E-08

      iter #   2 total cpu time : 17074.9 secs   av.it.:  15.0
      thresh= 1.484E-05 alpha_mix =  0.700 |ddv_scf|^2 =  2.451E-08

      iter #   3 total cpu time : 17084.9 secs   av.it.:  14.6
      thresh= 1.566E-05 alpha_mix =  0.700 |ddv_scf|^2 =  7.589E-11

      iter #   4 total cpu time : 17095.3 secs   av.it.:  15.4
      thresh= 8.711E-07 alpha_mix =  0.700 |ddv_scf|^2 =  3.474E-11

      iter #   5 total cpu time : 17105.4 secs   av.it.:  14.9
      thresh= 5.894E-07 alpha_mix =  0.700 |ddv_scf|^2 =  5.791E-13

      iter #   6 total cpu time : 17115.8 secs   av.it.:  15.5
      thresh= 7.610E-08 alpha_mix =  0.700 |ddv_scf|^2 =  1.014E-14

      iter #   7 total cpu time : 17126.3 secs   av.it.:  16.0
      thresh= 1.007E-08 alpha_mix =  0.700 |ddv_scf|^2 =  1.572E-15

     End of self-consistent calculation

     Convergence has been achieved 


     Representation #   9 mode #   9

     Self-consistent Calculation

      iter #   1 total cpu time : 17132.5 secs   av.it.:   2.0
      thresh= 1.000E-02 alpha_mix =  0.700 |ddv_scf|^2 =  1.497E-09

      iter #   2 total cpu time : 17142.6 secs   av.it.:  14.8
      thresh= 3.869E-06 alpha_mix =  0.700 |ddv_scf|^2 =  1.611E-10

      iter #   3 total cpu time : 17152.6 secs   av.it.:  14.6
      thresh= 1.269E-06 alpha_mix =  0.700 |ddv_scf|^2 =  2.641E-11

      iter #   4 total cpu time : 17162.9 secs   av.it.:  15.0
      thresh= 5.139E-07 alpha_mix =  0.700 |ddv_scf|^2 =  7.047E-12

      iter #   5 total cpu time : 17173.0 secs   av.it.:  14.8
      thresh= 2.655E-07 alpha_mix =  0.700 |ddv_scf|^2 =  3.564E-14

      iter #   6 total cpu time : 17183.4 secs   av.it.:  15.6
      thresh= 1.888E-08 alpha_mix =  0.700 |ddv_scf|^2 =  6.751E-15

     End of self-consistent calculation

     Convergence has been achieved 


     Representation #  10 mode #  10

     Self-consistent Calculation

      iter #   1 total cpu time : 17189.7 secs   av.it.:   3.0
      thresh= 1.000E-02 alpha_mix =  0.700 |ddv_scf|^2 =  2.393E-08

      iter #   2 total cpu time : 17199.7 secs   av.it.:  14.2
      thresh= 1.547E-05 alpha_mix =  0.700 |ddv_scf|^2 =  2.771E-08

      iter #   3 total cpu time : 17209.5 secs   av.it.:  14.0
      thresh= 1.665E-05 alpha_mix =  0.700 |ddv_scf|^2 =  1.905E-10

      iter #   4 total cpu time : 17219.5 secs   av.it.:  14.5
      thresh= 1.380E-06 alpha_mix =  0.700 |ddv_scf|^2 =  2.602E-11

      iter #   5 total cpu time : 17229.5 secs   av.it.:  14.5
      thresh= 5.101E-07 alpha_mix =  0.700 |ddv_scf|^2 =  4.351E-13

      iter #   6 total cpu time : 17239.8 secs   av.it.:  15.2
      thresh= 6.596E-08 alpha_mix =  0.700 |ddv_scf|^2 =  7.713E-15

     End of self-consistent calculation

     Convergence has been achieved 


     Representation #  11 mode #  11

     Self-consistent Calculation

      iter #   1 total cpu time : 17246.1 secs   av.it.:   3.0
      thresh= 1.000E-02 alpha_mix =  0.700 |ddv_scf|^2 =  1.934E-08

      iter #   2 total cpu time : 17255.9 secs   av.it.:  14.0
      thresh= 1.391E-05 alpha_mix =  0.700 |ddv_scf|^2 =  2.146E-08

      iter #   3 total cpu time : 17265.7 secs   av.it.:  13.9
      thresh= 1.465E-05 alpha_mix =  0.700 |ddv_scf|^2 =  1.646E-10

      iter #   4 total cpu time : 17275.7 secs   av.it.:  14.5
      thresh= 1.283E-06 alpha_mix =  0.700 |ddv_scf|^2 =  3.304E-11

      iter #   5 total cpu time : 17285.6 secs   av.it.:  14.4
      thresh= 5.748E-07 alpha_mix =  0.700 |ddv_scf|^2 =  3.240E-13

      iter #   6 total cpu time : 17295.9 secs   av.it.:  15.2
      thresh= 5.692E-08 alpha_mix =  0.700 |ddv_scf|^2 =  6.740E-15

     End of self-consistent calculation

     Convergence has been achieved 


     Representation #  12 mode #  12

     Self-consistent Calculation

      iter #   1 total cpu time : 17302.2 secs   av.it.:   2.9
      thresh= 1.000E-02 alpha_mix =  0.700 |ddv_scf|^2 =  1.552E-09

      iter #   2 total cpu time : 17312.5 secs   av.it.:  14.9
      thresh= 3.939E-06 alpha_mix =  0.700 |ddv_scf|^2 =  1.667E-10

      iter #   3 total cpu time : 17322.7 secs   av.it.:  14.8
      thresh= 1.291E-06 alpha_mix =  0.700 |ddv_scf|^2 =  4.286E-11

      iter #   4 total cpu time : 17332.9 secs   av.it.:  14.6
      thresh= 6.547E-07 alpha_mix =  0.700 |ddv_scf|^2 =  1.650E-11

      iter #   5 total cpu time : 17342.8 secs   av.it.:  13.9
      thresh= 4.062E-07 alpha_mix =  0.700 |ddv_scf|^2 =  3.492E-14

      iter #   6 total cpu time : 17353.5 secs   av.it.:  16.1
      thresh= 1.869E-08 alpha_mix =  0.700 |ddv_scf|^2 =  1.026E-14

      iter #   7 total cpu time : 17363.7 secs   av.it.:  14.9
      thresh= 1.013E-08 alpha_mix =  0.700 |ddv_scf|^2 =  7.481E-16

     End of self-consistent calculation

     Convergence has been achieved 


     Representation #  13 mode #  13

     Self-consistent Calculation

      iter #   1 total cpu time : 17370.3 secs   av.it.:   3.6
      thresh= 1.000E-02 alpha_mix =  0.700 |ddv_scf|^2 =  2.462E-08

      iter #   2 total cpu time : 17381.6 secs   av.it.:  17.8
      thresh= 1.569E-05 alpha_mix =  0.700 |ddv_scf|^2 =  2.613E-08

      iter #   3 total cpu time : 17392.6 secs   av.it.:  17.0
      thresh= 1.616E-05 alpha_mix =  0.700 |ddv_scf|^2 =  1.672E-10

      iter #   4 total cpu time : 17403.9 secs   av.it.:  17.9
      thresh= 1.293E-06 alpha_mix =  0.700 |ddv_scf|^2 =  2.104E-11

      iter #   5 total cpu time : 17414.9 secs   av.it.:  17.1
      thresh= 4.587E-07 alpha_mix =  0.700 |ddv_scf|^2 =  6.587E-13

      iter #   6 total cpu time : 17426.2 secs   av.it.:  18.0
      thresh= 8.116E-08 alpha_mix =  0.700 |ddv_scf|^2 =  1.117E-13

      iter #   7 total cpu time : 17437.5 secs   av.it.:  17.6
      thresh= 3.342E-08 alpha_mix =  0.700 |ddv_scf|^2 =  1.575E-14

      iter #   8 total cpu time : 17448.5 secs   av.it.:  17.5
      thresh= 1.255E-08 alpha_mix =  0.700 |ddv_scf|^2 =  1.555E-15

     End of self-consistent calculation

     Convergence has been achieved 


     Representation #  14 mode #  14

     Self-consistent Calculation

      iter #   1 total cpu time : 17455.0 secs   av.it.:   3.4
      thresh= 1.000E-02 alpha_mix =  0.700 |ddv_scf|^2 =  2.358E-08

      iter #   2 total cpu time : 17466.1 secs   av.it.:  17.5
      thresh= 1.536E-05 alpha_mix =  0.700 |ddv_scf|^2 =  2.529E-08

      iter #   3 total cpu time : 17477.0 secs   av.it.:  16.6
      thresh= 1.590E-05 alpha_mix =  0.700 |ddv_scf|^2 =  1.604E-10

      iter #   4 total cpu time : 17488.2 secs   av.it.:  17.5
      thresh= 1.266E-06 alpha_mix =  0.700 |ddv_scf|^2 =  2.348E-11

      iter #   5 total cpu time : 17499.4 secs   av.it.:  17.4
      thresh= 4.845E-07 alpha_mix =  0.700 |ddv_scf|^2 =  4.592E-13

      iter #   6 total cpu time : 17510.8 secs   av.it.:  18.2
      thresh= 6.777E-08 alpha_mix =  0.700 |ddv_scf|^2 =  1.539E-13

      iter #   7 total cpu time : 17521.9 secs   av.it.:  17.2
      thresh= 3.924E-08 alpha_mix =  0.700 |ddv_scf|^2 =  8.950E-15

     End of self-consistent calculation

     Convergence has been achieved 


     Representation #  15 mode #  15

     Self-consistent Calculation

      iter #   1 total cpu time : 17528.3 secs   av.it.:   3.0
      thresh= 1.000E-02 alpha_mix =  0.700 |ddv_scf|^2 =  4.517E-09

      iter #   2 total cpu time : 17539.4 secs   av.it.:  17.4
      thresh= 6.721E-06 alpha_mix =  0.700 |ddv_scf|^2 =  5.239E-10

      iter #   3 total cpu time : 17550.6 secs   av.it.:  17.6
      thresh= 2.289E-06 alpha_mix =  0.700 |ddv_scf|^2 =  6.295E-11

      iter #   4 total cpu time : 17561.7 secs   av.it.:  17.4
      thresh= 7.934E-07 alpha_mix =  0.700 |ddv_scf|^2 =  4.447E-12

      iter #   5 total cpu time : 17572.9 secs   av.it.:  17.8
      thresh= 2.109E-07 alpha_mix =  0.700 |ddv_scf|^2 =  8.396E-13

      iter #   6 total cpu time : 17583.8 secs   av.it.:  16.8
      thresh= 9.163E-08 alpha_mix =  0.700 |ddv_scf|^2 =  3.250E-14

      iter #   7 total cpu time : 17595.2 secs   av.it.:  18.1
      thresh= 1.803E-08 alpha_mix =  0.700 |ddv_scf|^2 =  1.910E-15

     End of self-consistent calculation

     Convergence has been achieved 


     Representation #  16 mode #  16

     Self-consistent Calculation

      iter #   1 total cpu time : 17601.7 secs   av.it.:   3.0
      thresh= 1.000E-02 alpha_mix =  0.700 |ddv_scf|^2 =  2.185E-08

      iter #   2 total cpu time : 17612.9 secs   av.it.:  17.6
      thresh= 1.478E-05 alpha_mix =  0.700 |ddv_scf|^2 =  2.057E-08

      iter #   3 total cpu time : 17623.8 secs   av.it.:  16.6
      thresh= 1.434E-05 alpha_mix =  0.700 |ddv_scf|^2 =  1.346E-10

      iter #   4 total cpu time : 17635.1 secs   av.it.:  18.0
      thresh= 1.160E-06 alpha_mix =  0.700 |ddv_scf|^2 =  1.894E-11

      iter #   5 total cpu time : 17646.3 secs   av.it.:  17.5
      thresh= 4.352E-07 alpha_mix =  0.700 |ddv_scf|^2 =  6.098E-13

      iter #   6 total cpu time : 17657.7 secs   av.it.:  18.2
      thresh= 7.809E-08 alpha_mix =  0.700 |ddv_scf|^2 =  5.845E-14

      iter #   7 total cpu time : 17669.1 secs   av.it.:  17.9
      thresh= 2.418E-08 alpha_mix =  0.700 |ddv_scf|^2 =  1.273E-14

      iter #   8 total cpu time : 17680.3 secs   av.it.:  17.6
      thresh= 1.128E-08 alpha_mix =  0.700 |ddv_scf|^2 =  6.017E-16

     End of self-consistent calculation

     Convergence has been achieved 


     Representation #  17 mode #  17

     Self-consistent Calculation

      iter #   1 total cpu time : 17686.8 secs   av.it.:   3.0
      thresh= 1.000E-02 alpha_mix =  0.700 |ddv_scf|^2 =  2.175E-08

      iter #   2 total cpu time : 17698.0 secs   av.it.:  17.6
      thresh= 1.475E-05 alpha_mix =  0.700 |ddv_scf|^2 =  2.038E-08

      iter #   3 total cpu time : 17708.9 secs   av.it.:  16.9
      thresh= 1.428E-05 alpha_mix =  0.700 |ddv_scf|^2 =  1.348E-10

      iter #   4 total cpu time : 17720.2 secs   av.it.:  18.0
      thresh= 1.161E-06 alpha_mix =  0.700 |ddv_scf|^2 =  1.912E-11

      iter #   5 total cpu time : 17731.3 secs   av.it.:  17.2
      thresh= 4.373E-07 alpha_mix =  0.700 |ddv_scf|^2 =  6.173E-13

      iter #   6 total cpu time : 17742.7 secs   av.it.:  18.0
      thresh= 7.857E-08 alpha_mix =  0.700 |ddv_scf|^2 =  6.035E-14

      iter #   7 total cpu time : 17754.0 secs   av.it.:  18.0
      thresh= 2.457E-08 alpha_mix =  0.700 |ddv_scf|^2 =  1.252E-14

      iter #   8 total cpu time : 17765.1 secs   av.it.:  17.5
      thresh= 1.119E-08 alpha_mix =  0.700 |ddv_scf|^2 =  6.482E-16

     End of self-consistent calculation

     Convergence has been achieved 


     Representation #  18 mode #  18

     Self-consistent Calculation

      iter #   1 total cpu time : 17771.5 secs   av.it.:   2.9
      thresh= 1.000E-02 alpha_mix =  0.700 |ddv_scf|^2 =  3.950E-09

      iter #   2 total cpu time : 17782.6 secs   av.it.:  17.5
      thresh= 6.285E-06 alpha_mix =  0.700 |ddv_scf|^2 =  3.597E-10

      iter #   3 total cpu time : 17793.9 secs   av.it.:  17.6
      thresh= 1.897E-06 alpha_mix =  0.700 |ddv_scf|^2 =  7.551E-11

      iter #   4 total cpu time : 17804.8 secs   av.it.:  16.4
      thresh= 8.690E-07 alpha_mix =  0.700 |ddv_scf|^2 =  4.590E-12

      iter #   5 total cpu time : 17815.8 secs   av.it.:  17.4
      thresh= 2.142E-07 alpha_mix =  0.700 |ddv_scf|^2 =  3.485E-13

      iter #   6 total cpu time : 17827.0 secs   av.it.:  17.5
      thresh= 5.904E-08 alpha_mix =  0.700 |ddv_scf|^2 =  2.849E-14

      iter #   7 total cpu time : 17838.1 secs   av.it.:  17.5
      thresh= 1.688E-08 alpha_mix =  0.700 |ddv_scf|^2 =  1.615E-15

     End of self-consistent calculation

     Convergence has been achieved 


     Representation #  19 mode #  19

     Self-consistent Calculation

      iter #   1 total cpu time : 17844.6 secs   av.it.:   3.2
      thresh= 1.000E-02 alpha_mix =  0.700 |ddv_scf|^2 =  2.438E-08

      iter #   2 total cpu time : 17855.9 secs   av.it.:  17.8
      thresh= 1.562E-05 alpha_mix =  0.700 |ddv_scf|^2 =  2.530E-08

      iter #   3 total cpu time : 17866.9 secs   av.it.:  17.1
      thresh= 1.590E-05 alpha_mix =  0.700 |ddv_scf|^2 =  1.195E-10

      iter #   4 total cpu time : 17878.2 secs   av.it.:  18.0
      thresh= 1.093E-06 alpha_mix =  0.700 |ddv_scf|^2 =  2.577E-11

      iter #   5 total cpu time : 17889.3 secs   av.it.:  17.5
      thresh= 5.077E-07 alpha_mix =  0.700 |ddv_scf|^2 =  1.144E-12

      iter #   6 total cpu time : 17900.4 secs   av.it.:  17.2
      thresh= 1.070E-07 alpha_mix =  0.700 |ddv_scf|^2 =  4.651E-14

      iter #   7 total cpu time : 17911.8 secs   av.it.:  18.4
      thresh= 2.157E-08 alpha_mix =  0.700 |ddv_scf|^2 =  2.009E-14

      iter #   8 total cpu time : 17922.6 secs   av.it.:  16.8
      thresh= 1.418E-08 alpha_mix =  0.700 |ddv_scf|^2 =  1.313E-15

     End of self-consistent calculation

     Convergence has been achieved 


     Representation #  20 mode #  20

     Self-consistent Calculation

      iter #   1 total cpu time : 17929.1 secs   av.it.:   3.2
      thresh= 1.000E-02 alpha_mix =  0.700 |ddv_scf|^2 =  2.408E-08

      iter #   2 total cpu time : 17940.3 secs   av.it.:  17.6
      thresh= 1.552E-05 alpha_mix =  0.700 |ddv_scf|^2 =  2.475E-08

      iter #   3 total cpu time : 17951.3 secs   av.it.:  16.9
      thresh= 1.573E-05 alpha_mix =  0.700 |ddv_scf|^2 =  1.197E-10

      iter #   4 total cpu time : 17962.7 secs   av.it.:  17.8
      thresh= 1.094E-06 alpha_mix =  0.700 |ddv_scf|^2 =  2.597E-11

      iter #   5 total cpu time : 17973.8 secs   av.it.:  17.4
      thresh= 5.096E-07 alpha_mix =  0.700 |ddv_scf|^2 =  1.124E-12

      iter #   6 total cpu time : 17985.8 secs   av.it.:  17.4
      thresh= 1.060E-07 alpha_mix =  0.700 |ddv_scf|^2 =  4.824E-14

      iter #   7 total cpu time : 17997.3 secs   av.it.:  18.4
      thresh= 2.196E-08 alpha_mix =  0.700 |ddv_scf|^2 =  1.994E-14

      iter #   8 total cpu time : 18011.7 secs   av.it.:  16.6
      thresh= 1.412E-08 alpha_mix =  0.700 |ddv_scf|^2 =  1.504E-15

     End of self-consistent calculation

     Convergence has been achieved 


     Representation #  21 mode #  21

     Self-consistent Calculation

      iter #   1 total cpu time : 18022.1 secs   av.it.:   3.2
      thresh= 1.000E-02 alpha_mix =  0.700 |ddv_scf|^2 =  4.233E-09

      iter #   2 total cpu time : 18041.1 secs   av.it.:  17.2
      thresh= 6.507E-06 alpha_mix =  0.700 |ddv_scf|^2 =  4.515E-10

      iter #   3 total cpu time : 18060.5 secs   av.it.:  17.4
      thresh= 2.125E-06 alpha_mix =  0.700 |ddv_scf|^2 =  1.927E-11

      iter #   4 total cpu time : 18080.9 secs   av.it.:  18.0
      thresh= 4.389E-07 alpha_mix =  0.700 |ddv_scf|^2 =  3.637E-12

      iter #   5 total cpu time : 18095.4 secs   av.it.:  17.2
      thresh= 1.907E-07 alpha_mix =  0.700 |ddv_scf|^2 =  2.086E-13

      iter #   6 total cpu time : 18113.7 secs   av.it.:  17.8
      thresh= 4.567E-08 alpha_mix =  0.700 |ddv_scf|^2 =  1.421E-14

      iter #   7 total cpu time : 18133.0 secs   av.it.:  17.9
      thresh= 1.192E-08 alpha_mix =  0.700 |ddv_scf|^2 =  5.240E-15

     End of self-consistent calculation

     Convergence has been achieved 


     Representation #  22 mode #  22

     Self-consistent Calculation

      iter #   1 total cpu time : 18143.7 secs   av.it.:   3.2
      thresh= 1.000E-02 alpha_mix =  0.700 |ddv_scf|^2 =  2.355E-08

      iter #   2 total cpu time : 18163.2 secs   av.it.:  17.8
      thresh= 1.535E-05 alpha_mix =  0.700 |ddv_scf|^2 =  2.547E-08

      iter #   3 total cpu time : 18182.7 secs   av.it.:  16.4
      thresh= 1.596E-05 alpha_mix =  0.700 |ddv_scf|^2 =  1.538E-10

      iter #   4 total cpu time : 18202.0 secs   av.it.:  17.4
      thresh= 1.240E-06 alpha_mix =  0.700 |ddv_scf|^2 =  2.387E-11

      iter #   5 total cpu time : 18222.1 secs   av.it.:  17.2
      thresh= 4.886E-07 alpha_mix =  0.700 |ddv_scf|^2 =  4.762E-13

      iter #   6 total cpu time : 18241.8 secs   av.it.:  18.2
      thresh= 6.901E-08 alpha_mix =  0.700 |ddv_scf|^2 =  1.528E-13

      iter #   7 total cpu time : 18262.3 secs   av.it.:  17.2
      thresh= 3.909E-08 alpha_mix =  0.700 |ddv_scf|^2 =  8.640E-15

     End of self-consistent calculation

     Convergence has been achieved 


     Representation #  23 mode #  23

     Self-consistent Calculation

      iter #   1 total cpu time : 18272.5 secs   av.it.:   3.5
      thresh= 1.000E-02 alpha_mix =  0.700 |ddv_scf|^2 =  2.461E-08

      iter #   2 total cpu time : 18291.2 secs   av.it.:  17.8
      thresh= 1.569E-05 alpha_mix =  0.700 |ddv_scf|^2 =  2.632E-08

      iter #   3 total cpu time : 18305.1 secs   av.it.:  16.9
      thresh= 1.622E-05 alpha_mix =  0.700 |ddv_scf|^2 =  1.626E-10

      iter #   4 total cpu time : 18324.1 secs   av.it.:  17.9
      thresh= 1.275E-06 alpha_mix =  0.700 |ddv_scf|^2 =  2.152E-11

      iter #   5 total cpu time : 18344.9 secs   av.it.:  17.0
      thresh= 4.639E-07 alpha_mix =  0.700 |ddv_scf|^2 =  6.822E-13

      iter #   6 total cpu time : 18364.6 secs   av.it.:  17.9
      thresh= 8.260E-08 alpha_mix =  0.700 |ddv_scf|^2 =  1.095E-13

      iter #   7 total cpu time : 18383.6 secs   av.it.:  17.5
      thresh= 3.309E-08 alpha_mix =  0.700 |ddv_scf|^2 =  1.454E-14

      iter #   8 total cpu time : 18394.9 secs   av.it.:  17.5
      thresh= 1.206E-08 alpha_mix =  0.700 |ddv_scf|^2 =  1.783E-15

     End of self-consistent calculation

     Convergence has been achieved 


     Representation #  24 mode #  24

     Self-consistent Calculation

      iter #   1 total cpu time : 18401.3 secs   av.it.:   3.0
      thresh= 1.000E-02 alpha_mix =  0.700 |ddv_scf|^2 =  4.511E-09

      iter #   2 total cpu time : 18412.4 secs   av.it.:  17.2
      thresh= 6.716E-06 alpha_mix =  0.700 |ddv_scf|^2 =  5.275E-10

      iter #   3 total cpu time : 18423.7 secs   av.it.:  17.9
      thresh= 2.297E-06 alpha_mix =  0.700 |ddv_scf|^2 =  6.984E-11

      iter #   4 total cpu time : 18434.8 secs   av.it.:  17.1
      thresh= 8.357E-07 alpha_mix =  0.700 |ddv_scf|^2 =  4.808E-12

      iter #   5 total cpu time : 18446.0 secs   av.it.:  17.6
      thresh= 2.193E-07 alpha_mix =  0.700 |ddv_scf|^2 =  8.333E-13

      iter #   6 total cpu time : 18457.0 secs   av.it.:  17.0
      thresh= 9.128E-08 alpha_mix =  0.700 |ddv_scf|^2 =  3.376E-14

      iter #   7 total cpu time : 18468.3 secs   av.it.:  18.1
      thresh= 1.837E-08 alpha_mix =  0.700 |ddv_scf|^2 =  2.396E-15

     End of self-consistent calculation

     Convergence has been achieved 


     Representation #  25 mode #  25

     Self-consistent Calculation

      iter #   1 total cpu time : 18474.8 secs   av.it.:   3.6
      thresh= 1.000E-02 alpha_mix =  0.700 |ddv_scf|^2 =  2.465E-08

      iter #   2 total cpu time : 18486.1 secs   av.it.:  17.8
      thresh= 1.570E-05 alpha_mix =  0.700 |ddv_scf|^2 =  2.621E-08

      iter #   3 total cpu time : 18497.0 secs   av.it.:  17.0
      thresh= 1.619E-05 alpha_mix =  0.700 |ddv_scf|^2 =  1.669E-10

      iter #   4 total cpu time : 18508.3 secs   av.it.:  17.9
      thresh= 1.292E-06 alpha_mix =  0.700 |ddv_scf|^2 =  2.109E-11

      iter #   5 total cpu time : 18519.3 secs   av.it.:  17.1
      thresh= 4.593E-07 alpha_mix =  0.700 |ddv_scf|^2 =  6.583E-13

      iter #   6 total cpu time : 18530.6 secs   av.it.:  17.9
      thresh= 8.113E-08 alpha_mix =  0.700 |ddv_scf|^2 =  1.115E-13

      iter #   7 total cpu time : 18541.9 secs   av.it.:  17.6
      thresh= 3.339E-08 alpha_mix =  0.700 |ddv_scf|^2 =  1.577E-14

      iter #   8 total cpu time : 18552.9 secs   av.it.:  17.5
      thresh= 1.256E-08 alpha_mix =  0.700 |ddv_scf|^2 =  1.502E-15

     End of self-consistent calculation

     Convergence has been achieved 


     Representation #  26 mode #  26

     Self-consistent Calculation

      iter #   1 total cpu time : 18559.5 secs   av.it.:   3.4
      thresh= 1.000E-02 alpha_mix =  0.700 |ddv_scf|^2 =  2.358E-08

      iter #   2 total cpu time : 18570.6 secs   av.it.:  17.5
      thresh= 1.535E-05 alpha_mix =  0.700 |ddv_scf|^2 =  2.528E-08

      iter #   3 total cpu time : 18581.5 secs   av.it.:  16.6
      thresh= 1.590E-05 alpha_mix =  0.700 |ddv_scf|^2 =  1.605E-10

      iter #   4 total cpu time : 18600.4 secs   av.it.:  17.5
      thresh= 1.267E-06 alpha_mix =  0.700 |ddv_scf|^2 =  2.348E-11

      iter #   5 total cpu time : 18614.1 secs   av.it.:  17.4
      thresh= 4.846E-07 alpha_mix =  0.700 |ddv_scf|^2 =  4.591E-13

      iter #   6 total cpu time : 18625.5 secs   av.it.:  18.4
      thresh= 6.776E-08 alpha_mix =  0.700 |ddv_scf|^2 =  1.538E-13

      iter #   7 total cpu time : 18636.6 secs   av.it.:  17.2
      thresh= 3.921E-08 alpha_mix =  0.700 |ddv_scf|^2 =  8.948E-15

     End of self-consistent calculation

     Convergence has been achieved 


     Representation #  27 mode #  27

     Self-consistent Calculation

      iter #   1 total cpu time : 18643.0 secs   av.it.:   3.0
      thresh= 1.000E-02 alpha_mix =  0.700 |ddv_scf|^2 =  4.515E-09

      iter #   2 total cpu time : 18654.1 secs   av.it.:  17.4
      thresh= 6.719E-06 alpha_mix =  0.700 |ddv_scf|^2 =  5.258E-10

      iter #   3 total cpu time : 18665.4 secs   av.it.:  17.8
      thresh= 2.293E-06 alpha_mix =  0.700 |ddv_scf|^2 =  6.382E-11

      iter #   4 total cpu time : 18676.4 secs   av.it.:  17.4
      thresh= 7.989E-07 alpha_mix =  0.700 |ddv_scf|^2 =  4.485E-12

      iter #   5 total cpu time : 18687.6 secs   av.it.:  17.8
      thresh= 2.118E-07 alpha_mix =  0.700 |ddv_scf|^2 =  8.437E-13

      iter #   6 total cpu time : 18698.5 secs   av.it.:  16.8
      thresh= 9.185E-08 alpha_mix =  0.700 |ddv_scf|^2 =  3.254E-14

      iter #   7 total cpu time : 18709.8 secs   av.it.:  18.1
      thresh= 1.804E-08 alpha_mix =  0.700 |ddv_scf|^2 =  1.951E-15

     End of self-consistent calculation

     Convergence has been achieved 


     Representation #  28 mode #  28

     Self-consistent Calculation

      iter #   1 total cpu time : 18716.3 secs   av.it.:   3.0
      thresh= 1.000E-02 alpha_mix =  0.700 |ddv_scf|^2 =  2.185E-08

      iter #   2 total cpu time : 18727.6 secs   av.it.:  17.6
      thresh= 1.478E-05 alpha_mix =  0.700 |ddv_scf|^2 =  2.058E-08

      iter #   3 total cpu time : 18738.4 secs   av.it.:  16.6
      thresh= 1.434E-05 alpha_mix =  0.700 |ddv_scf|^2 =  1.345E-10

      iter #   4 total cpu time : 18749.8 secs   av.it.:  18.0
      thresh= 1.160E-06 alpha_mix =  0.700 |ddv_scf|^2 =  1.894E-11

      iter #   5 total cpu time : 18760.9 secs   av.it.:  17.5
      thresh= 4.352E-07 alpha_mix =  0.700 |ddv_scf|^2 =  6.110E-13

      iter #   6 total cpu time : 18772.3 secs   av.it.:  18.2
      thresh= 7.817E-08 alpha_mix =  0.700 |ddv_scf|^2 =  5.865E-14

      iter #   7 total cpu time : 18783.6 secs   av.it.:  17.9
      thresh= 2.422E-08 alpha_mix =  0.700 |ddv_scf|^2 =  1.273E-14

      iter #   8 total cpu time : 18794.8 secs   av.it.:  17.6
      thresh= 1.128E-08 alpha_mix =  0.700 |ddv_scf|^2 =  5.997E-16

     End of self-consistent calculation

     Convergence has been achieved 


     Representation #  29 mode #  29

     Self-consistent Calculation

      iter #   1 total cpu time : 18801.3 secs   av.it.:   3.0
      thresh= 1.000E-02 alpha_mix =  0.700 |ddv_scf|^2 =  2.175E-08

      iter #   2 total cpu time : 18812.5 secs   av.it.:  17.6
      thresh= 1.475E-05 alpha_mix =  0.700 |ddv_scf|^2 =  2.039E-08

      iter #   3 total cpu time : 18823.4 secs   av.it.:  16.9
      thresh= 1.428E-05 alpha_mix =  0.700 |ddv_scf|^2 =  1.348E-10

      iter #   4 total cpu time : 18834.7 secs   av.it.:  18.0
      thresh= 1.161E-06 alpha_mix =  0.700 |ddv_scf|^2 =  1.913E-11

      iter #   5 total cpu time : 18845.8 secs   av.it.:  17.2
      thresh= 4.374E-07 alpha_mix =  0.700 |ddv_scf|^2 =  6.174E-13

      iter #   6 total cpu time : 18857.2 secs   av.it.:  18.0
      thresh= 7.857E-08 alpha_mix =  0.700 |ddv_scf|^2 =  6.047E-14

      iter #   7 total cpu time : 18868.6 secs   av.it.:  18.0
      thresh= 2.459E-08 alpha_mix =  0.700 |ddv_scf|^2 =  1.253E-14

      iter #   8 total cpu time : 18879.6 secs   av.it.:  17.5
      thresh= 1.120E-08 alpha_mix =  0.700 |ddv_scf|^2 =  6.480E-16

     End of self-consistent calculation

     Convergence has been achieved 


     Representation #  30 mode #  30

     Self-consistent Calculation

      iter #   1 total cpu time : 18888.2 secs   av.it.:   2.9
      thresh= 1.000E-02 alpha_mix =  0.700 |ddv_scf|^2 =  3.949E-09

      iter #   2 total cpu time : 18906.4 secs   av.it.:  17.5
      thresh= 6.284E-06 alpha_mix =  0.700 |ddv_scf|^2 =  3.592E-10

      iter #   3 total cpu time : 18917.7 secs   av.it.:  17.6
      thresh= 1.895E-06 alpha_mix =  0.700 |ddv_scf|^2 =  7.526E-11

      iter #   4 total cpu time : 18928.5 secs   av.it.:  16.4
      thresh= 8.675E-07 alpha_mix =  0.700 |ddv_scf|^2 =  4.593E-12

      iter #   5 total cpu time : 18939.7 secs   av.it.:  17.4
      thresh= 2.143E-07 alpha_mix =  0.700 |ddv_scf|^2 =  3.485E-13

      iter #   6 total cpu time : 18950.9 secs   av.it.:  17.5
      thresh= 5.903E-08 alpha_mix =  0.700 |ddv_scf|^2 =  2.852E-14

      iter #   7 total cpu time : 18962.0 secs   av.it.:  17.5
      thresh= 1.689E-08 alpha_mix =  0.700 |ddv_scf|^2 =  1.619E-15

     End of self-consistent calculation

     Convergence has been achieved 


     Representation #  31 mode #  31

     Self-consistent Calculation

      iter #   1 total cpu time : 18968.5 secs   av.it.:   3.2
      thresh= 1.000E-02 alpha_mix =  0.700 |ddv_scf|^2 =  2.438E-08

      iter #   2 total cpu time : 18979.9 secs   av.it.:  17.8
      thresh= 1.561E-05 alpha_mix =  0.700 |ddv_scf|^2 =  2.528E-08

      iter #   3 total cpu time : 18990.8 secs   av.it.:  17.1
      thresh= 1.590E-05 alpha_mix =  0.700 |ddv_scf|^2 =  1.195E-10

      iter #   4 total cpu time : 19002.1 secs   av.it.:  18.0
      thresh= 1.093E-06 alpha_mix =  0.700 |ddv_scf|^2 =  2.579E-11

      iter #   5 total cpu time : 19013.2 secs   av.it.:  17.5
      thresh= 5.079E-07 alpha_mix =  0.700 |ddv_scf|^2 =  1.144E-12

      iter #   6 total cpu time : 19024.4 secs   av.it.:  17.2
      thresh= 1.069E-07 alpha_mix =  0.700 |ddv_scf|^2 =  4.640E-14

      iter #   7 total cpu time : 19035.9 secs   av.it.:  18.4
      thresh= 2.154E-08 alpha_mix =  0.700 |ddv_scf|^2 =  2.003E-14

      iter #   8 total cpu time : 19046.7 secs   av.it.:  16.8
      thresh= 1.415E-08 alpha_mix =  0.700 |ddv_scf|^2 =  1.313E-15

     End of self-consistent calculation

     Convergence has been achieved 


     Representation #  32 mode #  32

     Self-consistent Calculation

      iter #   1 total cpu time : 19053.3 secs   av.it.:   3.2
      thresh= 1.000E-02 alpha_mix =  0.700 |ddv_scf|^2 =  2.409E-08

      iter #   2 total cpu time : 19064.6 secs   av.it.:  17.6
      thresh= 1.552E-05 alpha_mix =  0.700 |ddv_scf|^2 =  2.478E-08

      iter #   3 total cpu time : 19075.6 secs   av.it.:  16.9
      thresh= 1.574E-05 alpha_mix =  0.700 |ddv_scf|^2 =  1.198E-10

      iter #   4 total cpu time : 19086.9 secs   av.it.:  17.8
      thresh= 1.095E-06 alpha_mix =  0.700 |ddv_scf|^2 =  2.596E-11

      iter #   5 total cpu time : 19098.1 secs   av.it.:  17.4
      thresh= 5.095E-07 alpha_mix =  0.700 |ddv_scf|^2 =  1.124E-12

      iter #   6 total cpu time : 19109.3 secs   av.it.:  17.4
      thresh= 1.060E-07 alpha_mix =  0.700 |ddv_scf|^2 =  4.822E-14

      iter #   7 total cpu time : 19120.8 secs   av.it.:  18.2
      thresh= 2.196E-08 alpha_mix =  0.700 |ddv_scf|^2 =  1.989E-14

      iter #   8 total cpu time : 19131.7 secs   av.it.:  16.6
      thresh= 1.410E-08 alpha_mix =  0.700 |ddv_scf|^2 =  1.504E-15

     End of self-consistent calculation

     Convergence has been achieved 


     Representation #  33 mode #  33

     Self-consistent Calculation

      iter #   1 total cpu time : 19138.2 secs   av.it.:   3.2
      thresh= 1.000E-02 alpha_mix =  0.700 |ddv_scf|^2 =  4.234E-09

      iter #   2 total cpu time : 19149.3 secs   av.it.:  17.2
      thresh= 6.507E-06 alpha_mix =  0.700 |ddv_scf|^2 =  4.519E-10

      iter #   3 total cpu time : 19160.3 secs   av.it.:  17.4
      thresh= 2.126E-06 alpha_mix =  0.700 |ddv_scf|^2 =  1.927E-11

      iter #   4 total cpu time : 19171.6 secs   av.it.:  18.0
      thresh= 4.389E-07 alpha_mix =  0.700 |ddv_scf|^2 =  3.637E-12

      iter #   5 total cpu time : 19183.1 secs   av.it.:  17.2
      thresh= 1.907E-07 alpha_mix =  0.700 |ddv_scf|^2 =  2.084E-13

      iter #   6 total cpu time : 19202.3 secs   av.it.:  17.9
      thresh= 4.565E-08 alpha_mix =  0.700 |ddv_scf|^2 =  1.417E-14

      iter #   7 total cpu time : 19216.8 secs   av.it.:  17.9
      thresh= 1.191E-08 alpha_mix =  0.700 |ddv_scf|^2 =  5.240E-15

     End of self-consistent calculation

     Convergence has been achieved 


     Representation #  34 mode #  34

     Self-consistent Calculation

      iter #   1 total cpu time : 19223.4 secs   av.it.:   3.2
      thresh= 1.000E-02 alpha_mix =  0.700 |ddv_scf|^2 =  2.356E-08

      iter #   2 total cpu time : 19234.6 secs   av.it.:  17.8
      thresh= 1.535E-05 alpha_mix =  0.700 |ddv_scf|^2 =  2.550E-08

      iter #   3 total cpu time : 19245.5 secs   av.it.:  16.4
      thresh= 1.597E-05 alpha_mix =  0.700 |ddv_scf|^2 =  1.537E-10

      iter #   4 total cpu time : 19256.7 secs   av.it.:  17.4
      thresh= 1.240E-06 alpha_mix =  0.700 |ddv_scf|^2 =  2.386E-11

      iter #   5 total cpu time : 19267.8 secs   av.it.:  17.2
      thresh= 4.885E-07 alpha_mix =  0.700 |ddv_scf|^2 =  4.757E-13

      iter #   6 total cpu time : 19279.3 secs   av.it.:  18.2
      thresh= 6.897E-08 alpha_mix =  0.700 |ddv_scf|^2 =  1.526E-13

      iter #   7 total cpu time : 19290.4 secs   av.it.:  17.2
      thresh= 3.906E-08 alpha_mix =  0.700 |ddv_scf|^2 =  8.638E-15

     End of self-consistent calculation

     Convergence has been achieved 


     Representation #  35 mode #  35

     Self-consistent Calculation

      iter #   1 total cpu time : 19297.0 secs   av.it.:   3.5
      thresh= 1.000E-02 alpha_mix =  0.700 |ddv_scf|^2 =  2.460E-08

      iter #   2 total cpu time : 19308.2 secs   av.it.:  17.8
      thresh= 1.569E-05 alpha_mix =  0.700 |ddv_scf|^2 =  2.631E-08

      iter #   3 total cpu time : 19319.1 secs   av.it.:  16.9
      thresh= 1.622E-05 alpha_mix =  0.700 |ddv_scf|^2 =  1.625E-10

      iter #   4 total cpu time : 19330.4 secs   av.it.:  17.9
      thresh= 1.275E-06 alpha_mix =  0.700 |ddv_scf|^2 =  2.154E-11

      iter #   5 total cpu time : 19341.4 secs   av.it.:  17.0
      thresh= 4.641E-07 alpha_mix =  0.700 |ddv_scf|^2 =  6.832E-13

      iter #   6 total cpu time : 19352.7 secs   av.it.:  17.9
      thresh= 8.265E-08 alpha_mix =  0.700 |ddv_scf|^2 =  1.094E-13

      iter #   7 total cpu time : 19364.0 secs   av.it.:  17.5
      thresh= 3.308E-08 alpha_mix =  0.700 |ddv_scf|^2 =  1.449E-14

      iter #   8 total cpu time : 19375.0 secs   av.it.:  17.5
      thresh= 1.204E-08 alpha_mix =  0.700 |ddv_scf|^2 =  1.786E-15

     End of self-consistent calculation

     Convergence has been achieved 


     Representation #  36 mode #  36

     Self-consistent Calculation

      iter #   1 total cpu time : 19381.4 secs   av.it.:   3.0
      thresh= 1.000E-02 alpha_mix =  0.700 |ddv_scf|^2 =  4.511E-09

      iter #   2 total cpu time : 19392.5 secs   av.it.:  17.2
      thresh= 6.716E-06 alpha_mix =  0.700 |ddv_scf|^2 =  5.272E-10

      iter #   3 total cpu time : 19403.8 secs   av.it.:  17.9
      thresh= 2.296E-06 alpha_mix =  0.700 |ddv_scf|^2 =  6.980E-11

      iter #   4 total cpu time : 19414.8 secs   av.it.:  17.1
      thresh= 8.355E-07 alpha_mix =  0.700 |ddv_scf|^2 =  4.809E-12

      iter #   5 total cpu time : 19426.0 secs   av.it.:  17.6
      thresh= 2.193E-07 alpha_mix =  0.700 |ddv_scf|^2 =  8.329E-13

      iter #   6 total cpu time : 19436.8 secs   av.it.:  17.0
      thresh= 9.126E-08 alpha_mix =  0.700 |ddv_scf|^2 =  3.377E-14

      iter #   7 total cpu time : 19448.1 secs   av.it.:  18.1
      thresh= 1.838E-08 alpha_mix =  0.700 |ddv_scf|^2 =  2.398E-15

     End of self-consistent calculation

     Convergence has been achieved 

     Number of q in the star =    1
     List of q in the star:
          1  -0.516653896  -0.516652194   0.033528229

     Diagonalizing the dynamical matrix

     q = (   -0.516653896  -0.516652194   0.033528229 ) 

 **************************************************************************
     freq (    1) =       7.090548 [THz] =     236.515238 [cm-1]
     freq (    2) =       7.672175 [THz] =     255.916220 [cm-1]
     freq (    3) =      11.379145 [THz] =     379.567431 [cm-1]
     freq (    4) =      13.063511 [THz] =     435.751838 [cm-1]
     freq (    5) =      13.160847 [THz] =     438.998611 [cm-1]
     freq (    6) =      16.372705 [THz] =     546.134656 [cm-1]
     freq (    7) =      17.675290 [THz] =     589.584220 [cm-1]
     freq (    8) =      18.077709 [THz] =     603.007449 [cm-1]
     freq (    9) =      19.383217 [THz] =     646.554526 [cm-1]
     freq (   10) =      19.906631 [THz] =     664.013736 [cm-1]
     freq (   11) =      20.021312 [THz] =     667.839081 [cm-1]
     freq (   12) =      20.623458 [THz] =     687.924524 [cm-1]
     freq (   13) =      20.796928 [THz] =     693.710835 [cm-1]
     freq (   14) =      21.355251 [THz] =     712.334501 [cm-1]
     freq (   15) =      21.925133 [THz] =     731.343728 [cm-1]
     freq (   16) =      22.594060 [THz] =     753.656716 [cm-1]
     freq (   17) =      22.931158 [THz] =     764.901096 [cm-1]
     freq (   18) =      24.647227 [THz] =     822.143005 [cm-1]
     freq (   19) =      24.691533 [THz] =     823.620898 [cm-1]
     freq (   20) =      25.014649 [THz] =     834.398873 [cm-1]
     freq (   21) =      27.197352 [THz] =     907.206013 [cm-1]
     freq (   22) =      27.322175 [THz] =     911.369670 [cm-1]
     freq (   23) =      29.053011 [THz] =     969.104122 [cm-1]
     freq (   24) =      30.425463 [THz] =    1014.884217 [cm-1]
     freq (   25) =      32.101066 [THz] =    1070.776302 [cm-1]
     freq (   26) =      32.757850 [THz] =    1092.684260 [cm-1]
     freq (   27) =      35.645886 [THz] =    1189.018761 [cm-1]
     freq (   28) =      36.272374 [THz] =    1209.916176 [cm-1]
     freq (   29) =      39.392107 [THz] =    1313.979257 [cm-1]
     freq (   30) =      40.158707 [THz] =    1339.550279 [cm-1]
     freq (   31) =      48.666177 [THz] =    1623.328934 [cm-1]
     freq (   32) =      50.695264 [THz] =    1691.011989 [cm-1]
     freq (   33) =      52.833746 [THz] =    1762.344070 [cm-1]
     freq (   34) =      52.861521 [THz] =    1763.270551 [cm-1]
     freq (   35) =      54.677955 [THz] =    1823.860245 [cm-1]
     freq (   36) =      56.914802 [THz] =    1898.473438 [cm-1]
 **************************************************************************

     Calculation of q =   -0.4998913  -0.4998862  -0.4663590

     Parallelization info
     --------------------
     sticks:   dense  smooth     PW     G-vecs:    dense   smooth      PW
     Min        3060    1217    383               179147    45315    8009
     Max        3061    1218    384               179148    45316    8010
     Sum        6121    2435    767               358295    90631   16019


     Title: 
     Phonons                                                                    


     bravais-lattice index     =            0
     lattice parameter (alat)  =       9.7743  a.u.
     unit-cell volume          =     937.5358 (a.u.)^3
     number of atoms/cell      =           12
     number of atomic types    =            3
     number of electrons       =        24.00
     number of Kohn-Sham states=           16
     kinetic-energy cutoff     =      80.0000  Ry
     charge density cutoff     =     800.0000  Ry
     Exchange-correlation= PBE
                           (   1   4   3   4   0   0   0)

     celldm(1)=   9.774316  celldm(2)=   0.000000  celldm(3)=   0.000000
     celldm(4)=   0.000000  celldm(5)=   0.000000  celldm(6)=   0.000000

     crystal axes: (cart. coord. in units of alat)
               a(1) = (   1.002405  -0.032529   0.032522 )  
               a(2) = (  -0.032529   1.002409   0.032529 )  
               a(3) = (   0.032522   0.032529   1.002407 )  

     reciprocal axes: (cart. coord. in units 2 pi/alat)
               b(1) = (  0.999776  0.033531 -0.033525 )  
               b(2) = (  0.033532  0.999773 -0.033532 )  
               b(3) = ( -0.033525 -0.033532  0.999774 )  


     PseudoPot. # 1 for Ba read from file:
     /home/marco/ZOS_Cloud_Compute/pseudo/Ba.UPF
     MD5 check sum: c432291d3e53af55f19d5e8866385beb
     Pseudo is Projector augmented-wave + core cor, Zval = 10.0
     Generated using "atomic" code by A. Dal Corso  v.5.1
     Shape of augmentation charge: PSQ
     Using radial grid of 1251 points,  7 beta functions with: 
                l(1) =   0
                l(2) =   0
                l(3) =   0
                l(4) =   1
                l(5) =   1
                l(6) =   2
                l(7) =   2
     Q(r) pseudized with 0 coefficients 


     PseudoPot. # 2 for H  read from file:
     /home/marco/ZOS_Cloud_Compute/pseudo/H.UPF
     MD5 check sum: f52b6d4d1c606e5624b1dc7b2218f220
     Pseudo is Ultrasoft, Zval =  1.0
     Generated using "atomic" code by A. Dal Corso  v.5.1
     Using radial grid of  929 points,  2 beta functions with: 
                l(1) =   0
                l(2) =   0
     Q(r) pseudized with 0 coefficients 


     PseudoPot. # 3 for Mg read from file:
     /home/marco/ZOS_Cloud_Compute/pseudo/Mg.UPF
     MD5 check sum: 24ecedc7f3e3cbe212e682f4413594e4
     Pseudo is Projector augmented-wave + core cor, Zval =  2.0
     Generated using "atomic" code by A. Dal Corso  v.5.0.99 svn rev. 10869
     Shape of augmentation charge: PSQ
     Using radial grid of 1129 points,  4 beta functions with: 
                l(1) =   0
                l(2) =   0
                l(3) =   1
                l(4) =   1
     Q(r) pseudized with 0 coefficients 


     atomic species   valence    mass     pseudopotential
        Ba            10.00     1.00000     Ba( 1.00)
        H              1.00     1.00000     H ( 1.00)
        Mg             2.00     1.00000     Mg( 1.00)

     No symmetry found



   Cartesian axes

     site n.     atom                  positions (alat units)
         1           Mg  tau(   1) = (   0.4849284   0.4849423   0.0325299  )
         2           Ba  tau(   2) = (   0.5175157  -0.0000002   0.5174640  )
         3           Mg  tau(   3) = (  -0.0000060   0.5174702   0.5174584  )
         4           Mg  tau(   4) = (   0.0000027  -0.0000020  -0.0000057  )
         5           H   tau(   5) = (  -0.0059120   0.8553070   0.3679238  )
         6           H   tau(   6) = (   0.8152546   0.2978027   0.2196554  )
         7           H   tau(   7) = (   0.3703630   0.1820619   1.0083537  )
         8           H   tau(   8) = (   0.6669807   0.5115597   0.6970802  )
         9           H   tau(   9) = (   1.0083348   0.1470839   0.6995069  )
        10           H   tau(  10) = (   0.1871133   0.7045993   0.8477967  )
        11           H   tau(  11) = (   0.6320227   0.8203497   0.0591614  )
        12           H   tau(  12) = (   0.3353953   0.4908714   0.3703700  )

     number of k points=    16  Methfessel-Paxton smearing, width (Ry)=  0.0200
                       cart. coord. in units 2pi/alat
        k(    1) = (   0.0000000   0.0000000   0.0000000), wk =   0.2500000
        k(    2) = (  -0.4998913  -0.4998862  -0.4663590), wk =   0.0000000
        k(    3) = (   0.0167626   0.0167660  -0.4998872), wk =   0.2500000
        k(    4) = (  -0.4831288  -0.4831203  -0.9662462), wk =   0.0000000
        k(    5) = (  -0.0000032  -0.4831206  -0.4831213), wk =   0.2500000
        k(    6) = (  -0.4998946  -0.9830069  -0.9494803), wk =   0.0000000
        k(    7) = (  -0.4998913  -0.4998862  -0.4663590), wk =   0.2500000
        k(    8) = (  -0.9997827  -0.9997725  -0.9327179), wk =   0.0000000
        k(    9) = (   0.0167658   0.4998866  -0.0167659), wk =   0.2500000
        k(   10) = (  -0.4831256   0.0000003  -0.4831249), wk =   0.0000000
        k(   11) = (   0.4998881   0.0167656  -0.0167623), wk =   0.2500000
        k(   12) = (  -0.0000032  -0.4831206  -0.4831213), wk =   0.0000000
        k(   13) = (  -0.4831223   0.4831210  -0.0000036), wk =   0.2500000
        k(   14) = (  -0.9830137  -0.0167653  -0.4663625), wk =   0.0000000
        k(   15) = (   0.4831256  -0.0000003   0.4831249), wk =   0.2500000
        k(   16) = (  -0.0167658  -0.4998866   0.0167659), wk =   0.0000000

     Dense  grid:   358295 G-vectors     FFT dimensions: (  90,  90,  90)

     Smooth grid:    90631 G-vectors     FFT dimensions: (  60,  60,  60)

     Estimated max dynamical RAM per process >     662.01 MB

     Estimated total dynamical RAM >       1.29 GB

     The potential is recalculated from file :
     ./tmp/_ph0/BaMg3H8.q_8/BaMg3H8.save/charge-density

     Starting wfcs are   25 atomic wfcs
     Checking if some PAW data can be deallocated... 

     Band Structure Calculation
     Davidson diagonalization with overlap

     ethr =  4.17E-11,  avg # of iterations = 29.8

     total cpu time spent up to now is      195.5 secs

     End of band structure calculation

          k = 0.0000 0.0000 0.0000 ( 11349 PWs)   bands (ev):

   -23.4087  -8.6938  -8.6571  -8.6571  -3.3517   0.2198   0.2198   1.0124
     1.0125   1.2292   1.9231   2.2082   6.7214   6.7214   7.0776   7.9566

          k =-0.4999-0.4999-0.4664 ( 11344 PWs)   bands (ev):

   -23.4000  -8.7933  -8.7656  -8.7656  -0.7855  -0.7855  -0.0066   0.0878
     0.4192   0.4193   0.4856   3.7816   6.4644   8.0850   8.0851   9.2164

          k = 0.0168 0.0168-0.4999 ( 11302 PWs)   bands (ev):

   -23.4057  -8.8340  -8.6698  -8.6384  -1.9785  -1.8717   0.5463   1.0204
     1.1811   1.3976   1.8853   2.1477   6.2837   6.4873   7.4946   7.7459

          k =-0.4831-0.4831-0.9662 ( 11344 PWs)   bands (ev):

   -23.4028  -8.8078  -8.7981  -8.6384  -1.3567  -0.9057  -0.5757  -0.4765
     1.1505   1.9478   1.9568   2.2984   6.5685   6.7650   7.3122   7.5199

          k =-0.0000-0.4831-0.4831 ( 11344 PWs)   bands (ev):

   -23.4028  -8.8078  -8.7981  -8.6384  -1.3567  -0.9057  -0.5757  -0.4765
     1.1505   1.9478   1.9568   2.2984   6.5685   6.7650   7.3122   7.5199

          k =-0.4999-0.9830-0.9495 ( 11302 PWs)   bands (ev):

   -23.4057  -8.8340  -8.6698  -8.6384  -1.9785  -1.8717   0.5463   1.0204
     1.1811   1.3976   1.8853   2.1477   6.2837   6.4873   7.4947   7.7458

          k =-0.4999-0.4999-0.4664 ( 11344 PWs)   bands (ev):

   -23.4000  -8.7933  -8.7656  -8.7656  -0.7855  -0.7855  -0.0066   0.0878
     0.4192   0.4193   0.4856   3.7816   6.4644   8.0850   8.0851   9.2164

          k =-0.9998-0.9998-0.9327 ( 11349 PWs)   bands (ev):

   -23.4087  -8.6938  -8.6571  -8.6571  -3.3517   0.2198   0.2198   1.0124
     1.0125   1.2292   1.9231   2.2082   6.7214   6.7214   7.0776   7.9566

          k = 0.0168 0.4999-0.0168 ( 11302 PWs)   bands (ev):

   -23.4057  -8.8340  -8.6698  -8.6384  -1.9785  -1.8717   0.5463   1.0204
     1.1811   1.3976   1.8853   2.1477   6.2837   6.4874   7.4946   7.7459

          k =-0.4831 0.0000-0.4831 ( 11344 PWs)   bands (ev):

   -23.4028  -8.8078  -8.7981  -8.6384  -1.3567  -0.9057  -0.5758  -0.4765
     1.1504   1.9478   1.9569   2.2985   6.5685   6.7649   7.3123   7.5199

          k = 0.4999 0.0168-0.0168 ( 11302 PWs)   bands (ev):

   -23.4057  -8.8340  -8.6698  -8.6384  -1.9785  -1.8717   0.5463   1.0204
     1.1811   1.3976   1.8853   2.1477   6.2837   6.4873   7.4947   7.7458

          k =-0.0000-0.4831-0.4831 ( 11344 PWs)   bands (ev):

   -23.4028  -8.8078  -8.7981  -8.6384  -1.3567  -0.9057  -0.5757  -0.4765
     1.1505   1.9478   1.9568   2.2984   6.5685   6.7650   7.3122   7.5199

          k =-0.4831 0.4831-0.0000 ( 11344 PWs)   bands (ev):

   -23.4028  -8.8078  -8.7981  -8.6384  -1.3567  -0.9057  -0.5757  -0.4765
     1.1505   1.9478   1.9568   2.2984   6.5685   6.7650   7.3122   7.5199

          k =-0.9830-0.0168-0.4664 ( 11302 PWs)   bands (ev):

   -23.4057  -8.8340  -8.6698  -8.6384  -1.9785  -1.8717   0.5463   1.0204
     1.1811   1.3976   1.8853   2.1477   6.2837   6.4873   7.4946   7.7459

          k = 0.4831-0.0000 0.4831 ( 11344 PWs)   bands (ev):

   -23.4028  -8.8078  -8.7981  -8.6384  -1.3567  -0.9057  -0.5758  -0.4765
     1.1504   1.9478   1.9569   2.2985   6.5685   6.7649   7.3123   7.5199

          k =-0.0168-0.4999 0.0168 ( 11302 PWs)   bands (ev):

   -23.4057  -8.8340  -8.6698  -8.6384  -1.9785  -1.8717   0.5463   1.0204
     1.1811   1.3976   1.8853   2.1477   6.2837   6.4874   7.4946   7.7459

     the Fermi energy is     6.1130 ev

     Writing output data file ./tmp/_ph0/BaMg3H8.q_8/BaMg3H8.save/

     Phonons                                                                    

     bravais-lattice index     =            0
     lattice parameter (alat)  =       9.7743  a.u.
     unit-cell volume          =     937.5358 (a.u.)^3
     number of atoms/cell      =           12
     number of atomic types    =            3
     kinetic-energy cut-off    =      80.0000  Ry
     charge density cut-off    =     800.0000  Ry
     convergence threshold     =      1.0E-14
     beta                      =       0.7000
     number of iterations used =            4
     Exchange-correlation= PBE
                           (   1   4   3   4   0   0   0)


     celldm(1)=    9.77432  celldm(2)=    0.00000  celldm(3)=    0.00000
     celldm(4)=    0.00000  celldm(5)=    0.00000  celldm(6)=    0.00000

     crystal axes: (cart. coord. in units of alat)
               a(1) = (  1.0024 -0.0325  0.0325 )  
               a(2) = ( -0.0325  1.0024  0.0325 )  
               a(3) = (  0.0325  0.0325  1.0024 )  

     reciprocal axes: (cart. coord. in units 2 pi/alat)
               b(1) = (  0.9998  0.0335 -0.0335 )  
               b(2) = (  0.0335  0.9998 -0.0335 )  
               b(3) = ( -0.0335 -0.0335  0.9998 )  


     Atoms inside the unit cell: 

     Cartesian axes

     site n.  atom      mass           positions (alat units)
        1     Mg   1.0000   tau(    1) = (    0.48493    0.48494    0.03253  )
        2     Ba   1.0000   tau(    2) = (    0.51752   -0.00000    0.51746  )
        3     Mg   1.0000   tau(    3) = (   -0.00001    0.51747    0.51746  )
        4     Mg   1.0000   tau(    4) = (    0.00000   -0.00000   -0.00001  )
        5     H    1.0000   tau(    5) = (   -0.00591    0.85531    0.36792  )
        6     H    1.0000   tau(    6) = (    0.81525    0.29780    0.21966  )
        7     H    1.0000   tau(    7) = (    0.37036    0.18206    1.00835  )
        8     H    1.0000   tau(    8) = (    0.66698    0.51156    0.69708  )
        9     H    1.0000   tau(    9) = (    1.00833    0.14708    0.69951  )
       10     H    1.0000   tau(   10) = (    0.18711    0.70460    0.84780  )
       11     H    1.0000   tau(   11) = (    0.63202    0.82035    0.05916  )
       12     H    1.0000   tau(   12) = (    0.33540    0.49087    0.37037  )

     Computing dynamical matrix for 
                    q = (  -0.4998913  -0.4998862  -0.4663590 )

      2 Sym.Ops. (with q -> -q+G )


     G cutoff = 1935.9896  ( 179147 G-vectors)     FFT grid: ( 90, 90, 90)
     G cutoff =  774.3958  (  45316 G-vectors)  smooth grid: ( 60, 60, 60)

     number of k points=    16  Methfessel-Paxton smearing, width (Ry)=  0.0200

     PseudoPot. # 1 for Ba read from file:
     /home/marco/ZOS_Cloud_Compute/pseudo/Ba.UPF
     MD5 check sum: c432291d3e53af55f19d5e8866385beb
     Pseudo is Projector augmented-wave + core cor, Zval = 10.0
     Generated using "atomic" code by A. Dal Corso  v.5.1
     Shape of augmentation charge: PSQ
     Using radial grid of 1251 points,  7 beta functions with: 
                l(1) =   0
                l(2) =   0
                l(3) =   0
                l(4) =   1
                l(5) =   1
                l(6) =   2
                l(7) =   2
     Q(r) pseudized with 0 coefficients 


     PseudoPot. # 2 for H  read from file:
     /home/marco/ZOS_Cloud_Compute/pseudo/H.UPF
     MD5 check sum: f52b6d4d1c606e5624b1dc7b2218f220
     Pseudo is Ultrasoft, Zval =  1.0
     Generated using "atomic" code by A. Dal Corso  v.5.1
     Using radial grid of  929 points,  2 beta functions with: 
                l(1) =   0
                l(2) =   0
     Q(r) pseudized with 0 coefficients 


     PseudoPot. # 3 for Mg read from file:
     /home/marco/ZOS_Cloud_Compute/pseudo/Mg.UPF
     MD5 check sum: 24ecedc7f3e3cbe212e682f4413594e4
     Pseudo is Projector augmented-wave + core cor, Zval =  2.0
     Generated using "atomic" code by A. Dal Corso  v.5.0.99 svn rev. 10869
     Shape of augmentation charge: PSQ
     Using radial grid of 1129 points,  4 beta functions with: 
                l(1) =   0
                l(2) =   0
                l(3) =   1
                l(4) =   1
     Q(r) pseudized with 0 coefficients 



     Atomic displacements:
     There are   36 irreducible representations

     Representation     1      1 modes -  To be done

     Representation     2      1 modes -  To be done

     Representation     3      1 modes -  To be done

     Representation     4      1 modes -  To be done

     Representation     5      1 modes -  To be done

     Representation     6      1 modes -  To be done

     Representation     7      1 modes -  To be done

     Representation     8      1 modes -  To be done

     Representation     9      1 modes -  To be done

     Representation    10      1 modes -  To be done

     Representation    11      1 modes -  To be done

     Representation    12      1 modes -  To be done

     Representation    13      1 modes -  To be done

     Representation    14      1 modes -  To be done

     Representation    15      1 modes -  To be done

     Representation    16      1 modes -  To be done

     Representation    17      1 modes -  To be done

     Representation    18      1 modes -  To be done

     Representation    19      1 modes -  To be done

     Representation    20      1 modes -  To be done

     Representation    21      1 modes -  To be done

     Representation    22      1 modes -  To be done

     Representation    23      1 modes -  To be done

     Representation    24      1 modes -  To be done

     Representation    25      1 modes -  To be done

     Representation    26      1 modes -  To be done

     Representation    27      1 modes -  To be done

     Representation    28      1 modes -  To be done

     Representation    29      1 modes -  To be done

     Representation    30      1 modes -  To be done

     Representation    31      1 modes -  To be done

     Representation    32      1 modes -  To be done

     Representation    33      1 modes -  To be done

     Representation    34      1 modes -  To be done

     Representation    35      1 modes -  To be done

     Representation    36      1 modes -  To be done



     Alpha used in Ewald sum =   2.8000
     PHONON       :      6h35m CPU      5h26m WALL



     Representation #   1 mode #   1

     Self-consistent Calculation

      iter #   1 total cpu time : 19591.4 secs   av.it.:   2.5
      thresh= 1.000E-02 alpha_mix =  0.700 |ddv_scf|^2 =  5.791E-09

      iter #   2 total cpu time : 19601.2 secs   av.it.:  14.0
      thresh= 7.610E-06 alpha_mix =  0.700 |ddv_scf|^2 =  1.509E-09

      iter #   3 total cpu time : 19610.8 secs   av.it.:  13.4
      thresh= 3.884E-06 alpha_mix =  0.700 |ddv_scf|^2 =  3.524E-11

      iter #   4 total cpu time : 19620.9 secs   av.it.:  14.8
      thresh= 5.937E-07 alpha_mix =  0.700 |ddv_scf|^2 =  5.467E-12

      iter #   5 total cpu time : 19630.9 secs   av.it.:  14.5
      thresh= 2.338E-07 alpha_mix =  0.700 |ddv_scf|^2 =  1.930E-14

      iter #   6 total cpu time : 19641.3 secs   av.it.:  15.6
      thresh= 1.389E-08 alpha_mix =  0.700 |ddv_scf|^2 =  1.549E-15

     End of self-consistent calculation

     Convergence has been achieved 


     Representation #   2 mode #   2

     Self-consistent Calculation

      iter #   1 total cpu time : 19647.8 secs   av.it.:   3.0
      thresh= 1.000E-02 alpha_mix =  0.700 |ddv_scf|^2 =  9.154E-09

      iter #   2 total cpu time : 19658.0 secs   av.it.:  15.0
      thresh= 9.568E-06 alpha_mix =  0.700 |ddv_scf|^2 =  5.177E-09

      iter #   3 total cpu time : 19668.1 secs   av.it.:  14.5
      thresh= 7.195E-06 alpha_mix =  0.700 |ddv_scf|^2 =  3.720E-11

      iter #   4 total cpu time : 19678.4 secs   av.it.:  15.1
      thresh= 6.099E-07 alpha_mix =  0.700 |ddv_scf|^2 =  6.214E-12

      iter #   5 total cpu time : 19688.6 secs   av.it.:  15.0
      thresh= 2.493E-07 alpha_mix =  0.700 |ddv_scf|^2 =  1.278E-13

      iter #   6 total cpu time : 19698.7 secs   av.it.:  14.9
      thresh= 3.576E-08 alpha_mix =  0.700 |ddv_scf|^2 =  6.130E-15

     End of self-consistent calculation

     Convergence has been achieved 


     Representation #   3 mode #   3

     Self-consistent Calculation

      iter #   1 total cpu time : 19705.1 secs   av.it.:   3.0
      thresh= 1.000E-02 alpha_mix =  0.700 |ddv_scf|^2 =  9.074E-09

      iter #   2 total cpu time : 19715.2 secs   av.it.:  14.5
      thresh= 9.526E-06 alpha_mix =  0.700 |ddv_scf|^2 =  5.098E-09

      iter #   3 total cpu time : 19725.2 secs   av.it.:  14.5
      thresh= 7.140E-06 alpha_mix =  0.700 |ddv_scf|^2 =  3.729E-11

      iter #   4 total cpu time : 19735.5 secs   av.it.:  15.0
      thresh= 6.107E-07 alpha_mix =  0.700 |ddv_scf|^2 =  6.153E-12

      iter #   5 total cpu time : 19745.7 secs   av.it.:  15.0
      thresh= 2.481E-07 alpha_mix =  0.700 |ddv_scf|^2 =  1.305E-13

      iter #   6 total cpu time : 19755.8 secs   av.it.:  15.1
      thresh= 3.612E-08 alpha_mix =  0.700 |ddv_scf|^2 =  5.880E-15

     End of self-consistent calculation

     Convergence has been achieved 


     Representation #   4 mode #   4

     Self-consistent Calculation

      iter #   1 total cpu time : 19763.3 secs   av.it.:   5.8
      thresh= 1.000E-02 alpha_mix =  0.700 |ddv_scf|^2 =  6.240E-07

      iter #   2 total cpu time : 19773.5 secs   av.it.:  14.9
      thresh= 7.899E-05 alpha_mix =  0.700 |ddv_scf|^2 =  3.837E-07

      iter #   3 total cpu time : 19783.9 secs   av.it.:  14.5
      thresh= 6.194E-05 alpha_mix =  0.700 |ddv_scf|^2 =  1.623E-09

      iter #   4 total cpu time : 19801.5 secs   av.it.:  14.4
      thresh= 4.029E-06 alpha_mix =  0.700 |ddv_scf|^2 =  3.625E-10

      iter #   5 total cpu time : 19817.1 secs   av.it.:  14.4
      thresh= 1.904E-06 alpha_mix =  0.700 |ddv_scf|^2 =  9.419E-11

      iter #   6 total cpu time : 19827.2 secs   av.it.:  14.4
      thresh= 9.705E-07 alpha_mix =  0.700 |ddv_scf|^2 =  1.256E-11

      iter #   7 total cpu time : 19837.1 secs   av.it.:  14.2
      thresh= 3.544E-07 alpha_mix =  0.700 |ddv_scf|^2 =  1.021E-12

      iter #   8 total cpu time : 19847.1 secs   av.it.:  14.5
      thresh= 1.011E-07 alpha_mix =  0.700 |ddv_scf|^2 =  3.062E-14

      iter #   9 total cpu time : 19857.3 secs   av.it.:  15.4
      thresh= 1.750E-08 alpha_mix =  0.700 |ddv_scf|^2 =  2.032E-15

     End of self-consistent calculation

     Convergence has been achieved 


     Representation #   5 mode #   5

     Self-consistent Calculation

      iter #   1 total cpu time : 19864.8 secs   av.it.:   5.8
      thresh= 1.000E-02 alpha_mix =  0.700 |ddv_scf|^2 =  6.241E-07

      iter #   2 total cpu time : 19874.9 secs   av.it.:  14.9
      thresh= 7.900E-05 alpha_mix =  0.700 |ddv_scf|^2 =  3.838E-07

      iter #   3 total cpu time : 19884.9 secs   av.it.:  14.5
      thresh= 6.195E-05 alpha_mix =  0.700 |ddv_scf|^2 =  1.624E-09

      iter #   4 total cpu time : 19894.9 secs   av.it.:  14.5
      thresh= 4.030E-06 alpha_mix =  0.700 |ddv_scf|^2 =  3.627E-10

      iter #   5 total cpu time : 19904.9 secs   av.it.:  14.4
      thresh= 1.905E-06 alpha_mix =  0.700 |ddv_scf|^2 =  9.430E-11

      iter #   6 total cpu time : 19914.9 secs   av.it.:  14.4
      thresh= 9.711E-07 alpha_mix =  0.700 |ddv_scf|^2 =  1.256E-11

      iter #   7 total cpu time : 19924.7 secs   av.it.:  14.1
      thresh= 3.544E-07 alpha_mix =  0.700 |ddv_scf|^2 =  1.021E-12

      iter #   8 total cpu time : 19934.8 secs   av.it.:  14.5
      thresh= 1.010E-07 alpha_mix =  0.700 |ddv_scf|^2 =  3.065E-14

      iter #   9 total cpu time : 19945.0 secs   av.it.:  15.4
      thresh= 1.751E-08 alpha_mix =  0.700 |ddv_scf|^2 =  2.035E-15

     End of self-consistent calculation

     Convergence has been achieved 


     Representation #   6 mode #   6

     Self-consistent Calculation

      iter #   1 total cpu time : 19952.6 secs   av.it.:   5.8
      thresh= 1.000E-02 alpha_mix =  0.700 |ddv_scf|^2 =  6.241E-07

      iter #   2 total cpu time : 19962.8 secs   av.it.:  14.9
      thresh= 7.900E-05 alpha_mix =  0.700 |ddv_scf|^2 =  3.838E-07

      iter #   3 total cpu time : 19972.8 secs   av.it.:  14.5
      thresh= 6.195E-05 alpha_mix =  0.700 |ddv_scf|^2 =  1.627E-09

      iter #   4 total cpu time : 19982.9 secs   av.it.:  14.5
      thresh= 4.034E-06 alpha_mix =  0.700 |ddv_scf|^2 =  3.625E-10

      iter #   5 total cpu time : 19992.9 secs   av.it.:  14.5
      thresh= 1.904E-06 alpha_mix =  0.700 |ddv_scf|^2 =  9.351E-11

      iter #   6 total cpu time : 20002.9 secs   av.it.:  14.4
      thresh= 9.670E-07 alpha_mix =  0.700 |ddv_scf|^2 =  1.248E-11

      iter #   7 total cpu time : 20012.8 secs   av.it.:  14.2
      thresh= 3.532E-07 alpha_mix =  0.700 |ddv_scf|^2 =  1.015E-12

      iter #   8 total cpu time : 20022.9 secs   av.it.:  14.6
      thresh= 1.007E-07 alpha_mix =  0.700 |ddv_scf|^2 =  3.081E-14

      iter #   9 total cpu time : 20033.1 secs   av.it.:  15.2
      thresh= 1.755E-08 alpha_mix =  0.700 |ddv_scf|^2 =  2.041E-15

     End of self-consistent calculation

     Convergence has been achieved 


     Representation #   7 mode #   7

     Self-consistent Calculation

      iter #   1 total cpu time : 20039.5 secs   av.it.:   3.0
      thresh= 1.000E-02 alpha_mix =  0.700 |ddv_scf|^2 =  9.138E-09

      iter #   2 total cpu time : 20049.6 secs   av.it.:  14.8
      thresh= 9.560E-06 alpha_mix =  0.700 |ddv_scf|^2 =  5.154E-09

      iter #   3 total cpu time : 20059.6 secs   av.it.:  14.5
      thresh= 7.179E-06 alpha_mix =  0.700 |ddv_scf|^2 =  3.737E-11

      iter #   4 total cpu time : 20069.8 secs   av.it.:  15.1
      thresh= 6.113E-07 alpha_mix =  0.700 |ddv_scf|^2 =  6.228E-12

      iter #   5 total cpu time : 20080.0 secs   av.it.:  15.0
      thresh= 2.496E-07 alpha_mix =  0.700 |ddv_scf|^2 =  1.285E-13

      iter #   6 total cpu time : 20095.6 secs   av.it.:  15.0
      thresh= 3.585E-08 alpha_mix =  0.700 |ddv_scf|^2 =  6.163E-15

     End of self-consistent calculation

     Convergence has been achieved 


     Representation #   8 mode #   8

     Self-consistent Calculation

      iter #   1 total cpu time : 20105.3 secs   av.it.:   3.0
      thresh= 1.000E-02 alpha_mix =  0.700 |ddv_scf|^2 =  9.103E-09

      iter #   2 total cpu time : 20116.9 secs   av.it.:  14.5
      thresh= 9.541E-06 alpha_mix =  0.700 |ddv_scf|^2 =  5.140E-09

      iter #   3 total cpu time : 20127.0 secs   av.it.:  14.5
      thresh= 7.169E-06 alpha_mix =  0.700 |ddv_scf|^2 =  3.704E-11

      iter #   4 total cpu time : 20137.2 secs   av.it.:  14.9
      thresh= 6.086E-07 alpha_mix =  0.700 |ddv_scf|^2 =  6.134E-12

      iter #   5 total cpu time : 20147.4 secs   av.it.:  15.0
      thresh= 2.477E-07 alpha_mix =  0.700 |ddv_scf|^2 =  1.290E-13

      iter #   6 total cpu time : 20157.5 secs   av.it.:  15.0
      thresh= 3.592E-08 alpha_mix =  0.700 |ddv_scf|^2 =  5.861E-15

     End of self-consistent calculation

     Convergence has been achieved 


     Representation #   9 mode #   9

     Self-consistent Calculation

      iter #   1 total cpu time : 20163.7 secs   av.it.:   2.5
      thresh= 1.000E-02 alpha_mix =  0.700 |ddv_scf|^2 =  5.791E-09

      iter #   2 total cpu time : 20173.5 secs   av.it.:  14.0
      thresh= 7.610E-06 alpha_mix =  0.700 |ddv_scf|^2 =  1.509E-09

      iter #   3 total cpu time : 20183.2 secs   av.it.:  13.5
      thresh= 3.884E-06 alpha_mix =  0.700 |ddv_scf|^2 =  3.525E-11

      iter #   4 total cpu time : 20193.2 secs   av.it.:  14.8
      thresh= 5.937E-07 alpha_mix =  0.700 |ddv_scf|^2 =  5.467E-12

      iter #   5 total cpu time : 20203.3 secs   av.it.:  14.5
      thresh= 2.338E-07 alpha_mix =  0.700 |ddv_scf|^2 =  1.932E-14

      iter #   6 total cpu time : 20213.6 secs   av.it.:  15.5
      thresh= 1.390E-08 alpha_mix =  0.700 |ddv_scf|^2 =  1.603E-15

     End of self-consistent calculation

     Convergence has been achieved 


     Representation #  10 mode #  10

     Self-consistent Calculation

      iter #   1 total cpu time : 20220.0 secs   av.it.:   3.0
      thresh= 1.000E-02 alpha_mix =  0.700 |ddv_scf|^2 =  9.108E-09

      iter #   2 total cpu time : 20230.0 secs   av.it.:  14.6
      thresh= 9.543E-06 alpha_mix =  0.700 |ddv_scf|^2 =  5.147E-09

      iter #   3 total cpu time : 20240.0 secs   av.it.:  14.5
      thresh= 7.174E-06 alpha_mix =  0.700 |ddv_scf|^2 =  3.703E-11

      iter #   4 total cpu time : 20250.3 secs   av.it.:  15.1
      thresh= 6.085E-07 alpha_mix =  0.700 |ddv_scf|^2 =  6.123E-12

      iter #   5 total cpu time : 20260.6 secs   av.it.:  15.0
      thresh= 2.474E-07 alpha_mix =  0.700 |ddv_scf|^2 =  1.292E-13

      iter #   6 total cpu time : 20270.7 secs   av.it.:  14.9
      thresh= 3.594E-08 alpha_mix =  0.700 |ddv_scf|^2 =  5.863E-15

     End of self-consistent calculation

     Convergence has been achieved 


     Representation #  11 mode #  11

     Self-consistent Calculation

      iter #   1 total cpu time : 20276.9 secs   av.it.:   2.4
      thresh= 1.000E-02 alpha_mix =  0.700 |ddv_scf|^2 =  5.786E-09

      iter #   2 total cpu time : 20286.7 secs   av.it.:  14.0
      thresh= 7.607E-06 alpha_mix =  0.700 |ddv_scf|^2 =  1.505E-09

      iter #   3 total cpu time : 20296.4 secs   av.it.:  13.4
      thresh= 3.879E-06 alpha_mix =  0.700 |ddv_scf|^2 =  3.528E-11

      iter #   4 total cpu time : 20306.4 secs   av.it.:  14.6
      thresh= 5.940E-07 alpha_mix =  0.700 |ddv_scf|^2 =  5.456E-12

      iter #   5 total cpu time : 20316.5 secs   av.it.:  14.4
      thresh= 2.336E-07 alpha_mix =  0.700 |ddv_scf|^2 =  1.986E-14

      iter #   6 total cpu time : 20326.8 secs   av.it.:  15.5
      thresh= 1.409E-08 alpha_mix =  0.700 |ddv_scf|^2 =  1.778E-15

     End of self-consistent calculation

     Convergence has been achieved 


     Representation #  12 mode #  12

     Self-consistent Calculation

      iter #   1 total cpu time : 20333.2 secs   av.it.:   3.0
      thresh= 1.000E-02 alpha_mix =  0.700 |ddv_scf|^2 =  9.165E-09

      iter #   2 total cpu time : 20343.4 secs   av.it.:  15.0
      thresh= 9.573E-06 alpha_mix =  0.700 |ddv_scf|^2 =  5.193E-09

      iter #   3 total cpu time : 20353.4 secs   av.it.:  14.5
      thresh= 7.206E-06 alpha_mix =  0.700 |ddv_scf|^2 =  3.714E-11

      iter #   4 total cpu time : 20363.6 secs   av.it.:  15.1
      thresh= 6.094E-07 alpha_mix =  0.700 |ddv_scf|^2 =  6.206E-12

      iter #   5 total cpu time : 20373.9 secs   av.it.:  15.0
      thresh= 2.491E-07 alpha_mix =  0.700 |ddv_scf|^2 =  1.273E-13

      iter #   6 total cpu time : 20384.3 secs   av.it.:  15.0
      thresh= 3.568E-08 alpha_mix =  0.700 |ddv_scf|^2 =  6.156E-15

     End of self-consistent calculation

     Convergence has been achieved 


     Representation #  13 mode #  13

     Self-consistent Calculation

      iter #   1 total cpu time : 20394.1 secs   av.it.:   3.2
      thresh= 1.000E-02 alpha_mix =  0.700 |ddv_scf|^2 =  1.242E-08

      iter #   2 total cpu time : 20412.8 secs   av.it.:  17.6
      thresh= 1.114E-05 alpha_mix =  0.700 |ddv_scf|^2 =  5.803E-09

      iter #   3 total cpu time : 20423.8 secs   av.it.:  17.1
      thresh= 7.617E-06 alpha_mix =  0.700 |ddv_scf|^2 =  2.985E-11

      iter #   4 total cpu time : 20435.2 secs   av.it.:  18.1
      thresh= 5.464E-07 alpha_mix =  0.700 |ddv_scf|^2 =  6.931E-12

      iter #   5 total cpu time : 20446.2 secs   av.it.:  17.4
      thresh= 2.633E-07 alpha_mix =  0.700 |ddv_scf|^2 =  8.096E-14

      iter #   6 total cpu time : 20457.5 secs   av.it.:  18.0
      thresh= 2.845E-08 alpha_mix =  0.700 |ddv_scf|^2 =  4.750E-15

     End of self-consistent calculation

     Convergence has been achieved 


     Representation #  14 mode #  14

     Self-consistent Calculation

      iter #   1 total cpu time : 20464.0 secs   av.it.:   3.0
      thresh= 1.000E-02 alpha_mix =  0.700 |ddv_scf|^2 =  1.219E-08

      iter #   2 total cpu time : 20475.1 secs   av.it.:  17.2
      thresh= 1.104E-05 alpha_mix =  0.700 |ddv_scf|^2 =  4.751E-09

      iter #   3 total cpu time : 20486.1 secs   av.it.:  16.6
      thresh= 6.892E-06 alpha_mix =  0.700 |ddv_scf|^2 =  2.026E-11

      iter #   4 total cpu time : 20497.4 secs   av.it.:  17.9
      thresh= 4.502E-07 alpha_mix =  0.700 |ddv_scf|^2 =  5.426E-12

      iter #   5 total cpu time : 20508.3 secs   av.it.:  17.1
      thresh= 2.329E-07 alpha_mix =  0.700 |ddv_scf|^2 =  1.584E-13

      iter #   6 total cpu time : 20519.6 secs   av.it.:  17.6
      thresh= 3.980E-08 alpha_mix =  0.700 |ddv_scf|^2 =  1.079E-14

      iter #   7 total cpu time : 20530.7 secs   av.it.:  17.8
      thresh= 1.039E-08 alpha_mix =  0.700 |ddv_scf|^2 =  6.218E-16

     End of self-consistent calculation

     Convergence has been achieved 


     Representation #  15 mode #  15

     Self-consistent Calculation

      iter #   1 total cpu time : 20537.2 secs   av.it.:   3.0
      thresh= 1.000E-02 alpha_mix =  0.700 |ddv_scf|^2 =  1.206E-08

      iter #   2 total cpu time : 20548.2 secs   av.it.:  17.5
      thresh= 1.098E-05 alpha_mix =  0.700 |ddv_scf|^2 =  4.633E-09

      iter #   3 total cpu time : 20559.1 secs   av.it.:  16.9
      thresh= 6.807E-06 alpha_mix =  0.700 |ddv_scf|^2 =  1.943E-11

      iter #   4 total cpu time : 20570.5 secs   av.it.:  18.1
      thresh= 4.408E-07 alpha_mix =  0.700 |ddv_scf|^2 =  5.155E-12

      iter #   5 total cpu time : 20581.5 secs   av.it.:  17.1
      thresh= 2.270E-07 alpha_mix =  0.700 |ddv_scf|^2 =  1.564E-13

      iter #   6 total cpu time : 20592.7 secs   av.it.:  17.8
      thresh= 3.954E-08 alpha_mix =  0.700 |ddv_scf|^2 =  9.716E-15

     End of self-consistent calculation

     Convergence has been achieved 


     Representation #  16 mode #  16

     Self-consistent Calculation

      iter #   1 total cpu time : 20599.1 secs   av.it.:   3.0
      thresh= 1.000E-02 alpha_mix =  0.700 |ddv_scf|^2 =  1.164E-08

      iter #   2 total cpu time : 20610.3 secs   av.it.:  17.8
      thresh= 1.079E-05 alpha_mix =  0.700 |ddv_scf|^2 =  4.564E-09

      iter #   3 total cpu time : 20621.5 secs   av.it.:  17.6
      thresh= 6.756E-06 alpha_mix =  0.700 |ddv_scf|^2 =  2.924E-11

      iter #   4 total cpu time : 20632.7 secs   av.it.:  17.5
      thresh= 5.408E-07 alpha_mix =  0.700 |ddv_scf|^2 =  6.316E-12

      iter #   5 total cpu time : 20643.7 secs   av.it.:  17.0
      thresh= 2.513E-07 alpha_mix =  0.700 |ddv_scf|^2 =  1.669E-13

      iter #   6 total cpu time : 20654.9 secs   av.it.:  17.5
      thresh= 4.086E-08 alpha_mix =  0.700 |ddv_scf|^2 =  1.416E-14

      iter #   7 total cpu time : 20665.7 secs   av.it.:  16.8
      thresh= 1.190E-08 alpha_mix =  0.700 |ddv_scf|^2 =  4.858E-16

     End of self-consistent calculation

     Convergence has been achieved 


     Representation #  17 mode #  17

     Self-consistent Calculation

      iter #   1 total cpu time : 20672.1 secs   av.it.:   3.0
      thresh= 1.000E-02 alpha_mix =  0.700 |ddv_scf|^2 =  1.164E-08

      iter #   2 total cpu time : 20683.8 secs   av.it.:  17.6
      thresh= 1.079E-05 alpha_mix =  0.700 |ddv_scf|^2 =  4.564E-09

      iter #   3 total cpu time : 20702.9 secs   av.it.:  17.5
      thresh= 6.756E-06 alpha_mix =  0.700 |ddv_scf|^2 =  2.923E-11

      iter #   4 total cpu time : 20716.8 secs   av.it.:  17.4
      thresh= 5.407E-07 alpha_mix =  0.700 |ddv_scf|^2 =  6.320E-12

      iter #   5 total cpu time : 20727.9 secs   av.it.:  17.0
      thresh= 2.514E-07 alpha_mix =  0.700 |ddv_scf|^2 =  1.668E-13

      iter #   6 total cpu time : 20739.1 secs   av.it.:  17.6
      thresh= 4.084E-08 alpha_mix =  0.700 |ddv_scf|^2 =  1.417E-14

      iter #   7 total cpu time : 20750.0 secs   av.it.:  16.9
      thresh= 1.190E-08 alpha_mix =  0.700 |ddv_scf|^2 =  4.858E-16

     End of self-consistent calculation

     Convergence has been achieved 


     Representation #  18 mode #  18

     Self-consistent Calculation

      iter #   1 total cpu time : 20756.4 secs   av.it.:   3.0
      thresh= 1.000E-02 alpha_mix =  0.700 |ddv_scf|^2 =  1.163E-08

      iter #   2 total cpu time : 20767.8 secs   av.it.:  17.6
      thresh= 1.079E-05 alpha_mix =  0.700 |ddv_scf|^2 =  4.561E-09

      iter #   3 total cpu time : 20779.0 secs   av.it.:  17.6
      thresh= 6.753E-06 alpha_mix =  0.700 |ddv_scf|^2 =  2.928E-11

      iter #   4 total cpu time : 20790.1 secs   av.it.:  17.5
      thresh= 5.411E-07 alpha_mix =  0.700 |ddv_scf|^2 =  6.314E-12

      iter #   5 total cpu time : 20801.2 secs   av.it.:  17.0
      thresh= 2.513E-07 alpha_mix =  0.700 |ddv_scf|^2 =  1.670E-13

      iter #   6 total cpu time : 20812.5 secs   av.it.:  17.9
      thresh= 4.087E-08 alpha_mix =  0.700 |ddv_scf|^2 =  1.417E-14

      iter #   7 total cpu time : 20823.4 secs   av.it.:  17.0
      thresh= 1.191E-08 alpha_mix =  0.700 |ddv_scf|^2 =  4.859E-16

     End of self-consistent calculation

     Convergence has been achieved 


     Representation #  19 mode #  19

     Self-consistent Calculation

      iter #   1 total cpu time : 20829.9 secs   av.it.:   3.0
      thresh= 1.000E-02 alpha_mix =  0.700 |ddv_scf|^2 =  1.218E-08

      iter #   2 total cpu time : 20841.1 secs   av.it.:  17.2
      thresh= 1.104E-05 alpha_mix =  0.700 |ddv_scf|^2 =  4.747E-09

      iter #   3 total cpu time : 20852.2 secs   av.it.:  16.6
      thresh= 6.890E-06 alpha_mix =  0.700 |ddv_scf|^2 =  2.034E-11

      iter #   4 total cpu time : 20863.6 secs   av.it.:  17.9
      thresh= 4.510E-07 alpha_mix =  0.700 |ddv_scf|^2 =  5.423E-12

      iter #   5 total cpu time : 20874.7 secs   av.it.:  17.1
      thresh= 2.329E-07 alpha_mix =  0.700 |ddv_scf|^2 =  1.589E-13

      iter #   6 total cpu time : 20885.9 secs   av.it.:  17.5
      thresh= 3.986E-08 alpha_mix =  0.700 |ddv_scf|^2 =  1.073E-14

      iter #   7 total cpu time : 20897.2 secs   av.it.:  17.9
      thresh= 1.036E-08 alpha_mix =  0.700 |ddv_scf|^2 =  6.235E-16

     End of self-consistent calculation

     Convergence has been achieved 


     Representation #  20 mode #  20

     Self-consistent Calculation

      iter #   1 total cpu time : 20903.7 secs   av.it.:   3.0
      thresh= 1.000E-02 alpha_mix =  0.700 |ddv_scf|^2 =  1.206E-08

      iter #   2 total cpu time : 20914.9 secs   av.it.:  17.5
      thresh= 1.098E-05 alpha_mix =  0.700 |ddv_scf|^2 =  4.633E-09

      iter #   3 total cpu time : 20925.9 secs   av.it.:  16.9
      thresh= 6.806E-06 alpha_mix =  0.700 |ddv_scf|^2 =  1.932E-11

      iter #   4 total cpu time : 20937.3 secs   av.it.:  18.1
      thresh= 4.396E-07 alpha_mix =  0.700 |ddv_scf|^2 =  5.145E-12

      iter #   5 total cpu time : 20948.4 secs   av.it.:  17.1
      thresh= 2.268E-07 alpha_mix =  0.700 |ddv_scf|^2 =  1.558E-13

      iter #   6 total cpu time : 20959.6 secs   av.it.:  17.8
      thresh= 3.948E-08 alpha_mix =  0.700 |ddv_scf|^2 =  9.658E-15

     End of self-consistent calculation

     Convergence has been achieved 


     Representation #  21 mode #  21

     Self-consistent Calculation

      iter #   1 total cpu time : 20966.2 secs   av.it.:   3.2
      thresh= 1.000E-02 alpha_mix =  0.700 |ddv_scf|^2 =  1.240E-08

      iter #   2 total cpu time : 20977.4 secs   av.it.:  17.6
      thresh= 1.113E-05 alpha_mix =  0.700 |ddv_scf|^2 =  5.781E-09

      iter #   3 total cpu time : 20992.1 secs   av.it.:  17.1
      thresh= 7.603E-06 alpha_mix =  0.700 |ddv_scf|^2 =  2.995E-11

      iter #   4 total cpu time : 21011.5 secs   av.it.:  18.1
      thresh= 5.473E-07 alpha_mix =  0.700 |ddv_scf|^2 =  6.897E-12

      iter #   5 total cpu time : 21026.7 secs   av.it.:  17.4
      thresh= 2.626E-07 alpha_mix =  0.700 |ddv_scf|^2 =  8.165E-14

      iter #   6 total cpu time : 21038.0 secs   av.it.:  18.0
      thresh= 2.857E-08 alpha_mix =  0.700 |ddv_scf|^2 =  4.732E-15

     End of self-consistent calculation

     Convergence has been achieved 


     Representation #  22 mode #  22

     Self-consistent Calculation

      iter #   1 total cpu time : 21044.5 secs   av.it.:   3.0
      thresh= 1.000E-02 alpha_mix =  0.700 |ddv_scf|^2 =  1.207E-08

      iter #   2 total cpu time : 21055.7 secs   av.it.:  17.5
      thresh= 1.098E-05 alpha_mix =  0.700 |ddv_scf|^2 =  4.642E-09

      iter #   3 total cpu time : 21066.6 secs   av.it.:  16.9
      thresh= 6.813E-06 alpha_mix =  0.700 |ddv_scf|^2 =  1.941E-11

      iter #   4 total cpu time : 21078.1 secs   av.it.:  18.1
      thresh= 4.405E-07 alpha_mix =  0.700 |ddv_scf|^2 =  5.159E-12

      iter #   5 total cpu time : 21089.1 secs   av.it.:  17.2
      thresh= 2.271E-07 alpha_mix =  0.700 |ddv_scf|^2 =  1.567E-13

      iter #   6 total cpu time : 21100.4 secs   av.it.:  17.8
      thresh= 3.959E-08 alpha_mix =  0.700 |ddv_scf|^2 =  9.693E-15

     End of self-consistent calculation

     Convergence has been achieved 


     Representation #  23 mode #  23

     Self-consistent Calculation

      iter #   1 total cpu time : 21106.9 secs   av.it.:   3.2
      thresh= 1.000E-02 alpha_mix =  0.700 |ddv_scf|^2 =  1.239E-08

      iter #   2 total cpu time : 21118.2 secs   av.it.:  17.6
      thresh= 1.113E-05 alpha_mix =  0.700 |ddv_scf|^2 =  5.772E-09

      iter #   3 total cpu time : 21129.2 secs   av.it.:  17.1
      thresh= 7.597E-06 alpha_mix =  0.700 |ddv_scf|^2 =  3.007E-11

      iter #   4 total cpu time : 21140.6 secs   av.it.:  18.0
      thresh= 5.484E-07 alpha_mix =  0.700 |ddv_scf|^2 =  6.887E-12

      iter #   5 total cpu time : 21151.9 secs   av.it.:  17.4
      thresh= 2.624E-07 alpha_mix =  0.700 |ddv_scf|^2 =  8.211E-14

      iter #   6 total cpu time : 21163.1 secs   av.it.:  18.0
      thresh= 2.865E-08 alpha_mix =  0.700 |ddv_scf|^2 =  4.753E-15

     End of self-consistent calculation

     Convergence has been achieved 


     Representation #  24 mode #  24

     Self-consistent Calculation

      iter #   1 total cpu time : 21169.6 secs   av.it.:   3.0
      thresh= 1.000E-02 alpha_mix =  0.700 |ddv_scf|^2 =  1.218E-08

      iter #   2 total cpu time : 21180.7 secs   av.it.:  17.2
      thresh= 1.104E-05 alpha_mix =  0.700 |ddv_scf|^2 =  4.752E-09

      iter #   3 total cpu time : 21191.7 secs   av.it.:  16.8
      thresh= 6.893E-06 alpha_mix =  0.700 |ddv_scf|^2 =  2.048E-11

      iter #   4 total cpu time : 21203.0 secs   av.it.:  18.0
      thresh= 4.525E-07 alpha_mix =  0.700 |ddv_scf|^2 =  5.435E-12

      iter #   5 total cpu time : 21214.0 secs   av.it.:  17.2
      thresh= 2.331E-07 alpha_mix =  0.700 |ddv_scf|^2 =  1.595E-13

      iter #   6 total cpu time : 21225.3 secs   av.it.:  17.5
      thresh= 3.993E-08 alpha_mix =  0.700 |ddv_scf|^2 =  1.075E-14

      iter #   7 total cpu time : 21236.5 secs   av.it.:  17.6
      thresh= 1.037E-08 alpha_mix =  0.700 |ddv_scf|^2 =  6.203E-16

     End of self-consistent calculation

     Convergence has been achieved 


     Representation #  25 mode #  25

     Self-consistent Calculation

      iter #   1 total cpu time : 21243.1 secs   av.it.:   3.2
      thresh= 1.000E-02 alpha_mix =  0.700 |ddv_scf|^2 =  1.243E-08

      iter #   2 total cpu time : 21254.3 secs   av.it.:  17.6
      thresh= 1.115E-05 alpha_mix =  0.700 |ddv_scf|^2 =  5.815E-09

      iter #   3 total cpu time : 21265.3 secs   av.it.:  17.1
      thresh= 7.626E-06 alpha_mix =  0.700 |ddv_scf|^2 =  2.983E-11

      iter #   4 total cpu time : 21276.7 secs   av.it.:  18.1
      thresh= 5.461E-07 alpha_mix =  0.700 |ddv_scf|^2 =  6.931E-12

      iter #   5 total cpu time : 21291.0 secs   av.it.:  17.4
      thresh= 2.633E-07 alpha_mix =  0.700 |ddv_scf|^2 =  8.053E-14

      iter #   6 total cpu time : 21310.1 secs   av.it.:  18.1
      thresh= 2.838E-08 alpha_mix =  0.700 |ddv_scf|^2 =  4.760E-15

     End of self-consistent calculation

     Convergence has been achieved 


     Representation #  26 mode #  26

     Self-consistent Calculation

      iter #   1 total cpu time : 21320.2 secs   av.it.:   3.0
      thresh= 1.000E-02 alpha_mix =  0.700 |ddv_scf|^2 =  1.219E-08

      iter #   2 total cpu time : 21334.2 secs   av.it.:  17.2
      thresh= 1.104E-05 alpha_mix =  0.700 |ddv_scf|^2 =  4.750E-09

      iter #   3 total cpu time : 21345.2 secs   av.it.:  16.6
      thresh= 6.892E-06 alpha_mix =  0.700 |ddv_scf|^2 =  2.028E-11

      iter #   4 total cpu time : 21356.5 secs   av.it.:  17.9
      thresh= 4.504E-07 alpha_mix =  0.700 |ddv_scf|^2 =  5.431E-12

      iter #   5 total cpu time : 21367.5 secs   av.it.:  17.1
      thresh= 2.330E-07 alpha_mix =  0.700 |ddv_scf|^2 =  1.584E-13

      iter #   6 total cpu time : 21378.7 secs   av.it.:  17.6
      thresh= 3.980E-08 alpha_mix =  0.700 |ddv_scf|^2 =  1.078E-14

      iter #   7 total cpu time : 21390.0 secs   av.it.:  17.8
      thresh= 1.038E-08 alpha_mix =  0.700 |ddv_scf|^2 =  6.214E-16

     End of self-consistent calculation

     Convergence has been achieved 


     Representation #  27 mode #  27

     Self-consistent Calculation

      iter #   1 total cpu time : 21396.4 secs   av.it.:   3.0
      thresh= 1.000E-02 alpha_mix =  0.700 |ddv_scf|^2 =  1.206E-08

      iter #   2 total cpu time : 21407.6 secs   av.it.:  17.5
      thresh= 1.098E-05 alpha_mix =  0.700 |ddv_scf|^2 =  4.633E-09

      iter #   3 total cpu time : 21418.5 secs   av.it.:  16.9
      thresh= 6.807E-06 alpha_mix =  0.700 |ddv_scf|^2 =  1.941E-11

      iter #   4 total cpu time : 21430.0 secs   av.it.:  18.1
      thresh= 4.406E-07 alpha_mix =  0.700 |ddv_scf|^2 =  5.151E-12

      iter #   5 total cpu time : 21441.0 secs   av.it.:  17.1
      thresh= 2.270E-07 alpha_mix =  0.700 |ddv_scf|^2 =  1.564E-13

      iter #   6 total cpu time : 21452.2 secs   av.it.:  17.8
      thresh= 3.955E-08 alpha_mix =  0.700 |ddv_scf|^2 =  9.729E-15

     End of self-consistent calculation

     Convergence has been achieved 


     Representation #  28 mode #  28

     Self-consistent Calculation

      iter #   1 total cpu time : 21458.7 secs   av.it.:   3.0
      thresh= 1.000E-02 alpha_mix =  0.700 |ddv_scf|^2 =  1.164E-08

      iter #   2 total cpu time : 21470.0 secs   av.it.:  17.8
      thresh= 1.079E-05 alpha_mix =  0.700 |ddv_scf|^2 =  4.564E-09

      iter #   3 total cpu time : 21481.2 secs   av.it.:  17.6
      thresh= 6.756E-06 alpha_mix =  0.700 |ddv_scf|^2 =  2.926E-11

      iter #   4 total cpu time : 21492.3 secs   av.it.:  17.5
      thresh= 5.409E-07 alpha_mix =  0.700 |ddv_scf|^2 =  6.315E-12

      iter #   5 total cpu time : 21503.5 secs   av.it.:  17.0
      thresh= 2.513E-07 alpha_mix =  0.700 |ddv_scf|^2 =  1.670E-13

      iter #   6 total cpu time : 21514.7 secs   av.it.:  17.5
      thresh= 4.086E-08 alpha_mix =  0.700 |ddv_scf|^2 =  1.417E-14

      iter #   7 total cpu time : 21525.6 secs   av.it.:  16.9
      thresh= 1.191E-08 alpha_mix =  0.700 |ddv_scf|^2 =  4.858E-16

     End of self-consistent calculation

     Convergence has been achieved 


     Representation #  29 mode #  29

     Self-consistent Calculation

      iter #   1 total cpu time : 21532.0 secs   av.it.:   3.0
      thresh= 1.000E-02 alpha_mix =  0.700 |ddv_scf|^2 =  1.164E-08

      iter #   2 total cpu time : 21543.2 secs   av.it.:  17.6
      thresh= 1.079E-05 alpha_mix =  0.700 |ddv_scf|^2 =  4.563E-09

      iter #   3 total cpu time : 21554.4 secs   av.it.:  17.5
      thresh= 6.755E-06 alpha_mix =  0.700 |ddv_scf|^2 =  2.921E-11

      iter #   4 total cpu time : 21565.6 secs   av.it.:  17.4
      thresh= 5.405E-07 alpha_mix =  0.700 |ddv_scf|^2 =  6.320E-12

      iter #   5 total cpu time : 21576.7 secs   av.it.:  17.0
      thresh= 2.514E-07 alpha_mix =  0.700 |ddv_scf|^2 =  1.668E-13

      iter #   6 total cpu time : 21591.9 secs   av.it.:  17.6
      thresh= 4.084E-08 alpha_mix =  0.700 |ddv_scf|^2 =  1.417E-14

      iter #   7 total cpu time : 21610.2 secs   av.it.:  16.8
      thresh= 1.190E-08 alpha_mix =  0.700 |ddv_scf|^2 =  4.859E-16

     End of self-consistent calculation

     Convergence has been achieved 


     Representation #  30 mode #  30

     Self-consistent Calculation

      iter #   1 total cpu time : 21620.5 secs   av.it.:   3.0
      thresh= 1.000E-02 alpha_mix =  0.700 |ddv_scf|^2 =  1.163E-08

      iter #   2 total cpu time : 21636.6 secs   av.it.:  17.6
      thresh= 1.079E-05 alpha_mix =  0.700 |ddv_scf|^2 =  4.561E-09

      iter #   3 total cpu time : 21647.9 secs   av.it.:  17.6
      thresh= 6.753E-06 alpha_mix =  0.700 |ddv_scf|^2 =  2.927E-11

      iter #   4 total cpu time : 21659.3 secs   av.it.:  17.5
      thresh= 5.410E-07 alpha_mix =  0.700 |ddv_scf|^2 =  6.314E-12

      iter #   5 total cpu time : 21670.5 secs   av.it.:  17.0
      thresh= 2.513E-07 alpha_mix =  0.700 |ddv_scf|^2 =  1.670E-13

      iter #   6 total cpu time : 21681.8 secs   av.it.:  17.9
      thresh= 4.086E-08 alpha_mix =  0.700 |ddv_scf|^2 =  1.417E-14

      iter #   7 total cpu time : 21692.8 secs   av.it.:  16.9
      thresh= 1.190E-08 alpha_mix =  0.700 |ddv_scf|^2 =  4.858E-16

     End of self-consistent calculation

     Convergence has been achieved 


     Representation #  31 mode #  31

     Self-consistent Calculation

      iter #   1 total cpu time : 21699.3 secs   av.it.:   3.0
      thresh= 1.000E-02 alpha_mix =  0.700 |ddv_scf|^2 =  1.218E-08

      iter #   2 total cpu time : 21710.5 secs   av.it.:  17.2
      thresh= 1.104E-05 alpha_mix =  0.700 |ddv_scf|^2 =  4.745E-09

      iter #   3 total cpu time : 21721.6 secs   av.it.:  16.6
      thresh= 6.889E-06 alpha_mix =  0.700 |ddv_scf|^2 =  2.033E-11

      iter #   4 total cpu time : 21733.1 secs   av.it.:  17.9
      thresh= 4.509E-07 alpha_mix =  0.700 |ddv_scf|^2 =  5.421E-12

      iter #   5 total cpu time : 21744.2 secs   av.it.:  17.1
      thresh= 2.328E-07 alpha_mix =  0.700 |ddv_scf|^2 =  1.589E-13

      iter #   6 total cpu time : 21755.6 secs   av.it.:  17.5
      thresh= 3.986E-08 alpha_mix =  0.700 |ddv_scf|^2 =  1.072E-14

      iter #   7 total cpu time : 21766.9 secs   av.it.:  17.9
      thresh= 1.035E-08 alpha_mix =  0.700 |ddv_scf|^2 =  6.232E-16

     End of self-consistent calculation

     Convergence has been achieved 


     Representation #  32 mode #  32

     Self-consistent Calculation

      iter #   1 total cpu time : 21773.4 secs   av.it.:   3.0
      thresh= 1.000E-02 alpha_mix =  0.700 |ddv_scf|^2 =  1.206E-08

      iter #   2 total cpu time : 21784.7 secs   av.it.:  17.5
      thresh= 1.098E-05 alpha_mix =  0.700 |ddv_scf|^2 =  4.632E-09

      iter #   3 total cpu time : 21795.7 secs   av.it.:  16.9
      thresh= 6.806E-06 alpha_mix =  0.700 |ddv_scf|^2 =  1.931E-11

      iter #   4 total cpu time : 21807.2 secs   av.it.:  18.1
      thresh= 4.395E-07 alpha_mix =  0.700 |ddv_scf|^2 =  5.143E-12

      iter #   5 total cpu time : 21818.3 secs   av.it.:  17.1
      thresh= 2.268E-07 alpha_mix =  0.700 |ddv_scf|^2 =  1.558E-13

      iter #   6 total cpu time : 21829.7 secs   av.it.:  17.8
      thresh= 3.948E-08 alpha_mix =  0.700 |ddv_scf|^2 =  9.659E-15

     End of self-consistent calculation

     Convergence has been achieved 


     Representation #  33 mode #  33

     Self-consistent Calculation

      iter #   1 total cpu time : 21836.3 secs   av.it.:   3.2
      thresh= 1.000E-02 alpha_mix =  0.700 |ddv_scf|^2 =  1.241E-08

      iter #   2 total cpu time : 21847.6 secs   av.it.:  17.6
      thresh= 1.114E-05 alpha_mix =  0.700 |ddv_scf|^2 =  5.796E-09

      iter #   3 total cpu time : 21858.7 secs   av.it.:  17.1
      thresh= 7.613E-06 alpha_mix =  0.700 |ddv_scf|^2 =  2.994E-11

      iter #   4 total cpu time : 21870.2 secs   av.it.:  18.1
      thresh= 5.472E-07 alpha_mix =  0.700 |ddv_scf|^2 =  6.894E-12

      iter #   5 total cpu time : 21881.4 secs   av.it.:  17.4
      thresh= 2.626E-07 alpha_mix =  0.700 |ddv_scf|^2 =  8.124E-14

      iter #   6 total cpu time : 21899.8 secs   av.it.:  18.0
      thresh= 2.850E-08 alpha_mix =  0.700 |ddv_scf|^2 =  4.740E-15

     End of self-consistent calculation

     Convergence has been achieved 


     Representation #  34 mode #  34

     Self-consistent Calculation

      iter #   1 total cpu time : 21910.0 secs   av.it.:   3.0
      thresh= 1.000E-02 alpha_mix =  0.700 |ddv_scf|^2 =  1.207E-08

      iter #   2 total cpu time : 21925.9 secs   av.it.:  17.5
      thresh= 1.098E-05 alpha_mix =  0.700 |ddv_scf|^2 =  4.644E-09

      iter #   3 total cpu time : 21937.0 secs   av.it.:  16.9
      thresh= 6.814E-06 alpha_mix =  0.700 |ddv_scf|^2 =  1.943E-11

      iter #   4 total cpu time : 21948.5 secs   av.it.:  18.1
      thresh= 4.408E-07 alpha_mix =  0.700 |ddv_scf|^2 =  5.163E-12

      iter #   5 total cpu time : 21959.6 secs   av.it.:  17.2
      thresh= 2.272E-07 alpha_mix =  0.700 |ddv_scf|^2 =  1.567E-13

      iter #   6 total cpu time : 21970.9 secs   av.it.:  17.8
      thresh= 3.959E-08 alpha_mix =  0.700 |ddv_scf|^2 =  9.698E-15

     End of self-consistent calculation

     Convergence has been achieved 


     Representation #  35 mode #  35

     Self-consistent Calculation

      iter #   1 total cpu time : 21977.6 secs   av.it.:   3.2
      thresh= 1.000E-02 alpha_mix =  0.700 |ddv_scf|^2 =  1.239E-08

      iter #   2 total cpu time : 21988.9 secs   av.it.:  17.6
      thresh= 1.113E-05 alpha_mix =  0.700 |ddv_scf|^2 =  5.772E-09

      iter #   3 total cpu time : 22000.1 secs   av.it.:  17.1
      thresh= 7.597E-06 alpha_mix =  0.700 |ddv_scf|^2 =  3.008E-11

      iter #   4 total cpu time : 22011.6 secs   av.it.:  18.0
      thresh= 5.484E-07 alpha_mix =  0.700 |ddv_scf|^2 =  6.887E-12

      iter #   5 total cpu time : 22022.9 secs   av.it.:  17.4
      thresh= 2.624E-07 alpha_mix =  0.700 |ddv_scf|^2 =  8.211E-14

      iter #   6 total cpu time : 22034.3 secs   av.it.:  18.0
      thresh= 2.865E-08 alpha_mix =  0.700 |ddv_scf|^2 =  4.750E-15

     End of self-consistent calculation

     Convergence has been achieved 


     Representation #  36 mode #  36

     Self-consistent Calculation

      iter #   1 total cpu time : 22040.8 secs   av.it.:   3.0
      thresh= 1.000E-02 alpha_mix =  0.700 |ddv_scf|^2 =  1.219E-08

      iter #   2 total cpu time : 22052.1 secs   av.it.:  17.2
      thresh= 1.104E-05 alpha_mix =  0.700 |ddv_scf|^2 =  4.752E-09

      iter #   3 total cpu time : 22063.1 secs   av.it.:  16.8
      thresh= 6.894E-06 alpha_mix =  0.700 |ddv_scf|^2 =  2.046E-11

      iter #   4 total cpu time : 22074.7 secs   av.it.:  18.0
      thresh= 4.523E-07 alpha_mix =  0.700 |ddv_scf|^2 =  5.433E-12

      iter #   5 total cpu time : 22085.8 secs   av.it.:  17.1
      thresh= 2.331E-07 alpha_mix =  0.700 |ddv_scf|^2 =  1.595E-13

      iter #   6 total cpu time : 22097.3 secs   av.it.:  17.5
      thresh= 3.994E-08 alpha_mix =  0.700 |ddv_scf|^2 =  1.075E-14

      iter #   7 total cpu time : 22108.7 secs   av.it.:  17.6
      thresh= 1.037E-08 alpha_mix =  0.700 |ddv_scf|^2 =  6.201E-16

     End of self-consistent calculation

     Convergence has been achieved 

     Number of q in the star =    1
     List of q in the star:
          1  -0.499891338  -0.499886243  -0.466358967

     Diagonalizing the dynamical matrix

     q = (   -0.499891338  -0.499886243  -0.466358967 ) 

 **************************************************************************
     freq (    1) =       7.654582 [THz] =     255.329363 [cm-1]
     freq (    2) =       7.657846 [THz] =     255.438249 [cm-1]
     freq (    3) =       9.716070 [THz] =     324.093206 [cm-1]
     freq (    4) =      13.263220 [THz] =     442.413404 [cm-1]
     freq (    5) =      13.264517 [THz] =     442.456659 [cm-1]
     freq (    6) =      14.872360 [THz] =     496.088529 [cm-1]
     freq (    7) =      14.877328 [THz] =     496.254233 [cm-1]
     freq (    8) =      18.348650 [THz] =     612.045067 [cm-1]
     freq (    9) =      18.494818 [THz] =     616.920736 [cm-1]
     freq (   10) =      18.506671 [THz] =     617.316099 [cm-1]
     freq (   11) =      19.026724 [THz] =     634.663187 [cm-1]
     freq (   12) =      21.581952 [THz] =     719.896416 [cm-1]
     freq (   13) =      21.582704 [THz] =     719.921508 [cm-1]
     freq (   14) =      21.621779 [THz] =     721.224910 [cm-1]
     freq (   15) =      21.622310 [THz] =     721.242640 [cm-1]
     freq (   16) =      22.404461 [THz] =     747.332368 [cm-1]
     freq (   17) =      22.404892 [THz] =     747.346766 [cm-1]
     freq (   18) =      23.298938 [THz] =     777.168929 [cm-1]
     freq (   19) =      24.214288 [THz] =     807.701692 [cm-1]
     freq (   20) =      24.214758 [THz] =     807.717387 [cm-1]
     freq (   21) =      24.387364 [THz] =     813.474897 [cm-1]
     freq (   22) =      24.887335 [THz] =     830.152133 [cm-1]
     freq (   23) =      27.625823 [THz] =     921.498273 [cm-1]
     freq (   24) =      27.626871 [THz] =     921.533214 [cm-1]
     freq (   25) =      28.570922 [THz] =     953.023365 [cm-1]
     freq (   26) =      30.933101 [THz] =    1031.817198 [cm-1]
     freq (   27) =      39.064272 [THz] =    1303.043858 [cm-1]
     freq (   28) =      39.065405 [THz] =    1303.081663 [cm-1]
     freq (   29) =      41.669627 [THz] =    1389.949148 [cm-1]
     freq (   30) =      45.130628 [THz] =    1505.395717 [cm-1]
     freq (   31) =      51.080853 [THz] =    1703.873859 [cm-1]
     freq (   32) =      51.990240 [THz] =    1734.207744 [cm-1]
     freq (   33) =      51.991057 [THz] =    1734.235000 [cm-1]
     freq (   34) =      54.405148 [THz] =    1814.760388 [cm-1]
     freq (   35) =      54.406197 [THz] =    1814.795381 [cm-1]
     freq (   36) =      59.653958 [THz] =    1989.841851 [cm-1]
 **************************************************************************

     init_run     :     64.98s CPU     65.43s WALL (       7 calls)
     electrons    :    169.78s CPU    130.08s WALL (       7 calls)

     Called by init_run:
     wfcinit      :      0.00s CPU      0.00s WALL (       7 calls)
     potinit      :      2.78s CPU      2.92s WALL (       7 calls)
     hinit0       :     56.49s CPU     56.43s WALL (       7 calls)

     Called by electrons:
     c_bands      :    169.78s CPU    130.07s WALL (       7 calls)
     v_of_rho     :      1.26s CPU      1.40s WALL (       8 calls)
     newd         :      5.81s CPU      6.23s WALL (       8 calls)
     PAW_pot      :      1.73s CPU      1.73s WALL (       8 calls)

     Called by c_bands:
     init_us_2    :     77.01s CPU     64.85s WALL (   19120 calls)
     cegterg      :    156.67s CPU    119.26s WALL (     224 calls)

     Called by *egterg:
     cdiaghg      :      3.67s CPU      2.77s WALL (    3444 calls)
     h_psi        :  12336.44s CPU  10160.74s WALL (  335679 calls)
     s_psi        :   1498.95s CPU    784.71s WALL (  683858 calls)
     g_psi        :      1.82s CPU      1.40s WALL (    3332 calls)

     Called by h_psi:
     h_psi:calbec :    898.76s CPU    566.32s WALL (  335679 calls)
     vloc_psi     :  10582.69s CPU   9126.59s WALL (  335679 calls)
     add_vuspsi   :    789.74s CPU    411.49s WALL (  335679 calls)

     General routines
     calbec       :   1810.53s CPU   1065.44s WALL (  712698 calls)
     fft          :    468.55s CPU    458.45s WALL (   46603 calls)
     ffts         :     48.59s CPU     43.25s WALL (   21337 calls)
     fftw         :  10130.01s CPU   8757.42s WALL ( 7786794 calls)
     interpolate  :     73.91s CPU     69.76s WALL (    4381 calls)
     davcio       :     29.60s CPU     66.75s WALL (  108409 calls)

     Parallel routines
     fft_scatt_xy :   1802.52s CPU   1572.93s WALL ( 7854734 calls)
     fft_scatt_yz :   1359.31s CPU   1150.38s WALL ( 7854734 calls)

     PHONON       :      7h25m CPU      6h 8m WALL

     INITIALIZATION: 
     phq_setup    :      3.09s CPU      3.33s WALL (       8 calls)
     phq_init     :    934.08s CPU    844.88s WALL (       8 calls)

     phq_init     :    934.08s CPU    844.88s WALL (       8 calls)
     set_drhoc    :     90.59s CPU     90.60s WALL (      24 calls)
     init_vloc    :     33.29s CPU     33.16s WALL (       8 calls)
     init_us_1    :      3.01s CPU      3.03s WALL (       8 calls)
     newd         :      5.81s CPU      6.23s WALL (       8 calls)
     dvanqq       :    248.00s CPU    248.13s WALL (       8 calls)
     drho         :    531.22s CPU    443.23s WALL (       8 calls)

     DYNAMICAL MATRIX:
     dynmat0      :     86.08s CPU     85.16s WALL (       8 calls)
     phqscf       :  25523.82s CPU  21055.71s WALL (       8 calls)
     dynmatrix    :      0.06s CPU      0.12s WALL (       8 calls)

     phqscf       :  25523.82s CPU  21055.71s WALL (       8 calls)
     solve_linter :  25443.97s CPU  20991.89s WALL (     288 calls)
     drhodv       :     79.27s CPU     60.27s WALL (     288 calls)

     dynmat0      :     86.08s CPU     85.16s WALL (       8 calls)
     dynmat_us    :      7.53s CPU      6.65s WALL (       8 calls)
     d2ionq       :     15.99s CPU     15.87s WALL (       8 calls)
     dynmatcc     :     62.54s CPU     62.63s WALL (       8 calls)

     dynmat_us    :      7.53s CPU      6.65s WALL (       8 calls)
     addusdynmat  :      0.01s CPU      0.01s WALL (       8 calls)

     phqscf       :  25523.82s CPU  21055.71s WALL (       8 calls)
     solve_linter :  25443.97s CPU  20991.89s WALL (     288 calls)

     solve_linter :  25443.97s CPU  20991.89s WALL (     288 calls)
     dvqpsi_us    :    136.70s CPU    117.46s WALL (    2304 calls)
     ortho        :    131.85s CPU     77.08s WALL (   16168 calls)
     cgsolve      :  15801.53s CPU  12136.06s WALL (   16168 calls)
     incdrhoscf   :    747.27s CPU    634.66s WALL (   16168 calls)
     addusddens   :   3666.03s CPU   3039.78s WALL (    2309 calls)
     vpsifft      :    593.37s CPU    516.26s WALL (   13864 calls)
     dv_of_drho   :    261.34s CPU    282.59s WALL (    2021 calls)
     mix_pot      :     28.52s CPU     52.67s WALL (    2021 calls)
     ef_shift     :      6.17s CPU      5.50s WALL (     258 calls)
     localdos     :     42.20s CPU     40.35s WALL (      36 calls)
     psymdvscf    :    142.59s CPU    123.48s WALL (    2021 calls)
     newdq        :   1727.93s CPU   1759.69s WALL (    2021 calls)
     adddvscf     :     62.88s CPU     53.19s WALL (   13864 calls)
     drhodvus     :     11.72s CPU     14.40s WALL (     288 calls)

     dvqpsi_us    :    136.70s CPU    117.46s WALL (    2304 calls)
     dvqpsi_us_on :     16.47s CPU     12.44s WALL (    2304 calls)

     cgsolve      :  15801.53s CPU  12136.06s WALL (   16168 calls)
     ch_psi       :  15336.76s CPU  11793.51s WALL (  332011 calls)

     ch_psi       :  15336.76s CPU  11793.51s WALL (  332011 calls)
     h_psi        :  12336.44s CPU  10160.74s WALL (  335679 calls)
     last         :   2305.86s CPU   1289.52s WALL (  332011 calls)

     h_psi        :  12336.44s CPU  10160.74s WALL (  335679 calls)
     add_vuspsi   :    789.74s CPU    411.49s WALL (  335679 calls)

     incdrhoscf   :    747.27s CPU    634.66s WALL (   16168 calls)
     addusdbec    :     62.01s CPU     38.36s WALL (   18472 calls)

     drhodvus     :     11.72s CPU     14.40s WALL (     288 calls)

      General routines
     calbec       :   1810.53s CPU   1065.44s WALL (  712698 calls)
     fft          :    468.55s CPU    458.45s WALL (   46603 calls)
     ffts         :     48.59s CPU     43.25s WALL (   21337 calls)
     fftw         :  10130.01s CPU   8757.42s WALL ( 7786794 calls)
     davcio       :     29.60s CPU     66.75s WALL (  108409 calls)
     write_rec    :      1.53s CPU     16.74s WALL (    2309 calls)


     PHONON       :      7h25m CPU      6h 8m WALL


   This run was terminated on:  21:32:56  13Jul2026            

=------------------------------------------------------------------------------=
   JOB DONE.
=------------------------------------------------------------------------------=
