
     Program PHONON v.6.7MaX starts on 22May2026 at  8:52:14 

     This program is part of the open-source Quantum ESPRESSO suite
     for quantum simulation of materials; please cite
         "P. Giannozzi et al., J. Phys.:Condens. Matter 21 395502 (2009);
         "P. Giannozzi et al., J. Phys.:Condens. Matter 29 465901 (2017);
          URL http://www.quantum-espresso.org", 
     in publications or presentations arising from this work. More details at
     http://www.quantum-espresso.org/quote

     Parallel version (MPI), running on     4 processors

     MPI processes distributed on     1 nodes
     R & G space division:  proc/nbgrp/npool/nimage =       4
     Waiting for input...
     Reading input from standard input

     Reading xml data from directory:

     ./tmp/HfTh3TiH38.save/
     Message from routine read_pp_mesh:
     mesh size missing, using the one in header
     file Th.UPF: wavefunction(s)  6P 6D 5F renormalized

     IMPORTANT: XC functional enforced from input :
     Exchange-correlation= PBE
                           (   1   4   3   4   0   0   0)
     Any further DFT definition will be discarded
     Please, verify this is what you really want


     Parallelization info
     --------------------
     sticks:   dense  smooth     PW     G-vecs:    dense   smooth      PW
     Min        1870     750    211               208834    52834    7947
     Max        1872     751    212               208835    52837    7952
     Sum        7483    3001    847               835337   211341   31803


     negative rho (up, down):  7.187E-03 0.000E+00
     Reading collected, re-writing distributed wavefunctions


     Dynamical matrices for ( 2, 2, 2)  uniform grid of q-points
     (   8 q-points):
       N         xq(1)         xq(2)         xq(3) 
       1   0.000000000   0.000000000   0.000000000
       2   0.000000878  -0.000000071  -0.313965235
       3  -0.501427429  -0.289511918   0.000001700
       4  -0.501426551  -0.289511989  -0.313963534
       5  -0.501437403   0.289529222   0.000002440
       6  -0.501436525   0.289529151  -0.313962795
       7  -1.002864832   0.000017304   0.000004140
       8  -1.002863955   0.000017233  -0.313961095

     Saving dvscf to file. Distribute only q points, not irreducible represetations.

     Calculation of q =    0.0000000   0.0000000   0.0000000

     Phonons                                                                    

     bravais-lattice index     =            0
     lattice parameter (alat)  =      11.6813  a.u.
     unit-cell volume          =    2185.6694 (a.u.)^3
     number of atoms/cell      =           36
     number of atomic types    =            4
     kinetic-energy cut-off    =      80.0000  Ry
     charge density cut-off    =     800.0000  Ry
     convergence threshold     =      1.0E-14
     beta                      =       0.7000
     number of iterations used =            4
     Exchange-correlation= PBE
                           (   1   4   3   4   0   0   0)


     celldm(1)=   11.68134  celldm(2)=    0.00000  celldm(3)=    0.00000
     celldm(4)=    0.00000  celldm(5)=    0.00000  celldm(6)=    0.00000

     crystal axes: (cart. coord. in units of alat)
               a(1) = (  0.4986 -0.8635  0.0000 )  
               a(2) = (  0.4986  0.8635  0.0000 )  
               a(3) = (  0.0000 -0.0000  1.5925 )  

     reciprocal axes: (cart. coord. in units 2 pi/alat)
               b(1) = (  1.0029 -0.5791 -0.0000 )  
               b(2) = (  1.0029  0.5790 -0.0000 )  
               b(3) = ( -0.0000  0.0000  0.6279 )  


     Atoms inside the unit cell: 

     Cartesian axes

     site n.  atom      mass           positions (alat units)
        1     Hf   1.0000   tau(    1) = (    0.49858    0.28785    0.71823  )
        2     Th   1.0000   tau(    2) = (    0.49858   -0.28780    1.49758  )
        3     Th   1.0000   tau(    3) = (    0.49858   -0.28780    0.88410  )
        4     Th   1.0000   tau(    4) = (    0.49856    0.28782    0.10267  )
        5     Ti   1.0000   tau(    5) = (    0.24872    0.14361    1.18499  )
        6     Ti   1.0000   tau(    6) = (    0.49854   -0.57719    0.41007  )
        7     Ti   1.0000   tau(    7) = (    0.24794   -0.14318    0.41007  )
        8     Ti   1.0000   tau(    8) = (    0.74844    0.14362    1.18500  )
        9     Ti   1.0000   tau(    9) = (    0.49860    0.57633    1.18500  )
       10     Ti   1.0000   tau(   10) = (    0.74918   -0.14316    0.41008  )
       11     Ti   1.0000   tau(   11) = (   -0.00000   -0.00000    0.79939  )
       12     Ti   1.0000   tau(   12) = (   -0.00001   -0.00000    0.00624  )
       13     H    1.0000   tau(   13) = (    0.49858    0.58168    0.88516  )
       14     H    1.0000   tau(   14) = (    0.24411    0.14090    0.88516  )
       15     H    1.0000   tau(   15) = (    0.75305    0.14091    0.88516  )
       16     H    1.0000   tau(   16) = (    0.23265   -0.13422    0.11182  )
       17     H    1.0000   tau(   17) = (    0.76468   -0.13418    0.69741  )
       18     H    1.0000   tau(   18) = (    0.49860   -0.59490    0.11181  )
       19     H    1.0000   tau(   19) = (    0.76451   -0.13426    0.11183  )
       20     H    1.0000   tau(   20) = (    0.49855    0.59653    1.48243  )
       21     H    1.0000   tau(   21) = (    0.76588    0.13342    1.48243  )
       22     H    1.0000   tau(   22) = (    0.23248   -0.13418    0.69741  )
       23     H    1.0000   tau(   23) = (    0.49858   -0.59507    0.69742  )
       24     H    1.0000   tau(   24) = (    0.23124    0.13344    1.48241  )
       25     H    1.0000   tau(   25) = (    0.27607   -0.41628    0.57027  )
       26     H    1.0000   tau(   26) = (    0.49858    0.06819    1.34979  )
       27     H    1.0000   tau(   27) = (    0.30834    0.39767    1.34982  )
       28     H    1.0000   tau(   28) = (    0.72106   -0.41628    0.57025  )
       29     H    1.0000   tau(   29) = (    0.49857   -0.03094    0.57023  )
       30     H    1.0000   tau(   30) = (    0.68163    0.39352    1.01810  )
       31     H    1.0000   tau(   31) = (    0.49858    0.07658    1.01809  )
       32     H    1.0000   tau(   32) = (    0.68885    0.39768    1.34984  )
       33     H    1.0000   tau(   33) = (    0.31558    0.39350    1.01809  )
       34     H    1.0000   tau(   34) = (    0.68407   -0.39492    0.24368  )
       35     H    1.0000   tau(   35) = (    0.31302   -0.39495    0.24366  )
       36     H    1.0000   tau(   36) = (    0.49857   -0.07368    0.24368  )

     Computing dynamical matrix for 
                    q = (   0.0000000   0.0000000   0.0000000 )

      2 Sym.Ops. (with q -> -q+G )


     G cutoff = 2765.1295  ( 208834 G-vectors)     FFT grid: (108,108,180)
     G cutoff = 1106.0518  (  52834 G-vectors)  smooth grid: ( 72, 72,108)

     number of k points=     8  Methfessel-Paxton smearing, width (Ry)=  0.0200

     PseudoPot. # 1 for H  read from file:
     /home/marco/ZOS_Cloud_Compute/pseudo/H.UPF
     MD5 check sum: f52b6d4d1c606e5624b1dc7b2218f220
     Pseudo is Ultrasoft, Zval =  1.0
     Generated using "atomic" code by A. Dal Corso  v.5.1
     Using radial grid of  929 points,  2 beta functions with: 
                l(1) =   0
                l(2) =   0
     Q(r) pseudized with 0 coefficients 


     PseudoPot. # 2 for Hf read from file:
     /home/marco/ZOS_Cloud_Compute/pseudo/Hf.UPF
     MD5 check sum: 417ed15784afe83d2e06dacf143de3f8
     Pseudo is Norm-conserving + core correction, Zval = 12.0
     Generated using ONCVPSP code by D. R. Hamann
     Using radial grid of 1656 points,  8 beta functions with: 
                l(1) =   0
                l(2) =   0
                l(3) =   1
                l(4) =   1
                l(5) =   2
                l(6) =   2
                l(7) =   3
                l(8) =   3

     PseudoPot. # 3 for Th read from file:
     /home/marco/ZOS_Cloud_Compute/pseudo/Th.UPF
     MD5 check sum: c778f5c1781d25750cbff4a0d60de988
     Pseudo is Projector augmented-wave + core cor, Zval = 12.0
     Generated using &quot;atomic&quot; code by A. Dal Corso  v.6.3MaX
     Shape of augmentation charge: PSQ
     Using radial grid of 1289 points,  8 beta functions with: 
                l(1) =   0
                l(2) =   0
                l(3) =   1
                l(4) =   1
                l(5) =   2
                l(6) =   2
                l(7) =   3
                l(8) =   3
     Q(r) pseudized with 0 coefficients 


     PseudoPot. # 4 for Ti read from file:
     /home/marco/ZOS_Cloud_Compute/pseudo/Ti.UPF
     MD5 check sum: 88a00a6731bd790ddea75d31a80cb452
     Pseudo is Ultrasoft + core correction, Zval = 12.0
     Generated by new atomic code, or converted to UPF format
     Using radial grid of  851 points,  6 beta functions with: 
                l(1) =   0
                l(2) =   0
                l(3) =   1
                l(4) =   1
                l(5) =   2
                l(6) =   2
     Q(r) pseudized with  6 coefficients,  rinner =    1.000   1.000   1.000
                                                       1.000   1.000

     Mode symmetry, C_1 (1)     point group:


     Atomic displacements:
     There are  108 irreducible representations

     Representation     1      1 modes -  To be done

     Representation     2      1 modes -  To be done

     Representation     3      1 modes -  To be done

     Representation     4      1 modes -  To be done

     Representation     5      1 modes -  To be done

     Representation     6      1 modes -  To be done

     Representation     7      1 modes -  To be done

     Representation     8      1 modes -  To be done

     Representation     9      1 modes -  To be done

     Representation    10      1 modes -  To be done

     Representation    11      1 modes -  To be done

     Representation    12      1 modes -  To be done

     Representation    13      1 modes -  To be done

     Representation    14      1 modes -  To be done

     Representation    15      1 modes -  To be done

     Representation    16      1 modes -  To be done

     Representation    17      1 modes -  To be done

     Representation    18      1 modes -  To be done

     Representation    19      1 modes -  To be done

     Representation    20      1 modes -  To be done

     Representation    21      1 modes -  To be done

     Representation    22      1 modes -  To be done

     Representation    23      1 modes -  To be done

     Representation    24      1 modes -  To be done

     Representation    25      1 modes -  To be done

     Representation    26      1 modes -  To be done

     Representation    27      1 modes -  To be done

     Representation    28      1 modes -  To be done

     Representation    29      1 modes -  To be done

     Representation    30      1 modes -  To be done

     Representation    31      1 modes -  To be done

     Representation    32      1 modes -  To be done

     Representation    33      1 modes -  To be done

     Representation    34      1 modes -  To be done

     Representation    35      1 modes -  To be done

     Representation    36      1 modes -  To be done

     Representation    37      1 modes -  To be done

     Representation    38      1 modes -  To be done

     Representation    39      1 modes -  To be done

     Representation    40      1 modes -  To be done

     Representation    41      1 modes -  To be done

     Representation    42      1 modes -  To be done

     Representation    43      1 modes -  To be done

     Representation    44      1 modes -  To be done

     Representation    45      1 modes -  To be done

     Representation    46      1 modes -  To be done

     Representation    47      1 modes -  To be done

     Representation    48      1 modes -  To be done

     Representation    49      1 modes -  To be done

     Representation    50      1 modes -  To be done

     Representation    51      1 modes -  To be done

     Representation    52      1 modes -  To be done

     Representation    53      1 modes -  To be done

     Representation    54      1 modes -  To be done

     Representation    55      1 modes -  To be done

     Representation    56      1 modes -  To be done

     Representation    57      1 modes -  To be done

     Representation    58      1 modes -  To be done

     Representation    59      1 modes -  To be done

     Representation    60      1 modes -  To be done

     Representation    61      1 modes -  To be done

     Representation    62      1 modes -  To be done

     Representation    63      1 modes -  To be done

     Representation    64      1 modes -  To be done

     Representation    65      1 modes -  To be done

     Representation    66      1 modes -  To be done

     Representation    67      1 modes -  To be done

     Representation    68      1 modes -  To be done

     Representation    69      1 modes -  To be done

     Representation    70      1 modes -  To be done

     Representation    71      1 modes -  To be done

     Representation    72      1 modes -  To be done

     Representation    73      1 modes -  To be done

     Representation    74      1 modes -  To be done

     Representation    75      1 modes -  To be done

     Representation    76      1 modes -  To be done

     Representation    77      1 modes -  To be done

     Representation    78      1 modes -  To be done

     Representation    79      1 modes -  To be done

     Representation    80      1 modes -  To be done

     Representation    81      1 modes -  To be done

     Representation    82      1 modes -  To be done

     Representation    83      1 modes -  To be done

     Representation    84      1 modes -  To be done

     Representation    85      1 modes -  To be done

     Representation    86      1 modes -  To be done

     Representation    87      1 modes -  To be done

     Representation    88      1 modes -  To be done

     Representation    89      1 modes -  To be done

     Representation    90      1 modes -  To be done

     Representation    91      1 modes -  To be done

     Representation    92      1 modes -  To be done

     Representation    93      1 modes -  To be done

     Representation    94      1 modes -  To be done

     Representation    95      1 modes -  To be done

     Representation    96      1 modes -  To be done

     Representation    97      1 modes -  To be done

     Representation    98      1 modes -  To be done

     Representation    99      1 modes -  To be done

     Representation   100      1 modes -  To be done

     Representation   101      1 modes -  To be done

     Representation   102      1 modes -  To be done

     Representation   103      1 modes -  To be done

     Representation   104      1 modes -  To be done

     Representation   105      1 modes -  To be done

     Representation   106      1 modes -  To be done

     Representation   107      1 modes -  To be done

     Representation   108      1 modes -  To be done



     Program PHONON v.6.7MaX starts on 22May2026 at 15:13:13 

     This program is part of the open-source Quantum ESPRESSO suite
     for quantum simulation of materials; please cite
         "P. Giannozzi et al., J. Phys.:Condens. Matter 21 395502 (2009);
         "P. Giannozzi et al., J. Phys.:Condens. Matter 29 465901 (2017);
          URL http://www.quantum-espresso.org", 
     in publications or presentations arising from this work. More details at
     http://www.quantum-espresso.org/quote

     Parallel version (MPI), running on     4 processors

     MPI processes distributed on     1 nodes
     R & G space division:  proc/nbgrp/npool/nimage =       4
     Waiting for input...
     Reading input from standard input

     Reading xml data from directory:

     ./tmp/HfTh3TiH38.save/
     Message from routine read_pp_mesh:
     mesh size missing, using the one in header
     file Th.UPF: wavefunction(s)  6P 6D 5F renormalized

     IMPORTANT: XC functional enforced from input :
     Exchange-correlation= PBE
                           (   1   4   3   4   0   0   0)
     Any further DFT definition will be discarded
     Please, verify this is what you really want


     Parallelization info
     --------------------
     sticks:   dense  smooth     PW     G-vecs:    dense   smooth      PW
     Min        1870     750    211               208883    52834    7947
     Max        1871     751    212               208886    52837    7952
     Sum        7483    3001    847               835537   211341   31803


     negative rho (up, down):  7.181E-03 0.000E+00
     Reading collected, re-writing distributed wavefunctions

     Saving dvscf to file. Distribute only q points, not irreducible represetations.
        8 /   8 q-points for this run, from  1 to  8:
       N       xq(1)         xq(2)         xq(3) 
       1   0.000000000   0.000000000   0.000000000
       2   0.000000878  -0.000000071  -0.313965235
       3  -0.501427429  -0.289511918   0.000001700
       4  -0.501426551  -0.289511989  -0.313963534
       5  -0.501437403   0.289529222   0.000002440
       6  -0.501436525   0.289529151  -0.313962795
       7  -1.002864832   0.000017304   0.000004140
       8  -1.002863955   0.000017233  -0.313961095


     Calculation of q =    0.0000000   0.0000000   0.0000000
     Message from routine ph_restart_set_filename :
     cannot open file for reading or writing
     Message from routine ph_restart_set_filename :
     cannot open file for reading or writing
     Message from routine ph_restart_set_filename :
     cannot open file for reading or writing
     Message from routine ph_restart_set_filename :
     cannot open file for reading or writing
     Message from routine ph_restart_set_filename :
     cannot open file for reading or writing
     Message from routine ph_restart_set_filename :
     cannot open file for reading or writing
     Message from routine ph_restart_set_filename :
     cannot open file for reading or writing
     Message from routine ph_restart_set_filename :
     cannot open file for reading or writing
     Message from routine ph_restart_set_filename :
     cannot open file for reading or writing
     Message from routine ph_restart_set_filename :
     cannot open file for reading or writing
     Message from routine ph_restart_set_filename :
     cannot open file for reading or writing
     Message from routine ph_restart_set_filename :
     cannot open file for reading or writing
     Message from routine ph_restart_set_filename :
     cannot open file for reading or writing
     Message from routine ph_restart_set_filename :
     cannot open file for reading or writing
     Message from routine ph_restart_set_filename :
     cannot open file for reading or writing
     Message from routine ph_restart_set_filename :
     cannot open file for reading or writing
     Message from routine ph_restart_set_filename :
     cannot open file for reading or writing
     Message from routine ph_restart_set_filename :
     cannot open file for reading or writing
     Message from routine ph_restart_set_filename :
     cannot open file for reading or writing
     Message from routine ph_restart_set_filename :
     cannot open file for reading or writing
     Message from routine ph_restart_set_filename :
     cannot open file for reading or writing
     Message from routine ph_restart_set_filename :
     cannot open file for reading or writing
     Message from routine ph_restart_set_filename :
     cannot open file for reading or writing
     Message from routine ph_restart_set_filename :
     cannot open file for reading or writing
     Message from routine ph_restart_set_filename :
     cannot open file for reading or writing
     Message from routine ph_restart_set_filename :
     cannot open file for reading or writing
     Message from routine ph_restart_set_filename :
     cannot open file for reading or writing
     Message from routine ph_restart_set_filename :
     cannot open file for reading or writing
     Message from routine ph_restart_set_filename :
     cannot open file for reading or writing
     Message from routine ph_restart_set_filename :
     cannot open file for reading or writing
     Message from routine ph_restart_set_filename :
     cannot open file for reading or writing
     Message from routine ph_restart_set_filename :
     cannot open file for reading or writing
     Message from routine ph_restart_set_filename :
     cannot open file for reading or writing
     Message from routine ph_restart_set_filename :
     cannot open file for reading or writing
     Message from routine ph_restart_set_filename :
     cannot open file for reading or writing
     Message from routine ph_restart_set_filename :
     cannot open file for reading or writing
     Message from routine ph_restart_set_filename :
     cannot open file for reading or writing
     Message from routine ph_restart_set_filename :
     cannot open file for reading or writing
     Message from routine ph_restart_set_filename :
     cannot open file for reading or writing
     Message from routine ph_restart_set_filename :
     cannot open file for reading or writing
     Message from routine ph_restart_set_filename :
     cannot open file for reading or writing
     Message from routine ph_restart_set_filename :
     cannot open file for reading or writing
     Message from routine ph_restart_set_filename :
     cannot open file for reading or writing
     Message from routine ph_restart_set_filename :
     cannot open file for reading or writing
     Message from routine ph_restart_set_filename :
     cannot open file for reading or writing
     Message from routine ph_restart_set_filename :
     cannot open file for reading or writing
     Message from routine ph_restart_set_filename :
     cannot open file for reading or writing
     Message from routine ph_restart_set_filename :
     cannot open file for reading or writing
     Message from routine ph_restart_set_filename :
     cannot open file for reading or writing
     Message from routine ph_restart_set_filename :
     cannot open file for reading or writing
     Message from routine ph_restart_set_filename :
     cannot open file for reading or writing
     Message from routine ph_restart_set_filename :
     cannot open file for reading or writing
     Message from routine ph_restart_set_filename :
     cannot open file for reading or writing
     Message from routine ph_restart_set_filename :
     cannot open file for reading or writing
     Message from routine ph_restart_set_filename :
     cannot open file for reading or writing
     Message from routine ph_restart_set_filename :
     cannot open file for reading or writing
     Message from routine ph_restart_set_filename :
     cannot open file for reading or writing
     Message from routine ph_restart_set_filename :
     cannot open file for reading or writing
     Message from routine ph_restart_set_filename :
     cannot open file for reading or writing
     Message from routine ph_restart_set_filename :
     cannot open file for reading or writing
     Message from routine ph_restart_set_filename :
     cannot open file for reading or writing
     Message from routine ph_restart_set_filename :
     cannot open file for reading or writing
     Message from routine ph_restart_set_filename :
     cannot open file for reading or writing
     Message from routine ph_restart_set_filename :
     cannot open file for reading or writing
     Message from routine ph_restart_set_filename :
     cannot open file for reading or writing
     Message from routine ph_restart_set_filename :
     cannot open file for reading or writing
     Message from routine ph_restart_set_filename :
     cannot open file for reading or writing
     Message from routine ph_restart_set_filename :
     cannot open file for reading or writing
     Message from routine ph_restart_set_filename :
     cannot open file for reading or writing
     Message from routine ph_restart_set_filename :
     cannot open file for reading or writing
     Message from routine ph_restart_set_filename :
     cannot open file for reading or writing
     Message from routine ph_restart_set_filename :
     cannot open file for reading or writing
     Message from routine ph_restart_set_filename :
     cannot open file for reading or writing
     Message from routine ph_restart_set_filename :
     cannot open file for reading or writing
     Message from routine ph_restart_set_filename :
     cannot open file for reading or writing
     Message from routine ph_restart_set_filename :
     cannot open file for reading or writing
     Message from routine ph_restart_set_filename :
     cannot open file for reading or writing
     Message from routine ph_restart_set_filename :
     cannot open file for reading or writing
     Message from routine ph_restart_set_filename :
     cannot open file for reading or writing
     Message from routine ph_restart_set_filename :
     cannot open file for reading or writing
     Message from routine ph_restart_set_filename :
     cannot open file for reading or writing
     Message from routine ph_restart_set_filename :
     cannot open file for reading or writing
     Message from routine ph_restart_set_filename :
     cannot open file for reading or writing
     Message from routine ph_restart_set_filename :
     cannot open file for reading or writing
     Message from routine ph_restart_set_filename :
     cannot open file for reading or writing
     Message from routine ph_restart_set_filename :
     cannot open file for reading or writing
     Message from routine ph_restart_set_filename :
     cannot open file for reading or writing
     Message from routine ph_restart_set_filename :
     cannot open file for reading or writing
     Message from routine ph_restart_set_filename :
     cannot open file for reading or writing
     Message from routine ph_restart_set_filename :
     cannot open file for reading or writing
     Message from routine ph_restart_set_filename :
     cannot open file for reading or writing
     Message from routine ph_restart_set_filename :
     cannot open file for reading or writing
     Message from routine ph_restart_set_filename :
     cannot open file for reading or writing
     Message from routine ph_restart_set_filename :
     cannot open file for reading or writing
     Message from routine ph_restart_set_filename :
     cannot open file for reading or writing
     Message from routine ph_restart_set_filename :
     cannot open file for reading or writing
     Message from routine ph_restart_set_filename :
     cannot open file for reading or writing
     Message from routine ph_restart_set_filename :
     cannot open file for reading or writing
     Message from routine ph_restart_set_filename :
     cannot open file for reading or writing
     Message from routine ph_restart_set_filename :
     cannot open file for reading or writing
     Message from routine ph_restart_set_filename :
     cannot open file for reading or writing
     Message from routine ph_restart_set_filename :
     cannot open file for reading or writing
     Message from routine ph_restart_set_filename :
     cannot open file for reading or writing
     Message from routine ph_restart_set_filename :
     cannot open file for reading or writing
     Message from routine ph_restart_set_filename :
     cannot open file for reading or writing
     Message from routine ph_restart_set_filename :
     cannot open file for reading or writing
     Message from routine ph_restart_set_filename :
     cannot open file for reading or writing
     Message from routine ph_restart_set_filename :
     cannot open file for reading or writing
     Message from routine ph_restart_set_filename :
     cannot open file for reading or writing
     Message from routine ph_restart_set_filename :
     cannot open file for reading or writing
     Message from routine ph_restart_set_filename :
     cannot open file for reading or writing
     Message from routine ph_restart_set_filename :
     cannot open file for reading or writing
     Message from routine ph_restart_set_filename :
     cannot open file for reading or writing
     Message from routine ph_restart_set_filename :
     cannot open file for reading or writing
     Message from routine ph_restart_set_filename :
     cannot open file for reading or writing
     Message from routine ph_restart_set_filename :
     cannot open file for reading or writing
     Message from routine ph_restart_set_filename :
     cannot open file for reading or writing
     Message from routine ph_restart_set_filename :
     cannot open file for reading or writing
     Message from routine ph_restart_set_filename :
     cannot open file for reading or writing
     Message from routine ph_restart_set_filename :
     cannot open file for reading or writing
     Message from routine ph_restart_set_filename :
     cannot open file for reading or writing
     Message from routine ph_restart_set_filename :
     cannot open file for reading or writing
     Message from routine ph_restart_set_filename :
     cannot open file for reading or writing
     Message from routine ph_restart_set_filename :
     cannot open file for reading or writing
     Message from routine ph_restart_set_filename :
     cannot open file for reading or writing
     Message from routine ph_restart_set_filename :
     cannot open file for reading or writing
     Message from routine ph_restart_set_filename :
     cannot open file for reading or writing
     Message from routine ph_restart_set_filename :
     cannot open file for reading or writing
     Message from routine ph_restart_set_filename :
     cannot open file for reading or writing
     Message from routine ph_restart_set_filename :
     cannot open file for reading or writing
     Message from routine ph_restart_set_filename :
     cannot open file for reading or writing
     Message from routine ph_restart_set_filename :
     cannot open file for reading or writing
     Message from routine ph_restart_set_filename :
     cannot open file for reading or writing
     Message from routine ph_restart_set_filename :
     cannot open file for reading or writing
     Message from routine ph_restart_set_filename :
     cannot open file for reading or writing
     Message from routine ph_restart_set_filename :
     cannot open file for reading or writing
     Message from routine ph_restart_set_filename :
     cannot open file for reading or writing
     Message from routine ph_restart_set_filename :
     cannot open file for reading or writing
     Message from routine ph_restart_set_filename :
     cannot open file for reading or writing
     Message from routine ph_restart_set_filename :
     cannot open file for reading or writing
     Message from routine ph_restart_set_filename :
     cannot open file for reading or writing
     Message from routine ph_restart_set_filename :
     cannot open file for reading or writing
     Message from routine ph_restart_set_filename :
     cannot open file for reading or writing
     Message from routine ph_restart_set_filename :
     cannot open file for reading or writing
     Message from routine ph_restart_set_filename :
     cannot open file for reading or writing
     Message from routine ph_restart_set_filename :
     cannot open file for reading or writing
     Message from routine ph_restart_set_filename :
     cannot open file for reading or writing
     Message from routine ph_restart_set_filename :
     cannot open file for reading or writing
     Message from routine ph_restart_set_filename :
     cannot open file for reading or writing
     Message from routine ph_restart_set_filename :
     cannot open file for reading or writing
     Message from routine ph_restart_set_filename :
     cannot open file for reading or writing
     Message from routine ph_restart_set_filename :
     cannot open file for reading or writing
     Message from routine ph_restart_set_filename :
     cannot open file for reading or writing
     Message from routine ph_restart_set_filename :
     cannot open file for reading or writing
     Message from routine ph_restart_set_filename :
     cannot open file for reading or writing
     Message from routine ph_restart_set_filename :
     cannot open file for reading or writing
     Message from routine ph_restart_set_filename :
     cannot open file for reading or writing
     Message from routine ph_restart_set_filename :
     cannot open file for reading or writing
     Message from routine ph_restart_set_filename :
     cannot open file for reading or writing
     Message from routine ph_restart_set_filename :
     cannot open file for reading or writing
     Message from routine ph_restart_set_filename :
     cannot open file for reading or writing
     Message from routine ph_restart_set_filename :
     cannot open file for reading or writing
     Message from routine ph_restart_set_filename :
     cannot open file for reading or writing
     Message from routine ph_restart_set_filename :
     cannot open file for reading or writing
     Message from routine ph_restart_set_filename :
     cannot open file for reading or writing
     Message from routine ph_restart_set_filename :
     cannot open file for reading or writing
     Message from routine ph_restart_set_filename :
     cannot open file for reading or writing
     Message from routine ph_restart_set_filename :
     cannot open file for reading or writing
     Message from routine ph_restart_set_filename :
     cannot open file for reading or writing
     Message from routine ph_restart_set_filename :
     cannot open file for reading or writing
     Message from routine ph_restart_set_filename :
     cannot open file for reading or writing
     Message from routine ph_restart_set_filename :
     cannot open file for reading or writing
     Message from routine ph_restart_set_filename :
     cannot open file for reading or writing
     Message from routine ph_restart_set_filename :
     cannot open file for reading or writing
     Message from routine ph_restart_set_filename :
     cannot open file for reading or writing
     Message from routine ph_restart_set_filename :
     cannot open file for reading or writing
     Message from routine ph_restart_set_filename :
     cannot open file for reading or writing
     Message from routine ph_restart_set_filename :
     cannot open file for reading or writing
     Message from routine ph_restart_set_filename :
     cannot open file for reading or writing
     Message from routine ph_restart_set_filename :
     cannot open file for reading or writing
     Message from routine ph_restart_set_filename :
     cannot open file for reading or writing
     Message from routine ph_restart_set_filename :
     cannot open file for reading or writing
     Message from routine ph_restart_set_filename :
     cannot open file for reading or writing
     Message from routine ph_restart_set_filename :
     cannot open file for reading or writing
     Message from routine ph_restart_set_filename :
     cannot open file for reading or writing
     Message from routine ph_restart_set_filename :
     cannot open file for reading or writing
     Message from routine ph_restart_set_filename :
     cannot open file for reading or writing
     Message from routine ph_restart_set_filename :
     cannot open file for reading or writing
     Message from routine ph_restart_set_filename :
     cannot open file for reading or writing
     Message from routine ph_restart_set_filename :
     cannot open file for reading or writing
     Message from routine ph_restart_set_filename :
     cannot open file for reading or writing
     Message from routine ph_restart_set_filename :
     cannot open file for reading or writing
     Message from routine ph_restart_set_filename :
     cannot open file for reading or writing
     Message from routine ph_restart_set_filename :
     cannot open file for reading or writing
     Message from routine ph_restart_set_filename :
     cannot open file for reading or writing
     Message from routine ph_restart_set_filename :
     cannot open file for reading or writing
     Message from routine ph_restart_set_filename :
     cannot open file for reading or writing
     Message from routine ph_restart_set_filename :
     cannot open file for reading or writing
     Message from routine ph_restart_set_filename :
     cannot open file for reading or writing
     Message from routine ph_restart_set_filename :
     cannot open file for reading or writing
     Message from routine ph_restart_set_filename :
     cannot open file for reading or writing
     Message from routine ph_restart_set_filename :
     cannot open file for reading or writing
     Message from routine ph_restart_set_filename :
     cannot open file for reading or writing
     Message from routine ph_restart_set_filename :
     cannot open file for reading or writing
     Message from routine ph_restart_set_filename :
     cannot open file for reading or writing
     Message from routine ph_restart_set_filename :
     cannot open file for reading or writing
     Message from routine ph_restart_set_filename :
     cannot open file for reading or writing
     Message from routine ph_restart_set_filename :
     cannot open file for reading or writing
     Message from routine ph_restart_set_filename :
     cannot open file for reading or writing
     Message from routine ph_restart_set_filename :
     cannot open file for reading or writing
     Message from routine ph_restart_set_filename :
     cannot open file for reading or writing
     Message from routine ph_restart_set_filename :
     cannot open file for reading or writing
     Message from routine ph_restart_set_filename :
     cannot open file for reading or writing
     Message from routine ph_restart_set_filename :
     cannot open file for reading or writing
     Message from routine ph_restart_set_filename :
     cannot open file for reading or writing
     Message from routine ph_restart_set_filename :
     cannot open file for reading or writing
     Message from routine ph_restart_set_filename :
     cannot open file for reading or writing
     Message from routine ph_restart_set_filename :
     cannot open file for reading or writing

     Modes are read from file 

     Phonons                                                                    

     bravais-lattice index     =            0
     lattice parameter (alat)  =      11.6813  a.u.
     unit-cell volume          =    2186.1754 (a.u.)^3
     number of atoms/cell      =           36
     number of atomic types    =            4
     kinetic-energy cut-off    =      80.0000  Ry
     charge density cut-off    =     800.0000  Ry
     convergence threshold     =      1.0E-14
     beta                      =       0.7000
     number of iterations used =            4
     Exchange-correlation= PBE
                           (   1   4   3   4   0   0   0)


     celldm(1)=   11.68134  celldm(2)=    0.00000  celldm(3)=    0.00000
     celldm(4)=    0.00000  celldm(5)=    0.00000  celldm(6)=    0.00000

     crystal axes: (cart. coord. in units of alat)
               a(1) = (  0.4986 -0.8636  0.0000 )  
               a(2) = (  0.4986  0.8636  0.0000 )  
               a(3) = (  0.0000 -0.0000  1.5926 )  

     reciprocal axes: (cart. coord. in units 2 pi/alat)
               b(1) = (  1.0028 -0.5790 -0.0000 )  
               b(2) = (  1.0028  0.5790 -0.0000 )  
               b(3) = ( -0.0000  0.0000  0.6279 )  


     Atoms inside the unit cell: 

     Cartesian axes

     site n.  atom      mass           positions (alat units)
        1     Hf   1.0000   tau(    1) = (    0.49862    0.28787    0.71830  )
        2     Th   1.0000   tau(    2) = (    0.49862   -0.28783    1.49764  )
        3     Th   1.0000   tau(    3) = (    0.49862   -0.28783    0.88420  )
        4     Th   1.0000   tau(    4) = (    0.49860    0.28785    0.10268  )
        5     Ti   1.0000   tau(    5) = (    0.24875    0.14362    1.18507  )
        6     Ti   1.0000   tau(    6) = (    0.49858   -0.57725    0.41006  )
        7     Ti   1.0000   tau(    7) = (    0.24796   -0.14319    0.41006  )
        8     Ti   1.0000   tau(    8) = (    0.74850    0.14364    1.18508  )
        9     Ti   1.0000   tau(    9) = (    0.49864    0.57638    1.18509  )
       10     Ti   1.0000   tau(   10) = (    0.74924   -0.14317    0.41007  )
       11     Ti   1.0000   tau(   11) = (    0.00000   -0.00000    0.79940  )
       12     Ti   1.0000   tau(   12) = (   -0.00001   -0.00000    0.00622  )
       13     H    1.0000   tau(   13) = (    0.49862    0.58172    0.88522  )
       14     H    1.0000   tau(   14) = (    0.24413    0.14091    0.88521  )
       15     H    1.0000   tau(   15) = (    0.75310    0.14092    0.88522  )
       16     H    1.0000   tau(   16) = (    0.23268   -0.13424    0.11184  )
       17     H    1.0000   tau(   17) = (    0.76474   -0.13419    0.69746  )
       18     H    1.0000   tau(   18) = (    0.49864   -0.59494    0.11183  )
       19     H    1.0000   tau(   19) = (    0.76456   -0.13428    0.11185  )
       20     H    1.0000   tau(   20) = (    0.49859    0.59657    1.48253  )
       21     H    1.0000   tau(   21) = (    0.76593    0.13344    1.48252  )
       22     H    1.0000   tau(   22) = (    0.23249   -0.13419    0.69746  )
       23     H    1.0000   tau(   23) = (    0.49862   -0.59513    0.69747  )
       24     H    1.0000   tau(   24) = (    0.23127    0.13346    1.48250  )
       25     H    1.0000   tau(   25) = (    0.27611   -0.41631    0.57034  )
       26     H    1.0000   tau(   26) = (    0.49862    0.06821    1.34987  )
       27     H    1.0000   tau(   27) = (    0.30837    0.39770    1.34990  )
       28     H    1.0000   tau(   28) = (    0.72110   -0.41630    0.57031  )
       29     H    1.0000   tau(   29) = (    0.49861   -0.03096    0.57030  )
       30     H    1.0000   tau(   30) = (    0.68167    0.39355    1.01817  )
       31     H    1.0000   tau(   31) = (    0.49862    0.07660    1.01816  )
       32     H    1.0000   tau(   32) = (    0.68889    0.39772    1.34992  )
       33     H    1.0000   tau(   33) = (    0.31561    0.39353    1.01816  )
       34     H    1.0000   tau(   34) = (    0.68413   -0.39496    0.24370  )
       35     H    1.0000   tau(   35) = (    0.31303   -0.39499    0.24368  )
       36     H    1.0000   tau(   36) = (    0.49861   -0.07367    0.24371  )

     Computing dynamical matrix for 
                    q = (   0.0000000   0.0000000   0.0000000 )

      2 Sym.Ops. (with q -> -q+G )


     G cutoff = 2765.1295  ( 208884 G-vectors)     FFT grid: (108,108,180)
     G cutoff = 1106.0518  (  52834 G-vectors)  smooth grid: ( 72, 72,108)

     number of k points=     8  Methfessel-Paxton smearing, width (Ry)=  0.0200

     PseudoPot. # 1 for H  read from file:
     /home/marco/ZOS_Cloud_Compute/pseudo/H.UPF
     MD5 check sum: f52b6d4d1c606e5624b1dc7b2218f220
     Pseudo is Ultrasoft, Zval =  1.0
     Generated using "atomic" code by A. Dal Corso  v.5.1
     Using radial grid of  929 points,  2 beta functions with: 
                l(1) =   0
                l(2) =   0
     Q(r) pseudized with 0 coefficients 


     PseudoPot. # 2 for Hf read from file:
     /home/marco/ZOS_Cloud_Compute/pseudo/Hf.UPF
     MD5 check sum: 417ed15784afe83d2e06dacf143de3f8
     Pseudo is Norm-conserving + core correction, Zval = 12.0
     Generated using ONCVPSP code by D. R. Hamann
     Using radial grid of 1656 points,  8 beta functions with: 
                l(1) =   0
                l(2) =   0
                l(3) =   1
                l(4) =   1
                l(5) =   2
                l(6) =   2
                l(7) =   3
                l(8) =   3

     PseudoPot. # 3 for Th read from file:
     /home/marco/ZOS_Cloud_Compute/pseudo/Th.UPF
     MD5 check sum: c778f5c1781d25750cbff4a0d60de988
     Pseudo is Projector augmented-wave + core cor, Zval = 12.0
     Generated using &quot;atomic&quot; code by A. Dal Corso  v.6.3MaX
     Shape of augmentation charge: PSQ
     Using radial grid of 1289 points,  8 beta functions with: 
                l(1) =   0
                l(2) =   0
                l(3) =   1
                l(4) =   1
                l(5) =   2
                l(6) =   2
                l(7) =   3
                l(8) =   3
     Q(r) pseudized with 0 coefficients 


     PseudoPot. # 4 for Ti read from file:
     /home/marco/ZOS_Cloud_Compute/pseudo/Ti.UPF
     MD5 check sum: 88a00a6731bd790ddea75d31a80cb452
     Pseudo is Ultrasoft + core correction, Zval = 12.0
     Generated by new atomic code, or converted to UPF format
     Using radial grid of  851 points,  6 beta functions with: 
                l(1) =   0
                l(2) =   0
                l(3) =   1
                l(4) =   1
                l(5) =   2
                l(6) =   2
     Q(r) pseudized with  6 coefficients,  rinner =    1.000   1.000   1.000
                                                       1.000   1.000

     Mode symmetry, C_1 (1)     point group:


     Atomic displacements:
     There are  108 irreducible representations

     Representation     1      1 modes -  To be done

     Representation     2      1 modes -  To be done

     Representation     3      1 modes -  To be done

     Representation     4      1 modes -  To be done

     Representation     5      1 modes -  To be done

     Representation     6      1 modes -  To be done

     Representation     7      1 modes -  To be done

     Representation     8      1 modes -  To be done

     Representation     9      1 modes -  To be done

     Representation    10      1 modes -  To be done

     Representation    11      1 modes -  To be done

     Representation    12      1 modes -  To be done

     Representation    13      1 modes -  To be done

     Representation    14      1 modes -  To be done

     Representation    15      1 modes -  To be done

     Representation    16      1 modes -  To be done

     Representation    17      1 modes -  To be done

     Representation    18      1 modes -  To be done

     Representation    19      1 modes -  To be done

     Representation    20      1 modes -  To be done

     Representation    21      1 modes -  To be done

     Representation    22      1 modes -  To be done

     Representation    23      1 modes -  To be done

     Representation    24      1 modes -  To be done

     Representation    25      1 modes -  To be done

     Representation    26      1 modes -  To be done

     Representation    27      1 modes -  To be done

     Representation    28      1 modes -  To be done

     Representation    29      1 modes -  To be done

     Representation    30      1 modes -  To be done

     Representation    31      1 modes -  To be done

     Representation    32      1 modes -  To be done

     Representation    33      1 modes -  To be done

     Representation    34      1 modes -  To be done

     Representation    35      1 modes -  To be done

     Representation    36      1 modes -  To be done

     Representation    37      1 modes -  To be done

     Representation    38      1 modes -  To be done

     Representation    39      1 modes -  To be done

     Representation    40      1 modes -  To be done

     Representation    41      1 modes -  To be done

     Representation    42      1 modes -  To be done

     Representation    43      1 modes -  To be done

     Representation    44      1 modes -  To be done

     Representation    45      1 modes -  To be done

     Representation    46      1 modes -  To be done

     Representation    47      1 modes -  To be done

     Representation    48      1 modes -  To be done

     Representation    49      1 modes -  To be done

     Representation    50      1 modes -  To be done

     Representation    51      1 modes -  To be done

     Representation    52      1 modes -  To be done

     Representation    53      1 modes -  To be done

     Representation    54      1 modes -  To be done

     Representation    55      1 modes -  To be done

     Representation    56      1 modes -  To be done

     Representation    57      1 modes -  To be done

     Representation    58      1 modes -  To be done

     Representation    59      1 modes -  To be done

     Representation    60      1 modes -  To be done

     Representation    61      1 modes -  To be done

     Representation    62      1 modes -  To be done

     Representation    63      1 modes -  To be done

     Representation    64      1 modes -  To be done

     Representation    65      1 modes -  To be done

     Representation    66      1 modes -  To be done

     Representation    67      1 modes -  To be done

     Representation    68      1 modes -  To be done

     Representation    69      1 modes -  To be done

     Representation    70      1 modes -  To be done

     Representation    71      1 modes -  To be done

     Representation    72      1 modes -  To be done

     Representation    73      1 modes -  To be done

     Representation    74      1 modes -  To be done

     Representation    75      1 modes -  To be done

     Representation    76      1 modes -  To be done

     Representation    77      1 modes -  To be done

     Representation    78      1 modes -  To be done

     Representation    79      1 modes -  To be done

     Representation    80      1 modes -  To be done

     Representation    81      1 modes -  To be done

     Representation    82      1 modes -  To be done

     Representation    83      1 modes -  To be done

     Representation    84      1 modes -  To be done

     Representation    85      1 modes -  To be done

     Representation    86      1 modes -  To be done

     Representation    87      1 modes -  To be done

     Representation    88      1 modes -  To be done

     Representation    89      1 modes -  To be done

     Representation    90      1 modes -  To be done

     Representation    91      1 modes -  To be done

     Representation    92      1 modes -  To be done

     Representation    93      1 modes -  To be done

     Representation    94      1 modes -  To be done

     Representation    95      1 modes -  To be done

     Representation    96      1 modes -  To be done

     Representation    97      1 modes -  To be done

     Representation    98      1 modes -  To be done

     Representation    99      1 modes -  To be done

     Representation   100      1 modes -  To be done

     Representation   101      1 modes -  To be done

     Representation   102      1 modes -  To be done

     Representation   103      1 modes -  To be done

     Representation   104      1 modes -  To be done

     Representation   105      1 modes -  To be done

     Representation   106      1 modes -  To be done

     Representation   107      1 modes -  To be done

     Representation   108      1 modes -  To be done



     Program PHONON v.6.7MaX starts on 22May2026 at 16:39:55 

     This program is part of the open-source Quantum ESPRESSO suite
     for quantum simulation of materials; please cite
         "P. Giannozzi et al., J. Phys.:Condens. Matter 21 395502 (2009);
         "P. Giannozzi et al., J. Phys.:Condens. Matter 29 465901 (2017);
          URL http://www.quantum-espresso.org", 
     in publications or presentations arising from this work. More details at
     http://www.quantum-espresso.org/quote

     Parallel version (MPI), running on     4 processors

     MPI processes distributed on     1 nodes
     R & G space division:  proc/nbgrp/npool/nimage =       4
     Waiting for input...
     Reading input from standard input

     Reading xml data from directory:

     ./tmp/HfTh3TiH38.save/
     Message from routine read_pp_mesh:
     mesh size missing, using the one in header
     file Th.UPF: wavefunction(s)  6P 6D 5F renormalized

     IMPORTANT: XC functional enforced from input :
     Exchange-correlation= PBE
                           (   1   4   3   4   0   0   0)
     Any further DFT definition will be discarded
     Please, verify this is what you really want


     Parallelization info
     --------------------
     sticks:   dense  smooth     PW     G-vecs:    dense   smooth      PW
     Min        1870     750    211               208883    52834    7947
     Max        1871     751    212               208886    52837    7952
     Sum        7483    3001    847               835537   211341   31803


     negative rho (up, down):  7.181E-03 0.000E+00
     Reading collected, re-writing distributed wavefunctions

     Saving dvscf to file. Distribute only q points, not irreducible represetations.
        8 /   8 q-points for this run, from  1 to  8:
       N       xq(1)         xq(2)         xq(3) 
       1   0.000000000   0.000000000   0.000000000
       2   0.000000878  -0.000000071  -0.313965235
       3  -0.501427429  -0.289511918   0.000001700
       4  -0.501426551  -0.289511989  -0.313963534
       5  -0.501437403   0.289529222   0.000002440
       6  -0.501436525   0.289529151  -0.313962795
       7  -1.002864832   0.000017304   0.000004140
       8  -1.002863955   0.000017233  -0.313961095


     Calculation of q =    0.0000000   0.0000000   0.0000000
     Message from routine ph_restart_set_filename :
     cannot open file for reading or writing
     Message from routine ph_restart_set_filename :
     cannot open file for reading or writing
     Message from routine ph_restart_set_filename :
     cannot open file for reading or writing
     Message from routine ph_restart_set_filename :
     cannot open file for reading or writing
     Message from routine ph_restart_set_filename :
     cannot open file for reading or writing
     Message from routine ph_restart_set_filename :
     cannot open file for reading or writing
     Message from routine ph_restart_set_filename :
     cannot open file for reading or writing
     Message from routine ph_restart_set_filename :
     cannot open file for reading or writing
     Message from routine ph_restart_set_filename :
     cannot open file for reading or writing
     Message from routine ph_restart_set_filename :
     cannot open file for reading or writing
     Message from routine ph_restart_set_filename :
     cannot open file for reading or writing
     Message from routine ph_restart_set_filename :
     cannot open file for reading or writing
     Message from routine ph_restart_set_filename :
     cannot open file for reading or writing
     Message from routine ph_restart_set_filename :
     cannot open file for reading or writing
     Message from routine ph_restart_set_filename :
     cannot open file for reading or writing
     Message from routine ph_restart_set_filename :
     cannot open file for reading or writing
     Message from routine ph_restart_set_filename :
     cannot open file for reading or writing
     Message from routine ph_restart_set_filename :
     cannot open file for reading or writing
     Message from routine ph_restart_set_filename :
     cannot open file for reading or writing
     Message from routine ph_restart_set_filename :
     cannot open file for reading or writing
     Message from routine ph_restart_set_filename :
     cannot open file for reading or writing
     Message from routine ph_restart_set_filename :
     cannot open file for reading or writing
     Message from routine ph_restart_set_filename :
     cannot open file for reading or writing
     Message from routine ph_restart_set_filename :
     cannot open file for reading or writing
     Message from routine ph_restart_set_filename :
     cannot open file for reading or writing
     Message from routine ph_restart_set_filename :
     cannot open file for reading or writing
     Message from routine ph_restart_set_filename :
     cannot open file for reading or writing
     Message from routine ph_restart_set_filename :
     cannot open file for reading or writing
     Message from routine ph_restart_set_filename :
     cannot open file for reading or writing
     Message from routine ph_restart_set_filename :
     cannot open file for reading or writing
     Message from routine ph_restart_set_filename :
     cannot open file for reading or writing
     Message from routine ph_restart_set_filename :
     cannot open file for reading or writing
     Message from routine ph_restart_set_filename :
     cannot open file for reading or writing
     Message from routine ph_restart_set_filename :
     cannot open file for reading or writing
     Message from routine ph_restart_set_filename :
     cannot open file for reading or writing
     Message from routine ph_restart_set_filename :
     cannot open file for reading or writing
     Message from routine ph_restart_set_filename :
     cannot open file for reading or writing
     Message from routine ph_restart_set_filename :
     cannot open file for reading or writing
     Message from routine ph_restart_set_filename :
     cannot open file for reading or writing
     Message from routine ph_restart_set_filename :
     cannot open file for reading or writing
     Message from routine ph_restart_set_filename :
     cannot open file for reading or writing
     Message from routine ph_restart_set_filename :
     cannot open file for reading or writing
     Message from routine ph_restart_set_filename :
     cannot open file for reading or writing
     Message from routine ph_restart_set_filename :
     cannot open file for reading or writing
     Message from routine ph_restart_set_filename :
     cannot open file for reading or writing
     Message from routine ph_restart_set_filename :
     cannot open file for reading or writing
     Message from routine ph_restart_set_filename :
     cannot open file for reading or writing
     Message from routine ph_restart_set_filename :
     cannot open file for reading or writing
     Message from routine ph_restart_set_filename :
     cannot open file for reading or writing
     Message from routine ph_restart_set_filename :
     cannot open file for reading or writing
     Message from routine ph_restart_set_filename :
     cannot open file for reading or writing
     Message from routine ph_restart_set_filename :
     cannot open file for reading or writing
     Message from routine ph_restart_set_filename :
     cannot open file for reading or writing
     Message from routine ph_restart_set_filename :
     cannot open file for reading or writing
     Message from routine ph_restart_set_filename :
     cannot open file for reading or writing
     Message from routine ph_restart_set_filename :
     cannot open file for reading or writing
     Message from routine ph_restart_set_filename :
     cannot open file for reading or writing
     Message from routine ph_restart_set_filename :
     cannot open file for reading or writing
     Message from routine ph_restart_set_filename :
     cannot open file for reading or writing
     Message from routine ph_restart_set_filename :
     cannot open file for reading or writing
     Message from routine ph_restart_set_filename :
     cannot open file for reading or writing
     Message from routine ph_restart_set_filename :
     cannot open file for reading or writing
     Message from routine ph_restart_set_filename :
     cannot open file for reading or writing
     Message from routine ph_restart_set_filename :
     cannot open file for reading or writing
     Message from routine ph_restart_set_filename :
     cannot open file for reading or writing
     Message from routine ph_restart_set_filename :
     cannot open file for reading or writing
     Message from routine ph_restart_set_filename :
     cannot open file for reading or writing
     Message from routine ph_restart_set_filename :
     cannot open file for reading or writing
     Message from routine ph_restart_set_filename :
     cannot open file for reading or writing
     Message from routine ph_restart_set_filename :
     cannot open file for reading or writing
     Message from routine ph_restart_set_filename :
     cannot open file for reading or writing
     Message from routine ph_restart_set_filename :
     cannot open file for reading or writing
     Message from routine ph_restart_set_filename :
     cannot open file for reading or writing
     Message from routine ph_restart_set_filename :
     cannot open file for reading or writing
     Message from routine ph_restart_set_filename :
     cannot open file for reading or writing
     Message from routine ph_restart_set_filename :
     cannot open file for reading or writing
     Message from routine ph_restart_set_filename :
     cannot open file for reading or writing
     Message from routine ph_restart_set_filename :
     cannot open file for reading or writing
     Message from routine ph_restart_set_filename :
     cannot open file for reading or writing
     Message from routine ph_restart_set_filename :
     cannot open file for reading or writing
     Message from routine ph_restart_set_filename :
     cannot open file for reading or writing
     Message from routine ph_restart_set_filename :
     cannot open file for reading or writing
     Message from routine ph_restart_set_filename :
     cannot open file for reading or writing
     Message from routine ph_restart_set_filename :
     cannot open file for reading or writing
     Message from routine ph_restart_set_filename :
     cannot open file for reading or writing
     Message from routine ph_restart_set_filename :
     cannot open file for reading or writing
     Message from routine ph_restart_set_filename :
     cannot open file for reading or writing
     Message from routine ph_restart_set_filename :
     cannot open file for reading or writing
     Message from routine ph_restart_set_filename :
     cannot open file for reading or writing
     Message from routine ph_restart_set_filename :
     cannot open file for reading or writing
     Message from routine ph_restart_set_filename :
     cannot open file for reading or writing
     Message from routine ph_restart_set_filename :
     cannot open file for reading or writing
     Message from routine ph_restart_set_filename :
     cannot open file for reading or writing
     Message from routine ph_restart_set_filename :
     cannot open file for reading or writing
     Message from routine ph_restart_set_filename :
     cannot open file for reading or writing
     Message from routine ph_restart_set_filename :
     cannot open file for reading or writing
     Message from routine ph_restart_set_filename :
     cannot open file for reading or writing
     Message from routine ph_restart_set_filename :
     cannot open file for reading or writing
     Message from routine ph_restart_set_filename :
     cannot open file for reading or writing
     Message from routine ph_restart_set_filename :
     cannot open file for reading or writing
     Message from routine ph_restart_set_filename :
     cannot open file for reading or writing
     Message from routine ph_restart_set_filename :
     cannot open file for reading or writing
     Message from routine ph_restart_set_filename :
     cannot open file for reading or writing
     Message from routine ph_restart_set_filename :
     cannot open file for reading or writing
     Message from routine ph_restart_set_filename :
     cannot open file for reading or writing
     Message from routine ph_restart_set_filename :
     cannot open file for reading or writing
     Message from routine ph_restart_set_filename :
     cannot open file for reading or writing
     Message from routine ph_restart_set_filename :
     cannot open file for reading or writing
     Message from routine ph_restart_set_filename :
     cannot open file for reading or writing
     Message from routine ph_restart_set_filename :
     cannot open file for reading or writing
     Message from routine ph_restart_set_filename :
     cannot open file for reading or writing
     Message from routine ph_restart_set_filename :
     cannot open file for reading or writing
     Message from routine ph_restart_set_filename :
     cannot open file for reading or writing
     Message from routine ph_restart_set_filename :
     cannot open file for reading or writing
     Message from routine ph_restart_set_filename :
     cannot open file for reading or writing
     Message from routine ph_restart_set_filename :
     cannot open file for reading or writing
     Message from routine ph_restart_set_filename :
     cannot open file for reading or writing
     Message from routine ph_restart_set_filename :
     cannot open file for reading or writing
     Message from routine ph_restart_set_filename :
     cannot open file for reading or writing
     Message from routine ph_restart_set_filename :
     cannot open file for reading or writing
     Message from routine ph_restart_set_filename :
     cannot open file for reading or writing
     Message from routine ph_restart_set_filename :
     cannot open file for reading or writing
     Message from routine ph_restart_set_filename :
     cannot open file for reading or writing
     Message from routine ph_restart_set_filename :
     cannot open file for reading or writing
     Message from routine ph_restart_set_filename :
     cannot open file for reading or writing
     Message from routine ph_restart_set_filename :
     cannot open file for reading or writing
     Message from routine ph_restart_set_filename :
     cannot open file for reading or writing
     Message from routine ph_restart_set_filename :
     cannot open file for reading or writing
     Message from routine ph_restart_set_filename :
     cannot open file for reading or writing
     Message from routine ph_restart_set_filename :
     cannot open file for reading or writing
     Message from routine ph_restart_set_filename :
     cannot open file for reading or writing
     Message from routine ph_restart_set_filename :
     cannot open file for reading or writing
     Message from routine ph_restart_set_filename :
     cannot open file for reading or writing
     Message from routine ph_restart_set_filename :
     cannot open file for reading or writing
     Message from routine ph_restart_set_filename :
     cannot open file for reading or writing
     Message from routine ph_restart_set_filename :
     cannot open file for reading or writing
     Message from routine ph_restart_set_filename :
     cannot open file for reading or writing
     Message from routine ph_restart_set_filename :
     cannot open file for reading or writing
     Message from routine ph_restart_set_filename :
     cannot open file for reading or writing
     Message from routine ph_restart_set_filename :
     cannot open file for reading or writing
     Message from routine ph_restart_set_filename :
     cannot open file for reading or writing
     Message from routine ph_restart_set_filename :
     cannot open file for reading or writing
     Message from routine ph_restart_set_filename :
     cannot open file for reading or writing
     Message from routine ph_restart_set_filename :
     cannot open file for reading or writing
     Message from routine ph_restart_set_filename :
     cannot open file for reading or writing
     Message from routine ph_restart_set_filename :
     cannot open file for reading or writing
     Message from routine ph_restart_set_filename :
     cannot open file for reading or writing
     Message from routine ph_restart_set_filename :
     cannot open file for reading or writing
     Message from routine ph_restart_set_filename :
     cannot open file for reading or writing
     Message from routine ph_restart_set_filename :
     cannot open file for reading or writing
     Message from routine ph_restart_set_filename :
     cannot open file for reading or writing
     Message from routine ph_restart_set_filename :
     cannot open file for reading or writing
     Message from routine ph_restart_set_filename :
     cannot open file for reading or writing
     Message from routine ph_restart_set_filename :
     cannot open file for reading or writing
     Message from routine ph_restart_set_filename :
     cannot open file for reading or writing
     Message from routine ph_restart_set_filename :
     cannot open file for reading or writing
     Message from routine ph_restart_set_filename :
     cannot open file for reading or writing
     Message from routine ph_restart_set_filename :
     cannot open file for reading or writing
     Message from routine ph_restart_set_filename :
     cannot open file for reading or writing
     Message from routine ph_restart_set_filename :
     cannot open file for reading or writing
     Message from routine ph_restart_set_filename :
     cannot open file for reading or writing
     Message from routine ph_restart_set_filename :
     cannot open file for reading or writing
     Message from routine ph_restart_set_filename :
     cannot open file for reading or writing
     Message from routine ph_restart_set_filename :
     cannot open file for reading or writing
     Message from routine ph_restart_set_filename :
     cannot open file for reading or writing
     Message from routine ph_restart_set_filename :
     cannot open file for reading or writing
     Message from routine ph_restart_set_filename :
     cannot open file for reading or writing
     Message from routine ph_restart_set_filename :
     cannot open file for reading or writing
     Message from routine ph_restart_set_filename :
     cannot open file for reading or writing
     Message from routine ph_restart_set_filename :
     cannot open file for reading or writing
     Message from routine ph_restart_set_filename :
     cannot open file for reading or writing
     Message from routine ph_restart_set_filename :
     cannot open file for reading or writing
     Message from routine ph_restart_set_filename :
     cannot open file for reading or writing
     Message from routine ph_restart_set_filename :
     cannot open file for reading or writing
     Message from routine ph_restart_set_filename :
     cannot open file for reading or writing
     Message from routine ph_restart_set_filename :
     cannot open file for reading or writing
     Message from routine ph_restart_set_filename :
     cannot open file for reading or writing
     Message from routine ph_restart_set_filename :
     cannot open file for reading or writing
     Message from routine ph_restart_set_filename :
     cannot open file for reading or writing
     Message from routine ph_restart_set_filename :
     cannot open file for reading or writing
     Message from routine ph_restart_set_filename :
     cannot open file for reading or writing
     Message from routine ph_restart_set_filename :
     cannot open file for reading or writing
     Message from routine ph_restart_set_filename :
     cannot open file for reading or writing
     Message from routine ph_restart_set_filename :
     cannot open file for reading or writing
     Message from routine ph_restart_set_filename :
     cannot open file for reading or writing
     Message from routine ph_restart_set_filename :
     cannot open file for reading or writing
     Message from routine ph_restart_set_filename :
     cannot open file for reading or writing
     Message from routine ph_restart_set_filename :
     cannot open file for reading or writing
     Message from routine ph_restart_set_filename :
     cannot open file for reading or writing
     Message from routine ph_restart_set_filename :
     cannot open file for reading or writing
     Message from routine ph_restart_set_filename :
     cannot open file for reading or writing
     Message from routine ph_restart_set_filename :
     cannot open file for reading or writing
     Message from routine ph_restart_set_filename :
     cannot open file for reading or writing
     Message from routine ph_restart_set_filename :
     cannot open file for reading or writing
     Message from routine ph_restart_set_filename :
     cannot open file for reading or writing
     Message from routine ph_restart_set_filename :
     cannot open file for reading or writing
     Message from routine ph_restart_set_filename :
     cannot open file for reading or writing
     Message from routine ph_restart_set_filename :
     cannot open file for reading or writing
     Message from routine ph_restart_set_filename :
     cannot open file for reading or writing
     Message from routine ph_restart_set_filename :
     cannot open file for reading or writing
     Message from routine ph_restart_set_filename :
     cannot open file for reading or writing
     Message from routine ph_restart_set_filename :
     cannot open file for reading or writing
     Message from routine ph_restart_set_filename :
     cannot open file for reading or writing
     Message from routine ph_restart_set_filename :
     cannot open file for reading or writing
     Message from routine ph_restart_set_filename :
     cannot open file for reading or writing
     Message from routine ph_restart_set_filename :
     cannot open file for reading or writing
     Message from routine ph_restart_set_filename :
     cannot open file for reading or writing
     Message from routine ph_restart_set_filename :
     cannot open file for reading or writing
     Message from routine ph_restart_set_filename :
     cannot open file for reading or writing
     Message from routine ph_restart_set_filename :
     cannot open file for reading or writing
     Message from routine ph_restart_set_filename :
     cannot open file for reading or writing
     Message from routine ph_restart_set_filename :
     cannot open file for reading or writing
     Message from routine ph_restart_set_filename :
     cannot open file for reading or writing
     Message from routine ph_restart_set_filename :
     cannot open file for reading or writing
     Message from routine ph_restart_set_filename :
     cannot open file for reading or writing
     Message from routine ph_restart_set_filename :
     cannot open file for reading or writing
     Message from routine ph_restart_set_filename :
     cannot open file for reading or writing
     Message from routine ph_restart_set_filename :
     cannot open file for reading or writing

     Modes are read from file 

     Phonons                                                                    

     bravais-lattice index     =            0
     lattice parameter (alat)  =      11.6813  a.u.
     unit-cell volume          =    2186.1754 (a.u.)^3
     number of atoms/cell      =           36
     number of atomic types    =            4
     kinetic-energy cut-off    =      80.0000  Ry
     charge density cut-off    =     800.0000  Ry
     convergence threshold     =      1.0E-14
     beta                      =       0.7000
     number of iterations used =            4
     Exchange-correlation= PBE
                           (   1   4   3   4   0   0   0)


     celldm(1)=   11.68134  celldm(2)=    0.00000  celldm(3)=    0.00000
     celldm(4)=    0.00000  celldm(5)=    0.00000  celldm(6)=    0.00000

     crystal axes: (cart. coord. in units of alat)
               a(1) = (  0.4986 -0.8636  0.0000 )  
               a(2) = (  0.4986  0.8636  0.0000 )  
               a(3) = (  0.0000 -0.0000  1.5926 )  

     reciprocal axes: (cart. coord. in units 2 pi/alat)
               b(1) = (  1.0028 -0.5790 -0.0000 )  
               b(2) = (  1.0028  0.5790 -0.0000 )  
               b(3) = ( -0.0000  0.0000  0.6279 )  


     Atoms inside the unit cell: 

     Cartesian axes

     site n.  atom      mass           positions (alat units)
        1     Hf   1.0000   tau(    1) = (    0.49862    0.28787    0.71830  )
        2     Th   1.0000   tau(    2) = (    0.49862   -0.28783    1.49764  )
        3     Th   1.0000   tau(    3) = (    0.49862   -0.28783    0.88420  )
        4     Th   1.0000   tau(    4) = (    0.49860    0.28785    0.10268  )
        5     Ti   1.0000   tau(    5) = (    0.24875    0.14362    1.18507  )
        6     Ti   1.0000   tau(    6) = (    0.49858   -0.57725    0.41006  )
        7     Ti   1.0000   tau(    7) = (    0.24796   -0.14319    0.41006  )
        8     Ti   1.0000   tau(    8) = (    0.74850    0.14364    1.18508  )
        9     Ti   1.0000   tau(    9) = (    0.49864    0.57638    1.18509  )
       10     Ti   1.0000   tau(   10) = (    0.74924   -0.14317    0.41007  )
       11     Ti   1.0000   tau(   11) = (    0.00000   -0.00000    0.79940  )
       12     Ti   1.0000   tau(   12) = (   -0.00001   -0.00000    0.00622  )
       13     H    1.0000   tau(   13) = (    0.49862    0.58172    0.88522  )
       14     H    1.0000   tau(   14) = (    0.24413    0.14091    0.88521  )
       15     H    1.0000   tau(   15) = (    0.75310    0.14092    0.88522  )
       16     H    1.0000   tau(   16) = (    0.23268   -0.13424    0.11184  )
       17     H    1.0000   tau(   17) = (    0.76474   -0.13419    0.69746  )
       18     H    1.0000   tau(   18) = (    0.49864   -0.59494    0.11183  )
       19     H    1.0000   tau(   19) = (    0.76456   -0.13428    0.11185  )
       20     H    1.0000   tau(   20) = (    0.49859    0.59657    1.48253  )
       21     H    1.0000   tau(   21) = (    0.76593    0.13344    1.48252  )
       22     H    1.0000   tau(   22) = (    0.23249   -0.13419    0.69746  )
       23     H    1.0000   tau(   23) = (    0.49862   -0.59513    0.69747  )
       24     H    1.0000   tau(   24) = (    0.23127    0.13346    1.48250  )
       25     H    1.0000   tau(   25) = (    0.27611   -0.41631    0.57034  )
       26     H    1.0000   tau(   26) = (    0.49862    0.06821    1.34987  )
       27     H    1.0000   tau(   27) = (    0.30837    0.39770    1.34990  )
       28     H    1.0000   tau(   28) = (    0.72110   -0.41630    0.57031  )
       29     H    1.0000   tau(   29) = (    0.49861   -0.03096    0.57030  )
       30     H    1.0000   tau(   30) = (    0.68167    0.39355    1.01817  )
       31     H    1.0000   tau(   31) = (    0.49862    0.07660    1.01816  )
       32     H    1.0000   tau(   32) = (    0.68889    0.39772    1.34992  )
       33     H    1.0000   tau(   33) = (    0.31561    0.39353    1.01816  )
       34     H    1.0000   tau(   34) = (    0.68413   -0.39496    0.24370  )
       35     H    1.0000   tau(   35) = (    0.31303   -0.39499    0.24368  )
       36     H    1.0000   tau(   36) = (    0.49861   -0.07367    0.24371  )

     Computing dynamical matrix for 
                    q = (   0.0000000   0.0000000   0.0000000 )

      2 Sym.Ops. (with q -> -q+G )


     G cutoff = 2765.1295  ( 208884 G-vectors)     FFT grid: (108,108,180)
     G cutoff = 1106.0518  (  52834 G-vectors)  smooth grid: ( 72, 72,108)

     number of k points=     8  Methfessel-Paxton smearing, width (Ry)=  0.0200

     PseudoPot. # 1 for H  read from file:
     /home/marco/ZOS_Cloud_Compute/pseudo/H.UPF
     MD5 check sum: f52b6d4d1c606e5624b1dc7b2218f220
     Pseudo is Ultrasoft, Zval =  1.0
     Generated using "atomic" code by A. Dal Corso  v.5.1
     Using radial grid of  929 points,  2 beta functions with: 
                l(1) =   0
                l(2) =   0
     Q(r) pseudized with 0 coefficients 


     PseudoPot. # 2 for Hf read from file:
     /home/marco/ZOS_Cloud_Compute/pseudo/Hf.UPF
     MD5 check sum: 417ed15784afe83d2e06dacf143de3f8
     Pseudo is Norm-conserving + core correction, Zval = 12.0
     Generated using ONCVPSP code by D. R. Hamann
     Using radial grid of 1656 points,  8 beta functions with: 
                l(1) =   0
                l(2) =   0
                l(3) =   1
                l(4) =   1
                l(5) =   2
                l(6) =   2
                l(7) =   3
                l(8) =   3

     PseudoPot. # 3 for Th read from file:
     /home/marco/ZOS_Cloud_Compute/pseudo/Th.UPF
     MD5 check sum: c778f5c1781d25750cbff4a0d60de988
     Pseudo is Projector augmented-wave + core cor, Zval = 12.0
     Generated using &quot;atomic&quot; code by A. Dal Corso  v.6.3MaX
     Shape of augmentation charge: PSQ
     Using radial grid of 1289 points,  8 beta functions with: 
                l(1) =   0
                l(2) =   0
                l(3) =   1
                l(4) =   1
                l(5) =   2
                l(6) =   2
                l(7) =   3
                l(8) =   3
     Q(r) pseudized with 0 coefficients 


     PseudoPot. # 4 for Ti read from file:
     /home/marco/ZOS_Cloud_Compute/pseudo/Ti.UPF
     MD5 check sum: 88a00a6731bd790ddea75d31a80cb452
     Pseudo is Ultrasoft + core correction, Zval = 12.0
     Generated by new atomic code, or converted to UPF format
     Using radial grid of  851 points,  6 beta functions with: 
                l(1) =   0
                l(2) =   0
                l(3) =   1
                l(4) =   1
                l(5) =   2
                l(6) =   2
     Q(r) pseudized with  6 coefficients,  rinner =    1.000   1.000   1.000
                                                       1.000   1.000

     Mode symmetry, C_1 (1)     point group:


     Atomic displacements:
     There are  108 irreducible representations

     Representation     1      1 modes -  To be done

     Representation     2      1 modes -  To be done

     Representation     3      1 modes -  To be done

     Representation     4      1 modes -  To be done

     Representation     5      1 modes -  To be done

     Representation     6      1 modes -  To be done

     Representation     7      1 modes -  To be done

     Representation     8      1 modes -  To be done

     Representation     9      1 modes -  To be done

     Representation    10      1 modes -  To be done

     Representation    11      1 modes -  To be done

     Representation    12      1 modes -  To be done

     Representation    13      1 modes -  To be done

     Representation    14      1 modes -  To be done

     Representation    15      1 modes -  To be done

     Representation    16      1 modes -  To be done

     Representation    17      1 modes -  To be done

     Representation    18      1 modes -  To be done

     Representation    19      1 modes -  To be done

     Representation    20      1 modes -  To be done

     Representation    21      1 modes -  To be done

     Representation    22      1 modes -  To be done

     Representation    23      1 modes -  To be done

     Representation    24      1 modes -  To be done

     Representation    25      1 modes -  To be done

     Representation    26      1 modes -  To be done

     Representation    27      1 modes -  To be done

     Representation    28      1 modes -  To be done

     Representation    29      1 modes -  To be done

     Representation    30      1 modes -  To be done

     Representation    31      1 modes -  To be done

     Representation    32      1 modes -  To be done

     Representation    33      1 modes -  To be done

     Representation    34      1 modes -  To be done

     Representation    35      1 modes -  To be done

     Representation    36      1 modes -  To be done

     Representation    37      1 modes -  To be done

     Representation    38      1 modes -  To be done

     Representation    39      1 modes -  To be done

     Representation    40      1 modes -  To be done

     Representation    41      1 modes -  To be done

     Representation    42      1 modes -  To be done

     Representation    43      1 modes -  To be done

     Representation    44      1 modes -  To be done

     Representation    45      1 modes -  To be done

     Representation    46      1 modes -  To be done

     Representation    47      1 modes -  To be done

     Representation    48      1 modes -  To be done

     Representation    49      1 modes -  To be done

     Representation    50      1 modes -  To be done

     Representation    51      1 modes -  To be done

     Representation    52      1 modes -  To be done

     Representation    53      1 modes -  To be done

     Representation    54      1 modes -  To be done

     Representation    55      1 modes -  To be done

     Representation    56      1 modes -  To be done

     Representation    57      1 modes -  To be done

     Representation    58      1 modes -  To be done

     Representation    59      1 modes -  To be done

     Representation    60      1 modes -  To be done

     Representation    61      1 modes -  To be done

     Representation    62      1 modes -  To be done

     Representation    63      1 modes -  To be done

     Representation    64      1 modes -  To be done

     Representation    65      1 modes -  To be done

     Representation    66      1 modes -  To be done

     Representation    67      1 modes -  To be done

     Representation    68      1 modes -  To be done

     Representation    69      1 modes -  To be done

     Representation    70      1 modes -  To be done

     Representation    71      1 modes -  To be done

     Representation    72      1 modes -  To be done

     Representation    73      1 modes -  To be done

     Representation    74      1 modes -  To be done

     Representation    75      1 modes -  To be done

     Representation    76      1 modes -  To be done

     Representation    77      1 modes -  To be done

     Representation    78      1 modes -  To be done

     Representation    79      1 modes -  To be done

     Representation    80      1 modes -  To be done

     Representation    81      1 modes -  To be done

     Representation    82      1 modes -  To be done

     Representation    83      1 modes -  To be done

     Representation    84      1 modes -  To be done

     Representation    85      1 modes -  To be done

     Representation    86      1 modes -  To be done

     Representation    87      1 modes -  To be done

     Representation    88      1 modes -  To be done

     Representation    89      1 modes -  To be done

     Representation    90      1 modes -  To be done

     Representation    91      1 modes -  To be done

     Representation    92      1 modes -  To be done

     Representation    93      1 modes -  To be done

     Representation    94      1 modes -  To be done

     Representation    95      1 modes -  To be done

     Representation    96      1 modes -  To be done

     Representation    97      1 modes -  To be done

     Representation    98      1 modes -  To be done

     Representation    99      1 modes -  To be done

     Representation   100      1 modes -  To be done

     Representation   101      1 modes -  To be done

     Representation   102      1 modes -  To be done

     Representation   103      1 modes -  To be done

     Representation   104      1 modes -  To be done

     Representation   105      1 modes -  To be done

     Representation   106      1 modes -  To be done

     Representation   107      1 modes -  To be done

     Representation   108      1 modes -  To be done



     Alpha used in Ewald sum =   2.8000

     negative rho (up, down):  7.181E-03 0.000E+00
     PHONON       :      1h 8m CPU      1h52m WALL



     Representation #   1 mode #   1

     Self-consistent Calculation

     Pert. #  1: Fermi energy shift (Ry) =    -2.0815E-05     0.0000E+00

      iter #   1 total cpu time :  6880.9 secs   av.it.:   6.0
      thresh= 1.000E-02 alpha_mix =  0.700 |ddv_scf|^2 =  2.111E-07

     Pert. #  1: Fermi energy shift (Ry) =     6.1535E-05     0.0000E+00

      iter #   2 total cpu time :  7142.5 secs   av.it.:  22.4
      thresh= 4.594E-05 alpha_mix =  0.700 |ddv_scf|^2 =  1.062E-06

     Pert. #  1: Fermi energy shift (Ry) =    -7.6582E-05     0.0000E+00

      iter #   3 total cpu time :  7397.5 secs   av.it.:  20.6
      thresh= 1.030E-04 alpha_mix =  0.700 |ddv_scf|^2 =  1.383E-06

     Pert. #  1: Fermi energy shift (Ry) =     4.9442E-06     0.0000E+00

      iter #   4 total cpu time :  7634.4 secs   av.it.:  18.6
      thresh= 1.176E-04 alpha_mix =  0.700 |ddv_scf|^2 =  3.211E-09

     Pert. #  1: Fermi energy shift (Ry) =    -8.7632E-05     0.0000E+00

      iter #   5 total cpu time :  7893.4 secs   av.it.:  22.0
      thresh= 5.666E-06 alpha_mix =  0.700 |ddv_scf|^2 =  6.640E-09

     Pert. #  1: Fermi energy shift (Ry) =     9.7011E-05     0.0000E+00

      iter #   6 total cpu time :  8131.4 secs   av.it.:  19.0
      thresh= 8.149E-06 alpha_mix =  0.700 |ddv_scf|^2 =  1.130E-09

     Pert. #  1: Fermi energy shift (Ry) =    -3.4354E-04     0.0000E+00

      iter #   7 total cpu time :  8382.9 secs   av.it.:  20.9
      thresh= 3.361E-06 alpha_mix =  0.700 |ddv_scf|^2 =  7.362E-09

     Pert. #  1: Fermi energy shift (Ry) =    -1.3585E-05     0.0000E+00

      iter #   8 total cpu time :  8617.3 secs   av.it.:  17.1
      thresh= 8.580E-06 alpha_mix =  0.700 |ddv_scf|^2 =  2.944E-11

     Pert. #  1: Fermi energy shift (Ry) =     1.1540E-04     0.0000E+00

      iter #   9 total cpu time :  8881.2 secs   av.it.:  22.1
      thresh= 5.426E-07 alpha_mix =  0.700 |ddv_scf|^2 =  1.345E-10

     Pert. #  1: Fermi energy shift (Ry) =    -9.3668E-06     0.0000E+00

      iter #  10 total cpu time :  9127.7 secs   av.it.:  19.4
      thresh= 1.160E-06 alpha_mix =  0.700 |ddv_scf|^2 =  6.575E-11

     Pert. #  1: Fermi energy shift (Ry) =    -1.1565E-04     0.0000E+00

      iter #  11 total cpu time :  9376.8 secs   av.it.:  20.6
      thresh= 8.109E-07 alpha_mix =  0.700 |ddv_scf|^2 =  7.356E-11

     Pert. #  1: Fermi energy shift (Ry) =    -3.0891E-05     0.0000E+00

      iter #  12 total cpu time :  9617.7 secs   av.it.:  19.0
      thresh= 8.577E-07 alpha_mix =  0.700 |ddv_scf|^2 =  1.998E-11

     Pert. #  1: Fermi energy shift (Ry) =    -8.1954E-06     0.0000E+00

      iter #  13 total cpu time :  9869.8 secs   av.it.:  19.9
      thresh= 4.469E-07 alpha_mix =  0.700 |ddv_scf|^2 =  5.960E-11

     Pert. #  1: Fermi energy shift (Ry) =     3.1594E-05     0.0000E+00

      iter #  14 total cpu time : 10095.8 secs   av.it.:  17.8
      thresh= 7.720E-07 alpha_mix =  0.700 |ddv_scf|^2 =  5.081E-12

     Pert. #  1: Fermi energy shift (Ry) =    -2.5806E-05     0.0000E+00

      iter #  15 total cpu time : 10340.8 secs   av.it.:  20.0
      thresh= 2.254E-07 alpha_mix =  0.700 |ddv_scf|^2 =  1.758E-12

     Pert. #  1: Fermi energy shift (Ry) =     2.0675E-05     0.0000E+00

      iter #  16 total cpu time : 10605.0 secs   av.it.:  21.4
      thresh= 1.326E-07 alpha_mix =  0.700 |ddv_scf|^2 =  1.073E-11

     Pert. #  1: Fermi energy shift (Ry) =    -2.0365E-05     0.0000E+00

      iter #  17 total cpu time : 10856.7 secs   av.it.:  20.0
      thresh= 3.276E-07 alpha_mix =  0.700 |ddv_scf|^2 =  1.868E-11

     Pert. #  1: Fermi energy shift (Ry) =     1.1919E-07     0.0000E+00

      iter #  18 total cpu time : 11095.3 secs   av.it.:  18.6
      thresh= 4.322E-07 alpha_mix =  0.700 |ddv_scf|^2 =  3.128E-12

     Pert. #  1: Fermi energy shift (Ry) =     9.9088E-06     0.0000E+00

      iter #  19 total cpu time : 11345.5 secs   av.it.:  20.0
      thresh= 1.769E-07 alpha_mix =  0.700 |ddv_scf|^2 =  7.327E-12

     Pert. #  1: Fermi energy shift (Ry) =     3.1664E-05     0.0000E+00

      iter #  20 total cpu time : 11581.7 secs   av.it.:  18.0
      thresh= 2.707E-07 alpha_mix =  0.700 |ddv_scf|^2 =  5.456E-12

     Pert. #  1: Fermi energy shift (Ry) =    -1.0243E-04     0.0000E+00

      iter #  21 total cpu time : 11829.1 secs   av.it.:  19.9
      thresh= 2.336E-07 alpha_mix =  0.700 |ddv_scf|^2 =  2.132E-12

     Pert. #  1: Fermi energy shift (Ry) =     3.0549E-05     0.0000E+00

      iter #  22 total cpu time : 12091.3 secs   av.it.:  21.0
      thresh= 1.460E-07 alpha_mix =  0.700 |ddv_scf|^2 =  7.293E-12

     Pert. #  1: Fermi energy shift (Ry) =     1.9452E-06     0.0000E+00

      iter #  23 total cpu time : 12334.4 secs   av.it.:  19.1
      thresh= 2.701E-07 alpha_mix =  0.700 |ddv_scf|^2 =  6.255E-12

     Pert. #  1: Fermi energy shift (Ry) =     1.0713E-04     0.0000E+00

      iter #  24 total cpu time : 12590.2 secs   av.it.:  20.2
      thresh= 2.501E-07 alpha_mix =  0.700 |ddv_scf|^2 =  1.451E-11

     Pert. #  1: Fermi energy shift (Ry) =     9.8492E-05     0.0000E+00

      iter #  25 total cpu time : 12835.2 secs   av.it.:  19.0
      thresh= 3.809E-07 alpha_mix =  0.700 |ddv_scf|^2 =  2.071E-11

     Pert. #  1: Fermi energy shift (Ry) =     8.5188E-05     0.0000E+00

      iter #  26 total cpu time : 13064.9 secs   av.it.:  17.9
      thresh= 4.551E-07 alpha_mix =  0.700 |ddv_scf|^2 =  1.053E-11

     Pert. #  1: Fermi energy shift (Ry) =    -3.8948E-04     0.0000E+00

      iter #  27 total cpu time : 13333.5 secs   av.it.:  21.1
      thresh= 3.244E-07 alpha_mix =  0.700 |ddv_scf|^2 =  5.488E-11

     Pert. #  1: Fermi energy shift (Ry) =    -6.1154E-05     0.0000E+00

      iter #  28 total cpu time : 13576.9 secs   av.it.:  19.0
      thresh= 7.408E-07 alpha_mix =  0.700 |ddv_scf|^2 =  2.619E-11

     Pert. #  1: Fermi energy shift (Ry) =    -1.8507E-04     0.0000E+00

      iter #  29 total cpu time : 13839.8 secs   av.it.:  20.5
      thresh= 5.118E-07 alpha_mix =  0.700 |ddv_scf|^2 =  1.391E-10

     Pert. #  1: Fermi energy shift (Ry) =     6.7562E-05     0.0000E+00

      iter #  30 total cpu time : 14085.9 secs   av.it.:  18.5
      thresh= 1.179E-06 alpha_mix =  0.700 |ddv_scf|^2 =  4.966E-11

     Pert. #  1: Fermi energy shift (Ry) =     1.8958E-04     0.0000E+00

      iter #  31 total cpu time : 14338.9 secs   av.it.:  19.9
      thresh= 7.047E-07 alpha_mix =  0.700 |ddv_scf|^2 =  1.989E-10

     Pert. #  1: Fermi energy shift (Ry) =     5.0472E-04     0.0000E+00

      iter #  32 total cpu time : 14596.6 secs   av.it.:  19.4
      thresh= 1.410E-06 alpha_mix =  0.700 |ddv_scf|^2 =  3.890E-10

     Pert. #  1: Fermi energy shift (Ry) =    -4.1871E-04     0.0000E+00

      iter #  33 total cpu time : 14844.3 secs   av.it.:  19.0
      thresh= 1.972E-06 alpha_mix =  0.700 |ddv_scf|^2 =  1.769E-10

     Pert. #  1: Fermi energy shift (Ry) =    -1.4554E-04     0.0000E+00

      iter #  34 total cpu time : 15106.0 secs   av.it.:  20.2
      thresh= 1.330E-06 alpha_mix =  0.700 |ddv_scf|^2 =  3.934E-10

     Pert. #  1: Fermi energy shift (Ry) =    -3.4302E-04     0.0000E+00

      iter #  35 total cpu time : 15356.8 secs   av.it.:  19.4
      thresh= 1.983E-06 alpha_mix =  0.700 |ddv_scf|^2 =  6.598E-10

     Pert. #  1: Fermi energy shift (Ry) =     2.8210E-04     0.0000E+00

      iter #  36 total cpu time : 15615.5 secs   av.it.:  20.0
      thresh= 2.569E-06 alpha_mix =  0.700 |ddv_scf|^2 =  1.539E-09

     Pert. #  1: Fermi energy shift (Ry) =     9.1933E-04     0.0000E+00

      iter #  37 total cpu time : 15871.3 secs   av.it.:  19.0
      thresh= 3.923E-06 alpha_mix =  0.700 |ddv_scf|^2 =  2.844E-09

     Pert. #  1: Fermi energy shift (Ry) =     9.2465E-04     0.0000E+00

      iter #  38 total cpu time : 16102.4 secs   av.it.:  18.0
      thresh= 5.333E-06 alpha_mix =  0.700 |ddv_scf|^2 =  1.006E-09

     Pert. #  1: Fermi energy shift (Ry) =    -1.3755E-03     0.0000E+00

      iter #  39 total cpu time : 16357.5 secs   av.it.:  21.0
      thresh= 3.172E-06 alpha_mix =  0.700 |ddv_scf|^2 =  4.833E-09

     Pert. #  1: Fermi energy shift (Ry) =    -4.3539E-04     0.0000E+00

      iter #  40 total cpu time : 16597.0 secs   av.it.:  19.1
      thresh= 6.952E-06 alpha_mix =  0.700 |ddv_scf|^2 =  3.077E-09

     Pert. #  1: Fermi energy shift (Ry) =    -2.4768E-03     0.0000E+00

      iter #  41 total cpu time : 16846.9 secs   av.it.:  20.1
      thresh= 5.547E-06 alpha_mix =  0.700 |ddv_scf|^2 =  2.166E-08

     Pert. #  1: Fermi energy shift (Ry) =    -4.2911E-04     0.0000E+00

      iter #  42 total cpu time : 17090.1 secs   av.it.:  18.0
      thresh= 1.472E-05 alpha_mix =  0.700 |ddv_scf|^2 =  6.290E-09

     Pert. #  1: Fermi energy shift (Ry) =     9.3686E-04     0.0000E+00

      iter #  43 total cpu time : 17330.4 secs   av.it.:  19.0
      thresh= 7.931E-06 alpha_mix =  0.700 |ddv_scf|^2 =  1.261E-08

     Pert. #  1: Fermi energy shift (Ry) =     4.5765E-03     0.0000E+00

      iter #  44 total cpu time : 17581.9 secs   av.it.:  20.4
      thresh= 1.123E-05 alpha_mix =  0.700 |ddv_scf|^2 =  3.875E-08

     Pert. #  1: Fermi energy shift (Ry) =    -1.7897E-03     0.0000E+00

      iter #  45 total cpu time : 17821.8 secs   av.it.:  19.0
      thresh= 1.968E-05 alpha_mix =  0.700 |ddv_scf|^2 =  2.259E-08

     Pert. #  1: Fermi energy shift (Ry) =    -3.9988E-04     0.0000E+00

      iter #  46 total cpu time : 18076.4 secs   av.it.:  20.4
      thresh= 1.503E-05 alpha_mix =  0.700 |ddv_scf|^2 =  4.743E-08

     Pert. #  1: Fermi energy shift (Ry) =    -2.9163E-03     0.0000E+00

      iter #  47 total cpu time : 18319.2 secs   av.it.:  19.0
      thresh= 2.178E-05 alpha_mix =  0.700 |ddv_scf|^2 =  5.401E-08

     Pert. #  1: Fermi energy shift (Ry) =    -1.4718E-03     0.0000E+00

      iter #  48 total cpu time : 18569.0 secs   av.it.:  19.9
      thresh= 2.324E-05 alpha_mix =  0.700 |ddv_scf|^2 =  1.320E-07

     Pert. #  1: Fermi energy shift (Ry) =     5.6319E-03     0.0000E+00

      iter #  49 total cpu time : 18810.7 secs   av.it.:  19.0
      thresh= 3.633E-05 alpha_mix =  0.700 |ddv_scf|^2 =  3.599E-07

     Pert. #  1: Fermi energy shift (Ry) =     7.6079E-03     0.0000E+00

      iter #  50 total cpu time : 19044.0 secs   av.it.:  18.1
      thresh= 5.999E-05 alpha_mix =  0.700 |ddv_scf|^2 =  1.247E-07

     Pert. #  1: Fermi energy shift (Ry) =    -5.3045E-03     0.0000E+00

      iter #  51 total cpu time : 19297.1 secs   av.it.:  20.1
      thresh= 3.531E-05 alpha_mix =  0.700 |ddv_scf|^2 =  3.588E-07

     Pert. #  1: Fermi energy shift (Ry) =     8.2486E-04     0.0000E+00

      iter #  52 total cpu time : 19541.6 secs   av.it.:  19.6
      thresh= 5.990E-05 alpha_mix =  0.700 |ddv_scf|^2 =  2.986E-07

     Pert. #  1: Fermi energy shift (Ry) =    -1.7584E-02     0.0000E+00

      iter #  53 total cpu time : 19789.2 secs   av.it.:  20.0
      thresh= 5.464E-05 alpha_mix =  0.700 |ddv_scf|^2 =  2.334E-06

     Pert. #  1: Fermi energy shift (Ry) =    -8.8853E-03     0.0000E+00

      iter #  54 total cpu time : 20023.9 secs   av.it.:  18.4
      thresh= 1.528E-04 alpha_mix =  0.700 |ddv_scf|^2 =  1.094E-06

     Pert. #  1: Fermi energy shift (Ry) =     4.4238E-03     0.0000E+00

      iter #  55 total cpu time : 20257.4 secs   av.it.:  18.5
      thresh= 1.046E-04 alpha_mix =  0.700 |ddv_scf|^2 =  9.861E-07

     Pert. #  1: Fermi energy shift (Ry) =     3.0448E-02     0.0000E+00

      iter #  56 total cpu time : 20512.1 secs   av.it.:  20.4
      thresh= 9.930E-05 alpha_mix =  0.700 |ddv_scf|^2 =  3.404E-06

     Pert. #  1: Fermi energy shift (Ry) =    -1.4301E-02     0.0000E+00

      iter #  57 total cpu time : 20753.9 secs   av.it.:  19.0
      thresh= 1.845E-04 alpha_mix =  0.700 |ddv_scf|^2 =  2.234E-06

     Pert. #  1: Fermi energy shift (Ry) =     6.0294E-03     0.0000E+00

      iter #  58 total cpu time : 21008.0 secs   av.it.:  20.6
      thresh= 1.495E-04 alpha_mix =  0.700 |ddv_scf|^2 =  7.725E-06

     Pert. #  1: Fermi energy shift (Ry) =    -1.8956E-02     0.0000E+00

      iter #  59 total cpu time : 21243.1 secs   av.it.:  18.1
      thresh= 2.779E-04 alpha_mix =  0.700 |ddv_scf|^2 =  5.763E-06

     Pert. #  1: Fermi energy shift (Ry) =    -1.8645E-02     0.0000E+00

      iter #  60 total cpu time : 21480.7 secs   av.it.:  19.1
      thresh= 2.401E-04 alpha_mix =  0.700 |ddv_scf|^2 =  9.784E-06

     Program PHONON v.6.7MaX starts on 22May2026 at 23:10: 8 

     This program is part of the open-source Quantum ESPRESSO suite
     for quantum simulation of materials; please cite
         "P. Giannozzi et al., J. Phys.:Condens. Matter 21 395502 (2009);
         "P. Giannozzi et al., J. Phys.:Condens. Matter 29 465901 (2017);
          URL http://www.quantum-espresso.org", 
     in publications or presentations arising from this work. More details at
     http://www.quantum-espresso.org/quote

     Parallel version (MPI), running on     4 processors

     MPI processes distributed on     1 nodes
     R & G space division:  proc/nbgrp/npool/nimage =       4
     Waiting for input...
     Reading input from standard input

     Reading xml data from directory:

     ./tmp/HfTh3TiH38.save/
     Message from routine read_pp_mesh:
     mesh size missing, using the one in header
     file Th.UPF: wavefunction(s)  6P 6D 5F renormalized

     IMPORTANT: XC functional enforced from input :
     Exchange-correlation= PBE
                           (   1   4   3   4   0   0   0)
     Any further DFT definition will be discarded
     Please, verify this is what you really want


     Parallelization info
     --------------------
     sticks:   dense  smooth     PW     G-vecs:    dense   smooth      PW
     Min        1870     750    211               208883    52834    7947
     Max        1871     751    212               208886    52837    7952
     Sum        7483    3001    847               835537   211341   31803


     negative rho (up, down):  7.181E-03 0.000E+00
     Reading collected, re-writing distributed wavefunctions

     Saving dvscf to file. Distribute only q points, not irreducible represetations.
        8 /   8 q-points for this run, from  1 to  8:
       N       xq(1)         xq(2)         xq(3) 
       1   0.000000000   0.000000000   0.000000000
       2   0.000000878  -0.000000071  -0.313965235
       3  -0.501427429  -0.289511918   0.000001700
       4  -0.501426551  -0.289511989  -0.313963534
       5  -0.501437403   0.289529222   0.000002440
       6  -0.501436525   0.289529151  -0.313962795
       7  -1.002864832   0.000017304   0.000004140
       8  -1.002863955   0.000017233  -0.313961095


     Calculation of q =    0.0000000   0.0000000   0.0000000
     Message from routine ph_restart_set_filename :
     cannot open file for reading or writing
 end of file reached, closing tag not found
warning: file closed at level 1 with tag Root open
     Message from routine ph_restart_set_filename :
     cannot open file for reading or writing
     Message from routine ph_restart_set_filename :
     cannot open file for reading or writing
     Message from routine ph_restart_set_filename :
     cannot open file for reading or writing
     Message from routine ph_restart_set_filename :
     cannot open file for reading or writing
     Message from routine ph_restart_set_filename :
     cannot open file for reading or writing
     Message from routine ph_restart_set_filename :
     cannot open file for reading or writing
     Message from routine ph_restart_set_filename :
     cannot open file for reading or writing
     Message from routine ph_restart_set_filename :
     cannot open file for reading or writing
     Message from routine ph_restart_set_filename :
     cannot open file for reading or writing
     Message from routine ph_restart_set_filename :
     cannot open file for reading or writing
     Message from routine ph_restart_set_filename :
     cannot open file for reading or writing
     Message from routine ph_restart_set_filename :
     cannot open file for reading or writing
     Message from routine ph_restart_set_filename :
     cannot open file for reading or writing
     Message from routine ph_restart_set_filename :
     cannot open file for reading or writing
     Message from routine ph_restart_set_filename :
     cannot open file for reading or writing
     Message from routine ph_restart_set_filename :
     cannot open file for reading or writing
     Message from routine ph_restart_set_filename :
     cannot open file for reading or writing
     Message from routine ph_restart_set_filename :
     cannot open file for reading or writing
     Message from routine ph_restart_set_filename :
     cannot open file for reading or writing
     Message from routine ph_restart_set_filename :
     cannot open file for reading or writing
     Message from routine ph_restart_set_filename :
     cannot open file for reading or writing
     Message from routine ph_restart_set_filename :
     cannot open file for reading or writing
     Message from routine ph_restart_set_filename :
     cannot open file for reading or writing
     Message from routine ph_restart_set_filename :
     cannot open file for reading or writing
     Message from routine ph_restart_set_filename :
     cannot open file for reading or writing
     Message from routine ph_restart_set_filename :
     cannot open file for reading or writing
     Message from routine ph_restart_set_filename :
     cannot open file for reading or writing
     Message from routine ph_restart_set_filename :
     cannot open file for reading or writing
     Message from routine ph_restart_set_filename :
     cannot open file for reading or writing
     Message from routine ph_restart_set_filename :
     cannot open file for reading or writing
     Message from routine ph_restart_set_filename :
     cannot open file for reading or writing
     Message from routine ph_restart_set_filename :
     cannot open file for reading or writing
     Message from routine ph_restart_set_filename :
     cannot open file for reading or writing
     Message from routine ph_restart_set_filename :
     cannot open file for reading or writing
     Message from routine ph_restart_set_filename :
     cannot open file for reading or writing
     Message from routine ph_restart_set_filename :
     cannot open file for reading or writing
     Message from routine ph_restart_set_filename :
     cannot open file for reading or writing
     Message from routine ph_restart_set_filename :
     cannot open file for reading or writing
     Message from routine ph_restart_set_filename :
     cannot open file for reading or writing
     Message from routine ph_restart_set_filename :
     cannot open file for reading or writing
     Message from routine ph_restart_set_filename :
     cannot open file for reading or writing
     Message from routine ph_restart_set_filename :
     cannot open file for reading or writing
     Message from routine ph_restart_set_filename :
     cannot open file for reading or writing
     Message from routine ph_restart_set_filename :
     cannot open file for reading or writing
     Message from routine ph_restart_set_filename :
     cannot open file for reading or writing
     Message from routine ph_restart_set_filename :
     cannot open file for reading or writing
     Message from routine ph_restart_set_filename :
     cannot open file for reading or writing
     Message from routine ph_restart_set_filename :
     cannot open file for reading or writing
     Message from routine ph_restart_set_filename :
     cannot open file for reading or writing
     Message from routine ph_restart_set_filename :
     cannot open file for reading or writing
     Message from routine ph_restart_set_filename :
     cannot open file for reading or writing
     Message from routine ph_restart_set_filename :
     cannot open file for reading or writing
     Message from routine ph_restart_set_filename :
     cannot open file for reading or writing
     Message from routine ph_restart_set_filename :
     cannot open file for reading or writing
     Message from routine ph_restart_set_filename :
     cannot open file for reading or writing
     Message from routine ph_restart_set_filename :
     cannot open file for reading or writing
     Message from routine ph_restart_set_filename :
     cannot open file for reading or writing
     Message from routine ph_restart_set_filename :
     cannot open file for reading or writing
     Message from routine ph_restart_set_filename :
     cannot open file for reading or writing
     Message from routine ph_restart_set_filename :
     cannot open file for reading or writing
     Message from routine ph_restart_set_filename :
     cannot open file for reading or writing
     Message from routine ph_restart_set_filename :
     cannot open file for reading or writing
     Message from routine ph_restart_set_filename :
     cannot open file for reading or writing
     Message from routine ph_restart_set_filename :
     cannot open file for reading or writing
     Message from routine ph_restart_set_filename :
     cannot open file for reading or writing
     Message from routine ph_restart_set_filename :
     cannot open file for reading or writing
     Message from routine ph_restart_set_filename :
     cannot open file for reading or writing
     Message from routine ph_restart_set_filename :
     cannot open file for reading or writing
     Message from routine ph_restart_set_filename :
     cannot open file for reading or writing
     Message from routine ph_restart_set_filename :
     cannot open file for reading or writing
     Message from routine ph_restart_set_filename :
     cannot open file for reading or writing
     Message from routine ph_restart_set_filename :
     cannot open file for reading or writing
     Message from routine ph_restart_set_filename :
     cannot open file for reading or writing
     Message from routine ph_restart_set_filename :
     cannot open file for reading or writing
     Message from routine ph_restart_set_filename :
     cannot open file for reading or writing
     Message from routine ph_restart_set_filename :
     cannot open file for reading or writing
     Message from routine ph_restart_set_filename :
     cannot open file for reading or writing
     Message from routine ph_restart_set_filename :
     cannot open file for reading or writing
     Message from routine ph_restart_set_filename :
     cannot open file for reading or writing
     Message from routine ph_restart_set_filename :
     cannot open file for reading or writing
     Message from routine ph_restart_set_filename :
     cannot open file for reading or writing
     Message from routine ph_restart_set_filename :
     cannot open file for reading or writing
     Message from routine ph_restart_set_filename :
     cannot open file for reading or writing
     Message from routine ph_restart_set_filename :
     cannot open file for reading or writing
     Message from routine ph_restart_set_filename :
     cannot open file for reading or writing
     Message from routine ph_restart_set_filename :
     cannot open file for reading or writing
     Message from routine ph_restart_set_filename :
     cannot open file for reading or writing
     Message from routine ph_restart_set_filename :
     cannot open file for reading or writing
     Message from routine ph_restart_set_filename :
     cannot open file for reading or writing
     Message from routine ph_restart_set_filename :
     cannot open file for reading or writing
     Message from routine ph_restart_set_filename :
     cannot open file for reading or writing
     Message from routine ph_restart_set_filename :
     cannot open file for reading or writing
     Message from routine ph_restart_set_filename :
     cannot open file for reading or writing
     Message from routine ph_restart_set_filename :
     cannot open file for reading or writing
     Message from routine ph_restart_set_filename :
     cannot open file for reading or writing
     Message from routine ph_restart_set_filename :
     cannot open file for reading or writing
     Message from routine ph_restart_set_filename :
     cannot open file for reading or writing
     Message from routine ph_restart_set_filename :
     cannot open file for reading or writing
     Message from routine ph_restart_set_filename :
     cannot open file for reading or writing
     Message from routine ph_restart_set_filename :
     cannot open file for reading or writing
     Message from routine ph_restart_set_filename :
     cannot open file for reading or writing
     Message from routine ph_restart_set_filename :
     cannot open file for reading or writing
     Message from routine ph_restart_set_filename :
     cannot open file for reading or writing
     Message from routine ph_restart_set_filename :
     cannot open file for reading or writing
     Message from routine ph_restart_set_filename :
     cannot open file for reading or writing
     Message from routine ph_restart_set_filename :
     cannot open file for reading or writing
     Message from routine ph_restart_set_filename :
     cannot open file for reading or writing
     Message from routine ph_restart_set_filename :
     cannot open file for reading or writing
     Message from routine ph_restart_set_filename :
     cannot open file for reading or writing
     Message from routine ph_restart_set_filename :
     cannot open file for reading or writing
     Message from routine ph_restart_set_filename :
     cannot open file for reading or writing
     Message from routine ph_restart_set_filename :
     cannot open file for reading or writing
     Message from routine ph_restart_set_filename :
     cannot open file for reading or writing
     Message from routine ph_restart_set_filename :
     cannot open file for reading or writing
     Message from routine ph_restart_set_filename :
     cannot open file for reading or writing
     Message from routine ph_restart_set_filename :
     cannot open file for reading or writing
     Message from routine ph_restart_set_filename :
     cannot open file for reading or writing
     Message from routine ph_restart_set_filename :
     cannot open file for reading or writing
     Message from routine ph_restart_set_filename :
     cannot open file for reading or writing
     Message from routine ph_restart_set_filename :
     cannot open file for reading or writing
     Message from routine ph_restart_set_filename :
     cannot open file for reading or writing
     Message from routine ph_restart_set_filename :
     cannot open file for reading or writing
     Message from routine ph_restart_set_filename :
     cannot open file for reading or writing
     Message from routine ph_restart_set_filename :
     cannot open file for reading or writing
     Message from routine ph_restart_set_filename :
     cannot open file for reading or writing
     Message from routine ph_restart_set_filename :
     cannot open file for reading or writing
     Message from routine ph_restart_set_filename :
     cannot open file for reading or writing
     Message from routine ph_restart_set_filename :
     cannot open file for reading or writing
     Message from routine ph_restart_set_filename :
     cannot open file for reading or writing
     Message from routine ph_restart_set_filename :
     cannot open file for reading or writing
     Message from routine ph_restart_set_filename :
     cannot open file for reading or writing
     Message from routine ph_restart_set_filename :
     cannot open file for reading or writing
     Message from routine ph_restart_set_filename :
     cannot open file for reading or writing
     Message from routine ph_restart_set_filename :
     cannot open file for reading or writing
     Message from routine ph_restart_set_filename :
     cannot open file for reading or writing
     Message from routine ph_restart_set_filename :
     cannot open file for reading or writing
     Message from routine ph_restart_set_filename :
     cannot open file for reading or writing
     Message from routine ph_restart_set_filename :
     cannot open file for reading or writing
     Message from routine ph_restart_set_filename :
     cannot open file for reading or writing
     Message from routine ph_restart_set_filename :
     cannot open file for reading or writing
     Message from routine ph_restart_set_filename :
     cannot open file for reading or writing
     Message from routine ph_restart_set_filename :
     cannot open file for reading or writing
     Message from routine ph_restart_set_filename :
     cannot open file for reading or writing
     Message from routine ph_restart_set_filename :
     cannot open file for reading or writing
     Message from routine ph_restart_set_filename :
     cannot open file for reading or writing
     Message from routine ph_restart_set_filename :
     cannot open file for reading or writing
     Message from routine ph_restart_set_filename :
     cannot open file for reading or writing
     Message from routine ph_restart_set_filename :
     cannot open file for reading or writing
     Message from routine ph_restart_set_filename :
     cannot open file for reading or writing
     Message from routine ph_restart_set_filename :
     cannot open file for reading or writing
     Message from routine ph_restart_set_filename :
     cannot open file for reading or writing
     Message from routine ph_restart_set_filename :
     cannot open file for reading or writing
     Message from routine ph_restart_set_filename :
     cannot open file for reading or writing
     Message from routine ph_restart_set_filename :
     cannot open file for reading or writing
     Message from routine ph_restart_set_filename :
     cannot open file for reading or writing
     Message from routine ph_restart_set_filename :
     cannot open file for reading or writing
     Message from routine ph_restart_set_filename :
     cannot open file for reading or writing
     Message from routine ph_restart_set_filename :
     cannot open file for reading or writing
     Message from routine ph_restart_set_filename :
     cannot open file for reading or writing
     Message from routine ph_restart_set_filename :
     cannot open file for reading or writing
     Message from routine ph_restart_set_filename :
     cannot open file for reading or writing
     Message from routine ph_restart_set_filename :
     cannot open file for reading or writing
     Message from routine ph_restart_set_filename :
     cannot open file for reading or writing
     Message from routine ph_restart_set_filename :
     cannot open file for reading or writing
     Message from routine ph_restart_set_filename :
     cannot open file for reading or writing
     Message from routine ph_restart_set_filename :
     cannot open file for reading or writing
     Message from routine ph_restart_set_filename :
     cannot open file for reading or writing
     Message from routine ph_restart_set_filename :
     cannot open file for reading or writing
     Message from routine ph_restart_set_filename :
     cannot open file for reading or writing
     Message from routine ph_restart_set_filename :
     cannot open file for reading or writing
     Message from routine ph_restart_set_filename :
     cannot open file for reading or writing
     Message from routine ph_restart_set_filename :
     cannot open file for reading or writing
     Message from routine ph_restart_set_filename :
     cannot open file for reading or writing
     Message from routine ph_restart_set_filename :
     cannot open file for reading or writing
     Message from routine ph_restart_set_filename :
     cannot open file for reading or writing
     Message from routine ph_restart_set_filename :
     cannot open file for reading or writing
     Message from routine ph_restart_set_filename :
     cannot open file for reading or writing
     Message from routine ph_restart_set_filename :
     cannot open file for reading or writing
     Message from routine ph_restart_set_filename :
     cannot open file for reading or writing
     Message from routine ph_restart_set_filename :
     cannot open file for reading or writing
     Message from routine ph_restart_set_filename :
     cannot open file for reading or writing
     Message from routine ph_restart_set_filename :
     cannot open file for reading or writing
     Message from routine ph_restart_set_filename :
     cannot open file for reading or writing
     Message from routine ph_restart_set_filename :
     cannot open file for reading or writing
     Message from routine ph_restart_set_filename :
     cannot open file for reading or writing
     Message from routine ph_restart_set_filename :
     cannot open file for reading or writing
     Message from routine ph_restart_set_filename :
     cannot open file for reading or writing
     Message from routine ph_restart_set_filename :
     cannot open file for reading or writing
     Message from routine ph_restart_set_filename :
     cannot open file for reading or writing
     Message from routine ph_restart_set_filename :
     cannot open file for reading or writing
     Message from routine ph_restart_set_filename :
     cannot open file for reading or writing
     Message from routine ph_restart_set_filename :
     cannot open file for reading or writing
     Message from routine ph_restart_set_filename :
     cannot open file for reading or writing
     Message from routine ph_restart_set_filename :
     cannot open file for reading or writing
     Message from routine ph_restart_set_filename :
     cannot open file for reading or writing
     Message from routine ph_restart_set_filename :
     cannot open file for reading or writing
     Message from routine ph_restart_set_filename :
     cannot open file for reading or writing
     Message from routine ph_restart_set_filename :
     cannot open file for reading or writing
     Message from routine ph_restart_set_filename :
     cannot open file for reading or writing
     Message from routine ph_restart_set_filename :
     cannot open file for reading or writing
     Message from routine ph_restart_set_filename :
     cannot open file for reading or writing
     Message from routine ph_restart_set_filename :
     cannot open file for reading or writing
     Message from routine ph_restart_set_filename :
     cannot open file for reading or writing
     Message from routine ph_restart_set_filename :
     cannot open file for reading or writing
     Message from routine ph_restart_set_filename :
     cannot open file for reading or writing
     Message from routine ph_restart_set_filename :
     cannot open file for reading or writing
     Message from routine ph_restart_set_filename :
     cannot open file for reading or writing
     Message from routine ph_restart_set_filename :
     cannot open file for reading or writing
     Message from routine ph_restart_set_filename :
     cannot open file for reading or writing
     Message from routine ph_restart_set_filename :
     cannot open file for reading or writing
     Message from routine ph_restart_set_filename :
     cannot open file for reading or writing
     Message from routine ph_restart_set_filename :
     cannot open file for reading or writing
     Message from routine ph_restart_set_filename :
     cannot open file for reading or writing
     Message from routine ph_restart_set_filename :
     cannot open file for reading or writing
     Message from routine ph_restart_set_filename :
     cannot open file for reading or writing
     Message from routine ph_restart_set_filename :
     cannot open file for reading or writing

     Restart in Phonon calculation

     Phonons                                                                    

     bravais-lattice index     =            0
     lattice parameter (alat)  =      11.6813  a.u.
     unit-cell volume          =    2186.1754 (a.u.)^3
     number of atoms/cell      =           36
     number of atomic types    =            4
     kinetic-energy cut-off    =      80.0000  Ry
     charge density cut-off    =     800.0000  Ry
     convergence threshold     =      1.0E-14
     beta                      =       0.7000
     number of iterations used =            4
     Exchange-correlation= PBE
                           (   1   4   3   4   0   0   0)


     celldm(1)=   11.68134  celldm(2)=    0.00000  celldm(3)=    0.00000
     celldm(4)=    0.00000  celldm(5)=    0.00000  celldm(6)=    0.00000

     crystal axes: (cart. coord. in units of alat)
               a(1) = (  0.4986 -0.8636  0.0000 )  
               a(2) = (  0.4986  0.8636  0.0000 )  
               a(3) = (  0.0000 -0.0000  1.5926 )  

     reciprocal axes: (cart. coord. in units 2 pi/alat)
               b(1) = (  1.0028 -0.5790 -0.0000 )  
               b(2) = (  1.0028  0.5790 -0.0000 )  
               b(3) = ( -0.0000  0.0000  0.6279 )  


     Atoms inside the unit cell: 

     Cartesian axes

     site n.  atom      mass           positions (alat units)
        1     Hf   1.0000   tau(    1) = (    0.49862    0.28787    0.71830  )
        2     Th   1.0000   tau(    2) = (    0.49862   -0.28783    1.49764  )
        3     Th   1.0000   tau(    3) = (    0.49862   -0.28783    0.88420  )
        4     Th   1.0000   tau(    4) = (    0.49860    0.28785    0.10268  )
        5     Ti   1.0000   tau(    5) = (    0.24875    0.14362    1.18507  )
        6     Ti   1.0000   tau(    6) = (    0.49858   -0.57725    0.41006  )
        7     Ti   1.0000   tau(    7) = (    0.24796   -0.14319    0.41006  )
        8     Ti   1.0000   tau(    8) = (    0.74850    0.14364    1.18508  )
        9     Ti   1.0000   tau(    9) = (    0.49864    0.57638    1.18509  )
       10     Ti   1.0000   tau(   10) = (    0.74924   -0.14317    0.41007  )
       11     Ti   1.0000   tau(   11) = (    0.00000   -0.00000    0.79940  )
       12     Ti   1.0000   tau(   12) = (   -0.00001   -0.00000    0.00622  )
       13     H    1.0000   tau(   13) = (    0.49862    0.58172    0.88522  )
       14     H    1.0000   tau(   14) = (    0.24413    0.14091    0.88521  )
       15     H    1.0000   tau(   15) = (    0.75310    0.14092    0.88522  )
       16     H    1.0000   tau(   16) = (    0.23268   -0.13424    0.11184  )
       17     H    1.0000   tau(   17) = (    0.76474   -0.13419    0.69746  )
       18     H    1.0000   tau(   18) = (    0.49864   -0.59494    0.11183  )
       19     H    1.0000   tau(   19) = (    0.76456   -0.13428    0.11185  )
       20     H    1.0000   tau(   20) = (    0.49859    0.59657    1.48253  )
       21     H    1.0000   tau(   21) = (    0.76593    0.13344    1.48252  )
       22     H    1.0000   tau(   22) = (    0.23249   -0.13419    0.69746  )
       23     H    1.0000   tau(   23) = (    0.49862   -0.59513    0.69747  )
       24     H    1.0000   tau(   24) = (    0.23127    0.13346    1.48250  )
       25     H    1.0000   tau(   25) = (    0.27611   -0.41631    0.57034  )
       26     H    1.0000   tau(   26) = (    0.49862    0.06821    1.34987  )
       27     H    1.0000   tau(   27) = (    0.30837    0.39770    1.34990  )
       28     H    1.0000   tau(   28) = (    0.72110   -0.41630    0.57031  )
       29     H    1.0000   tau(   29) = (    0.49861   -0.03096    0.57030  )
       30     H    1.0000   tau(   30) = (    0.68167    0.39355    1.01817  )
       31     H    1.0000   tau(   31) = (    0.49862    0.07660    1.01816  )
       32     H    1.0000   tau(   32) = (    0.68889    0.39772    1.34992  )
       33     H    1.0000   tau(   33) = (    0.31561    0.39353    1.01816  )
       34     H    1.0000   tau(   34) = (    0.68413   -0.39496    0.24370  )
       35     H    1.0000   tau(   35) = (    0.31303   -0.39499    0.24368  )
       36     H    1.0000   tau(   36) = (    0.49861   -0.07367    0.24371  )

     Computing dynamical matrix for 
                    q = (   0.0000000   0.0000000   0.0000000 )

      2 Sym.Ops. (with q -> -q+G )


     G cutoff = 2765.1295  ( 208884 G-vectors)     FFT grid: (108,108,180)
     G cutoff = 1106.0518  (  52834 G-vectors)  smooth grid: ( 72, 72,108)

     number of k points=     8  Methfessel-Paxton smearing, width (Ry)=  0.0200

     PseudoPot. # 1 for H  read from file:
     /home/marco/ZOS_Cloud_Compute/pseudo/H.UPF
     MD5 check sum: f52b6d4d1c606e5624b1dc7b2218f220
     Pseudo is Ultrasoft, Zval =  1.0
     Generated using "atomic" code by A. Dal Corso  v.5.1
     Using radial grid of  929 points,  2 beta functions with: 
                l(1) =   0
                l(2) =   0
     Q(r) pseudized with 0 coefficients 


     PseudoPot. # 2 for Hf read from file:
     /home/marco/ZOS_Cloud_Compute/pseudo/Hf.UPF
     MD5 check sum: 417ed15784afe83d2e06dacf143de3f8
     Pseudo is Norm-conserving + core correction, Zval = 12.0
     Generated using ONCVPSP code by D. R. Hamann
     Using radial grid of 1656 points,  8 beta functions with: 
                l(1) =   0
                l(2) =   0
                l(3) =   1
                l(4) =   1
                l(5) =   2
                l(6) =   2
                l(7) =   3
                l(8) =   3

     PseudoPot. # 3 for Th read from file:
     /home/marco/ZOS_Cloud_Compute/pseudo/Th.UPF
     MD5 check sum: c778f5c1781d25750cbff4a0d60de988
     Pseudo is Projector augmented-wave + core cor, Zval = 12.0
     Generated using &quot;atomic&quot; code by A. Dal Corso  v.6.3MaX
     Shape of augmentation charge: PSQ
     Using radial grid of 1289 points,  8 beta functions with: 
                l(1) =   0
                l(2) =   0
                l(3) =   1
                l(4) =   1
                l(5) =   2
                l(6) =   2
                l(7) =   3
                l(8) =   3
     Q(r) pseudized with 0 coefficients 


     PseudoPot. # 4 for Ti read from file:
     /home/marco/ZOS_Cloud_Compute/pseudo/Ti.UPF
     MD5 check sum: 88a00a6731bd790ddea75d31a80cb452
     Pseudo is Ultrasoft + core correction, Zval = 12.0
     Generated by new atomic code, or converted to UPF format
     Using radial grid of  851 points,  6 beta functions with: 
                l(1) =   0
                l(2) =   0
                l(3) =   1
                l(4) =   1
                l(5) =   2
                l(6) =   2
     Q(r) pseudized with  6 coefficients,  rinner =    1.000   1.000   1.000
                                                       1.000   1.000

     Mode symmetry, C_1 (1)     point group:


     Atomic displacements:
     There are  108 irreducible representations

     Representation     1      1 modes -  To be done

     Representation     2      1 modes -  To be done

     Representation     3      1 modes -  To be done

     Representation     4      1 modes -  To be done

     Representation     5      1 modes -  To be done

     Representation     6      1 modes -  To be done

     Representation     7      1 modes -  To be done

     Representation     8      1 modes -  To be done

     Representation     9      1 modes -  To be done

     Representation    10      1 modes -  To be done

     Representation    11      1 modes -  To be done

     Representation    12      1 modes -  To be done

     Representation    13      1 modes -  To be done

     Representation    14      1 modes -  To be done

     Representation    15      1 modes -  To be done

     Representation    16      1 modes -  To be done

     Representation    17      1 modes -  To be done

     Representation    18      1 modes -  To be done

     Representation    19      1 modes -  To be done

     Representation    20      1 modes -  To be done

     Representation    21      1 modes -  To be done

     Representation    22      1 modes -  To be done

     Representation    23      1 modes -  To be done

     Representation    24      1 modes -  To be done

     Representation    25      1 modes -  To be done

     Representation    26      1 modes -  To be done

     Representation    27      1 modes -  To be done

     Representation    28      1 modes -  To be done

     Representation    29      1 modes -  To be done

     Representation    30      1 modes -  To be done

     Representation    31      1 modes -  To be done

     Representation    32      1 modes -  To be done

     Representation    33      1 modes -  To be done

     Representation    34      1 modes -  To be done

     Representation    35      1 modes -  To be done

     Representation    36      1 modes -  To be done

     Representation    37      1 modes -  To be done

     Representation    38      1 modes -  To be done

     Representation    39      1 modes -  To be done

     Representation    40      1 modes -  To be done

     Representation    41      1 modes -  To be done

     Representation    42      1 modes -  To be done

     Representation    43      1 modes -  To be done

     Representation    44      1 modes -  To be done

     Representation    45      1 modes -  To be done

     Representation    46      1 modes -  To be done

     Representation    47      1 modes -  To be done

     Representation    48      1 modes -  To be done

     Representation    49      1 modes -  To be done

     Representation    50      1 modes -  To be done

     Representation    51      1 modes -  To be done

     Representation    52      1 modes -  To be done

     Representation    53      1 modes -  To be done

     Representation    54      1 modes -  To be done

     Representation    55      1 modes -  To be done

     Representation    56      1 modes -  To be done

     Representation    57      1 modes -  To be done

     Representation    58      1 modes -  To be done

     Representation    59      1 modes -  To be done

     Representation    60      1 modes -  To be done

     Representation    61      1 modes -  To be done

     Representation    62      1 modes -  To be done

     Representation    63      1 modes -  To be done

     Representation    64      1 modes -  To be done

     Representation    65      1 modes -  To be done

     Representation    66      1 modes -  To be done

     Representation    67      1 modes -  To be done

     Representation    68      1 modes -  To be done

     Representation    69      1 modes -  To be done

     Representation    70      1 modes -  To be done

     Representation    71      1 modes -  To be done

     Representation    72      1 modes -  To be done

     Representation    73      1 modes -  To be done

     Representation    74      1 modes -  To be done

     Representation    75      1 modes -  To be done

     Representation    76      1 modes -  To be done

     Representation    77      1 modes -  To be done

     Representation    78      1 modes -  To be done

     Representation    79      1 modes -  To be done

     Representation    80      1 modes -  To be done

     Representation    81      1 modes -  To be done

     Representation    82      1 modes -  To be done

     Representation    83      1 modes -  To be done

     Representation    84      1 modes -  To be done

     Representation    85      1 modes -  To be done

     Representation    86      1 modes -  To be done

     Representation    87      1 modes -  To be done

     Representation    88      1 modes -  To be done

     Representation    89      1 modes -  To be done

     Representation    90      1 modes -  To be done

     Representation    91      1 modes -  To be done

     Representation    92      1 modes -  To be done

     Representation    93      1 modes -  To be done

     Representation    94      1 modes -  To be done

     Representation    95      1 modes -  To be done

     Representation    96      1 modes -  To be done

     Representation    97      1 modes -  To be done

     Representation    98      1 modes -  To be done

     Representation    99      1 modes -  To be done

     Representation   100      1 modes -  To be done

     Representation   101      1 modes -  To be done

     Representation   102      1 modes -  To be done

     Representation   103      1 modes -  To be done

     Representation   104      1 modes -  To be done

     Representation   105      1 modes -  To be done

     Representation   106      1 modes -  To be done

     Representation   107      1 modes -  To be done

     Representation   108      1 modes -  To be done


