
     Program PHONON v.6.7MaX starts on 20Feb2026 at  2:21:33 

     This program is part of the open-source Quantum ESPRESSO suite
     for quantum simulation of materials; please cite
         "P. Giannozzi et al., J. Phys.:Condens. Matter 21 395502 (2009);
         "P. Giannozzi et al., J. Phys.:Condens. Matter 29 465901 (2017);
          URL http://www.quantum-espresso.org", 
     in publications or presentations arising from this work. More details at
     http://www.quantum-espresso.org/quote

     Parallel version (MPI), running on     1 processors

     MPI processes distributed on     1 nodes
     Waiting for input...
     Reading input from standard input

     Reading xml data from directory:

     ./tmp/YMg5TaReH14.save/
     Message from routine read_pp_mesh:
     mismatch in mesh size, discarding the one in header
     file H.UPF: wavefunction(s)  1S renormalized
     file Re.UPF: wavefunction(s)  5P 5D 4F renormalized

     IMPORTANT: XC functional enforced from input :
     Exchange-correlation= PBE
                           (   1   4   3   4   0   0   0)
     Any further DFT definition will be discarded
     Please, verify this is what you really want


     G-vector sticks info
     --------------------
     sticks:   dense  smooth     PW     G-vecs:    dense   smooth      PW
     Sum        2491    1261    379               220975    78179   12897


     Check: negative core charge=   -0.000003

     negative rho (up, down):  4.405E-02 0.000E+00
     Reading collected, re-writing distributed wavefunctions


     Dynamical matrices for ( 1, 1, 1)  uniform grid of q-points
     (   1 q-points):
       N         xq(1)         xq(2)         xq(3) 
       1   0.000000000   0.000000000   0.000000000

     Calculation of q =    0.0000000   0.0000000   0.0000000

     Phonons                                                                    

     bravais-lattice index     =            0
     lattice parameter (alat)  =       9.4588  a.u.
     unit-cell volume          =    1636.4510 (a.u.)^3
     number of atoms/cell      =           22
     number of atomic types    =            5
     kinetic-energy cut-off    =      50.0000  Ry
     charge density cut-off    =     400.0000  Ry
     convergence threshold     =      1.0E-14
     beta                      =       0.7000
     number of iterations used =            4
     Exchange-correlation= PBE
                           (   1   4   3   4   0   0   0)


     celldm(1)=    9.45880  celldm(2)=    0.00000  celldm(3)=    0.00000
     celldm(4)=    0.00000  celldm(5)=    0.00000  celldm(6)=    0.00000

     crystal axes: (cart. coord. in units of alat)
               a(1) = (  0.5024 -0.8702  0.0000 )  
               a(2) = (  0.5024  0.8702 -0.0000 )  
               a(3) = ( -0.0000 -0.0000  2.2117 )  

     reciprocal axes: (cart. coord. in units 2 pi/alat)
               b(1) = (  0.9952 -0.5746 -0.0000 )  
               b(2) = (  0.9953  0.5746  0.0000 )  
               b(3) = ( -0.0000  0.0000  0.4521 )  


     Atoms inside the unit cell: 

     Cartesian axes

     site n.  atom      mass           positions (alat units)
        1     Mg   1.0000   tau(    1) = (    0.50239    0.29005    0.92803  )
        2     Y    1.0000   tau(    2) = (    0.50239   -0.29006    1.26176  )
        3     Mg   1.0000   tau(    3) = (    0.50238   -0.29006    2.08041  )
        4     Mg   1.0000   tau(    4) = (    0.50238    0.29005    0.14043  )
        5     Mg   1.0000   tau(    5) = (    0.50240   -0.87019    0.54079  )
        6     Mg   1.0000   tau(    6) = (    0.50239   -0.87016    1.67733  )
        7     Re   1.0000   tau(    7) = (    0.50239    0.87015    1.10214  )
        8     Ta   1.0000   tau(    8) = (   -0.00001    0.00000    0.00276  )
        9     H    1.0000   tau(    9) = (    0.50238    0.57493    1.97960  )
       10     H    1.0000   tau(   10) = (    0.25566    0.14761    1.97960  )
       11     H    1.0000   tau(   11) = (    0.74910    0.14761    1.97960  )
       12     H    1.0000   tau(   12) = (    0.50238   -0.57483    0.23708  )
       13     H    1.0000   tau(   13) = (    0.74899   -0.14765    0.23706  )
       14     H    1.0000   tau(   14) = (    0.25577   -0.14766    0.23705  )
       15     H    1.0000   tau(   15) = (    0.50239   -0.58785    0.89160  )
       16     H    1.0000   tau(   16) = (    0.76028   -0.14116    0.89160  )
       17     H    1.0000   tau(   17) = (    0.24450   -0.14116    0.89160  )
       18     H    1.0000   tau(   18) = (    0.50239    0.58112    1.31027  )
       19     H    1.0000   tau(   19) = (    0.25031    0.14450    1.31028  )
       20     H    1.0000   tau(   20) = (    0.75448    0.14450    1.31029  )
       21     H    1.0000   tau(   21) = (    0.50237    0.29008    0.56303  )
       22     H    1.0000   tau(   22) = (    0.50238   -0.29008    1.67079  )

     Computing dynamical matrix for 
                    q = (   0.0000000   0.0000000   0.0000000 )

      2 Sym.Ops. (with q -> -q+G )


     G cutoff =  906.5095  ( 220975 G-vectors)     FFT grid: ( 64, 64,135)
     G cutoff =  453.2548  (  78179 G-vectors)  smooth grid: ( 45, 45, 96)

     number of k points=     8  Methfessel-Paxton smearing, width (Ry)=  0.0200

     PseudoPot. # 1 for H  read from file:
     /home/marco/ZOS_Cloud_Compute/pseudo/H.UPF
     MD5 check sum: 850d63dcbcc06c5de8b44e0ab9f952da
     Pseudo is Projector augmented-wave, Zval =  1.0
     Generated using "atomic" code by A. Dal Corso  v.5.1.2
     Shape of augmentation charge: PSQ
     Using radial grid of  929 points,  2 beta functions with: 
                l(1) =   0
                l(2) =   0
     Q(r) pseudized with 0 coefficients 


     PseudoPot. # 2 for Mg read from file:
     /home/marco/ZOS_Cloud_Compute/pseudo/Mg.UPF
     MD5 check sum: a77e51077e70c6c73445c6cac60d158f
     Pseudo is Projector augmented-wave + core cor, Zval = 10.0
     Generated using ATOMPAW code
     Shape of augmentation charge: BESSEL
     Using radial grid of 1171 points,  6 beta functions with: 
                l(1) =   0
                l(2) =   0
                l(3) =   0
                l(4) =   0
                l(5) =   1
                l(6) =   1
     Q(r) pseudized with 0 coefficients 


     PseudoPot. # 3 for Re read from file:
     /home/marco/ZOS_Cloud_Compute/pseudo/Re.UPF
     MD5 check sum: 89f63c9a8fa23467ef1c371692ceb0a5
     Pseudo is Projector augmented-wave + core cor, Zval = 29.0
     Generated using "atomic" code by A. Dal Corso  v.5.1.2
     Shape of augmentation charge: PSQ
     Using radial grid of 1275 points,  8 beta functions with: 
                l(1) =   0
                l(2) =   0
                l(3) =   1
                l(4) =   1
                l(5) =   2
                l(6) =   2
                l(7) =   3
                l(8) =   3
     Q(r) pseudized with 0 coefficients 


     PseudoPot. # 4 for Ta read from file:
     /home/marco/ZOS_Cloud_Compute/pseudo/Ta.UPF
     MD5 check sum: 395be6f3d7fb4652d9fb26f9961305c8
     Pseudo is Ultrasoft + core correction, Zval = 13.0
     Generated by new atomic code, or converted to UPF format
     Using radial grid of  921 points,  6 beta functions with: 
                l(1) =   0
                l(2) =   0
                l(3) =   1
                l(4) =   1
                l(5) =   2
                l(6) =   2
     Q(r) pseudized with  6 coefficients,  rinner =    1.000   1.000   1.000
                                                       1.000   1.000

     PseudoPot. # 5 for Y  read from file:
     /home/marco/ZOS_Cloud_Compute/pseudo/Y.UPF
     MD5 check sum: e11e343c2e9fd2e6ee9cb5aa0e490caa
     Pseudo is Ultrasoft + core correction, Zval = 11.0
     Generated by new atomic code, or converted to UPF format
     Using radial grid of  885 points,  6 beta functions with: 
                l(1) =   0
                l(2) =   0
                l(3) =   1
                l(4) =   1
                l(5) =   2
                l(6) =   2
     Q(r) pseudized with  6 coefficients,  rinner =    1.200   1.200   1.200
                                                       1.200   1.200


     Atomic displacements:
     There are   66 irreducible representations

     Representation     1      1 modes -  To be done

     Representation     2      1 modes -  To be done

     Representation     3      1 modes -  To be done

     Representation     4      1 modes -  To be done

     Representation     5      1 modes -  To be done

     Representation     6      1 modes -  To be done

     Representation     7      1 modes -  To be done

     Representation     8      1 modes -  To be done

     Representation     9      1 modes -  To be done

     Representation    10      1 modes -  To be done

     Representation    11      1 modes -  To be done

     Representation    12      1 modes -  To be done

     Representation    13      1 modes -  To be done

     Representation    14      1 modes -  To be done

     Representation    15      1 modes -  To be done

     Representation    16      1 modes -  To be done

     Representation    17      1 modes -  To be done

     Representation    18      1 modes -  To be done

     Representation    19      1 modes -  To be done

     Representation    20      1 modes -  To be done

     Representation    21      1 modes -  To be done

     Representation    22      1 modes -  To be done

     Representation    23      1 modes -  To be done

     Representation    24      1 modes -  To be done

     Representation    25      1 modes -  To be done

     Representation    26      1 modes -  To be done

     Representation    27      1 modes -  To be done

     Representation    28      1 modes -  To be done

     Representation    29      1 modes -  To be done

     Representation    30      1 modes -  To be done

     Representation    31      1 modes -  To be done

     Representation    32      1 modes -  To be done

     Representation    33      1 modes -  To be done

     Representation    34      1 modes -  To be done

     Representation    35      1 modes -  To be done

     Representation    36      1 modes -  To be done

     Representation    37      1 modes -  To be done

     Representation    38      1 modes -  To be done

     Representation    39      1 modes -  To be done

     Representation    40      1 modes -  To be done

     Representation    41      1 modes -  To be done

     Representation    42      1 modes -  To be done

     Representation    43      1 modes -  To be done

     Representation    44      1 modes -  To be done

     Representation    45      1 modes -  To be done

     Representation    46      1 modes -  To be done

     Representation    47      1 modes -  To be done

     Representation    48      1 modes -  To be done

     Representation    49      1 modes -  To be done

     Representation    50      1 modes -  To be done

     Representation    51      1 modes -  To be done

     Representation    52      1 modes -  To be done

     Representation    53      1 modes -  To be done

     Representation    54      1 modes -  To be done

     Representation    55      1 modes -  To be done

     Representation    56      1 modes -  To be done

     Representation    57      1 modes -  To be done

     Representation    58      1 modes -  To be done

     Representation    59      1 modes -  To be done

     Representation    60      1 modes -  To be done

     Representation    61      1 modes -  To be done

     Representation    62      1 modes -  To be done

     Representation    63      1 modes -  To be done

     Representation    64      1 modes -  To be done

     Representation    65      1 modes -  To be done

     Representation    66      1 modes -  To be done



     Alpha used in Ewald sum =   2.8000

     negative rho (up, down):  4.405E-02 0.000E+00
     PHONON       :  13m26.16s CPU  11m56.48s WALL



     Representation #   1 mode #   1

     Self-consistent Calculation

     Pert. #  1: Fermi energy shift (Ry) =     7.6850E-06     0.0000E+00

      iter #   1 total cpu time :   773.9 secs   av.it.:  11.2
      thresh= 1.000E-02 alpha_mix =  0.700 |ddv_scf|^2 =  3.242E-07

     Pert. #  1: Fermi energy shift (Ry) =     1.6350E-04     0.0000E+00

      iter #   2 total cpu time :   889.2 secs   av.it.:  34.5
      thresh= 5.694E-05 alpha_mix =  0.700 |ddv_scf|^2 =  4.063E-08

     Pert. #  1: Fermi energy shift (Ry) =    -1.1988E-03     0.0000E+00

      iter #   3 total cpu time :  1010.8 secs   av.it.:  37.2
      thresh= 2.016E-05 alpha_mix =  0.700 |ddv_scf|^2 =  4.880E-09

     Pert. #  1: Fermi energy shift (Ry) =     1.1576E-02     0.0000E+00

      iter #   4 total cpu time :  1138.2 secs   av.it.:  38.9
      thresh= 6.986E-06 alpha_mix =  0.700 |ddv_scf|^2 =  3.563E-08

     Pert. #  1: Fermi energy shift (Ry) =    -7.4295E-03     0.0000E+00

      iter #   5 total cpu time :  1234.0 secs   av.it.:  26.8
      thresh= 1.888E-05 alpha_mix =  0.700 |ddv_scf|^2 =  1.603E-08

     Pert. #  1: Fermi energy shift (Ry) =    -4.7780E-04     0.0000E+00

      iter #   6 total cpu time :  1339.4 secs   av.it.:  30.8
      thresh= 1.266E-05 alpha_mix =  0.700 |ddv_scf|^2 =  1.101E-10

     Pert. #  1: Fermi energy shift (Ry) =     9.6198E-04     0.0000E+00

      iter #   7 total cpu time :  1462.4 secs   av.it.:  37.2
      thresh= 1.049E-06 alpha_mix =  0.700 |ddv_scf|^2 =  3.367E-10

     Pert. #  1: Fermi energy shift (Ry) =    -2.9886E-06     0.0000E+00

      iter #   8 total cpu time :  1572.9 secs   av.it.:  33.0
      thresh= 1.835E-06 alpha_mix =  0.700 |ddv_scf|^2 =  2.974E-12

     Pert. #  1: Fermi energy shift (Ry) =    -1.0255E-04     0.0000E+00

      iter #   9 total cpu time :  1701.6 secs   av.it.:  39.5
      thresh= 1.725E-07 alpha_mix =  0.700 |ddv_scf|^2 =  4.982E-13

     Pert. #  1: Fermi energy shift (Ry) =     1.1403E-04     0.0000E+00

      iter #  10 total cpu time :  1832.5 secs   av.it.:  40.0
      thresh= 7.058E-08 alpha_mix =  0.700 |ddv_scf|^2 =  1.609E-12

     Pert. #  1: Fermi energy shift (Ry) =     1.8100E-04     0.0000E+00

      iter #  11 total cpu time :  1944.1 secs   av.it.:  32.6
      thresh= 1.269E-07 alpha_mix =  0.700 |ddv_scf|^2 =  5.684E-12

     Pert. #  1: Fermi energy shift (Ry) =    -6.2126E-05     0.0000E+00

      iter #  12 total cpu time :  2043.8 secs   av.it.:  28.6
      thresh= 2.384E-07 alpha_mix =  0.700 |ddv_scf|^2 =  9.266E-14

     Pert. #  1: Fermi energy shift (Ry) =    -3.5501E-06     0.0000E+00

      iter #  13 total cpu time :  2165.4 secs   av.it.:  36.6
      thresh= 3.044E-08 alpha_mix =  0.700 |ddv_scf|^2 =  1.775E-14

     Pert. #  1: Fermi energy shift (Ry) =     1.9305E-05     0.0000E+00

      iter #  14 total cpu time :  2285.6 secs   av.it.:  36.5
      thresh= 1.332E-08 alpha_mix =  0.700 |ddv_scf|^2 =  1.598E-14

     Pert. #  1: Fermi energy shift (Ry) =    -2.3954E-06     0.0000E+00

      iter #  15 total cpu time :  2402.7 secs   av.it.:  34.9
      thresh= 1.264E-08 alpha_mix =  0.700 |ddv_scf|^2 =  5.913E-16

     End of self-consistent calculation

     Convergence has been achieved 


     Representation #   2 mode #   2

     Self-consistent Calculation

     Pert. #  1: Fermi energy shift (Ry) =     1.7220E-05     1.6544E-24

      iter #   1 total cpu time :  2462.9 secs   av.it.:  11.2
      thresh= 1.000E-02 alpha_mix =  0.700 |ddv_scf|^2 =  3.243E-07

     Pert. #  1: Fermi energy shift (Ry) =     8.0976E-05    -1.0340E-25

      iter #   2 total cpu time :  2579.7 secs   av.it.:  35.0
      thresh= 5.694E-05 alpha_mix =  0.700 |ddv_scf|^2 =  4.068E-08

     Pert. #  1: Fermi energy shift (Ry) =     1.4084E-03    -1.0340E-25

      iter #   3 total cpu time :  2703.1 secs   av.it.:  37.5
      thresh= 2.017E-05 alpha_mix =  0.700 |ddv_scf|^2 =  5.502E-09

     Pert. #  1: Fermi energy shift (Ry) =    -1.7320E-02     1.0340E-25

      iter #   4 total cpu time :  2831.0 secs   av.it.:  39.0
      thresh= 7.417E-06 alpha_mix =  0.700 |ddv_scf|^2 =  8.590E-08

     Pert. #  1: Fermi energy shift (Ry) =     5.5107E-03    -1.0340E-25

      iter #   5 total cpu time :  2924.3 secs   av.it.:  25.8
      thresh= 2.931E-05 alpha_mix =  0.700 |ddv_scf|^2 =  8.369E-09

     Pert. #  1: Fermi energy shift (Ry) =     4.5604E-04     5.1699E-26

      iter #   6 total cpu time :  3035.4 secs   av.it.:  33.0
      thresh= 9.148E-06 alpha_mix =  0.700 |ddv_scf|^2 =  2.858E-09

     Pert. #  1: Fermi energy shift (Ry) =    -6.0755E-04    -6.4623E-27

      iter #   7 total cpu time :  3147.7 secs   av.it.:  33.1
      thresh= 5.346E-06 alpha_mix =  0.700 |ddv_scf|^2 =  6.776E-11

     Pert. #  1: Fermi energy shift (Ry) =     1.0138E-03    -1.2925E-26

      iter #   8 total cpu time :  3271.6 secs   av.it.:  37.4
      thresh= 8.231E-07 alpha_mix =  0.700 |ddv_scf|^2 =  2.807E-11

     Pert. #  1: Fermi energy shift (Ry) =    -8.5118E-04    -1.2925E-26

      iter #   9 total cpu time :  3397.5 secs   av.it.:  37.5
      thresh= 5.299E-07 alpha_mix =  0.700 |ddv_scf|^2 =  1.637E-11

     Pert. #  1: Fermi energy shift (Ry) =     2.0077E-04    -1.2925E-26

      iter #  10 total cpu time :  3519.6 secs   av.it.:  36.2
      thresh= 4.046E-07 alpha_mix =  0.700 |ddv_scf|^2 =  3.062E-12

     Pert. #  1: Fermi energy shift (Ry) =    -3.0089E-04    -1.2925E-26

      iter #  11 total cpu time :  3629.8 secs   av.it.:  32.5
      thresh= 1.750E-07 alpha_mix =  0.700 |ddv_scf|^2 =  1.697E-11

     Pert. #  1: Fermi energy shift (Ry) =    -5.5550E-05    -1.2925E-26

      iter #  12 total cpu time :  3729.2 secs   av.it.:  28.0
      thresh= 4.119E-07 alpha_mix =  0.700 |ddv_scf|^2 =  3.606E-13

     Pert. #  1: Fermi energy shift (Ry) =     3.1355E-05    -1.2925E-26

      iter #  13 total cpu time :  3845.4 secs   av.it.:  34.5
      thresh= 6.005E-08 alpha_mix =  0.700 |ddv_scf|^2 =  1.838E-13

     Pert. #  1: Fermi energy shift (Ry) =     7.3029E-07    -1.2925E-26

      iter #  14 total cpu time :  3959.7 secs   av.it.:  34.2
      thresh= 4.288E-08 alpha_mix =  0.700 |ddv_scf|^2 =  2.295E-14

     Pert. #  1: Fermi energy shift (Ry) =     1.9079E-05    -1.2925E-26

      iter #  15 total cpu time :  4082.9 secs   av.it.:  37.1
      thresh= 1.515E-08 alpha_mix =  0.700 |ddv_scf|^2 =  4.833E-14

     Pert. #  1: Fermi energy shift (Ry) =    -1.2155E-05    -1.2925E-26

      iter #  16 total cpu time :  4194.8 secs   av.it.:  32.9
      thresh= 2.198E-08 alpha_mix =  0.700 |ddv_scf|^2 =  4.233E-15

     End of self-consistent calculation

     Convergence has been achieved 


     Representation #   3 mode #   3

     Self-consistent Calculation

     Pert. #  1: Fermi energy shift (Ry) =     2.1100E-02     0.0000E+00

      iter #   1 total cpu time :  4261.7 secs   av.it.:  13.5
      thresh= 1.000E-02 alpha_mix =  0.700 |ddv_scf|^2 =  2.120E-05

     Pert. #  1: Fermi energy shift (Ry) =    -2.4451E+00     0.0000E+00

      iter #   2 total cpu time :  4383.6 secs   av.it.:  36.4
      thresh= 4.605E-04 alpha_mix =  0.700 |ddv_scf|^2 =  2.517E-03

     Pert. #  1: Fermi energy shift (Ry) =     6.9351E-01     0.0000E+00

      iter #   3 total cpu time :  4473.3 secs   av.it.:  24.2
      thresh= 5.017E-03 alpha_mix =  0.700 |ddv_scf|^2 =  4.227E-05

     Pert. #  1: Fermi energy shift (Ry) =     6.0769E-02     0.0000E+00

      iter #   4 total cpu time :  4573.9 secs   av.it.:  29.0
      thresh= 6.501E-04 alpha_mix =  0.700 |ddv_scf|^2 =  6.969E-07

     Pert. #  1: Fermi energy shift (Ry) =    -1.3303E-01     0.0000E+00

      iter #   5 total cpu time :  4687.0 secs   av.it.:  33.5
      thresh= 8.348E-05 alpha_mix =  0.700 |ddv_scf|^2 =  2.753E-07

     Pert. #  1: Fermi energy shift (Ry) =     5.3522E-03     0.0000E+00

      iter #   6 total cpu time :  4797.6 secs   av.it.:  32.5
      thresh= 5.247E-05 alpha_mix =  0.700 |ddv_scf|^2 =  2.830E-08

     Pert. #  1: Fermi energy shift (Ry) =     3.8997E-03     0.0000E+00

      iter #   7 total cpu time :  4910.1 secs   av.it.:  33.5
      thresh= 1.682E-05 alpha_mix =  0.700 |ddv_scf|^2 =  1.387E-08

     Pert. #  1: Fermi energy shift (Ry) =    -1.1985E-02     0.0000E+00

      iter #   8 total cpu time :  5012.6 secs   av.it.:  29.6
      thresh= 1.178E-05 alpha_mix =  0.700 |ddv_scf|^2 =  1.497E-09

     Pert. #  1: Fermi energy shift (Ry) =    -7.2166E-03     0.0000E+00

      iter #   9 total cpu time :  5116.6 secs   av.it.:  30.4
      thresh= 3.870E-06 alpha_mix =  0.700 |ddv_scf|^2 =  5.607E-11

     Pert. #  1: Fermi energy shift (Ry) =    -6.1004E-03     0.0000E+00

      iter #  10 total cpu time :  5229.9 secs   av.it.:  33.8
      thresh= 7.488E-07 alpha_mix =  0.700 |ddv_scf|^2 =  3.191E-11

     Pert. #  1: Fermi energy shift (Ry) =    -6.5682E-03     0.0000E+00

      iter #  11 total cpu time :  5337.0 secs   av.it.:  31.2
      thresh= 5.649E-07 alpha_mix =  0.700 |ddv_scf|^2 =  7.169E-12

     Pert. #  1: Fermi energy shift (Ry) =    -7.4838E-03     0.0000E+00

      iter #  12 total cpu time :  5455.2 secs   av.it.:  35.5
      thresh= 2.677E-07 alpha_mix =  0.700 |ddv_scf|^2 =  3.357E-12

     Pert. #  1: Fermi energy shift (Ry) =    -7.0793E-03     0.0000E+00

      iter #  13 total cpu time :  5571.4 secs   av.it.:  34.4
      thresh= 1.832E-07 alpha_mix =  0.700 |ddv_scf|^2 =  4.583E-12

     Pert. #  1: Fermi energy shift (Ry) =    -7.0687E-03     0.0000E+00

      iter #  14 total cpu time :  5676.2 secs   av.it.:  30.2
      thresh= 2.141E-07 alpha_mix =  0.700 |ddv_scf|^2 =  3.319E-14

     Pert. #  1: Fermi energy shift (Ry) =    -6.9953E-03     0.0000E+00

      iter #  15 total cpu time :  5800.3 secs   av.it.:  37.9
      thresh= 1.822E-08 alpha_mix =  0.700 |ddv_scf|^2 =  1.568E-13

     Pert. #  1: Fermi energy shift (Ry) =    -7.1020E-03     0.0000E+00

      iter #  16 total cpu time :  5905.1 secs   av.it.:  30.2
      thresh= 3.960E-08 alpha_mix =  0.700 |ddv_scf|^2 =  1.543E-13

     Pert. #  1: Fermi energy shift (Ry) =    -7.0604E-03     0.0000E+00

      iter #  17 total cpu time :  6008.7 secs   av.it.:  29.4
      thresh= 3.928E-08 alpha_mix =  0.700 |ddv_scf|^2 =  2.497E-14

     Pert. #  1: Fermi energy shift (Ry) =    -7.0379E-03     0.0000E+00

      iter #  18 total cpu time :  6115.6 secs   av.it.:  30.5
      thresh= 1.580E-08 alpha_mix =  0.700 |ddv_scf|^2 =  1.371E-14

     Pert. #  1: Fermi energy shift (Ry) =    -7.0624E-03     0.0000E+00

      iter #  19 total cpu time :  6226.8 secs   av.it.:  32.4
      thresh= 1.171E-08 alpha_mix =  0.700 |ddv_scf|^2 =  9.864E-15

     End of self-consistent calculation

     Convergence has been achieved 


     Representation #   4 mode #   4

     Self-consistent Calculation

     Pert. #  1: Fermi energy shift (Ry) =     8.6320E-07     0.0000E+00

      iter #   1 total cpu time :  6285.5 secs   av.it.:  10.8
      thresh= 1.000E-02 alpha_mix =  0.700 |ddv_scf|^2 =  3.421E-07

     Pert. #  1: Fermi energy shift (Ry) =    -3.6123E-06     0.0000E+00

      iter #   2 total cpu time :  6401.0 secs   av.it.:  34.2
      thresh= 5.849E-05 alpha_mix =  0.700 |ddv_scf|^2 =  1.154E-07

     Pert. #  1: Fermi energy shift (Ry) =     2.9925E-04     0.0000E+00

      iter #   3 total cpu time :  6519.3 secs   av.it.:  35.1
      thresh= 3.397E-05 alpha_mix =  0.700 |ddv_scf|^2 =  1.944E-09

     Pert. #  1: Fermi energy shift (Ry) =    -3.1620E-03     0.0000E+00

      iter #   4 total cpu time :  6646.8 secs   av.it.:  38.0
      thresh= 4.410E-06 alpha_mix =  0.700 |ddv_scf|^2 =  3.070E-09

     Pert. #  1: Fermi energy shift (Ry) =     6.5286E-03     0.0000E+00

      iter #   5 total cpu time :  6752.8 secs   av.it.:  29.9
      thresh= 5.541E-06 alpha_mix =  0.700 |ddv_scf|^2 =  1.165E-08

     Pert. #  1: Fermi energy shift (Ry) =    -3.8632E-04     0.0000E+00

      iter #   6 total cpu time :  6852.2 secs   av.it.:  28.1
      thresh= 1.079E-05 alpha_mix =  0.700 |ddv_scf|^2 =  2.474E-11

     Pert. #  1: Fermi energy shift (Ry) =     6.4599E-04     0.0000E+00

      iter #   7 total cpu time :  6980.4 secs   av.it.:  38.4
      thresh= 4.974E-07 alpha_mix =  0.700 |ddv_scf|^2 =  9.202E-11

     Pert. #  1: Fermi energy shift (Ry) =     4.3352E-05     0.0000E+00

      iter #   8 total cpu time :  7091.8 secs   av.it.:  31.6
      thresh= 9.593E-07 alpha_mix =  0.700 |ddv_scf|^2 =  3.080E-13

     Pert. #  1: Fermi energy shift (Ry) =    -9.7209E-05     0.0000E+00

      iter #   9 total cpu time :  7229.7 secs   av.it.:  41.5
      thresh= 5.549E-08 alpha_mix =  0.700 |ddv_scf|^2 =  3.599E-13

     Pert. #  1: Fermi energy shift (Ry) =     4.5981E-05     0.0000E+00

      iter #  10 total cpu time :  7351.4 secs   av.it.:  35.9
      thresh= 5.999E-08 alpha_mix =  0.700 |ddv_scf|^2 =  4.502E-14

     Pert. #  1: Fermi energy shift (Ry) =    -4.6408E-05     0.0000E+00

      iter #  11 total cpu time :  7478.8 secs   av.it.:  37.8
      thresh= 2.122E-08 alpha_mix =  0.700 |ddv_scf|^2 =  3.068E-13

     Pert. #  1: Fermi energy shift (Ry) =     6.4347E-07     0.0000E+00

      iter #  12 total cpu time :  7575.4 secs   av.it.:  26.6
      thresh= 5.539E-08 alpha_mix =  0.700 |ddv_scf|^2 =  5.447E-15

     End of self-consistent calculation

     Convergence has been achieved 


     Representation #   5 mode #   5

     Self-consistent Calculation

     Pert. #  1: Fermi energy shift (Ry) =    -1.5703E-05     2.6470E-23

      iter #   1 total cpu time :  7634.9 secs   av.it.:  11.2
      thresh= 1.000E-02 alpha_mix =  0.700 |ddv_scf|^2 =  3.422E-07

     Pert. #  1: Fermi energy shift (Ry) =    -3.1830E-04    -1.0340E-25

      iter #   2 total cpu time :  7753.2 secs   av.it.:  34.9
      thresh= 5.850E-05 alpha_mix =  0.700 |ddv_scf|^2 =  1.156E-07

     Pert. #  1: Fermi energy shift (Ry) =     3.3691E-03     2.5849E-26

      iter #   3 total cpu time :  7873.1 secs   av.it.:  35.6
      thresh= 3.399E-05 alpha_mix =  0.700 |ddv_scf|^2 =  5.109E-09

     Pert. #  1: Fermi energy shift (Ry) =    -2.2537E-02     1.0340E-25

      iter #   4 total cpu time :  7998.0 secs   av.it.:  37.0
      thresh= 7.148E-06 alpha_mix =  0.700 |ddv_scf|^2 =  1.393E-07

     Pert. #  1: Fermi energy shift (Ry) =     8.5893E-04    -2.5849E-26

      iter #   5 total cpu time :  8092.4 secs   av.it.:  25.9
      thresh= 3.732E-05 alpha_mix =  0.700 |ddv_scf|^2 =  2.766E-10

     Pert. #  1: Fermi energy shift (Ry) =     2.4503E-04     5.1699E-26

      iter #   6 total cpu time :  8215.3 secs   av.it.:  36.6
      thresh= 1.663E-06 alpha_mix =  0.700 |ddv_scf|^2 =  1.943E-10

     Pert. #  1: Fermi energy shift (Ry) =    -2.2096E-04     2.5849E-26

      iter #   7 total cpu time :  8330.9 secs   av.it.:  33.9
      thresh= 1.394E-06 alpha_mix =  0.700 |ddv_scf|^2 =  4.795E-11

     Pert. #  1: Fermi energy shift (Ry) =     1.9942E-04     2.5849E-26

      iter #   8 total cpu time :  8444.3 secs   av.it.:  33.2
      thresh= 6.925E-07 alpha_mix =  0.700 |ddv_scf|^2 =  9.498E-13

     Pert. #  1: Fermi energy shift (Ry) =    -2.7097E-04     2.5849E-26

      iter #   9 total cpu time :  8578.0 secs   av.it.:  40.2
      thresh= 9.746E-08 alpha_mix =  0.700 |ddv_scf|^2 =  1.436E-12

     Pert. #  1: Fermi energy shift (Ry) =     8.3394E-05     2.5849E-26

      iter #  10 total cpu time :  8699.5 secs   av.it.:  35.9
      thresh= 1.199E-07 alpha_mix =  0.700 |ddv_scf|^2 =  6.559E-13

     Pert. #  1: Fermi energy shift (Ry) =    -4.9966E-05     2.5849E-26

      iter #  11 total cpu time :  8804.1 secs   av.it.:  29.6
      thresh= 8.099E-08 alpha_mix =  0.700 |ddv_scf|^2 =  9.156E-13

     Pert. #  1: Fermi energy shift (Ry) =    -1.4906E-06     2.5849E-26

      iter #  12 total cpu time :  8907.7 secs   av.it.:  29.2
      thresh= 9.569E-08 alpha_mix =  0.700 |ddv_scf|^2 =  2.229E-15

     End of self-consistent calculation

     Convergence has been achieved 


     Representation #   6 mode #   6

     Self-consistent Calculation

     Pert. #  1: Fermi energy shift (Ry) =    -2.1923E-01     0.0000E+00

      iter #   1 total cpu time :  8974.6 secs   av.it.:  13.5
      thresh= 1.000E-02 alpha_mix =  0.700 |ddv_scf|^2 =  9.029E-06

     Pert. #  1: Fermi energy shift (Ry) =     1.0608E+00     0.0000E+00

      iter #   2 total cpu time :  9096.9 secs   av.it.:  35.9
      thresh= 3.005E-04 alpha_mix =  0.700 |ddv_scf|^2 =  1.906E-04

     Pert. #  1: Fermi energy shift (Ry) =    -6.8888E-01     0.0000E+00

      iter #   3 total cpu time :  9198.6 secs   av.it.:  28.1
      thresh= 1.381E-03 alpha_mix =  0.700 |ddv_scf|^2 =  1.811E-04

     Pert. #  1: Fermi energy shift (Ry) =    -9.7275E-02     0.0000E+00

      iter #   4 total cpu time :  9292.2 secs   av.it.:  25.2
      thresh= 1.346E-03 alpha_mix =  0.700 |ddv_scf|^2 =  1.070E-06

     Pert. #  1: Fermi energy shift (Ry) =     2.2422E-03     0.0000E+00

      iter #   5 total cpu time :  9404.4 secs   av.it.:  32.5
      thresh= 1.034E-04 alpha_mix =  0.700 |ddv_scf|^2 =  4.461E-07

     Pert. #  1: Fermi energy shift (Ry) =     6.0489E-03     0.0000E+00

      iter #   6 total cpu time :  9508.9 secs   av.it.:  29.5
      thresh= 6.679E-05 alpha_mix =  0.700 |ddv_scf|^2 =  1.315E-08

     Pert. #  1: Fermi energy shift (Ry) =    -3.7649E-02     0.0000E+00

      iter #   7 total cpu time :  9626.3 secs   av.it.:  34.5
      thresh= 1.147E-05 alpha_mix =  0.700 |ddv_scf|^2 =  1.180E-08

     Pert. #  1: Fermi energy shift (Ry) =    -2.0976E-02     0.0000E+00

      iter #   8 total cpu time :  9723.1 secs   av.it.:  26.9
      thresh= 1.086E-05 alpha_mix =  0.700 |ddv_scf|^2 =  5.151E-10

     Pert. #  1: Fermi energy shift (Ry) =    -2.4030E-02     0.0000E+00

      iter #   9 total cpu time :  9824.9 secs   av.it.:  29.0
      thresh= 2.270E-06 alpha_mix =  0.700 |ddv_scf|^2 =  1.292E-11

     Pert. #  1: Fermi energy shift (Ry) =    -2.3633E-02     0.0000E+00

      iter #  10 total cpu time :  9938.9 secs   av.it.:  33.9
      thresh= 3.594E-07 alpha_mix =  0.700 |ddv_scf|^2 =  7.062E-13

     Pert. #  1: Fermi energy shift (Ry) =    -2.3729E-02     0.0000E+00

      iter #  11 total cpu time : 10062.7 secs   av.it.:  37.5
      thresh= 8.403E-08 alpha_mix =  0.700 |ddv_scf|^2 =  2.324E-12

     Pert. #  1: Fermi energy shift (Ry) =    -2.3588E-02     0.0000E+00

      iter #  12 total cpu time : 10167.8 secs   av.it.:  30.6
      thresh= 1.524E-07 alpha_mix =  0.700 |ddv_scf|^2 =  1.980E-13

     Pert. #  1: Fermi energy shift (Ry) =    -2.3708E-02     0.0000E+00

      iter #  13 total cpu time : 10285.3 secs   av.it.:  35.4
      thresh= 4.450E-08 alpha_mix =  0.700 |ddv_scf|^2 =  1.588E-13

     Pert. #  1: Fermi energy shift (Ry) =    -2.3708E-02     0.0000E+00

      iter #  14 total cpu time : 10398.0 secs   av.it.:  33.1
      thresh= 3.985E-08 alpha_mix =  0.700 |ddv_scf|^2 =  3.279E-13

     Pert. #  1: Fermi energy shift (Ry) =    -2.3700E-02     0.0000E+00

      iter #  15 total cpu time : 10500.4 secs   av.it.:  29.8
      thresh= 5.727E-08 alpha_mix =  0.700 |ddv_scf|^2 =  5.894E-14

     Pert. #  1: Fermi energy shift (Ry) =    -2.3677E-02     0.0000E+00

      iter #  16 total cpu time : 10604.2 secs   av.it.:  29.9
      thresh= 2.428E-08 alpha_mix =  0.700 |ddv_scf|^2 =  6.188E-15

     End of self-consistent calculation

     Convergence has been achieved 


     Representation #   7 mode #   7

     Self-consistent Calculation

     Pert. #  1: Fermi energy shift (Ry) =    -1.7712E-05     0.0000E+00

      iter #   1 total cpu time : 10658.6 secs   av.it.:   9.2
      thresh= 1.000E-02 alpha_mix =  0.700 |ddv_scf|^2 =  4.090E-07

     Pert. #  1: Fermi energy shift (Ry) =     7.5262E-05     0.0000E+00

      iter #   2 total cpu time : 10767.7 secs   av.it.:  31.2
      thresh= 6.395E-05 alpha_mix =  0.700 |ddv_scf|^2 =  1.040E-07

     Pert. #  1: Fermi energy shift (Ry) =    -5.8260E-04     0.0000E+00

      iter #   3 total cpu time : 10881.0 secs   av.it.:  32.8
      thresh= 3.225E-05 alpha_mix =  0.700 |ddv_scf|^2 =  4.138E-09

     Pert. #  1: Fermi energy shift (Ry) =     7.1569E-03     0.0000E+00

      iter #   4 total cpu time : 11003.4 secs   av.it.:  36.6
      thresh= 6.433E-06 alpha_mix =  0.700 |ddv_scf|^2 =  1.436E-08

     Pert. #  1: Fermi energy shift (Ry) =    -9.6979E-03     0.0000E+00

      iter #   5 total cpu time : 11104.3 secs   av.it.:  28.5
      thresh= 1.199E-05 alpha_mix =  0.700 |ddv_scf|^2 =  2.597E-08

     Pert. #  1: Fermi energy shift (Ry) =     7.3831E-05     0.0000E+00

      iter #   6 total cpu time : 11204.1 secs   av.it.:  28.4
      thresh= 1.612E-05 alpha_mix =  0.700 |ddv_scf|^2 =  2.569E-11

     Pert. #  1: Fermi energy shift (Ry) =     7.9567E-06     0.0000E+00

      iter #   7 total cpu time : 11327.8 secs   av.it.:  37.6
      thresh= 5.069E-07 alpha_mix =  0.700 |ddv_scf|^2 =  2.607E-12

     Pert. #  1: Fermi energy shift (Ry) =    -3.7007E-05     0.0000E+00

      iter #   8 total cpu time : 11460.3 secs   av.it.:  40.6
      thresh= 1.615E-07 alpha_mix =  0.700 |ddv_scf|^2 =  5.151E-12

     Pert. #  1: Fermi energy shift (Ry) =     3.5830E-05     0.0000E+00

      iter #   9 total cpu time : 11576.4 secs   av.it.:  34.8
      thresh= 2.270E-07 alpha_mix =  0.700 |ddv_scf|^2 =  1.730E-12

     Pert. #  1: Fermi energy shift (Ry) =    -3.3518E-05     0.0000E+00

      iter #  10 total cpu time : 11691.8 secs   av.it.:  35.0
      thresh= 1.315E-07 alpha_mix =  0.700 |ddv_scf|^2 =  2.597E-14

     Pert. #  1: Fermi energy shift (Ry) =     9.0755E-05     0.0000E+00

      iter #  11 total cpu time : 11824.5 secs   av.it.:  41.0
      thresh= 1.612E-08 alpha_mix =  0.700 |ddv_scf|^2 =  5.310E-13

     Pert. #  1: Fermi energy shift (Ry) =     9.2499E-06     0.0000E+00

      iter #  12 total cpu time : 11923.5 secs   av.it.:  28.0
      thresh= 7.287E-08 alpha_mix =  0.700 |ddv_scf|^2 =  2.531E-13

     Pert. #  1: Fermi energy shift (Ry) =    -1.0510E-05     0.0000E+00

      iter #  13 total cpu time : 12031.2 secs   av.it.:  31.8
      thresh= 5.031E-08 alpha_mix =  0.700 |ddv_scf|^2 =  2.646E-15

     End of self-consistent calculation

     Convergence has been achieved 


     Representation #   8 mode #   8

     Self-consistent Calculation

     Pert. #  1: Fermi energy shift (Ry) =     3.4449E-06    -5.2940E-23

      iter #   1 total cpu time : 12085.4 secs   av.it.:   9.2
      thresh= 1.000E-02 alpha_mix =  0.700 |ddv_scf|^2 =  4.090E-07

     Pert. #  1: Fermi energy shift (Ry) =    -5.9287E-04    -2.0680E-25

      iter #   2 total cpu time : 12194.1 secs   av.it.:  31.6
      thresh= 6.395E-05 alpha_mix =  0.700 |ddv_scf|^2 =  1.040E-07

     Pert. #  1: Fermi energy shift (Ry) =     3.6763E-03    -2.5849E-26

      iter #   3 total cpu time : 12306.5 secs   av.it.:  33.0
      thresh= 3.225E-05 alpha_mix =  0.700 |ddv_scf|^2 =  7.423E-09

     Pert. #  1: Fermi energy shift (Ry) =    -3.7196E-02     2.5849E-26

      iter #   4 total cpu time : 12431.2 secs   av.it.:  37.6
      thresh= 8.616E-06 alpha_mix =  0.700 |ddv_scf|^2 =  3.756E-07

     Pert. #  1: Fermi energy shift (Ry) =     1.6686E-03    -2.0680E-25

      iter #   5 total cpu time : 12521.1 secs   av.it.:  24.8
      thresh= 6.129E-05 alpha_mix =  0.700 |ddv_scf|^2 =  1.278E-09

     Pert. #  1: Fermi energy shift (Ry) =    -3.4748E-05    -6.4623E-27

      iter #   6 total cpu time : 12641.4 secs   av.it.:  36.4
      thresh= 3.576E-06 alpha_mix =  0.700 |ddv_scf|^2 =  3.631E-10

     Pert. #  1: Fermi energy shift (Ry) =     4.4637E-04    -6.4623E-27

      iter #   7 total cpu time : 12759.2 secs   av.it.:  35.5
      thresh= 1.905E-06 alpha_mix =  0.700 |ddv_scf|^2 =  2.954E-10

     Pert. #  1: Fermi energy shift (Ry) =    -4.3513E-04     3.2312E-27

      iter #   8 total cpu time : 12871.8 secs   av.it.:  33.8
      thresh= 1.719E-06 alpha_mix =  0.700 |ddv_scf|^2 =  5.510E-12

     Pert. #  1: Fermi energy shift (Ry) =     5.2858E-04     1.2925E-26

      iter #   9 total cpu time : 13000.7 secs   av.it.:  39.5
      thresh= 2.347E-07 alpha_mix =  0.700 |ddv_scf|^2 =  5.198E-12

     Pert. #  1: Fermi energy shift (Ry) =     5.5475E-05     1.2925E-26

      iter #  10 total cpu time : 13122.1 secs   av.it.:  36.9
      thresh= 2.280E-07 alpha_mix =  0.700 |ddv_scf|^2 =  1.318E-11

     Pert. #  1: Fermi energy shift (Ry) =    -2.7662E-04     1.2925E-26

      iter #  11 total cpu time : 13218.2 secs   av.it.:  26.9
      thresh= 3.630E-07 alpha_mix =  0.700 |ddv_scf|^2 =  4.616E-12

     Pert. #  1: Fermi energy shift (Ry) =     1.3100E-05     1.2925E-26

      iter #  12 total cpu time : 13328.5 secs   av.it.:  32.6
      thresh= 2.148E-07 alpha_mix =  0.700 |ddv_scf|^2 =  4.378E-14

     Pert. #  1: Fermi energy shift (Ry) =    -7.9108E-06     1.2925E-26

      iter #  13 total cpu time : 13455.3 secs   av.it.:  39.0
      thresh= 2.092E-08 alpha_mix =  0.700 |ddv_scf|^2 =  9.381E-14

     Pert. #  1: Fermi energy shift (Ry) =     1.9282E-05     1.2925E-26

      iter #  14 total cpu time : 13564.8 secs   av.it.:  32.5
      thresh= 3.063E-08 alpha_mix =  0.700 |ddv_scf|^2 =  2.857E-14

     Pert. #  1: Fermi energy shift (Ry) =    -1.9441E-05     1.2925E-26

      iter #  15 total cpu time : 13683.0 secs   av.it.:  34.9
      thresh= 1.690E-08 alpha_mix =  0.700 |ddv_scf|^2 =  1.092E-14

     Pert. #  1: Fermi energy shift (Ry) =     1.4231E-05     1.2925E-26

      iter #  16 total cpu time : 13803.3 secs   av.it.:  35.5
      thresh= 1.045E-08 alpha_mix =  0.700 |ddv_scf|^2 =  1.580E-15

     End of self-consistent calculation

     Convergence has been achieved 


     Representation #   9 mode #   9

     Self-consistent Calculation

     Pert. #  1: Fermi energy shift (Ry) =    -1.5988E-01     0.0000E+00

      iter #   1 total cpu time : 13869.6 secs   av.it.:  13.5
      thresh= 1.000E-02 alpha_mix =  0.700 |ddv_scf|^2 =  2.336E-05

     Pert. #  1: Fermi energy shift (Ry) =     2.8037E+00     0.0000E+00

      iter #   2 total cpu time : 13992.5 secs   av.it.:  36.0
      thresh= 4.833E-04 alpha_mix =  0.700 |ddv_scf|^2 =  2.824E-03

     Pert. #  1: Fermi energy shift (Ry) =    -5.1526E-01     0.0000E+00

      iter #   3 total cpu time : 14082.6 secs   av.it.:  24.1
      thresh= 5.314E-03 alpha_mix =  0.700 |ddv_scf|^2 =  4.382E-05

     Pert. #  1: Fermi energy shift (Ry) =     2.7296E-02     0.0000E+00

      iter #   4 total cpu time : 14185.0 secs   av.it.:  29.1
      thresh= 6.620E-04 alpha_mix =  0.700 |ddv_scf|^2 =  2.647E-07

     Pert. #  1: Fermi energy shift (Ry) =     1.7448E-02     0.0000E+00

      iter #   5 total cpu time : 14304.0 secs   av.it.:  35.8
      thresh= 5.145E-05 alpha_mix =  0.700 |ddv_scf|^2 =  8.138E-08

     Pert. #  1: Fermi energy shift (Ry) =    -2.6104E-02     0.0000E+00

      iter #   6 total cpu time : 14423.6 secs   av.it.:  35.5
      thresh= 2.853E-05 alpha_mix =  0.700 |ddv_scf|^2 =  3.123E-08

     Pert. #  1: Fermi energy shift (Ry) =     7.1900E-03     0.0000E+00

      iter #   7 total cpu time : 14538.5 secs   av.it.:  33.6
      thresh= 1.767E-05 alpha_mix =  0.700 |ddv_scf|^2 =  5.405E-10

     Pert. #  1: Fermi energy shift (Ry) =    -4.8457E-03     0.0000E+00

      iter #   8 total cpu time : 14660.5 secs   av.it.:  36.6
      thresh= 2.325E-06 alpha_mix =  0.700 |ddv_scf|^2 =  2.579E-09

     Pert. #  1: Fermi energy shift (Ry) =     5.8445E-04     0.0000E+00

      iter #   9 total cpu time : 14753.6 secs   av.it.:  26.0
      thresh= 5.078E-06 alpha_mix =  0.700 |ddv_scf|^2 =  3.367E-11

     Pert. #  1: Fermi energy shift (Ry) =     9.3281E-04     0.0000E+00

      iter #  10 total cpu time : 14872.1 secs   av.it.:  35.5
      thresh= 5.803E-07 alpha_mix =  0.700 |ddv_scf|^2 =  1.451E-10

     Pert. #  1: Fermi energy shift (Ry) =     1.8058E-03     0.0000E+00

      iter #  11 total cpu time : 14977.9 secs   av.it.:  30.2
      thresh= 1.204E-06 alpha_mix =  0.700 |ddv_scf|^2 =  6.827E-11

     Pert. #  1: Fermi energy shift (Ry) =     6.4975E-04     0.0000E+00

      iter #  12 total cpu time : 15090.1 secs   av.it.:  32.5
      thresh= 8.263E-07 alpha_mix =  0.700 |ddv_scf|^2 =  4.379E-11

     Pert. #  1: Fermi energy shift (Ry) =    -7.3114E-05     0.0000E+00

      iter #  13 total cpu time : 15198.4 secs   av.it.:  31.5
      thresh= 6.618E-07 alpha_mix =  0.700 |ddv_scf|^2 =  1.154E-11

     Pert. #  1: Fermi energy shift (Ry) =     5.5300E-04     0.0000E+00

      iter #  14 total cpu time : 15303.4 secs   av.it.:  30.1
      thresh= 3.398E-07 alpha_mix =  0.700 |ddv_scf|^2 =  4.873E-13

     Pert. #  1: Fermi energy shift (Ry) =     7.0069E-04     0.0000E+00

      iter #  15 total cpu time : 15419.8 secs   av.it.:  34.9
      thresh= 6.981E-08 alpha_mix =  0.700 |ddv_scf|^2 =  5.524E-13

     Pert. #  1: Fermi energy shift (Ry) =     6.4414E-04     0.0000E+00

      iter #  16 total cpu time : 15523.9 secs   av.it.:  30.2
      thresh= 7.432E-08 alpha_mix =  0.700 |ddv_scf|^2 =  2.884E-14

     Pert. #  1: Fermi energy shift (Ry) =     6.0500E-04     0.0000E+00

      iter #  17 total cpu time : 15636.9 secs   av.it.:  33.6
      thresh= 1.698E-08 alpha_mix =  0.700 |ddv_scf|^2 =  1.371E-14

     Pert. #  1: Fermi energy shift (Ry) =     6.0512E-04     0.0000E+00

      iter #  18 total cpu time : 15740.3 secs   av.it.:  29.8
      thresh= 1.171E-08 alpha_mix =  0.700 |ddv_scf|^2 =  8.140E-15

     End of self-consistent calculation

     Convergence has been achieved 


     Representation #  10 mode #  10

     Self-consistent Calculation

     Pert. #  1: Fermi energy shift (Ry) =     1.7401E-05     0.0000E+00

      iter #   1 total cpu time : 15794.2 secs   av.it.:   8.8
      thresh= 1.000E-02 alpha_mix =  0.700 |ddv_scf|^2 =  4.069E-07

     Pert. #  1: Fermi energy shift (Ry) =    -1.0777E-04     0.0000E+00

      iter #   2 total cpu time : 15901.8 secs   av.it.:  30.9
      thresh= 6.379E-05 alpha_mix =  0.700 |ddv_scf|^2 =  1.040E-07

     Pert. #  1: Fermi energy shift (Ry) =     5.1503E-04     0.0000E+00

      iter #   3 total cpu time : 16013.2 secs   av.it.:  32.8
      thresh= 3.224E-05 alpha_mix =  0.700 |ddv_scf|^2 =  4.366E-09

     Pert. #  1: Fermi energy shift (Ry) =    -5.6011E-03     0.0000E+00

      iter #   4 total cpu time : 16133.8 secs   av.it.:  36.0
      thresh= 6.607E-06 alpha_mix =  0.700 |ddv_scf|^2 =  8.472E-09

     Pert. #  1: Fermi energy shift (Ry) =     1.2231E-02     0.0000E+00

      iter #   5 total cpu time : 16239.4 secs   av.it.:  30.4
      thresh= 9.205E-06 alpha_mix =  0.700 |ddv_scf|^2 =  4.131E-08

     Pert. #  1: Fermi energy shift (Ry) =     1.7086E-04     0.0000E+00

      iter #   6 total cpu time : 16337.4 secs   av.it.:  27.6
      thresh= 2.033E-05 alpha_mix =  0.700 |ddv_scf|^2 =  3.096E-11

     Pert. #  1: Fermi energy shift (Ry) =    -6.0622E-04     0.0000E+00

      iter #   7 total cpu time : 16464.3 secs   av.it.:  38.9
      thresh= 5.564E-07 alpha_mix =  0.700 |ddv_scf|^2 =  2.979E-11

     Pert. #  1: Fermi energy shift (Ry) =     4.5064E-04     0.0000E+00

      iter #   8 total cpu time : 16583.9 secs   av.it.:  36.0
      thresh= 5.458E-07 alpha_mix =  0.700 |ddv_scf|^2 =  2.396E-11

     Pert. #  1: Fermi energy shift (Ry) =     8.9001E-05     0.0000E+00

      iter #   9 total cpu time : 16698.4 secs   av.it.:  34.1
      thresh= 4.894E-07 alpha_mix =  0.700 |ddv_scf|^2 =  6.206E-13

     Pert. #  1: Fermi energy shift (Ry) =    -1.5195E-04     0.0000E+00

      iter #  10 total cpu time : 16830.0 secs   av.it.:  40.2
      thresh= 7.878E-08 alpha_mix =  0.700 |ddv_scf|^2 =  1.213E-12

     Pert. #  1: Fermi energy shift (Ry) =    -9.7439E-05     0.0000E+00

      iter #  11 total cpu time : 16947.4 secs   av.it.:  35.1
      thresh= 1.101E-07 alpha_mix =  0.700 |ddv_scf|^2 =  2.172E-12

     Pert. #  1: Fermi energy shift (Ry) =     5.0727E-05     0.0000E+00

      iter #  12 total cpu time : 17046.6 secs   av.it.:  28.1
      thresh= 1.474E-07 alpha_mix =  0.700 |ddv_scf|^2 =  1.307E-13

     Pert. #  1: Fermi energy shift (Ry) =     4.5472E-06     0.0000E+00

      iter #  13 total cpu time : 17163.8 secs   av.it.:  35.0
      thresh= 3.615E-08 alpha_mix =  0.700 |ddv_scf|^2 =  2.208E-15

     End of self-consistent calculation

     Convergence has been achieved 


     Representation #  11 mode #  11

     Self-consistent Calculation

     Pert. #  1: Fermi energy shift (Ry) =    -2.6740E-05     2.6470E-23

      iter #   1 total cpu time : 17218.7 secs   av.it.:   9.0
      thresh= 1.000E-02 alpha_mix =  0.700 |ddv_scf|^2 =  4.070E-07

     Pert. #  1: Fermi energy shift (Ry) =    -1.3297E-04    -4.1359E-25

      iter #   2 total cpu time : 17330.5 secs   av.it.:  31.4
      thresh= 6.379E-05 alpha_mix =  0.700 |ddv_scf|^2 =  1.040E-07

     Pert. #  1: Fermi energy shift (Ry) =     1.9798E-03    -4.1359E-25

      iter #   3 total cpu time : 17445.3 secs   av.it.:  33.0
      thresh= 3.224E-05 alpha_mix =  0.700 |ddv_scf|^2 =  5.646E-09

     Pert. #  1: Fermi energy shift (Ry) =    -2.4720E-02     2.5849E-26

      iter #   4 total cpu time : 17571.8 secs   av.it.:  37.4
      thresh= 7.514E-06 alpha_mix =  0.700 |ddv_scf|^2 =  1.746E-07

     Pert. #  1: Fermi energy shift (Ry) =     3.4771E-03     2.5849E-26

      iter #   5 total cpu time : 17664.2 secs   av.it.:  24.9
      thresh= 4.178E-05 alpha_mix =  0.700 |ddv_scf|^2 =  2.894E-09

     Pert. #  1: Fermi energy shift (Ry) =    -9.2638E-04    -2.5849E-26

      iter #   6 total cpu time : 17778.1 secs   av.it.:  32.6
      thresh= 5.379E-06 alpha_mix =  0.700 |ddv_scf|^2 =  4.190E-11

     Pert. #  1: Fermi energy shift (Ry) =     1.6791E-03     2.5849E-26

      iter #   7 total cpu time : 17912.9 secs   av.it.:  40.1
      thresh= 6.473E-07 alpha_mix =  0.700 |ddv_scf|^2 =  6.412E-11

     Pert. #  1: Fermi energy shift (Ry) =    -5.8735E-04     1.2925E-26

      iter #   8 total cpu time : 18036.1 secs   av.it.:  35.8
      thresh= 8.008E-07 alpha_mix =  0.700 |ddv_scf|^2 =  8.614E-12

     Pert. #  1: Fermi energy shift (Ry) =     6.5147E-05     1.2925E-26

      iter #   9 total cpu time : 18162.6 secs   av.it.:  37.5
      thresh= 2.935E-07 alpha_mix =  0.700 |ddv_scf|^2 =  1.031E-12

     Pert. #  1: Fermi energy shift (Ry) =     2.4452E-05     1.2925E-26

      iter #  10 total cpu time : 18285.8 secs   av.it.:  38.0
      thresh= 1.016E-07 alpha_mix =  0.700 |ddv_scf|^2 =  4.792E-12

     Pert. #  1: Fermi energy shift (Ry) =    -2.3412E-04     1.2925E-26

      iter #  11 total cpu time : 18389.2 secs   av.it.:  30.1
      thresh= 2.189E-07 alpha_mix =  0.700 |ddv_scf|^2 =  6.234E-12

     Pert. #  1: Fermi energy shift (Ry) =     2.4228E-05     1.2925E-26

      iter #  12 total cpu time : 18489.7 secs   av.it.:  29.8
      thresh= 2.497E-07 alpha_mix =  0.700 |ddv_scf|^2 =  4.402E-14

     Pert. #  1: Fermi energy shift (Ry) =    -1.0939E-05     1.2925E-26

      iter #  13 total cpu time : 18610.8 secs   av.it.:  37.1
      thresh= 2.098E-08 alpha_mix =  0.700 |ddv_scf|^2 =  5.821E-15

     End of self-consistent calculation

     Convergence has been achieved 


     Representation #  12 mode #  12

     Self-consistent Calculation

     Pert. #  1: Fermi energy shift (Ry) =     3.2528E-01     0.0000E+00

      iter #   1 total cpu time : 18674.1 secs   av.it.:  12.8
      thresh= 1.000E-02 alpha_mix =  0.700 |ddv_scf|^2 =  1.020E-05

     Pert. #  1: Fermi energy shift (Ry) =    -2.1044E+00     0.0000E+00

      iter #   2 total cpu time : 18791.9 secs   av.it.:  36.0
      thresh= 3.193E-04 alpha_mix =  0.700 |ddv_scf|^2 =  6.679E-04

     Pert. #  1: Fermi energy shift (Ry) =     8.2980E-02     0.0000E+00

      iter #   3 total cpu time : 18880.9 secs   av.it.:  24.9
      thresh= 2.584E-03 alpha_mix =  0.700 |ddv_scf|^2 =  8.231E-05

     Pert. #  1: Fermi energy shift (Ry) =     7.3151E-03     0.0000E+00

      iter #   4 total cpu time : 18977.5 secs   av.it.:  27.8
      thresh= 9.072E-04 alpha_mix =  0.700 |ddv_scf|^2 =  1.961E-07

     Pert. #  1: Fermi energy shift (Ry) =     4.6522E-02     0.0000E+00

      iter #   5 total cpu time : 19095.5 secs   av.it.:  36.4
      thresh= 4.429E-05 alpha_mix =  0.700 |ddv_scf|^2 =  1.600E-07

     Pert. #  1: Fermi energy shift (Ry) =    -1.9615E-02     0.0000E+00

      iter #   6 total cpu time : 19207.4 secs   av.it.:  34.0
      thresh= 4.000E-05 alpha_mix =  0.700 |ddv_scf|^2 =  1.355E-08

     Pert. #  1: Fermi energy shift (Ry) =     1.4639E-02     0.0000E+00

      iter #   7 total cpu time : 19323.8 secs   av.it.:  35.5
      thresh= 1.164E-05 alpha_mix =  0.700 |ddv_scf|^2 =  1.958E-09

     Pert. #  1: Fermi energy shift (Ry) =     2.5890E-03     0.0000E+00

      iter #   8 total cpu time : 19433.9 secs   av.it.:  33.2
      thresh= 4.425E-06 alpha_mix =  0.700 |ddv_scf|^2 =  2.027E-09

     Pert. #  1: Fermi energy shift (Ry) =     9.3739E-03     0.0000E+00

      iter #   9 total cpu time : 19531.7 secs   av.it.:  28.5
      thresh= 4.502E-06 alpha_mix =  0.700 |ddv_scf|^2 =  1.827E-10

     Pert. #  1: Fermi energy shift (Ry) =     7.8128E-03     0.0000E+00

      iter #  10 total cpu time : 19640.3 secs   av.it.:  32.8
      thresh= 1.352E-06 alpha_mix =  0.700 |ddv_scf|^2 =  7.732E-11

     Pert. #  1: Fermi energy shift (Ry) =     8.1459E-03     0.0000E+00

      iter #  11 total cpu time : 19745.8 secs   av.it.:  31.6
      thresh= 8.793E-07 alpha_mix =  0.700 |ddv_scf|^2 =  2.144E-11

     Pert. #  1: Fermi energy shift (Ry) =     8.3446E-03     0.0000E+00

      iter #  12 total cpu time : 19858.1 secs   av.it.:  34.1
      thresh= 4.631E-07 alpha_mix =  0.700 |ddv_scf|^2 =  9.724E-12

     Pert. #  1: Fermi energy shift (Ry) =     7.5145E-03     0.0000E+00

      iter #  13 total cpu time : 19971.7 secs   av.it.:  34.5
      thresh= 3.118E-07 alpha_mix =  0.700 |ddv_scf|^2 =  1.613E-12

     Pert. #  1: Fermi energy shift (Ry) =     7.9836E-03     0.0000E+00

      iter #  14 total cpu time : 20085.4 secs   av.it.:  34.6
      thresh= 1.270E-07 alpha_mix =  0.700 |ddv_scf|^2 =  1.368E-12

     Pert. #  1: Fermi energy shift (Ry) =     7.9032E-03     0.0000E+00

      iter #  15 total cpu time : 20183.4 secs   av.it.:  29.0
      thresh= 1.170E-07 alpha_mix =  0.700 |ddv_scf|^2 =  1.369E-13

     Pert. #  1: Fermi energy shift (Ry) =     7.8857E-03     0.0000E+00

      iter #  16 total cpu time : 20298.4 secs   av.it.:  35.2
      thresh= 3.701E-08 alpha_mix =  0.700 |ddv_scf|^2 =  3.383E-13

     Pert. #  1: Fermi energy shift (Ry) =     7.8565E-03     0.0000E+00

      iter #  17 total cpu time : 20401.2 secs   av.it.:  30.1
      thresh= 5.816E-08 alpha_mix =  0.700 |ddv_scf|^2 =  4.926E-14

     Pert. #  1: Fermi energy shift (Ry) =     7.8775E-03     0.0000E+00

      iter #  18 total cpu time : 20505.2 secs   av.it.:  30.8
      thresh= 2.219E-08 alpha_mix =  0.700 |ddv_scf|^2 =  6.255E-15

     End of self-consistent calculation

     Convergence has been achieved 


     Representation #  13 mode #  13

     Self-consistent Calculation

     Pert. #  1: Fermi energy shift (Ry) =     6.5381E-06     0.0000E+00

      iter #   1 total cpu time : 20561.7 secs   av.it.:  10.2
      thresh= 1.000E-02 alpha_mix =  0.700 |ddv_scf|^2 =  2.830E-07

     Pert. #  1: Fermi energy shift (Ry) =    -1.3191E-05     0.0000E+00

      iter #   2 total cpu time : 20674.1 secs   av.it.:  34.2
      thresh= 5.319E-05 alpha_mix =  0.700 |ddv_scf|^2 =  3.216E-08

     Pert. #  1: Fermi energy shift (Ry) =    -1.0072E-04     0.0000E+00

      iter #   3 total cpu time : 20797.4 secs   av.it.:  37.6
      thresh= 1.793E-05 alpha_mix =  0.700 |ddv_scf|^2 =  5.340E-09

     Pert. #  1: Fermi energy shift (Ry) =     1.5991E-03     0.0000E+00

      iter #   4 total cpu time : 20920.8 secs   av.it.:  37.8
      thresh= 7.307E-06 alpha_mix =  0.700 |ddv_scf|^2 =  1.161E-09

     Pert. #  1: Fermi energy shift (Ry) =    -1.4160E-02     0.0000E+00

      iter #   5 total cpu time : 21049.8 secs   av.it.:  38.1
      thresh= 3.408E-06 alpha_mix =  0.700 |ddv_scf|^2 =  5.652E-08

     Pert. #  1: Fermi energy shift (Ry) =     5.9289E-04     0.0000E+00

      iter #   6 total cpu time : 21153.6 secs   av.it.:  26.1
      thresh= 2.377E-05 alpha_mix =  0.700 |ddv_scf|^2 =  5.937E-11

     Pert. #  1: Fermi energy shift (Ry) =    -6.1201E-04     0.0000E+00

      iter #   7 total cpu time : 21289.3 secs   av.it.:  38.0
      thresh= 7.705E-07 alpha_mix =  0.700 |ddv_scf|^2 =  4.927E-11

     Pert. #  1: Fermi energy shift (Ry) =     2.6709E-04     0.0000E+00

      iter #   8 total cpu time : 21416.3 secs   av.it.:  34.8
      thresh= 7.019E-07 alpha_mix =  0.700 |ddv_scf|^2 =  1.783E-11

     Pert. #  1: Fermi energy shift (Ry) =     1.0800E-04     0.0000E+00

      iter #   9 total cpu time : 21542.9 secs   av.it.:  35.4
      thresh= 4.223E-07 alpha_mix =  0.700 |ddv_scf|^2 =  5.503E-13

     Pert. #  1: Fermi energy shift (Ry) =    -1.5572E-04     0.0000E+00

      iter #  10 total cpu time : 21682.4 secs   av.it.:  39.6
      thresh= 7.418E-08 alpha_mix =  0.700 |ddv_scf|^2 =  6.893E-13

     Pert. #  1: Fermi energy shift (Ry) =     8.9028E-05     0.0000E+00

      iter #  11 total cpu time : 21810.5 secs   av.it.:  36.5
      thresh= 8.303E-08 alpha_mix =  0.700 |ddv_scf|^2 =  6.097E-13

     Pert. #  1: Fermi energy shift (Ry) =    -3.8414E-05     0.0000E+00

      iter #  12 total cpu time : 21919.6 secs   av.it.:  29.6
      thresh= 7.808E-08 alpha_mix =  0.700 |ddv_scf|^2 =  8.503E-13

     Pert. #  1: Fermi energy shift (Ry) =    -4.6560E-07     0.0000E+00

      iter #  13 total cpu time : 22027.4 secs   av.it.:  29.5
      thresh= 9.221E-08 alpha_mix =  0.700 |ddv_scf|^2 =  3.326E-15

     End of self-consistent calculation

     Convergence has been achieved 


     Representation #  14 mode #  14

     Self-consistent Calculation

     Pert. #  1: Fermi energy shift (Ry) =     7.4729E-06    -3.3087E-24

      iter #   1 total cpu time : 22086.9 secs   av.it.:  10.5
      thresh= 1.000E-02 alpha_mix =  0.700 |ddv_scf|^2 =  2.830E-07

     Pert. #  1: Fermi energy shift (Ry) =     5.1424E-04    -4.1359E-25

      iter #   2 total cpu time : 22206.9 secs   av.it.:  34.2
      thresh= 5.319E-05 alpha_mix =  0.700 |ddv_scf|^2 =  3.218E-08

     Pert. #  1: Fermi energy shift (Ry) =    -3.9996E-03     1.0340E-25

      iter #   3 total cpu time : 22337.6 secs   av.it.:  38.4
      thresh= 1.794E-05 alpha_mix =  0.700 |ddv_scf|^2 =  8.951E-09

     Pert. #  1: Fermi energy shift (Ry) =     3.2622E-02    -5.1699E-26

      iter #   4 total cpu time : 22469.4 secs   av.it.:  38.6
      thresh= 9.461E-06 alpha_mix =  0.700 |ddv_scf|^2 =  2.795E-07

     Pert. #  1: Fermi energy shift (Ry) =    -1.3764E-03     2.0680E-25

      iter #   5 total cpu time : 22565.1 secs   av.it.:  25.1
      thresh= 5.287E-05 alpha_mix =  0.700 |ddv_scf|^2 =  1.451E-09

     Pert. #  1: Fermi energy shift (Ry) =    -1.8145E-03    -5.1699E-26

      iter #   6 total cpu time : 22692.4 secs   av.it.:  36.5
      thresh= 3.809E-06 alpha_mix =  0.700 |ddv_scf|^2 =  8.367E-10

     Pert. #  1: Fermi energy shift (Ry) =     4.6758E-04    -5.1699E-26

      iter #   7 total cpu time : 22805.4 secs   av.it.:  32.4
      thresh= 2.893E-06 alpha_mix =  0.700 |ddv_scf|^2 =  1.003E-10

     Pert. #  1: Fermi energy shift (Ry) =     2.3849E-04    -3.2312E-27

      iter #   8 total cpu time : 22931.3 secs   av.it.:  37.0
      thresh= 1.002E-06 alpha_mix =  0.700 |ddv_scf|^2 =  5.275E-12

     Pert. #  1: Fermi energy shift (Ry) =    -4.6329E-04    -1.2925E-26

      iter #   9 total cpu time : 23066.9 secs   av.it.:  40.0
      thresh= 2.297E-07 alpha_mix =  0.700 |ddv_scf|^2 =  7.465E-12

     Pert. #  1: Fermi energy shift (Ry) =    -1.0071E-04    -1.2925E-26

      iter #  10 total cpu time : 23190.3 secs   av.it.:  35.6
      thresh= 2.732E-07 alpha_mix =  0.700 |ddv_scf|^2 =  7.903E-12

     Pert. #  1: Fermi energy shift (Ry) =     2.8647E-04    -1.2925E-26

      iter #  11 total cpu time : 23295.7 secs   av.it.:  29.1
      thresh= 2.811E-07 alpha_mix =  0.700 |ddv_scf|^2 =  5.144E-12

     Pert. #  1: Fermi energy shift (Ry) =     2.8714E-06    -1.2925E-26

      iter #  12 total cpu time : 23409.3 secs   av.it.:  32.2
      thresh= 2.268E-07 alpha_mix =  0.700 |ddv_scf|^2 =  5.000E-14

     Pert. #  1: Fermi energy shift (Ry) =    -3.9920E-05    -1.2925E-26

      iter #  13 total cpu time : 23539.7 secs   av.it.:  38.0
      thresh= 2.236E-08 alpha_mix =  0.700 |ddv_scf|^2 =  9.695E-14

     Pert. #  1: Fermi energy shift (Ry) =     1.1382E-05    -1.2925E-26

      iter #  14 total cpu time : 23658.3 secs   av.it.:  34.0
      thresh= 3.114E-08 alpha_mix =  0.700 |ddv_scf|^2 =  6.787E-15

     End of self-consistent calculation

     Convergence has been achieved 


     Representation #  15 mode #  15

     Self-consistent Calculation

     Pert. #  1: Fermi energy shift (Ry) =     4.7383E-01     0.0000E+00

      iter #   1 total cpu time : 23728.9 secs   av.it.:  13.8
      thresh= 1.000E-02 alpha_mix =  0.700 |ddv_scf|^2 =  5.333E-05

     Pert. #  1: Fermi energy shift (Ry) =    -5.6150E+00     0.0000E+00

      iter #   2 total cpu time : 23852.7 secs   av.it.:  35.1
      thresh= 7.303E-04 alpha_mix =  0.700 |ddv_scf|^2 =  8.273E-03

     Pert. #  1: Fermi energy shift (Ry) =     2.7440E-02     0.0000E+00

      iter #   3 total cpu time : 23943.9 secs   av.it.:  23.5
      thresh= 9.095E-03 alpha_mix =  0.700 |ddv_scf|^2 =  4.847E-06

     Pert. #  1: Fermi energy shift (Ry) =     1.2147E-01     0.0000E+00

      iter #   4 total cpu time : 24060.2 secs   av.it.:  33.5
      thresh= 2.202E-04 alpha_mix =  0.700 |ddv_scf|^2 =  2.682E-06

     Pert. #  1: Fermi energy shift (Ry) =    -8.5110E-03     0.0000E+00

      iter #   5 total cpu time : 24169.3 secs   av.it.:  30.8
      thresh= 1.638E-04 alpha_mix =  0.700 |ddv_scf|^2 =  3.032E-07

     Pert. #  1: Fermi energy shift (Ry) =    -1.6810E-02     0.0000E+00

      iter #   6 total cpu time : 24283.2 secs   av.it.:  32.6
      thresh= 5.507E-05 alpha_mix =  0.700 |ddv_scf|^2 =  7.322E-09

     Pert. #  1: Fermi energy shift (Ry) =     1.0774E-02     0.0000E+00

      iter #   7 total cpu time : 24403.4 secs   av.it.:  34.0
      thresh= 8.557E-06 alpha_mix =  0.700 |ddv_scf|^2 =  1.565E-09

     Pert. #  1: Fermi energy shift (Ry) =     3.3617E-03     0.0000E+00

      iter #   8 total cpu time : 24524.6 secs   av.it.:  34.2
      thresh= 3.956E-06 alpha_mix =  0.700 |ddv_scf|^2 =  9.014E-10

     Pert. #  1: Fermi energy shift (Ry) =     1.2592E-03     0.0000E+00

      iter #   9 total cpu time : 24632.7 secs   av.it.:  29.8
      thresh= 3.002E-06 alpha_mix =  0.700 |ddv_scf|^2 =  9.843E-11

     Pert. #  1: Fermi energy shift (Ry) =     1.5168E-03     0.0000E+00

      iter #  10 total cpu time : 24743.3 secs   av.it.:  30.5
      thresh= 9.921E-07 alpha_mix =  0.700 |ddv_scf|^2 =  2.276E-11

     Pert. #  1: Fermi energy shift (Ry) =     2.2701E-03     0.0000E+00

      iter #  11 total cpu time : 24856.1 secs   av.it.:  31.5
      thresh= 4.771E-07 alpha_mix =  0.700 |ddv_scf|^2 =  2.319E-12

     Pert. #  1: Fermi energy shift (Ry) =     2.0866E-03     0.0000E+00

      iter #  12 total cpu time : 24976.6 secs   av.it.:  34.6
      thresh= 1.523E-07 alpha_mix =  0.700 |ddv_scf|^2 =  1.629E-12

     Pert. #  1: Fermi energy shift (Ry) =     2.2839E-03     0.0000E+00

      iter #  13 total cpu time : 25087.5 secs   av.it.:  31.1
      thresh= 1.277E-07 alpha_mix =  0.700 |ddv_scf|^2 =  4.535E-14

     Pert. #  1: Fermi energy shift (Ry) =     2.2800E-03     0.0000E+00

      iter #  14 total cpu time : 25207.4 secs   av.it.:  33.9
      thresh= 2.130E-08 alpha_mix =  0.700 |ddv_scf|^2 =  3.379E-15

     End of self-consistent calculation

     Convergence has been achieved 


     Representation #  16 mode #  16

     Self-consistent Calculation

     Pert. #  1: Fermi energy shift (Ry) =    -4.0994E-06     0.0000E+00

      iter #   1 total cpu time : 25268.9 secs   av.it.:  10.8
      thresh= 1.000E-02 alpha_mix =  0.700 |ddv_scf|^2 =  2.962E-07

     Pert. #  1: Fermi energy shift (Ry) =     1.9489E-05     0.0000E+00

      iter #   2 total cpu time : 25391.0 secs   av.it.:  34.2
      thresh= 5.443E-05 alpha_mix =  0.700 |ddv_scf|^2 =  3.886E-08

     Pert. #  1: Fermi energy shift (Ry) =    -5.1795E-04     0.0000E+00

      iter #   3 total cpu time : 25520.4 secs   av.it.:  37.6
      thresh= 1.971E-05 alpha_mix =  0.700 |ddv_scf|^2 =  5.738E-09

     Pert. #  1: Fermi energy shift (Ry) =     5.3099E-03     0.0000E+00

      iter #   4 total cpu time : 25652.6 secs   av.it.:  38.8
      thresh= 7.575E-06 alpha_mix =  0.700 |ddv_scf|^2 =  8.030E-09

     Pert. #  1: Fermi energy shift (Ry) =    -1.1942E-02     0.0000E+00

      iter #   5 total cpu time : 25764.0 secs   av.it.:  30.8
      thresh= 8.961E-06 alpha_mix =  0.700 |ddv_scf|^2 =  3.929E-08

     Pert. #  1: Fermi energy shift (Ry) =     1.3428E-04     0.0000E+00

      iter #   6 total cpu time : 25868.8 secs   av.it.:  28.8
      thresh= 1.982E-05 alpha_mix =  0.700 |ddv_scf|^2 =  3.660E-11

     Pert. #  1: Fermi energy shift (Ry) =    -7.3820E-05     0.0000E+00

      iter #   7 total cpu time : 26003.1 secs   av.it.:  39.2
      thresh= 6.050E-07 alpha_mix =  0.700 |ddv_scf|^2 =  5.146E-11

     Pert. #  1: Fermi energy shift (Ry) =     1.1495E-04     0.0000E+00

      iter #   8 total cpu time : 26127.4 secs   av.it.:  35.6
      thresh= 7.174E-07 alpha_mix =  0.700 |ddv_scf|^2 =  2.367E-11

     Pert. #  1: Fermi energy shift (Ry) =    -1.1727E-04     0.0000E+00

      iter #   9 total cpu time : 26247.3 secs   av.it.:  34.2
      thresh= 4.865E-07 alpha_mix =  0.700 |ddv_scf|^2 =  7.991E-13

     Pert. #  1: Fermi energy shift (Ry) =     1.2731E-04     0.0000E+00

      iter #  10 total cpu time : 26380.9 secs   av.it.:  38.8
      thresh= 8.939E-08 alpha_mix =  0.700 |ddv_scf|^2 =  7.996E-13

     Pert. #  1: Fermi energy shift (Ry) =     5.4162E-05     0.0000E+00

      iter #  11 total cpu time : 26505.0 secs   av.it.:  35.4
      thresh= 8.942E-08 alpha_mix =  0.700 |ddv_scf|^2 =  7.840E-13

     Pert. #  1: Fermi energy shift (Ry) =    -7.8106E-05     0.0000E+00

      iter #  12 total cpu time : 26614.8 secs   av.it.:  30.6
      thresh= 8.855E-08 alpha_mix =  0.700 |ddv_scf|^2 =  2.862E-13

     Pert. #  1: Fermi energy shift (Ry) =     1.1828E-05     0.0000E+00

      iter #  13 total cpu time : 26732.1 secs   av.it.:  33.2
      thresh= 5.349E-08 alpha_mix =  0.700 |ddv_scf|^2 =  4.640E-15

     End of self-consistent calculation

     Convergence has been achieved 


     Representation #  17 mode #  17

     Self-consistent Calculation

     Pert. #  1: Fermi energy shift (Ry) =     1.1848E-05     5.2940E-23

      iter #   1 total cpu time : 26793.5 secs   av.it.:  10.8
      thresh= 1.000E-02 alpha_mix =  0.700 |ddv_scf|^2 =  2.962E-07

     Pert. #  1: Fermi energy shift (Ry) =     5.1092E-04    -8.2718E-25

      iter #   2 total cpu time : 26916.3 secs   av.it.:  35.0
      thresh= 5.443E-05 alpha_mix =  0.700 |ddv_scf|^2 =  3.887E-08

     Pert. #  1: Fermi energy shift (Ry) =    -3.0552E-03     4.1359E-25

      iter #   3 total cpu time : 27046.9 secs   av.it.:  37.9
      thresh= 1.972E-05 alpha_mix =  0.700 |ddv_scf|^2 =  7.623E-09

     Pert. #  1: Fermi energy shift (Ry) =     2.5590E-02    -2.5849E-26

      iter #   4 total cpu time : 27180.7 secs   av.it.:  38.8
      thresh= 8.731E-06 alpha_mix =  0.700 |ddv_scf|^2 =  1.727E-07

     Pert. #  1: Fermi energy shift (Ry) =    -2.5380E-03     5.1699E-26

      iter #   5 total cpu time : 27276.8 secs   av.it.:  25.0
      thresh= 4.155E-05 alpha_mix =  0.700 |ddv_scf|^2 =  2.831E-09

     Pert. #  1: Fermi energy shift (Ry) =    -3.1692E-04    -1.2925E-26

      iter #   6 total cpu time : 27400.3 secs   av.it.:  35.1
      thresh= 5.321E-06 alpha_mix =  0.700 |ddv_scf|^2 =  8.111E-10

     Pert. #  1: Fermi energy shift (Ry) =    -4.1554E-04    -1.2925E-26

      iter #   7 total cpu time : 27518.6 secs   av.it.:  33.5
      thresh= 2.848E-06 alpha_mix =  0.700 |ddv_scf|^2 =  1.473E-10

     Pert. #  1: Fermi energy shift (Ry) =     9.2227E-04    -1.6156E-27

      iter #   8 total cpu time : 27644.0 secs   av.it.:  36.1
      thresh= 1.214E-06 alpha_mix =  0.700 |ddv_scf|^2 =  1.628E-11

     Pert. #  1: Fermi energy shift (Ry) =    -7.2022E-04     3.2312E-27

      iter #   9 total cpu time : 27775.4 secs   av.it.:  37.8
      thresh= 4.035E-07 alpha_mix =  0.700 |ddv_scf|^2 =  1.175E-11

     Pert. #  1: Fermi energy shift (Ry) =    -1.5491E-04     3.2312E-27

      iter #  10 total cpu time : 27901.3 secs   av.it.:  36.1
      thresh= 3.428E-07 alpha_mix =  0.700 |ddv_scf|^2 =  7.164E-12

     Pert. #  1: Fermi energy shift (Ry) =     2.0703E-04     8.0779E-28

      iter #  11 total cpu time : 28007.3 secs   av.it.:  28.6
      thresh= 2.677E-07 alpha_mix =  0.700 |ddv_scf|^2 =  4.791E-12

     Pert. #  1: Fermi energy shift (Ry) =    -5.3065E-06     1.6156E-27

      iter #  12 total cpu time : 28118.0 secs   av.it.:  30.9
      thresh= 2.189E-07 alpha_mix =  0.700 |ddv_scf|^2 =  4.968E-14

     Pert. #  1: Fermi energy shift (Ry) =     2.3276E-05     1.6156E-27

      iter #  13 total cpu time : 28250.1 secs   av.it.:  38.2
      thresh= 2.229E-08 alpha_mix =  0.700 |ddv_scf|^2 =  1.570E-13

     Pert. #  1: Fermi energy shift (Ry) =    -1.7359E-05     1.6156E-27

      iter #  14 total cpu time : 28365.8 secs   av.it.:  32.5
      thresh= 3.962E-08 alpha_mix =  0.700 |ddv_scf|^2 =  1.061E-14

     Pert. #  1: Fermi energy shift (Ry) =     2.5848E-05     1.6156E-27

      iter #  15 total cpu time : 28500.7 secs   av.it.:  39.1
      thresh= 1.030E-08 alpha_mix =  0.700 |ddv_scf|^2 =  1.009E-14

     Pert. #  1: Fermi energy shift (Ry) =     1.1940E-06     1.6156E-27

      iter #  16 total cpu time : 28624.5 secs   av.it.:  34.8
      thresh= 1.004E-08 alpha_mix =  0.700 |ddv_scf|^2 =  1.606E-14

     Pert. #  1: Fermi energy shift (Ry) =    -5.7882E-06     1.6156E-27

      iter #  17 total cpu time : 28731.7 secs   av.it.:  29.0
      thresh= 1.267E-08 alpha_mix =  0.700 |ddv_scf|^2 =  5.271E-15

     End of self-consistent calculation

     Convergence has been achieved 


     Representation #  18 mode #  18

     Self-consistent Calculation

     Pert. #  1: Fermi energy shift (Ry) =    -4.3104E-01     0.0000E+00

      iter #   1 total cpu time : 28802.7 secs   av.it.:  13.9
      thresh= 1.000E-02 alpha_mix =  0.700 |ddv_scf|^2 =  6.228E-05

     Pert. #  1: Fermi energy shift (Ry) =     6.0414E+00     0.0000E+00

      iter #   2 total cpu time : 28929.4 secs   av.it.:  35.2
      thresh= 7.892E-04 alpha_mix =  0.700 |ddv_scf|^2 =  9.822E-03

     Pert. #  1: Fermi energy shift (Ry) =    -5.5917E-02     0.0000E+00

      iter #   3 total cpu time : 29022.2 secs   av.it.:  23.6
      thresh= 9.911E-03 alpha_mix =  0.700 |ddv_scf|^2 =  2.765E-06

     Pert. #  1: Fermi energy shift (Ry) =    -1.1304E-01     0.0000E+00

      iter #   4 total cpu time : 29142.4 secs   av.it.:  34.0
      thresh= 1.663E-04 alpha_mix =  0.700 |ddv_scf|^2 =  1.635E-06

     Pert. #  1: Fermi energy shift (Ry) =     5.7065E-02     0.0000E+00

      iter #   5 total cpu time : 29256.4 secs   av.it.:  31.8
      thresh= 1.279E-04 alpha_mix =  0.700 |ddv_scf|^2 =  1.339E-07

     Pert. #  1: Fermi energy shift (Ry) =     1.2390E-02     0.0000E+00

      iter #   6 total cpu time : 29374.5 secs   av.it.:  33.8
      thresh= 3.660E-05 alpha_mix =  0.700 |ddv_scf|^2 =  7.118E-09

     Pert. #  1: Fermi energy shift (Ry) =    -2.4069E-03     0.0000E+00

      iter #   7 total cpu time : 29498.6 secs   av.it.:  35.0
      thresh= 8.437E-06 alpha_mix =  0.700 |ddv_scf|^2 =  2.512E-09

     Pert. #  1: Fermi energy shift (Ry) =     6.4382E-03     0.0000E+00

      iter #   8 total cpu time : 29617.0 secs   av.it.:  33.6
      thresh= 5.012E-06 alpha_mix =  0.700 |ddv_scf|^2 =  2.497E-10

     Pert. #  1: Fermi energy shift (Ry) =    -9.7947E-03     0.0000E+00

      iter #   9 total cpu time : 29744.4 secs   av.it.:  36.6
      thresh= 1.580E-06 alpha_mix =  0.700 |ddv_scf|^2 =  1.916E-08

     Pert. #  1: Fermi energy shift (Ry) =     1.2817E-03     0.0000E+00

      iter #  10 total cpu time : 29841.5 secs   av.it.:  25.4
      thresh= 1.384E-05 alpha_mix =  0.700 |ddv_scf|^2 =  1.860E-10

     Pert. #  1: Fermi energy shift (Ry) =     3.3428E-03     0.0000E+00

      iter #  11 total cpu time : 29949.0 secs   av.it.:  29.9
      thresh= 1.364E-06 alpha_mix =  0.700 |ddv_scf|^2 =  3.131E-11

     Pert. #  1: Fermi energy shift (Ry) =     3.1267E-03     0.0000E+00

      iter #  12 total cpu time : 30063.5 secs   av.it.:  31.9
      thresh= 5.595E-07 alpha_mix =  0.700 |ddv_scf|^2 =  3.767E-11

     Pert. #  1: Fermi energy shift (Ry) =     3.2856E-03     0.0000E+00

      iter #  13 total cpu time : 30171.1 secs   av.it.:  29.2
      thresh= 6.137E-07 alpha_mix =  0.700 |ddv_scf|^2 =  3.615E-12

     Pert. #  1: Fermi energy shift (Ry) =     2.6725E-03     0.0000E+00

      iter #  14 total cpu time : 30289.4 secs   av.it.:  32.6
      thresh= 1.901E-07 alpha_mix =  0.700 |ddv_scf|^2 =  1.676E-12

     Pert. #  1: Fermi energy shift (Ry) =     2.8280E-03     0.0000E+00

      iter #  15 total cpu time : 30394.8 secs   av.it.:  28.4
      thresh= 1.295E-07 alpha_mix =  0.700 |ddv_scf|^2 =  4.021E-14

     Pert. #  1: Fermi energy shift (Ry) =     2.8441E-03     0.0000E+00

      iter #  16 total cpu time : 30522.4 secs   av.it.:  36.5
      thresh= 2.005E-08 alpha_mix =  0.700 |ddv_scf|^2 =  1.003E-13

     Pert. #  1: Fermi energy shift (Ry) =     2.8291E-03     0.0000E+00

      iter #  17 total cpu time : 30628.7 secs   av.it.:  28.9
      thresh= 3.167E-08 alpha_mix =  0.700 |ddv_scf|^2 =  1.006E-14

     Pert. #  1: Fermi energy shift (Ry) =     2.8356E-03     0.0000E+00

      iter #  18 total cpu time : 30743.1 secs   av.it.:  31.9
      thresh= 1.003E-08 alpha_mix =  0.700 |ddv_scf|^2 =  2.604E-15

     End of self-consistent calculation

     Convergence has been achieved 


     Representation #  19 mode #  19

     Self-consistent Calculation

     Pert. #  1: Fermi energy shift (Ry) =     6.1300E-06     0.0000E+00

      iter #   1 total cpu time : 30822.5 secs   av.it.:  17.8
      thresh= 1.000E-02 alpha_mix =  0.700 |ddv_scf|^2 =  1.105E-05

     Pert. #  1: Fermi energy shift (Ry) =     1.0217E-04     0.0000E+00

      iter #   2 total cpu time : 30945.5 secs   av.it.:  35.8
      thresh= 3.325E-04 alpha_mix =  0.700 |ddv_scf|^2 =  7.609E-06

     Pert. #  1: Fermi energy shift (Ry) =    -6.0325E-04     0.0000E+00

      iter #   3 total cpu time : 31063.5 secs   av.it.:  34.1
      thresh= 2.758E-04 alpha_mix =  0.700 |ddv_scf|^2 =  1.554E-08

     Pert. #  1: Fermi energy shift (Ry) =     6.8448E-03     0.0000E+00

      iter #   4 total cpu time : 31196.6 secs   av.it.:  39.9
      thresh= 1.247E-05 alpha_mix =  0.700 |ddv_scf|^2 =  1.459E-08

     Pert. #  1: Fermi energy shift (Ry) =    -3.4021E-02     0.0000E+00

      iter #   5 total cpu time : 31319.1 secs   av.it.:  34.9
      thresh= 1.208E-05 alpha_mix =  0.700 |ddv_scf|^2 =  3.175E-07

     Pert. #  1: Fermi energy shift (Ry) =     8.1042E-04     0.0000E+00

      iter #   6 total cpu time : 31419.1 secs   av.it.:  27.1
      thresh= 5.635E-05 alpha_mix =  0.700 |ddv_scf|^2 =  5.135E-10

     Pert. #  1: Fermi energy shift (Ry) =     4.3196E-06     0.0000E+00

      iter #   7 total cpu time : 31548.0 secs   av.it.:  38.2
      thresh= 2.266E-06 alpha_mix =  0.700 |ddv_scf|^2 =  6.122E-11

     Pert. #  1: Fermi energy shift (Ry) =     1.5068E-04     0.0000E+00

      iter #   8 total cpu time : 31681.0 secs   av.it.:  39.4
      thresh= 7.825E-07 alpha_mix =  0.700 |ddv_scf|^2 =  1.724E-10

     Pert. #  1: Fermi energy shift (Ry) =    -1.5869E-04     0.0000E+00

      iter #   9 total cpu time : 31797.7 secs   av.it.:  33.5
      thresh= 1.313E-06 alpha_mix =  0.700 |ddv_scf|^2 =  4.940E-12

     Pert. #  1: Fermi energy shift (Ry) =     1.9610E-04     0.0000E+00

      iter #  10 total cpu time : 31930.2 secs   av.it.:  39.4
      thresh= 2.223E-07 alpha_mix =  0.700 |ddv_scf|^2 =  1.421E-12

     Pert. #  1: Fermi energy shift (Ry) =     3.5420E-05     0.0000E+00

      iter #  11 total cpu time : 32055.9 secs   av.it.:  36.2
      thresh= 1.192E-07 alpha_mix =  0.700 |ddv_scf|^2 =  5.068E-12

     Pert. #  1: Fermi energy shift (Ry) =    -1.8028E-04     0.0000E+00

      iter #  12 total cpu time : 32159.1 secs   av.it.:  27.4
      thresh= 2.251E-07 alpha_mix =  0.700 |ddv_scf|^2 =  1.036E-12

     Pert. #  1: Fermi energy shift (Ry) =     1.2269E-05     0.0000E+00

      iter #  13 total cpu time : 32276.4 secs   av.it.:  33.0
      thresh= 1.018E-07 alpha_mix =  0.700 |ddv_scf|^2 =  3.852E-15

     End of self-consistent calculation

     Convergence has been achieved 


     Representation #  20 mode #  20

     Self-consistent Calculation

     Pert. #  1: Fermi energy shift (Ry) =     3.2441E-05    -2.6470E-23

      iter #   1 total cpu time : 32356.9 secs   av.it.:  17.6
      thresh= 1.000E-02 alpha_mix =  0.700 |ddv_scf|^2 =  1.105E-05

     Pert. #  1: Fermi energy shift (Ry) =     5.1528E-05    -1.6544E-24

      iter #   2 total cpu time : 32481.6 secs   av.it.:  35.8
      thresh= 3.325E-04 alpha_mix =  0.700 |ddv_scf|^2 =  7.608E-06

     Pert. #  1: Fermi energy shift (Ry) =    -8.7137E-04    -1.0340E-25

      iter #   3 total cpu time : 32602.7 secs   av.it.:  34.1
      thresh= 2.758E-04 alpha_mix =  0.700 |ddv_scf|^2 =  1.561E-08

     Pert. #  1: Fermi energy shift (Ry) =     9.1712E-03     1.0340E-25

      iter #   4 total cpu time : 32736.9 secs   av.it.:  39.9
      thresh= 1.249E-05 alpha_mix =  0.700 |ddv_scf|^2 =  2.331E-08

     Pert. #  1: Fermi energy shift (Ry) =    -3.1425E-02     1.2925E-26

      iter #   5 total cpu time : 32854.6 secs   av.it.:  33.0
      thresh= 1.527E-05 alpha_mix =  0.700 |ddv_scf|^2 =  2.684E-07

     Pert. #  1: Fermi energy shift (Ry) =    -3.4576E-04    -1.0340E-25

      iter #   6 total cpu time : 32957.4 secs   av.it.:  27.9
      thresh= 5.181E-05 alpha_mix =  0.700 |ddv_scf|^2 =  1.055E-09

     Pert. #  1: Fermi energy shift (Ry) =     2.2244E-03     5.1699E-26

      iter #   7 total cpu time : 33085.8 secs   av.it.:  37.4
      thresh= 3.249E-06 alpha_mix =  0.700 |ddv_scf|^2 =  2.764E-09

     Pert. #  1: Fermi energy shift (Ry) =    -2.0112E-04     1.0340E-25

      iter #   8 total cpu time : 33200.7 secs   av.it.:  32.8
      thresh= 5.257E-06 alpha_mix =  0.700 |ddv_scf|^2 =  4.012E-11

     Pert. #  1: Fermi energy shift (Ry) =     2.5098E-05     5.1699E-26

      iter #   9 total cpu time : 33333.0 secs   av.it.:  38.9
      thresh= 6.334E-07 alpha_mix =  0.700 |ddv_scf|^2 =  5.126E-12

     Pert. #  1: Fermi energy shift (Ry) =    -5.9097E-05     5.1699E-26

      iter #  10 total cpu time : 33461.3 secs   av.it.:  37.5
      thresh= 2.264E-07 alpha_mix =  0.700 |ddv_scf|^2 =  6.285E-13

     Pert. #  1: Fermi energy shift (Ry) =     3.0565E-04     5.1699E-26

      iter #  11 total cpu time : 33594.1 secs   av.it.:  38.4
      thresh= 7.928E-08 alpha_mix =  0.700 |ddv_scf|^2 =  2.165E-11

     Pert. #  1: Fermi energy shift (Ry) =     1.6581E-05     5.1699E-26

      iter #  12 total cpu time : 33691.8 secs   av.it.:  25.8
      thresh= 4.653E-07 alpha_mix =  0.700 |ddv_scf|^2 =  9.868E-14

     Pert. #  1: Fermi energy shift (Ry) =    -4.8136E-05     5.1699E-26

      iter #  13 total cpu time : 33822.8 secs   av.it.:  37.6
      thresh= 3.141E-08 alpha_mix =  0.700 |ddv_scf|^2 =  3.827E-14

     Pert. #  1: Fermi energy shift (Ry) =     1.2345E-05     5.1699E-26

      iter #  14 total cpu time : 33947.7 secs   av.it.:  35.5
      thresh= 1.956E-08 alpha_mix =  0.700 |ddv_scf|^2 =  5.319E-15

     End of self-consistent calculation

     Convergence has been achieved 


     Representation #  21 mode #  21

     Self-consistent Calculation

     Pert. #  1: Fermi energy shift (Ry) =    -2.2737E-01     0.0000E+00

      iter #   1 total cpu time : 34034.9 secs   av.it.:  20.2
      thresh= 1.000E-02 alpha_mix =  0.700 |ddv_scf|^2 =  1.360E-04

     Pert. #  1: Fermi energy shift (Ry) =    -1.0403E+00     0.0000E+00

      iter #   2 total cpu time : 34162.4 secs   av.it.:  36.8
      thresh= 1.166E-03 alpha_mix =  0.700 |ddv_scf|^2 =  4.821E-03

     Pert. #  1: Fermi energy shift (Ry) =     3.8372E+00     0.0000E+00

      iter #   3 total cpu time : 34263.7 secs   av.it.:  27.0
      thresh= 6.943E-03 alpha_mix =  0.700 |ddv_scf|^2 =  2.079E-03

     Pert. #  1: Fermi energy shift (Ry) =     9.7466E-02     0.0000E+00

      iter #   4 total cpu time : 34363.9 secs   av.it.:  26.8
      thresh= 4.560E-03 alpha_mix =  0.700 |ddv_scf|^2 =  5.156E-06

     Pert. #  1: Fermi energy shift (Ry) =    -6.8743E-02     0.0000E+00

      iter #   5 total cpu time : 34487.7 secs   av.it.:  35.9
      thresh= 2.271E-04 alpha_mix =  0.700 |ddv_scf|^2 =  1.990E-06

     Pert. #  1: Fermi energy shift (Ry) =     1.7778E-01     0.0000E+00

      iter #   6 total cpu time : 34606.4 secs   av.it.:  33.5
      thresh= 1.411E-04 alpha_mix =  0.700 |ddv_scf|^2 =  3.713E-07

     Pert. #  1: Fermi energy shift (Ry) =     3.3862E-02     0.0000E+00

      iter #   7 total cpu time : 34726.8 secs   av.it.:  34.1
      thresh= 6.093E-05 alpha_mix =  0.700 |ddv_scf|^2 =  2.227E-08

     Pert. #  1: Fermi energy shift (Ry) =     3.5738E-02     0.0000E+00

      iter #   8 total cpu time : 34844.7 secs   av.it.:  34.0
      thresh= 1.492E-05 alpha_mix =  0.700 |ddv_scf|^2 =  1.082E-08

     Pert. #  1: Fermi energy shift (Ry) =     4.3397E-02     0.0000E+00

      iter #   9 total cpu time : 34949.6 secs   av.it.:  28.5
      thresh= 1.040E-05 alpha_mix =  0.700 |ddv_scf|^2 =  1.315E-09

     Pert. #  1: Fermi energy shift (Ry) =     4.5772E-02     0.0000E+00

      iter #  10 total cpu time : 35063.8 secs   av.it.:  32.1
      thresh= 3.627E-06 alpha_mix =  0.700 |ddv_scf|^2 =  1.332E-09

     Pert. #  1: Fermi energy shift (Ry) =     4.0305E-02     0.0000E+00

      iter #  11 total cpu time : 35172.7 secs   av.it.:  29.9
      thresh= 3.650E-06 alpha_mix =  0.700 |ddv_scf|^2 =  5.084E-10

     Pert. #  1: Fermi energy shift (Ry) =     4.0113E-02     0.0000E+00

      iter #  12 total cpu time : 35278.9 secs   av.it.:  29.2
      thresh= 2.255E-06 alpha_mix =  0.700 |ddv_scf|^2 =  1.546E-10

     Pert. #  1: Fermi energy shift (Ry) =     4.1950E-02     0.0000E+00

      iter #  13 total cpu time : 35390.0 secs   av.it.:  30.1
      thresh= 1.243E-06 alpha_mix =  0.700 |ddv_scf|^2 =  4.861E-11

     Pert. #  1: Fermi energy shift (Ry) =     4.2103E-02     0.0000E+00

      iter #  14 total cpu time : 35505.2 secs   av.it.:  31.5
      thresh= 6.972E-07 alpha_mix =  0.700 |ddv_scf|^2 =  8.388E-12

     Pert. #  1: Fermi energy shift (Ry) =     4.2191E-02     0.0000E+00

      iter #  15 total cpu time : 35617.7 secs   av.it.:  31.8
      thresh= 2.896E-07 alpha_mix =  0.700 |ddv_scf|^2 =  3.426E-12

     Pert. #  1: Fermi energy shift (Ry) =     4.2116E-02     0.0000E+00

      iter #  16 total cpu time : 35721.2 secs   av.it.:  27.9
      thresh= 1.851E-07 alpha_mix =  0.700 |ddv_scf|^2 =  1.687E-12

     Pert. #  1: Fermi energy shift (Ry) =     4.1999E-02     0.0000E+00

      iter #  17 total cpu time : 35826.8 secs   av.it.:  28.8
      thresh= 1.299E-07 alpha_mix =  0.700 |ddv_scf|^2 =  2.653E-15

     End of self-consistent calculation

     Convergence has been achieved 


     Representation #  22 mode #  22

     Self-consistent Calculation

     Pert. #  1: Fermi energy shift (Ry) =    -7.1498E-06     0.0000E+00

      iter #   1 total cpu time : 35884.6 secs   av.it.:   9.2
      thresh= 1.000E-02 alpha_mix =  0.700 |ddv_scf|^2 =  8.218E-07

     Pert. #  1: Fermi energy shift (Ry) =     8.2375E-05     0.0000E+00

      iter #   2 total cpu time : 35999.0 secs   av.it.:  31.5
      thresh= 9.065E-05 alpha_mix =  0.700 |ddv_scf|^2 =  4.874E-07

     Pert. #  1: Fermi energy shift (Ry) =    -3.2167E-04     0.0000E+00

      iter #   3 total cpu time : 36112.2 secs   av.it.:  31.5
      thresh= 6.981E-05 alpha_mix =  0.700 |ddv_scf|^2 =  3.184E-10

     Pert. #  1: Fermi energy shift (Ry) =     3.5790E-03     0.0000E+00

      iter #   4 total cpu time : 36250.9 secs   av.it.:  40.5
      thresh= 1.784E-06 alpha_mix =  0.700 |ddv_scf|^2 =  3.333E-09

     Pert. #  1: Fermi energy shift (Ry) =    -3.0154E-03     0.0000E+00

      iter #   5 total cpu time : 36353.4 secs   av.it.:  27.8
      thresh= 5.773E-06 alpha_mix =  0.700 |ddv_scf|^2 =  2.613E-09

     Pert. #  1: Fermi energy shift (Ry) =    -1.6664E-04     0.0000E+00

      iter #   6 total cpu time : 36463.6 secs   av.it.:  30.6
      thresh= 5.111E-06 alpha_mix =  0.700 |ddv_scf|^2 =  1.061E-11

     Pert. #  1: Fermi energy shift (Ry) =     3.7149E-04     0.0000E+00

      iter #   7 total cpu time : 36600.1 secs   av.it.:  39.8
      thresh= 3.257E-07 alpha_mix =  0.700 |ddv_scf|^2 =  1.585E-11

     Pert. #  1: Fermi energy shift (Ry) =    -4.8184E-05     0.0000E+00

      iter #   8 total cpu time : 36716.8 secs   av.it.:  32.8
      thresh= 3.981E-07 alpha_mix =  0.700 |ddv_scf|^2 =  1.045E-12

     Pert. #  1: Fermi energy shift (Ry) =    -7.4938E-05     0.0000E+00

      iter #   9 total cpu time : 36846.0 secs   av.it.:  37.2
      thresh= 1.022E-07 alpha_mix =  0.700 |ddv_scf|^2 =  2.097E-13

     Pert. #  1: Fermi energy shift (Ry) =     4.3866E-05     0.0000E+00

      iter #  10 total cpu time : 36976.8 secs   av.it.:  37.6
      thresh= 4.579E-08 alpha_mix =  0.700 |ddv_scf|^2 =  1.527E-13

     Pert. #  1: Fermi energy shift (Ry) =     4.9602E-05     0.0000E+00

      iter #  11 total cpu time : 37100.4 secs   av.it.:  35.2
      thresh= 3.908E-08 alpha_mix =  0.700 |ddv_scf|^2 =  3.610E-13

     Pert. #  1: Fermi energy shift (Ry) =    -1.2621E-05     0.0000E+00

      iter #  12 total cpu time : 37204.8 secs   av.it.:  28.1
      thresh= 6.008E-08 alpha_mix =  0.700 |ddv_scf|^2 =  8.899E-15

     End of self-consistent calculation

     Convergence has been achieved 


     Representation #  23 mode #  23

     Self-consistent Calculation

     Pert. #  1: Fermi energy shift (Ry) =     3.6840E-05     6.6174E-24

      iter #   1 total cpu time : 37263.3 secs   av.it.:   9.2
      thresh= 1.000E-02 alpha_mix =  0.700 |ddv_scf|^2 =  8.218E-07

     Pert. #  1: Fermi energy shift (Ry) =     3.5185E-04     8.2718E-25

      iter #   2 total cpu time : 37378.3 secs   av.it.:  32.0
      thresh= 9.066E-05 alpha_mix =  0.700 |ddv_scf|^2 =  4.875E-07

     Pert. #  1: Fermi energy shift (Ry) =    -1.4912E-03     2.0680E-25

      iter #   3 total cpu time : 37492.5 secs   av.it.:  31.8
      thresh= 6.982E-05 alpha_mix =  0.700 |ddv_scf|^2 =  8.903E-10

     Pert. #  1: Fermi energy shift (Ry) =     1.6576E-02    -5.1699E-26

      iter #   4 total cpu time : 37630.2 secs   av.it.:  39.9
      thresh= 2.984E-06 alpha_mix =  0.700 |ddv_scf|^2 =  7.550E-08

     Pert. #  1: Fermi energy shift (Ry) =    -6.8824E-04    -1.0340E-25

      iter #   5 total cpu time : 37724.4 secs   av.it.:  24.4
      thresh= 2.748E-05 alpha_mix =  0.700 |ddv_scf|^2 =  1.976E-10

     Pert. #  1: Fermi energy shift (Ry) =     3.3901E-04    -5.1699E-26

      iter #   6 total cpu time : 37853.9 secs   av.it.:  38.0
      thresh= 1.406E-06 alpha_mix =  0.700 |ddv_scf|^2 =  1.926E-10

     Pert. #  1: Fermi energy shift (Ry) =    -2.1507E-04    -5.1699E-26

      iter #   7 total cpu time : 37969.6 secs   av.it.:  32.8
      thresh= 1.388E-06 alpha_mix =  0.700 |ddv_scf|^2 =  2.078E-11

     Pert. #  1: Fermi energy shift (Ry) =     1.4147E-04    -5.1699E-26

      iter #   8 total cpu time : 38094.4 secs   av.it.:  36.1
      thresh= 4.558E-07 alpha_mix =  0.700 |ddv_scf|^2 =  3.716E-13

     Pert. #  1: Fermi energy shift (Ry) =    -2.3469E-04    -5.1699E-26

      iter #   9 total cpu time : 38235.4 secs   av.it.:  41.4
      thresh= 6.096E-08 alpha_mix =  0.700 |ddv_scf|^2 =  9.088E-13

     Pert. #  1: Fermi energy shift (Ry) =    -2.9938E-05    -5.1699E-26

      iter #  10 total cpu time : 38360.2 secs   av.it.:  35.8
      thresh= 9.533E-08 alpha_mix =  0.700 |ddv_scf|^2 =  1.326E-12

     Pert. #  1: Fermi energy shift (Ry) =     5.6607E-05    -5.1699E-26

      iter #  11 total cpu time : 38460.3 secs   av.it.:  26.8
      thresh= 1.152E-07 alpha_mix =  0.700 |ddv_scf|^2 =  2.002E-13

     Pert. #  1: Fermi energy shift (Ry) =     8.3181E-06    -5.1699E-26

      iter #  12 total cpu time : 38578.7 secs   av.it.:  34.1
      thresh= 4.475E-08 alpha_mix =  0.700 |ddv_scf|^2 =  8.163E-15

     End of self-consistent calculation

     Convergence has been achieved 


     Representation #  24 mode #  24

     Self-consistent Calculation

     Pert. #  1: Fermi energy shift (Ry) =     1.0370E-01     0.0000E+00

      iter #   1 total cpu time : 38649.4 secs   av.it.:  14.4
      thresh= 1.000E-02 alpha_mix =  0.700 |ddv_scf|^2 =  1.966E-05

     Pert. #  1: Fermi energy shift (Ry) =     3.7585E-01     0.0000E+00

      iter #   2 total cpu time : 38773.7 secs   av.it.:  35.6
      thresh= 4.434E-04 alpha_mix =  0.700 |ddv_scf|^2 =  5.982E-04

     Pert. #  1: Fermi energy shift (Ry) =    -1.4056E+00     0.0000E+00

      iter #   3 total cpu time : 38875.0 secs   av.it.:  27.4
      thresh= 2.446E-03 alpha_mix =  0.700 |ddv_scf|^2 =  3.319E-04

     Pert. #  1: Fermi energy shift (Ry) =     1.3518E-02     0.0000E+00

      iter #   4 total cpu time : 38972.8 secs   av.it.:  25.9
      thresh= 1.822E-03 alpha_mix =  0.700 |ddv_scf|^2 =  3.156E-07

     Pert. #  1: Fermi energy shift (Ry) =     2.5943E-02     0.0000E+00

      iter #   5 total cpu time : 39097.8 secs   av.it.:  36.6
      thresh= 5.617E-05 alpha_mix =  0.700 |ddv_scf|^2 =  1.518E-07

     Pert. #  1: Fermi energy shift (Ry) =    -4.4157E-02     0.0000E+00

      iter #   6 total cpu time : 39219.8 secs   av.it.:  34.0
      thresh= 3.896E-05 alpha_mix =  0.700 |ddv_scf|^2 =  5.324E-08

     Pert. #  1: Fermi energy shift (Ry) =     3.1212E-03     0.0000E+00

      iter #   7 total cpu time : 39339.5 secs   av.it.:  33.6
      thresh= 2.307E-05 alpha_mix =  0.700 |ddv_scf|^2 =  2.584E-09

     Pert. #  1: Fermi energy shift (Ry) =    -9.2404E-03     0.0000E+00

      iter #   8 total cpu time : 39454.3 secs   av.it.:  32.6
      thresh= 5.084E-06 alpha_mix =  0.700 |ddv_scf|^2 =  1.536E-09

     Pert. #  1: Fermi energy shift (Ry) =    -4.5068E-03     0.0000E+00

      iter #   9 total cpu time : 39559.4 secs   av.it.:  28.5
      thresh= 3.920E-06 alpha_mix =  0.700 |ddv_scf|^2 =  1.851E-10

     Pert. #  1: Fermi energy shift (Ry) =    -5.4710E-03     0.0000E+00

      iter #  10 total cpu time : 39663.8 secs   av.it.:  28.5
      thresh= 1.361E-06 alpha_mix =  0.700 |ddv_scf|^2 =  2.059E-12

     Pert. #  1: Fermi energy shift (Ry) =    -5.6170E-03     0.0000E+00

      iter #  11 total cpu time : 39774.7 secs   av.it.:  31.0
      thresh= 1.435E-07 alpha_mix =  0.700 |ddv_scf|^2 =  1.429E-13

     Pert. #  1: Fermi energy shift (Ry) =    -5.6093E-03     0.0000E+00

      iter #  12 total cpu time : 39901.3 secs   av.it.:  36.2
      thresh= 3.780E-08 alpha_mix =  0.700 |ddv_scf|^2 =  1.596E-13

     Pert. #  1: Fermi energy shift (Ry) =    -5.7304E-03     0.0000E+00

      iter #  13 total cpu time : 40025.6 secs   av.it.:  35.4
      thresh= 3.995E-08 alpha_mix =  0.700 |ddv_scf|^2 =  9.913E-14

     Pert. #  1: Fermi energy shift (Ry) =    -5.6359E-03     0.0000E+00

      iter #  14 total cpu time : 40145.3 secs   av.it.:  34.0
      thresh= 3.148E-08 alpha_mix =  0.700 |ddv_scf|^2 =  1.625E-15

     End of self-consistent calculation

     Convergence has been achieved 


     Representation #  25 mode #  25

     Self-consistent Calculation

     Pert. #  1: Fermi energy shift (Ry) =     4.4873E-06     0.0000E+00

      iter #   1 total cpu time : 40187.4 secs   av.it.:   4.2
      thresh= 1.000E-02 alpha_mix =  0.700 |ddv_scf|^2 =  3.024E-09

     Pert. #  1: Fermi energy shift (Ry) =    -9.2737E-05     0.0000E+00

      iter #   2 total cpu time : 40302.2 secs   av.it.:  31.2
      thresh= 5.499E-06 alpha_mix =  0.700 |ddv_scf|^2 =  7.922E-10

     Pert. #  1: Fermi energy shift (Ry) =     5.8518E-04     0.0000E+00

      iter #   3 total cpu time : 40423.5 secs   av.it.:  33.8
      thresh= 2.815E-06 alpha_mix =  0.700 |ddv_scf|^2 =  1.030E-10

     Pert. #  1: Fermi energy shift (Ry) =    -3.5411E-03     0.0000E+00

      iter #   4 total cpu time : 40549.4 secs   av.it.:  35.2
      thresh= 1.015E-06 alpha_mix =  0.700 |ddv_scf|^2 =  3.380E-09

     Pert. #  1: Fermi energy shift (Ry) =    -5.3379E-06     0.0000E+00

      iter #   5 total cpu time : 40647.0 secs   av.it.:  25.1
      thresh= 5.814E-06 alpha_mix =  0.700 |ddv_scf|^2 =  2.054E-12

     Pert. #  1: Fermi energy shift (Ry) =     1.3369E-04     0.0000E+00

      iter #   6 total cpu time : 40781.1 secs   av.it.:  39.0
      thresh= 1.433E-07 alpha_mix =  0.700 |ddv_scf|^2 =  4.420E-12

     Pert. #  1: Fermi energy shift (Ry) =    -2.4658E-05     0.0000E+00

      iter #   7 total cpu time : 40896.0 secs   av.it.:  32.1
      thresh= 2.102E-07 alpha_mix =  0.700 |ddv_scf|^2 =  4.420E-13

     Pert. #  1: Fermi energy shift (Ry) =    -1.8871E-05     0.0000E+00

      iter #   8 total cpu time : 41021.3 secs   av.it.:  36.1
      thresh= 6.648E-08 alpha_mix =  0.700 |ddv_scf|^2 =  1.725E-14

     Pert. #  1: Fermi energy shift (Ry) =     2.8031E-05     0.0000E+00

      iter #   9 total cpu time : 41161.7 secs   av.it.:  40.9
      thresh= 1.314E-08 alpha_mix =  0.700 |ddv_scf|^2 =  1.940E-14

     Pert. #  1: Fermi energy shift (Ry) =     1.1446E-05     0.0000E+00

      iter #  10 total cpu time : 41291.3 secs   av.it.:  37.0
      thresh= 1.393E-08 alpha_mix =  0.700 |ddv_scf|^2 =  1.610E-13

     Pert. #  1: Fermi energy shift (Ry) =    -1.6777E-05     0.0000E+00

      iter #  11 total cpu time : 41390.0 secs   av.it.:  25.9
      thresh= 4.013E-08 alpha_mix =  0.700 |ddv_scf|^2 =  9.889E-15

     End of self-consistent calculation

     Convergence has been achieved 


     Representation #  26 mode #  26

     Self-consistent Calculation

     Pert. #  1: Fermi energy shift (Ry) =    -3.3007E-02     2.5849E-26

      iter #   1 total cpu time : 41434.7 secs   av.it.:   4.8
      thresh= 1.000E-02 alpha_mix =  0.700 |ddv_scf|^2 =  7.138E-08

     Pert. #  1: Fermi energy shift (Ry) =     2.5843E-01    -1.0340E-25

      iter #   2 total cpu time : 41564.7 secs   av.it.:  36.4
      thresh= 2.672E-05 alpha_mix =  0.700 |ddv_scf|^2 =  1.370E-05

     Pert. #  1: Fermi energy shift (Ry) =     4.6393E-02    -1.6544E-24

      iter #   3 total cpu time : 41655.6 secs   av.it.:  23.0
      thresh= 3.701E-04 alpha_mix =  0.700 |ddv_scf|^2 =  1.109E-07

     Pert. #  1: Fermi energy shift (Ry) =    -5.1564E-03     5.1699E-26

      iter #   4 total cpu time : 41764.4 secs   av.it.:  29.6
      thresh= 3.330E-05 alpha_mix =  0.700 |ddv_scf|^2 =  6.441E-09

     Pert. #  1: Fermi energy shift (Ry) =    -9.4365E-03     2.5849E-26

      iter #   5 total cpu time : 41883.4 secs   av.it.:  33.2
      thresh= 8.025E-06 alpha_mix =  0.700 |ddv_scf|^2 =  7.686E-09

     Pert. #  1: Fermi energy shift (Ry) =     1.2992E-03    -3.2312E-27

      iter #   6 total cpu time : 41987.4 secs   av.it.:  28.0
      thresh= 8.767E-06 alpha_mix =  0.700 |ddv_scf|^2 =  1.690E-10

     Pert. #  1: Fermi energy shift (Ry) =     6.9771E-04     2.5849E-26

      iter #   7 total cpu time : 42110.4 secs   av.it.:  34.5
      thresh= 1.300E-06 alpha_mix =  0.700 |ddv_scf|^2 =  1.431E-10

     Pert. #  1: Fermi energy shift (Ry) =     1.3421E-04     1.2925E-26

      iter #   8 total cpu time : 42220.0 secs   av.it.:  30.1
      thresh= 1.196E-06 alpha_mix =  0.700 |ddv_scf|^2 =  7.953E-13

     Pert. #  1: Fermi energy shift (Ry) =     1.8082E-04     6.4623E-27

      iter #   9 total cpu time : 42344.2 secs   av.it.:  35.9
      thresh= 8.918E-08 alpha_mix =  0.700 |ddv_scf|^2 =  4.445E-13

     Pert. #  1: Fermi energy shift (Ry) =    -3.1996E-05     6.4623E-27

      iter #  10 total cpu time : 42465.9 secs   av.it.:  34.5
      thresh= 6.667E-08 alpha_mix =  0.700 |ddv_scf|^2 =  1.715E-13

     Pert. #  1: Fermi energy shift (Ry) =     6.6572E-05     6.4623E-27

      iter #  11 total cpu time : 42585.3 secs   av.it.:  34.0
      thresh= 4.142E-08 alpha_mix =  0.700 |ddv_scf|^2 =  2.546E-14

     Pert. #  1: Fermi energy shift (Ry) =     9.2632E-05     6.4623E-27

      iter #  12 total cpu time : 42702.9 secs   av.it.:  33.8
      thresh= 1.596E-08 alpha_mix =  0.700 |ddv_scf|^2 =  2.767E-14

     Pert. #  1: Fermi energy shift (Ry) =     7.4897E-05     6.4623E-27

      iter #  13 total cpu time : 42818.7 secs   av.it.:  32.4
      thresh= 1.663E-08 alpha_mix =  0.700 |ddv_scf|^2 =  1.050E-14

     Pert. #  1: Fermi energy shift (Ry) =     8.1187E-05     6.4623E-27

      iter #  14 total cpu time : 42936.2 secs   av.it.:  33.1
      thresh= 1.025E-08 alpha_mix =  0.700 |ddv_scf|^2 =  2.204E-15

     End of self-consistent calculation

     Convergence has been achieved 


     Representation #  27 mode #  27

     Self-consistent Calculation

     Pert. #  1: Fermi energy shift (Ry) =    -5.7815E-02     0.0000E+00

      iter #   1 total cpu time : 42984.3 secs   av.it.:   6.0
      thresh= 1.000E-02 alpha_mix =  0.700 |ddv_scf|^2 =  6.628E-07

     Pert. #  1: Fermi energy shift (Ry) =     6.1236E-01     0.0000E+00

      iter #   2 total cpu time : 43112.3 secs   av.it.:  36.0
      thresh= 8.141E-05 alpha_mix =  0.700 |ddv_scf|^2 =  1.051E-04

     Pert. #  1: Fermi energy shift (Ry) =    -5.8161E-03     0.0000E+00

      iter #   3 total cpu time : 43205.0 secs   av.it.:  23.8
      thresh= 1.025E-03 alpha_mix =  0.700 |ddv_scf|^2 =  1.184E-07

     Pert. #  1: Fermi energy shift (Ry) =     9.8493E-03     0.0000E+00

      iter #   4 total cpu time : 43323.2 secs   av.it.:  33.2
      thresh= 3.441E-05 alpha_mix =  0.700 |ddv_scf|^2 =  2.735E-08

     Pert. #  1: Fermi energy shift (Ry) =    -1.1941E-02     0.0000E+00

      iter #   5 total cpu time : 43441.9 secs   av.it.:  32.9
      thresh= 1.654E-05 alpha_mix =  0.700 |ddv_scf|^2 =  3.153E-09

     Pert. #  1: Fermi energy shift (Ry) =    -7.5030E-04     0.0000E+00

      iter #   6 total cpu time : 43558.6 secs   av.it.:  32.0
      thresh= 5.615E-06 alpha_mix =  0.700 |ddv_scf|^2 =  3.016E-10

     Pert. #  1: Fermi energy shift (Ry) =    -3.7255E-03     0.0000E+00

      iter #   7 total cpu time : 43670.0 secs   av.it.:  30.5
      thresh= 1.737E-06 alpha_mix =  0.700 |ddv_scf|^2 =  5.346E-12

     Pert. #  1: Fermi energy shift (Ry) =    -2.6719E-03     0.0000E+00

      iter #   8 total cpu time : 43798.1 secs   av.it.:  36.5
      thresh= 2.312E-07 alpha_mix =  0.700 |ddv_scf|^2 =  3.426E-12

     Pert. #  1: Fermi energy shift (Ry) =    -3.2687E-03     0.0000E+00

      iter #   9 total cpu time : 43922.9 secs   av.it.:  35.2
      thresh= 1.851E-07 alpha_mix =  0.700 |ddv_scf|^2 =  6.075E-14

     Pert. #  1: Fermi energy shift (Ry) =    -3.1521E-03     0.0000E+00

      iter #  10 total cpu time : 44057.4 secs   av.it.:  39.1
      thresh= 2.465E-08 alpha_mix =  0.700 |ddv_scf|^2 =  2.828E-13

     Pert. #  1: Fermi energy shift (Ry) =    -3.2234E-03     0.0000E+00

      iter #  11 total cpu time : 44169.3 secs   av.it.:  31.1
      thresh= 5.318E-08 alpha_mix =  0.700 |ddv_scf|^2 =  4.034E-15

     End of self-consistent calculation

     Convergence has been achieved 


     Representation #  28 mode #  28

     Self-consistent Calculation

     Pert. #  1: Fermi energy shift (Ry) =     2.8582E-02     0.0000E+00

      iter #   1 total cpu time : 44214.3 secs   av.it.:   4.9
      thresh= 1.000E-02 alpha_mix =  0.700 |ddv_scf|^2 =  5.406E-08

     Pert. #  1: Fermi energy shift (Ry) =    -2.2308E-01     0.0000E+00

      iter #   2 total cpu time : 44345.3 secs   av.it.:  36.9
      thresh= 2.325E-05 alpha_mix =  0.700 |ddv_scf|^2 =  1.022E-05

     Pert. #  1: Fermi energy shift (Ry) =    -3.9668E-02     0.0000E+00

      iter #   3 total cpu time : 44436.0 secs   av.it.:  23.0
      thresh= 3.196E-04 alpha_mix =  0.700 |ddv_scf|^2 =  8.035E-08

     Pert. #  1: Fermi energy shift (Ry) =     6.3634E-03     0.0000E+00

      iter #   4 total cpu time : 44545.8 secs   av.it.:  30.4
      thresh= 2.835E-05 alpha_mix =  0.700 |ddv_scf|^2 =  4.764E-09

     Pert. #  1: Fermi energy shift (Ry) =     7.9750E-03     0.0000E+00

      iter #   5 total cpu time : 44665.8 secs   av.it.:  33.8
      thresh= 6.902E-06 alpha_mix =  0.700 |ddv_scf|^2 =  5.515E-09

     Pert. #  1: Fermi energy shift (Ry) =    -1.5209E-03     0.0000E+00

      iter #   6 total cpu time : 44771.4 secs   av.it.:  28.6
      thresh= 7.426E-06 alpha_mix =  0.700 |ddv_scf|^2 =  9.523E-11

     Pert. #  1: Fermi energy shift (Ry) =    -7.0427E-04     0.0000E+00

      iter #   7 total cpu time : 44897.2 secs   av.it.:  35.6
      thresh= 9.758E-07 alpha_mix =  0.700 |ddv_scf|^2 =  1.472E-10

     Pert. #  1: Fermi energy shift (Ry) =    -1.1922E-04     0.0000E+00

      iter #   8 total cpu time : 45005.9 secs   av.it.:  29.8
      thresh= 1.213E-06 alpha_mix =  0.700 |ddv_scf|^2 =  5.798E-13

     Pert. #  1: Fermi energy shift (Ry) =    -1.4902E-04     0.0000E+00

      iter #   9 total cpu time : 45135.1 secs   av.it.:  37.1
      thresh= 7.615E-08 alpha_mix =  0.700 |ddv_scf|^2 =  2.787E-13

     Pert. #  1: Fermi energy shift (Ry) =     3.8402E-05     0.0000E+00

      iter #  10 total cpu time : 45260.0 secs   av.it.:  35.6
      thresh= 5.279E-08 alpha_mix =  0.700 |ddv_scf|^2 =  1.661E-13

     Pert. #  1: Fermi energy shift (Ry) =    -6.5794E-05     0.0000E+00

      iter #  11 total cpu time : 45379.2 secs   av.it.:  33.6
      thresh= 4.076E-08 alpha_mix =  0.700 |ddv_scf|^2 =  1.295E-14

     Pert. #  1: Fermi energy shift (Ry) =    -8.0892E-05     0.0000E+00

      iter #  12 total cpu time : 45504.4 secs   av.it.:  35.6
      thresh= 1.138E-08 alpha_mix =  0.700 |ddv_scf|^2 =  2.923E-14

     Pert. #  1: Fermi energy shift (Ry) =    -6.2800E-05     0.0000E+00

      iter #  13 total cpu time : 45618.3 secs   av.it.:  31.9
      thresh= 1.710E-08 alpha_mix =  0.700 |ddv_scf|^2 =  1.099E-14

     Pert. #  1: Fermi energy shift (Ry) =    -7.0185E-05     0.0000E+00

      iter #  14 total cpu time : 45738.7 secs   av.it.:  34.2
      thresh= 1.048E-08 alpha_mix =  0.700 |ddv_scf|^2 =  1.053E-15

     End of self-consistent calculation

     Convergence has been achieved 


     Representation #  29 mode #  29

     Self-consistent Calculation

     Pert. #  1: Fermi energy shift (Ry) =     1.6498E-02    -2.5849E-26

      iter #   1 total cpu time : 45782.6 secs   av.it.:   4.8
      thresh= 1.000E-02 alpha_mix =  0.700 |ddv_scf|^2 =  1.975E-08

     Pert. #  1: Fermi energy shift (Ry) =    -1.2712E-01    -2.0680E-25

      iter #   2 total cpu time : 45915.3 secs   av.it.:  37.2
      thresh= 1.405E-05 alpha_mix =  0.700 |ddv_scf|^2 =  3.335E-06

     Pert. #  1: Fermi energy shift (Ry) =    -2.1128E-02     2.0680E-25

      iter #   3 total cpu time : 46007.0 secs   av.it.:  23.1
      thresh= 1.826E-04 alpha_mix =  0.700 |ddv_scf|^2 =  2.088E-08

     Pert. #  1: Fermi energy shift (Ry) =     9.1222E-03    -1.0340E-25

      iter #   4 total cpu time : 46123.7 secs   av.it.:  32.5
      thresh= 1.445E-05 alpha_mix =  0.700 |ddv_scf|^2 =  3.011E-09

     Pert. #  1: Fermi energy shift (Ry) =     4.0261E-03    -2.5849E-26

      iter #   5 total cpu time : 46241.9 secs   av.it.:  33.2
      thresh= 5.488E-06 alpha_mix =  0.700 |ddv_scf|^2 =  1.511E-09

     Pert. #  1: Fermi energy shift (Ry) =    -1.9811E-03     2.5849E-26

      iter #   6 total cpu time : 46351.9 secs   av.it.:  30.2
      thresh= 3.887E-06 alpha_mix =  0.700 |ddv_scf|^2 =  7.919E-11

     Pert. #  1: Fermi energy shift (Ry) =    -5.2547E-04    -1.2925E-26

      iter #   7 total cpu time : 46476.2 secs   av.it.:  34.8
      thresh= 8.899E-07 alpha_mix =  0.700 |ddv_scf|^2 =  9.460E-11

     Pert. #  1: Fermi energy shift (Ry) =    -7.4661E-05    -6.4623E-27

      iter #   8 total cpu time : 46584.7 secs   av.it.:  29.5
      thresh= 9.726E-07 alpha_mix =  0.700 |ddv_scf|^2 =  1.471E-13

     Pert. #  1: Fermi energy shift (Ry) =    -6.2169E-05    -1.2925E-26

      iter #   9 total cpu time : 46720.6 secs   av.it.:  39.4
      thresh= 3.835E-08 alpha_mix =  0.700 |ddv_scf|^2 =  2.647E-14

     Pert. #  1: Fermi energy shift (Ry) =    -2.1526E-05    -1.2925E-26

      iter #  10 total cpu time : 46857.2 secs   av.it.:  39.6
      thresh= 1.627E-08 alpha_mix =  0.700 |ddv_scf|^2 =  3.615E-14

     Pert. #  1: Fermi energy shift (Ry) =    -3.7267E-05    -1.2925E-26

      iter #  11 total cpu time : 46982.4 secs   av.it.:  36.0
      thresh= 1.901E-08 alpha_mix =  0.700 |ddv_scf|^2 =  2.459E-14

     Pert. #  1: Fermi energy shift (Ry) =    -6.1812E-05    -1.2925E-26

      iter #  12 total cpu time : 47103.6 secs   av.it.:  34.0
      thresh= 1.568E-08 alpha_mix =  0.700 |ddv_scf|^2 =  1.331E-14

     Pert. #  1: Fermi energy shift (Ry) =    -4.1103E-05    -1.2925E-26

      iter #  13 total cpu time : 47218.0 secs   av.it.:  31.4
      thresh= 1.154E-08 alpha_mix =  0.700 |ddv_scf|^2 =  1.766E-15

     End of self-consistent calculation

     Convergence has been achieved 


     Representation #  30 mode #  30

     Self-consistent Calculation

     Pert. #  1: Fermi energy shift (Ry) =    -5.7822E-02     0.0000E+00

      iter #   1 total cpu time : 47266.4 secs   av.it.:   6.0
      thresh= 1.000E-02 alpha_mix =  0.700 |ddv_scf|^2 =  6.625E-07

     Pert. #  1: Fermi energy shift (Ry) =     6.1216E-01     0.0000E+00

      iter #   2 total cpu time : 47395.1 secs   av.it.:  36.2
      thresh= 8.139E-05 alpha_mix =  0.700 |ddv_scf|^2 =  1.050E-04

     Pert. #  1: Fermi energy shift (Ry) =    -5.8446E-03     0.0000E+00

      iter #   3 total cpu time : 47487.8 secs   av.it.:  23.9
      thresh= 1.025E-03 alpha_mix =  0.700 |ddv_scf|^2 =  1.187E-07

     Pert. #  1: Fermi energy shift (Ry) =     9.8511E-03     0.0000E+00

      iter #   4 total cpu time : 47605.5 secs   av.it.:  33.2
      thresh= 3.446E-05 alpha_mix =  0.700 |ddv_scf|^2 =  2.728E-08

     Pert. #  1: Fermi energy shift (Ry) =    -1.1937E-02     0.0000E+00

      iter #   5 total cpu time : 47721.7 secs   av.it.:  32.8
      thresh= 1.652E-05 alpha_mix =  0.700 |ddv_scf|^2 =  3.156E-09

     Pert. #  1: Fermi energy shift (Ry) =    -7.4235E-04     0.0000E+00

      iter #   6 total cpu time : 47836.2 secs   av.it.:  32.0
      thresh= 5.618E-06 alpha_mix =  0.700 |ddv_scf|^2 =  3.028E-10

     Pert. #  1: Fermi energy shift (Ry) =    -3.7233E-03     0.0000E+00

      iter #   7 total cpu time : 47947.1 secs   av.it.:  30.6
      thresh= 1.740E-06 alpha_mix =  0.700 |ddv_scf|^2 =  5.348E-12

     Pert. #  1: Fermi energy shift (Ry) =    -2.6715E-03     0.0000E+00

      iter #   8 total cpu time : 48075.8 secs   av.it.:  36.4
      thresh= 2.312E-07 alpha_mix =  0.700 |ddv_scf|^2 =  3.409E-12

     Pert. #  1: Fermi energy shift (Ry) =    -3.2665E-03     0.0000E+00

      iter #   9 total cpu time : 48199.9 secs   av.it.:  35.4
      thresh= 1.846E-07 alpha_mix =  0.700 |ddv_scf|^2 =  5.992E-14

     Pert. #  1: Fermi energy shift (Ry) =    -3.1504E-03     0.0000E+00

      iter #  10 total cpu time : 48333.8 secs   av.it.:  39.1
      thresh= 2.448E-08 alpha_mix =  0.700 |ddv_scf|^2 =  2.891E-13

     Pert. #  1: Fermi energy shift (Ry) =    -3.2216E-03     0.0000E+00

      iter #  11 total cpu time : 48445.0 secs   av.it.:  30.9
      thresh= 5.377E-08 alpha_mix =  0.700 |ddv_scf|^2 =  3.036E-15

     End of self-consistent calculation

     Convergence has been achieved 


     Representation #  31 mode #  31

     Self-consistent Calculation

     Pert. #  1: Fermi energy shift (Ry) =    -2.8582E-02     0.0000E+00

      iter #   1 total cpu time : 48490.1 secs   av.it.:   4.9
      thresh= 1.000E-02 alpha_mix =  0.700 |ddv_scf|^2 =  5.403E-08

     Pert. #  1: Fermi energy shift (Ry) =     2.2305E-01     0.0000E+00

      iter #   2 total cpu time : 48621.2 secs   av.it.:  36.9
      thresh= 2.324E-05 alpha_mix =  0.700 |ddv_scf|^2 =  1.021E-05

     Pert. #  1: Fermi energy shift (Ry) =     3.9678E-02     0.0000E+00

      iter #   3 total cpu time : 48712.8 secs   av.it.:  23.0
      thresh= 3.196E-04 alpha_mix =  0.700 |ddv_scf|^2 =  8.035E-08

     Pert. #  1: Fermi energy shift (Ry) =    -6.4341E-03     0.0000E+00

      iter #   4 total cpu time : 48823.9 secs   av.it.:  30.4
      thresh= 2.835E-05 alpha_mix =  0.700 |ddv_scf|^2 =  4.737E-09

     Pert. #  1: Fermi energy shift (Ry) =    -7.9717E-03     0.0000E+00

      iter #   5 total cpu time : 48944.5 secs   av.it.:  33.9
      thresh= 6.883E-06 alpha_mix =  0.700 |ddv_scf|^2 =  5.526E-09

     Pert. #  1: Fermi energy shift (Ry) =     1.5167E-03     0.0000E+00

      iter #   6 total cpu time : 49050.5 secs   av.it.:  28.8
      thresh= 7.434E-06 alpha_mix =  0.700 |ddv_scf|^2 =  9.475E-11

     Pert. #  1: Fermi energy shift (Ry) =     7.0279E-04     0.0000E+00

      iter #   7 total cpu time : 49175.8 secs   av.it.:  35.8
      thresh= 9.734E-07 alpha_mix =  0.700 |ddv_scf|^2 =  1.467E-10

     Pert. #  1: Fermi energy shift (Ry) =     1.1768E-04     0.0000E+00

      iter #   8 total cpu time : 49284.3 secs   av.it.:  29.9
      thresh= 1.211E-06 alpha_mix =  0.700 |ddv_scf|^2 =  5.549E-13

     Pert. #  1: Fermi energy shift (Ry) =     1.4940E-04     0.0000E+00

      iter #   9 total cpu time : 49412.8 secs   av.it.:  37.4
      thresh= 7.449E-08 alpha_mix =  0.700 |ddv_scf|^2 =  2.780E-13

     Pert. #  1: Fermi energy shift (Ry) =    -3.7923E-05     0.0000E+00

      iter #  10 total cpu time : 49536.9 secs   av.it.:  35.9
      thresh= 5.273E-08 alpha_mix =  0.700 |ddv_scf|^2 =  1.649E-13

     Pert. #  1: Fermi energy shift (Ry) =     6.6119E-05     0.0000E+00

      iter #  11 total cpu time : 49655.3 secs   av.it.:  33.6
      thresh= 4.060E-08 alpha_mix =  0.700 |ddv_scf|^2 =  1.287E-14

     Pert. #  1: Fermi energy shift (Ry) =     8.1166E-05     0.0000E+00

      iter #  12 total cpu time : 49778.7 secs   av.it.:  35.6
      thresh= 1.134E-08 alpha_mix =  0.700 |ddv_scf|^2 =  2.928E-14

     Pert. #  1: Fermi energy shift (Ry) =     6.3166E-05     0.0000E+00

      iter #  13 total cpu time : 49892.2 secs   av.it.:  31.8
      thresh= 1.711E-08 alpha_mix =  0.700 |ddv_scf|^2 =  1.088E-14

     Pert. #  1: Fermi energy shift (Ry) =     7.0504E-05     0.0000E+00

      iter #  14 total cpu time : 50013.3 secs   av.it.:  34.2
      thresh= 1.043E-08 alpha_mix =  0.700 |ddv_scf|^2 =  1.039E-15

     End of self-consistent calculation

     Convergence has been achieved 


     Representation #  32 mode #  32

     Self-consistent Calculation

     Pert. #  1: Fermi energy shift (Ry) =     1.6503E-02    -2.0680E-25

      iter #   1 total cpu time : 50057.5 secs   av.it.:   4.8
      thresh= 1.000E-02 alpha_mix =  0.700 |ddv_scf|^2 =  1.977E-08

     Pert. #  1: Fermi energy shift (Ry) =    -1.2724E-01     2.0680E-25

      iter #   2 total cpu time : 50191.6 secs   av.it.:  37.2
      thresh= 1.406E-05 alpha_mix =  0.700 |ddv_scf|^2 =  3.340E-06

     Pert. #  1: Fermi energy shift (Ry) =    -2.1176E-02    -5.1699E-26

      iter #   3 total cpu time : 50283.5 secs   av.it.:  23.0
      thresh= 1.828E-04 alpha_mix =  0.700 |ddv_scf|^2 =  2.097E-08

     Pert. #  1: Fermi energy shift (Ry) =     9.0980E-03     6.4623E-27

      iter #   4 total cpu time : 50402.5 secs   av.it.:  32.4
      thresh= 1.448E-05 alpha_mix =  0.700 |ddv_scf|^2 =  3.008E-09

     Pert. #  1: Fermi energy shift (Ry) =     4.0402E-03     2.5849E-26

      iter #   5 total cpu time : 50523.6 secs   av.it.:  33.2
      thresh= 5.485E-06 alpha_mix =  0.700 |ddv_scf|^2 =  1.522E-09

     Pert. #  1: Fermi energy shift (Ry) =    -1.9770E-03     2.5849E-26

      iter #   6 total cpu time : 50635.4 secs   av.it.:  30.1
      thresh= 3.901E-06 alpha_mix =  0.700 |ddv_scf|^2 =  7.839E-11

     Pert. #  1: Fermi energy shift (Ry) =    -5.2502E-04     6.4623E-27

      iter #   7 total cpu time : 50761.7 secs   av.it.:  34.9
      thresh= 8.854E-07 alpha_mix =  0.700 |ddv_scf|^2 =  9.439E-11

     Pert. #  1: Fermi energy shift (Ry) =    -7.1436E-05    -8.0779E-28

      iter #   8 total cpu time : 50872.5 secs   av.it.:  29.5
      thresh= 9.715E-07 alpha_mix =  0.700 |ddv_scf|^2 =  1.456E-13

     Pert. #  1: Fermi energy shift (Ry) =    -6.1817E-05     3.2312E-27

      iter #   9 total cpu time : 51010.5 secs   av.it.:  39.5
      thresh= 3.815E-08 alpha_mix =  0.700 |ddv_scf|^2 =  2.652E-14

     Pert. #  1: Fermi energy shift (Ry) =    -2.1071E-05     3.2312E-27

      iter #  10 total cpu time : 51149.0 secs   av.it.:  39.6
      thresh= 1.628E-08 alpha_mix =  0.700 |ddv_scf|^2 =  3.545E-14

     Pert. #  1: Fermi energy shift (Ry) =    -3.6817E-05     3.2312E-27

      iter #  11 total cpu time : 51277.2 secs   av.it.:  35.9
      thresh= 1.883E-08 alpha_mix =  0.700 |ddv_scf|^2 =  2.428E-14

     Pert. #  1: Fermi energy shift (Ry) =    -6.1027E-05     3.2312E-27

      iter #  12 total cpu time : 51400.2 secs   av.it.:  34.0
      thresh= 1.558E-08 alpha_mix =  0.700 |ddv_scf|^2 =  1.305E-14

     Pert. #  1: Fermi energy shift (Ry) =    -4.0625E-05     3.2312E-27

      iter #  13 total cpu time : 51515.9 secs   av.it.:  31.5
      thresh= 1.142E-08 alpha_mix =  0.700 |ddv_scf|^2 =  1.514E-15

     End of self-consistent calculation

     Convergence has been achieved 


     Representation #  33 mode #  33

     Self-consistent Calculation

     Pert. #  1: Fermi energy shift (Ry) =    -5.7809E-02     0.0000E+00

      iter #   1 total cpu time : 51565.4 secs   av.it.:   6.0
      thresh= 1.000E-02 alpha_mix =  0.700 |ddv_scf|^2 =  6.629E-07

     Pert. #  1: Fermi energy shift (Ry) =     6.1230E-01     0.0000E+00

      iter #   2 total cpu time : 51696.3 secs   av.it.:  36.0
      thresh= 8.142E-05 alpha_mix =  0.700 |ddv_scf|^2 =  1.051E-04

     Pert. #  1: Fermi energy shift (Ry) =    -5.8790E-03     0.0000E+00

      iter #   3 total cpu time : 51790.2 secs   av.it.:  23.8
      thresh= 1.025E-03 alpha_mix =  0.700 |ddv_scf|^2 =  1.187E-07

     Pert. #  1: Fermi energy shift (Ry) =     9.8522E-03     0.0000E+00

      iter #   4 total cpu time : 51910.7 secs   av.it.:  33.1
      thresh= 3.445E-05 alpha_mix =  0.700 |ddv_scf|^2 =  2.732E-08

     Pert. #  1: Fermi energy shift (Ry) =    -1.1917E-02     0.0000E+00

      iter #   5 total cpu time : 52029.7 secs   av.it.:  32.8
      thresh= 1.653E-05 alpha_mix =  0.700 |ddv_scf|^2 =  3.143E-09

     Pert. #  1: Fermi energy shift (Ry) =    -7.5303E-04     0.0000E+00

      iter #   6 total cpu time : 52145.8 secs   av.it.:  31.9
      thresh= 5.606E-06 alpha_mix =  0.700 |ddv_scf|^2 =  3.028E-10

     Pert. #  1: Fermi energy shift (Ry) =    -3.7227E-03     0.0000E+00

      iter #   7 total cpu time : 52258.1 secs   av.it.:  30.5
      thresh= 1.740E-06 alpha_mix =  0.700 |ddv_scf|^2 =  5.438E-12

     Pert. #  1: Fermi energy shift (Ry) =    -2.6682E-03     0.0000E+00

      iter #   8 total cpu time : 52388.7 secs   av.it.:  36.6
      thresh= 2.332E-07 alpha_mix =  0.700 |ddv_scf|^2 =  3.436E-12

     Pert. #  1: Fermi energy shift (Ry) =    -3.2638E-03     0.0000E+00

      iter #   9 total cpu time : 52514.2 secs   av.it.:  35.2
      thresh= 1.854E-07 alpha_mix =  0.700 |ddv_scf|^2 =  5.707E-14

     Pert. #  1: Fermi energy shift (Ry) =    -3.1500E-03     0.0000E+00

      iter #  10 total cpu time : 52650.1 secs   av.it.:  39.4
      thresh= 2.389E-08 alpha_mix =  0.700 |ddv_scf|^2 =  2.792E-13

     Pert. #  1: Fermi energy shift (Ry) =    -3.2202E-03     0.0000E+00

      iter #  11 total cpu time : 52762.7 secs   av.it.:  31.0
      thresh= 5.284E-08 alpha_mix =  0.700 |ddv_scf|^2 =  2.844E-15

     End of self-consistent calculation

     Convergence has been achieved 


     Representation #  34 mode #  34

     Self-consistent Calculation

     Pert. #  1: Fermi energy shift (Ry) =    -6.3355E-06     0.0000E+00

      iter #   1 total cpu time : 52804.8 secs   av.it.:   4.2
      thresh= 1.000E-02 alpha_mix =  0.700 |ddv_scf|^2 =  2.981E-09

     Pert. #  1: Fermi energy shift (Ry) =     3.1389E-05     0.0000E+00

      iter #   2 total cpu time : 52917.7 secs   av.it.:  30.9
      thresh= 5.460E-06 alpha_mix =  0.700 |ddv_scf|^2 =  7.759E-10

     Pert. #  1: Fermi energy shift (Ry) =    -2.0209E-04     0.0000E+00

      iter #   3 total cpu time : 53036.2 secs   av.it.:  32.9
      thresh= 2.785E-06 alpha_mix =  0.700 |ddv_scf|^2 =  3.428E-11

     Pert. #  1: Fermi energy shift (Ry) =     2.0618E-03     0.0000E+00

      iter #   4 total cpu time : 53166.4 secs   av.it.:  37.5
      thresh= 5.855E-07 alpha_mix =  0.700 |ddv_scf|^2 =  1.224E-09

     Pert. #  1: Fermi energy shift (Ry) =    -1.7714E-04     0.0000E+00

      iter #   5 total cpu time : 53261.6 secs   av.it.:  24.8
      thresh= 3.499E-06 alpha_mix =  0.700 |ddv_scf|^2 =  7.106E-12

     Pert. #  1: Fermi energy shift (Ry) =     1.3006E-04     0.0000E+00

      iter #   6 total cpu time : 53387.7 secs   av.it.:  36.0
      thresh= 2.666E-07 alpha_mix =  0.700 |ddv_scf|^2 =  5.921E-12

     Pert. #  1: Fermi energy shift (Ry) =    -2.8782E-05     0.0000E+00

      iter #   7 total cpu time : 53502.4 secs   av.it.:  32.1
      thresh= 2.433E-07 alpha_mix =  0.700 |ddv_scf|^2 =  3.595E-13

     Pert. #  1: Fermi energy shift (Ry) =    -2.8904E-06     0.0000E+00

      iter #   8 total cpu time : 53630.9 secs   av.it.:  36.9
      thresh= 5.996E-08 alpha_mix =  0.700 |ddv_scf|^2 =  2.632E-14

     Pert. #  1: Fermi energy shift (Ry) =     1.7693E-05     0.0000E+00

      iter #   9 total cpu time : 53765.7 secs   av.it.:  39.2
      thresh= 1.622E-08 alpha_mix =  0.700 |ddv_scf|^2 =  2.401E-14

     Pert. #  1: Fermi energy shift (Ry) =    -2.7293E-05     0.0000E+00

      iter #  10 total cpu time : 53894.2 secs   av.it.:  37.0
      thresh= 1.550E-08 alpha_mix =  0.700 |ddv_scf|^2 =  2.076E-14

     Pert. #  1: Fermi energy shift (Ry) =     1.2260E-05     0.0000E+00

      iter #  11 total cpu time : 54010.3 secs   av.it.:  32.8
      thresh= 1.441E-08 alpha_mix =  0.700 |ddv_scf|^2 =  4.987E-14

     Pert. #  1: Fermi energy shift (Ry) =     1.9756E-06     0.0000E+00

      iter #  12 total cpu time : 54117.7 secs   av.it.:  29.2
      thresh= 2.233E-08 alpha_mix =  0.700 |ddv_scf|^2 =  2.425E-16

     End of self-consistent calculation

     Convergence has been achieved 


     Representation #  35 mode #  35

     Self-consistent Calculation

     Pert. #  1: Fermi energy shift (Ry) =     3.3954E-02     2.5849E-26

      iter #   1 total cpu time : 54162.1 secs   av.it.:   4.8
      thresh= 1.000E-02 alpha_mix =  0.700 |ddv_scf|^2 =  7.167E-08

     Pert. #  1: Fermi energy shift (Ry) =    -2.5212E-01     4.1359E-25

      iter #   2 total cpu time : 54291.8 secs   av.it.:  36.8
      thresh= 2.677E-05 alpha_mix =  0.700 |ddv_scf|^2 =  1.376E-05

     Pert. #  1: Fermi energy shift (Ry) =    -4.2054E-02     1.6544E-24

      iter #   3 total cpu time : 54383.0 secs   av.it.:  23.1
      thresh= 3.710E-04 alpha_mix =  0.700 |ddv_scf|^2 =  1.015E-07

     Pert. #  1: Fermi energy shift (Ry) =     1.4289E-02    -1.0340E-25

      iter #   4 total cpu time : 54494.2 secs   av.it.:  29.9
      thresh= 3.187E-05 alpha_mix =  0.700 |ddv_scf|^2 =  6.845E-09

     Pert. #  1: Fermi energy shift (Ry) =     6.2647E-03     5.1699E-26

      iter #   5 total cpu time : 54611.7 secs   av.it.:  32.6
      thresh= 8.273E-06 alpha_mix =  0.700 |ddv_scf|^2 =  6.688E-09

     Pert. #  1: Fermi energy shift (Ry) =    -3.0155E-03    -2.5849E-26

      iter #   6 total cpu time : 54715.9 secs   av.it.:  28.4
      thresh= 8.178E-06 alpha_mix =  0.700 |ddv_scf|^2 =  1.302E-10

     Pert. #  1: Fermi energy shift (Ry) =    -1.5076E-03     1.2925E-26

      iter #   7 total cpu time : 54839.8 secs   av.it.:  35.2
      thresh= 1.141E-06 alpha_mix =  0.700 |ddv_scf|^2 =  8.814E-11

     Pert. #  1: Fermi energy shift (Ry) =    -1.2933E-03     1.2925E-26

      iter #   8 total cpu time : 54951.5 secs   av.it.:  30.9
      thresh= 9.388E-07 alpha_mix =  0.700 |ddv_scf|^2 =  1.267E-12

     Pert. #  1: Fermi energy shift (Ry) =    -1.2127E-03     1.2925E-26

      iter #   9 total cpu time : 55068.4 secs   av.it.:  33.2
      thresh= 1.126E-07 alpha_mix =  0.700 |ddv_scf|^2 =  2.423E-13

     Pert. #  1: Fermi energy shift (Ry) =    -1.0751E-03     6.4623E-27

      iter #  10 total cpu time : 55188.6 secs   av.it.:  33.8
      thresh= 4.922E-08 alpha_mix =  0.700 |ddv_scf|^2 =  3.045E-13

     Pert. #  1: Fermi energy shift (Ry) =    -1.1459E-03     1.2925E-26

      iter #  11 total cpu time : 55300.2 secs   av.it.:  30.5
      thresh= 5.518E-08 alpha_mix =  0.700 |ddv_scf|^2 =  1.086E-14

     Pert. #  1: Fermi energy shift (Ry) =    -1.1727E-03     1.2925E-26

      iter #  12 total cpu time : 55423.9 secs   av.it.:  35.1
      thresh= 1.042E-08 alpha_mix =  0.700 |ddv_scf|^2 =  2.492E-14

     Pert. #  1: Fermi energy shift (Ry) =    -1.1490E-03     1.2925E-26

      iter #  13 total cpu time : 55535.0 secs   av.it.:  30.8
      thresh= 1.579E-08 alpha_mix =  0.700 |ddv_scf|^2 =  5.545E-15

     End of self-consistent calculation

     Convergence has been achieved 


     Representation #  36 mode #  36

     Self-consistent Calculation

     Pert. #  1: Fermi energy shift (Ry) =     6.9699E-02     0.0000E+00

      iter #   1 total cpu time : 55583.1 secs   av.it.:   5.8
      thresh= 1.000E-02 alpha_mix =  0.700 |ddv_scf|^2 =  3.850E-07

     Pert. #  1: Fermi energy shift (Ry) =    -5.3024E-01     0.0000E+00

      iter #   2 total cpu time : 55711.1 secs   av.it.:  35.9
      thresh= 6.205E-05 alpha_mix =  0.700 |ddv_scf|^2 =  5.722E-05

     Pert. #  1: Fermi energy shift (Ry) =    -4.8062E-02     0.0000E+00

      iter #   3 total cpu time : 55804.5 secs   av.it.:  23.4
      thresh= 7.565E-04 alpha_mix =  0.700 |ddv_scf|^2 =  2.474E-07

     Pert. #  1: Fermi energy shift (Ry) =    -2.5195E-03     0.0000E+00

      iter #   4 total cpu time : 55914.0 secs   av.it.:  31.8
      thresh= 4.974E-05 alpha_mix =  0.700 |ddv_scf|^2 =  8.057E-09

     Pert. #  1: Fermi energy shift (Ry) =     1.2931E-02     0.0000E+00

      iter #   5 total cpu time : 56031.9 secs   av.it.:  35.1
      thresh= 8.976E-06 alpha_mix =  0.700 |ddv_scf|^2 =  2.170E-09

     Pert. #  1: Fermi energy shift (Ry) =     5.1467E-04     0.0000E+00

      iter #   6 total cpu time : 56148.1 secs   av.it.:  34.5
      thresh= 4.659E-06 alpha_mix =  0.700 |ddv_scf|^2 =  3.363E-10

     Pert. #  1: Fermi energy shift (Ry) =     8.3671E-04     0.0000E+00

      iter #   7 total cpu time : 56264.1 secs   av.it.:  34.6
      thresh= 1.834E-06 alpha_mix =  0.700 |ddv_scf|^2 =  3.951E-11

     Pert. #  1: Fermi energy shift (Ry) =     1.5632E-03     0.0000E+00

      iter #   8 total cpu time : 56361.8 secs   av.it.:  27.9
      thresh= 6.286E-07 alpha_mix =  0.700 |ddv_scf|^2 =  1.529E-12

     Pert. #  1: Fermi energy shift (Ry) =     1.8017E-03     0.0000E+00

      iter #   9 total cpu time : 56484.1 secs   av.it.:  37.2
      thresh= 1.237E-07 alpha_mix =  0.700 |ddv_scf|^2 =  4.617E-12

     Pert. #  1: Fermi energy shift (Ry) =     1.4944E-03     0.0000E+00

      iter #  10 total cpu time : 56587.7 secs   av.it.:  30.1
      thresh= 2.149E-07 alpha_mix =  0.700 |ddv_scf|^2 =  1.318E-12

     Pert. #  1: Fermi energy shift (Ry) =     1.5346E-03     0.0000E+00

      iter #  11 total cpu time : 56688.1 secs   av.it.:  29.0
      thresh= 1.148E-07 alpha_mix =  0.700 |ddv_scf|^2 =  7.276E-14

     Pert. #  1: Fermi energy shift (Ry) =     1.5831E-03     0.0000E+00

      iter #  12 total cpu time : 56799.1 secs   av.it.:  33.0
      thresh= 2.697E-08 alpha_mix =  0.700 |ddv_scf|^2 =  1.116E-14

     Pert. #  1: Fermi energy shift (Ry) =     1.5932E-03     0.0000E+00

      iter #  13 total cpu time : 56916.2 secs   av.it.:  35.1
      thresh= 1.056E-08 alpha_mix =  0.700 |ddv_scf|^2 =  3.008E-15

     End of self-consistent calculation

     Convergence has been achieved 


     Representation #  37 mode #  37

     Self-consistent Calculation

     Pert. #  1: Fermi energy shift (Ry) =    -2.9412E-02     0.0000E+00

      iter #   1 total cpu time : 56957.9 secs   av.it.:   4.8
      thresh= 1.000E-02 alpha_mix =  0.700 |ddv_scf|^2 =  5.428E-08

     Pert. #  1: Fermi energy shift (Ry) =     2.1752E-01     0.0000E+00

      iter #   2 total cpu time : 57080.5 secs   av.it.:  36.9
      thresh= 2.330E-05 alpha_mix =  0.700 |ddv_scf|^2 =  1.027E-05

     Pert. #  1: Fermi energy shift (Ry) =     3.5820E-02     0.0000E+00

      iter #   3 total cpu time : 57165.4 secs   av.it.:  23.0
      thresh= 3.204E-04 alpha_mix =  0.700 |ddv_scf|^2 =  7.331E-08

     Pert. #  1: Fermi energy shift (Ry) =    -1.3119E-02     0.0000E+00

      iter #   4 total cpu time : 57269.7 secs   av.it.:  30.6
      thresh= 2.708E-05 alpha_mix =  0.700 |ddv_scf|^2 =  6.018E-09

     Pert. #  1: Fermi energy shift (Ry) =    -5.2729E-03     0.0000E+00

      iter #   5 total cpu time : 57379.3 secs   av.it.:  32.9
      thresh= 7.757E-06 alpha_mix =  0.700 |ddv_scf|^2 =  4.790E-09

     Pert. #  1: Fermi energy shift (Ry) =     3.0265E-03     0.0000E+00

      iter #   6 total cpu time : 57477.7 secs   av.it.:  28.8
      thresh= 6.921E-06 alpha_mix =  0.700 |ddv_scf|^2 =  7.888E-11

     Pert. #  1: Fermi energy shift (Ry) =     1.3888E-03     0.0000E+00

      iter #   7 total cpu time : 57596.8 secs   av.it.:  36.4
      thresh= 8.881E-07 alpha_mix =  0.700 |ddv_scf|^2 =  9.718E-11

     Pert. #  1: Fermi energy shift (Ry) =     1.1334E-03     0.0000E+00

      iter #   8 total cpu time : 57701.1 secs   av.it.:  31.1
      thresh= 9.858E-07 alpha_mix =  0.700 |ddv_scf|^2 =  9.755E-13

     Pert. #  1: Fermi energy shift (Ry) =     1.0441E-03     0.0000E+00

      iter #   9 total cpu time : 57814.1 secs   av.it.:  34.2
      thresh= 9.877E-08 alpha_mix =  0.700 |ddv_scf|^2 =  1.411E-13

     Pert. #  1: Fermi energy shift (Ry) =     9.5867E-04     0.0000E+00

      iter #  10 total cpu time : 57930.4 secs   av.it.:  35.6
      thresh= 3.757E-08 alpha_mix =  0.700 |ddv_scf|^2 =  1.021E-13

     Pert. #  1: Fermi energy shift (Ry) =     1.0114E-03     0.0000E+00

      iter #  11 total cpu time : 58036.6 secs   av.it.:  31.5
      thresh= 3.195E-08 alpha_mix =  0.700 |ddv_scf|^2 =  1.244E-14

     Pert. #  1: Fermi energy shift (Ry) =     1.0185E-03     0.0000E+00

      iter #  12 total cpu time : 58151.0 secs   av.it.:  34.4
      thresh= 1.116E-08 alpha_mix =  0.700 |ddv_scf|^2 =  2.309E-14

     Pert. #  1: Fermi energy shift (Ry) =     9.9543E-04     0.0000E+00

      iter #  13 total cpu time : 58255.8 secs   av.it.:  31.0
      thresh= 1.520E-08 alpha_mix =  0.700 |ddv_scf|^2 =  5.385E-15

     End of self-consistent calculation

     Convergence has been achieved 


     Representation #  38 mode #  38

     Self-consistent Calculation

     Pert. #  1: Fermi energy shift (Ry) =    -1.6975E-02    -2.5849E-26

      iter #   1 total cpu time : 58296.4 secs   av.it.:   4.8
      thresh= 1.000E-02 alpha_mix =  0.700 |ddv_scf|^2 =  1.977E-08

     Pert. #  1: Fermi energy shift (Ry) =     1.2368E-01    -5.1699E-26

      iter #   2 total cpu time : 58419.4 secs   av.it.:  37.4
      thresh= 1.406E-05 alpha_mix =  0.700 |ddv_scf|^2 =  3.349E-06

     Pert. #  1: Fermi energy shift (Ry) =     1.8803E-02     4.1359E-25

      iter #   3 total cpu time : 58504.8 secs   av.it.:  23.2
      thresh= 1.830E-04 alpha_mix =  0.700 |ddv_scf|^2 =  1.871E-08

     Pert. #  1: Fermi energy shift (Ry) =    -9.3213E-03    -5.1699E-26

      iter #   4 total cpu time : 58614.4 secs   av.it.:  32.6
      thresh= 1.368E-05 alpha_mix =  0.700 |ddv_scf|^2 =  3.438E-09

     Pert. #  1: Fermi energy shift (Ry) =    -2.4045E-03    -3.2312E-27

      iter #   5 total cpu time : 58721.6 secs   av.it.:  31.9
      thresh= 5.864E-06 alpha_mix =  0.700 |ddv_scf|^2 =  1.306E-09

     Pert. #  1: Fermi energy shift (Ry) =     2.8979E-03    -1.2925E-26

      iter #   6 total cpu time : 58824.8 secs   av.it.:  30.4
      thresh= 3.614E-06 alpha_mix =  0.700 |ddv_scf|^2 =  1.101E-10

     Pert. #  1: Fermi energy shift (Ry) =     8.6927E-04     1.2925E-26

      iter #   7 total cpu time : 58937.9 secs   av.it.:  34.1
      thresh= 1.050E-06 alpha_mix =  0.700 |ddv_scf|^2 =  7.084E-11

     Pert. #  1: Fermi energy shift (Ry) =     6.6879E-04    -8.0779E-28

      iter #   8 total cpu time : 59041.5 secs   av.it.:  30.4
      thresh= 8.416E-07 alpha_mix =  0.700 |ddv_scf|^2 =  1.920E-13

     Pert. #  1: Fermi energy shift (Ry) =     5.7018E-04     6.4623E-27

      iter #   9 total cpu time : 59167.7 secs   av.it.:  38.9
      thresh= 4.382E-08 alpha_mix =  0.700 |ddv_scf|^2 =  1.785E-14

     Pert. #  1: Fermi energy shift (Ry) =     5.8726E-04     6.4623E-27

      iter #  10 total cpu time : 59294.3 secs   av.it.:  39.4
      thresh= 1.336E-08 alpha_mix =  0.700 |ddv_scf|^2 =  2.184E-14

     Pert. #  1: Fermi energy shift (Ry) =     5.7229E-04     6.4623E-27

      iter #  11 total cpu time : 59411.7 secs   av.it.:  36.0
      thresh= 1.478E-08 alpha_mix =  0.700 |ddv_scf|^2 =  3.243E-14

     Pert. #  1: Fermi energy shift (Ry) =     5.8484E-04     6.4623E-27

      iter #  12 total cpu time : 59524.9 secs   av.it.:  34.4
      thresh= 1.801E-08 alpha_mix =  0.700 |ddv_scf|^2 =  1.366E-14

     Pert. #  1: Fermi energy shift (Ry) =     5.8797E-04     6.4623E-27

      iter #  13 total cpu time : 59623.6 secs   av.it.:  28.6
      thresh= 1.169E-08 alpha_mix =  0.700 |ddv_scf|^2 =  2.764E-15

     End of self-consistent calculation

     Convergence has been achieved 


     Representation #  39 mode #  39

     Self-consistent Calculation

     Pert. #  1: Fermi energy shift (Ry) =     6.9690E-02     0.0000E+00

      iter #   1 total cpu time : 59668.6 secs   av.it.:   5.8
      thresh= 1.000E-02 alpha_mix =  0.700 |ddv_scf|^2 =  3.851E-07

     Pert. #  1: Fermi energy shift (Ry) =    -5.3024E-01     0.0000E+00

      iter #   2 total cpu time : 59787.7 secs   av.it.:  36.1
      thresh= 6.206E-05 alpha_mix =  0.700 |ddv_scf|^2 =  5.723E-05

     Pert. #  1: Fermi energy shift (Ry) =    -4.8025E-02     0.0000E+00

      iter #   3 total cpu time : 59873.3 secs   av.it.:  23.4
      thresh= 7.565E-04 alpha_mix =  0.700 |ddv_scf|^2 =  2.476E-07

     Pert. #  1: Fermi energy shift (Ry) =    -2.5194E-03     0.0000E+00

      iter #   4 total cpu time : 59980.0 secs   av.it.:  31.8
      thresh= 4.976E-05 alpha_mix =  0.700 |ddv_scf|^2 =  8.061E-09

     Pert. #  1: Fermi energy shift (Ry) =     1.2918E-02     0.0000E+00

      iter #   5 total cpu time : 60095.4 secs   av.it.:  35.2
      thresh= 8.978E-06 alpha_mix =  0.700 |ddv_scf|^2 =  2.169E-09

     Pert. #  1: Fermi energy shift (Ry) =     5.1073E-04     0.0000E+00

      iter #   6 total cpu time : 60209.7 secs   av.it.:  34.5
      thresh= 4.657E-06 alpha_mix =  0.700 |ddv_scf|^2 =  3.353E-10

     Pert. #  1: Fermi energy shift (Ry) =     8.4054E-04     0.0000E+00

      iter #   7 total cpu time : 60323.5 secs   av.it.:  34.6
      thresh= 1.831E-06 alpha_mix =  0.700 |ddv_scf|^2 =  3.929E-11

     Pert. #  1: Fermi energy shift (Ry) =     1.5671E-03     0.0000E+00

      iter #   8 total cpu time : 60419.2 secs   av.it.:  28.0
      thresh= 6.268E-07 alpha_mix =  0.700 |ddv_scf|^2 =  1.579E-12

     Pert. #  1: Fermi energy shift (Ry) =     1.8050E-03     0.0000E+00

      iter #   9 total cpu time : 60540.5 secs   av.it.:  37.1
      thresh= 1.257E-07 alpha_mix =  0.700 |ddv_scf|^2 =  4.699E-12

     Pert. #  1: Fermi energy shift (Ry) =     1.4960E-03     0.0000E+00

      iter #  10 total cpu time : 60642.9 secs   av.it.:  30.1
      thresh= 2.168E-07 alpha_mix =  0.700 |ddv_scf|^2 =  1.336E-12

     Pert. #  1: Fermi energy shift (Ry) =     1.5359E-03     0.0000E+00

      iter #  11 total cpu time : 60742.0 secs   av.it.:  28.9
      thresh= 1.156E-07 alpha_mix =  0.700 |ddv_scf|^2 =  7.431E-14

     Pert. #  1: Fermi energy shift (Ry) =     1.5845E-03     0.0000E+00

      iter #  12 total cpu time : 60852.0 secs   av.it.:  32.9
      thresh= 2.726E-08 alpha_mix =  0.700 |ddv_scf|^2 =  1.112E-14

     Pert. #  1: Fermi energy shift (Ry) =     1.5949E-03     0.0000E+00

      iter #  13 total cpu time : 60967.6 secs   av.it.:  35.1
      thresh= 1.054E-08 alpha_mix =  0.700 |ddv_scf|^2 =  3.060E-15

     End of self-consistent calculation

     Convergence has been achieved 


     Representation #  40 mode #  40

     Self-consistent Calculation

     Pert. #  1: Fermi energy shift (Ry) =     2.9407E-02     0.0000E+00

      iter #   1 total cpu time : 61009.2 secs   av.it.:   4.8
      thresh= 1.000E-02 alpha_mix =  0.700 |ddv_scf|^2 =  5.425E-08

     Pert. #  1: Fermi energy shift (Ry) =    -2.1745E-01     0.0000E+00

      iter #   2 total cpu time : 61131.0 secs   av.it.:  36.9
      thresh= 2.329E-05 alpha_mix =  0.700 |ddv_scf|^2 =  1.026E-05

     Pert. #  1: Fermi energy shift (Ry) =    -3.5789E-02     0.0000E+00

      iter #   3 total cpu time : 61216.0 secs   av.it.:  23.1
      thresh= 3.203E-04 alpha_mix =  0.700 |ddv_scf|^2 =  7.316E-08

     Pert. #  1: Fermi energy shift (Ry) =     1.3173E-02     0.0000E+00

      iter #   4 total cpu time : 61320.3 secs   av.it.:  30.8
      thresh= 2.705E-05 alpha_mix =  0.700 |ddv_scf|^2 =  6.033E-09

     Pert. #  1: Fermi energy shift (Ry) =     5.2353E-03     0.0000E+00

      iter #   5 total cpu time : 61429.4 secs   av.it.:  32.6
      thresh= 7.767E-06 alpha_mix =  0.700 |ddv_scf|^2 =  4.766E-09

     Pert. #  1: Fermi energy shift (Ry) =    -3.0227E-03     0.0000E+00

      iter #   6 total cpu time : 61528.0 secs   av.it.:  28.9
      thresh= 6.903E-06 alpha_mix =  0.700 |ddv_scf|^2 =  7.927E-11

     Pert. #  1: Fermi energy shift (Ry) =    -1.3920E-03     0.0000E+00

      iter #   7 total cpu time : 61647.1 secs   av.it.:  36.4
      thresh= 8.903E-07 alpha_mix =  0.700 |ddv_scf|^2 =  9.741E-11

     Pert. #  1: Fermi energy shift (Ry) =    -1.1352E-03     0.0000E+00

      iter #   8 total cpu time : 61752.0 secs   av.it.:  31.0
      thresh= 9.869E-07 alpha_mix =  0.700 |ddv_scf|^2 =  1.012E-12

     Pert. #  1: Fermi energy shift (Ry) =    -1.0434E-03     0.0000E+00

      iter #   9 total cpu time : 61864.7 secs   av.it.:  34.2
      thresh= 1.006E-07 alpha_mix =  0.700 |ddv_scf|^2 =  1.400E-13

     Pert. #  1: Fermi energy shift (Ry) =    -9.5880E-04     0.0000E+00

      iter #  10 total cpu time : 61980.8 secs   av.it.:  35.6
      thresh= 3.742E-08 alpha_mix =  0.700 |ddv_scf|^2 =  9.960E-14

     Pert. #  1: Fermi energy shift (Ry) =    -1.0114E-03     0.0000E+00

      iter #  11 total cpu time : 62087.1 secs   av.it.:  31.6
      thresh= 3.156E-08 alpha_mix =  0.700 |ddv_scf|^2 =  1.295E-14

     Pert. #  1: Fermi energy shift (Ry) =    -1.0179E-03     0.0000E+00

      iter #  12 total cpu time : 62200.3 secs   av.it.:  34.1
      thresh= 1.138E-08 alpha_mix =  0.700 |ddv_scf|^2 =  2.302E-14

     Pert. #  1: Fermi energy shift (Ry) =    -9.9492E-04     0.0000E+00

      iter #  13 total cpu time : 62305.1 secs   av.it.:  31.0
      thresh= 1.517E-08 alpha_mix =  0.700 |ddv_scf|^2 =  5.305E-15

     End of self-consistent calculation

     Convergence has been achieved 


     Representation #  41 mode #  41

     Self-consistent Calculation

     Pert. #  1: Fermi energy shift (Ry) =    -1.6981E-02    -5.1699E-26

      iter #   1 total cpu time : 62345.7 secs   av.it.:   4.8
      thresh= 1.000E-02 alpha_mix =  0.700 |ddv_scf|^2 =  1.979E-08

     Pert. #  1: Fermi energy shift (Ry) =     1.2379E-01    -2.5849E-26

      iter #   2 total cpu time : 62468.2 secs   av.it.:  37.4
      thresh= 1.407E-05 alpha_mix =  0.700 |ddv_scf|^2 =  3.353E-06

     Pert. #  1: Fermi energy shift (Ry) =     1.8872E-02     8.2718E-25

      iter #   3 total cpu time : 62553.6 secs   av.it.:  23.2
      thresh= 1.831E-04 alpha_mix =  0.700 |ddv_scf|^2 =  1.883E-08

     Pert. #  1: Fermi energy shift (Ry) =    -9.3404E-03     5.1699E-26

      iter #   4 total cpu time : 62663.1 secs   av.it.:  32.6
      thresh= 1.372E-05 alpha_mix =  0.700 |ddv_scf|^2 =  3.460E-09

     Pert. #  1: Fermi energy shift (Ry) =    -2.4114E-03     3.2312E-27

      iter #   5 total cpu time : 62770.3 secs   av.it.:  31.8
      thresh= 5.882E-06 alpha_mix =  0.700 |ddv_scf|^2 =  1.319E-09

     Pert. #  1: Fermi energy shift (Ry) =     2.8979E-03     2.5849E-26

      iter #   6 total cpu time : 62873.2 secs   av.it.:  30.4
      thresh= 3.632E-06 alpha_mix =  0.700 |ddv_scf|^2 =  1.095E-10

     Pert. #  1: Fermi energy shift (Ry) =     8.7008E-04     1.2925E-26

      iter #   7 total cpu time : 62986.2 secs   av.it.:  34.2
      thresh= 1.046E-06 alpha_mix =  0.700 |ddv_scf|^2 =  7.095E-11

     Pert. #  1: Fermi energy shift (Ry) =     6.6294E-04    -1.6156E-27

      iter #   8 total cpu time : 63089.8 secs   av.it.:  30.4
      thresh= 8.423E-07 alpha_mix =  0.700 |ddv_scf|^2 =  1.776E-13

     Pert. #  1: Fermi energy shift (Ry) =     5.7162E-04     6.4623E-27

      iter #   9 total cpu time : 63216.3 secs   av.it.:  38.9
      thresh= 4.214E-08 alpha_mix =  0.700 |ddv_scf|^2 =  1.727E-14

     Pert. #  1: Fermi energy shift (Ry) =     5.8783E-04     6.4623E-27

      iter #  10 total cpu time : 63342.7 secs   av.it.:  39.1
      thresh= 1.314E-08 alpha_mix =  0.700 |ddv_scf|^2 =  2.204E-14

     Pert. #  1: Fermi energy shift (Ry) =     5.7249E-04     6.4623E-27

      iter #  11 total cpu time : 63459.9 secs   av.it.:  35.9
      thresh= 1.485E-08 alpha_mix =  0.700 |ddv_scf|^2 =  3.232E-14

     Pert. #  1: Fermi energy shift (Ry) =     5.8452E-04     6.4623E-27

      iter #  12 total cpu time : 63572.6 secs   av.it.:  34.5
      thresh= 1.798E-08 alpha_mix =  0.700 |ddv_scf|^2 =  1.285E-14

     Pert. #  1: Fermi energy shift (Ry) =     5.8760E-04     6.4623E-27

      iter #  13 total cpu time : 63672.7 secs   av.it.:  29.4
      thresh= 1.134E-08 alpha_mix =  0.700 |ddv_scf|^2 =  2.014E-15

     End of self-consistent calculation

     Convergence has been achieved 


     Representation #  42 mode #  42

     Self-consistent Calculation

     Pert. #  1: Fermi energy shift (Ry) =     6.9695E-02     0.0000E+00

      iter #   1 total cpu time : 63717.7 secs   av.it.:   5.8
      thresh= 1.000E-02 alpha_mix =  0.700 |ddv_scf|^2 =  3.848E-07

     Pert. #  1: Fermi energy shift (Ry) =    -5.3010E-01     0.0000E+00

      iter #   2 total cpu time : 63836.1 secs   av.it.:  35.8
      thresh= 6.203E-05 alpha_mix =  0.700 |ddv_scf|^2 =  5.720E-05

     Pert. #  1: Fermi energy shift (Ry) =    -4.8033E-02     0.0000E+00

      iter #   3 total cpu time : 63921.7 secs   av.it.:  23.5
      thresh= 7.563E-04 alpha_mix =  0.700 |ddv_scf|^2 =  2.472E-07

     Pert. #  1: Fermi energy shift (Ry) =    -2.5059E-03     0.0000E+00

      iter #   4 total cpu time : 64028.3 secs   av.it.:  31.6
      thresh= 4.972E-05 alpha_mix =  0.700 |ddv_scf|^2 =  8.059E-09

     Pert. #  1: Fermi energy shift (Ry) =     1.2933E-02     0.0000E+00

      iter #   5 total cpu time : 64145.1 secs   av.it.:  35.4
      thresh= 8.977E-06 alpha_mix =  0.700 |ddv_scf|^2 =  2.169E-09

     Pert. #  1: Fermi energy shift (Ry) =     5.1598E-04     0.0000E+00

      iter #   6 total cpu time : 64259.9 secs   av.it.:  34.4
      thresh= 4.657E-06 alpha_mix =  0.700 |ddv_scf|^2 =  3.355E-10

     Pert. #  1: Fermi energy shift (Ry) =     8.3772E-04     0.0000E+00

      iter #   7 total cpu time : 64374.2 secs   av.it.:  34.6
      thresh= 1.832E-06 alpha_mix =  0.700 |ddv_scf|^2 =  3.956E-11

     Pert. #  1: Fermi energy shift (Ry) =     1.5642E-03     0.0000E+00

      iter #   8 total cpu time : 64470.1 secs   av.it.:  28.0
      thresh= 6.289E-07 alpha_mix =  0.700 |ddv_scf|^2 =  1.526E-12

     Pert. #  1: Fermi energy shift (Ry) =     1.8038E-03     0.0000E+00

      iter #   9 total cpu time : 64590.9 secs   av.it.:  37.1
      thresh= 1.235E-07 alpha_mix =  0.700 |ddv_scf|^2 =  4.616E-12

     Pert. #  1: Fermi energy shift (Ry) =     1.4962E-03     0.0000E+00

      iter #  10 total cpu time : 64693.2 secs   av.it.:  30.1
      thresh= 2.149E-07 alpha_mix =  0.700 |ddv_scf|^2 =  1.320E-12

     Pert. #  1: Fermi energy shift (Ry) =     1.5364E-03     0.0000E+00

      iter #  11 total cpu time : 64792.3 secs   av.it.:  29.1
      thresh= 1.149E-07 alpha_mix =  0.700 |ddv_scf|^2 =  7.293E-14

     Pert. #  1: Fermi energy shift (Ry) =     1.5849E-03     0.0000E+00

      iter #  12 total cpu time : 64902.2 secs   av.it.:  32.9
      thresh= 2.700E-08 alpha_mix =  0.700 |ddv_scf|^2 =  1.118E-14

     Pert. #  1: Fermi energy shift (Ry) =     1.5950E-03     0.0000E+00

      iter #  13 total cpu time : 65018.0 secs   av.it.:  35.1
      thresh= 1.057E-08 alpha_mix =  0.700 |ddv_scf|^2 =  3.005E-15

     End of self-consistent calculation

     Convergence has been achieved 


     Representation #  43 mode #  43

     Self-consistent Calculation

     Pert. #  1: Fermi energy shift (Ry) =    -1.5478E-06     0.0000E+00

      iter #   1 total cpu time : 65059.9 secs   av.it.:   5.5
      thresh= 1.000E-02 alpha_mix =  0.700 |ddv_scf|^2 =  2.446E-09

     Pert. #  1: Fermi energy shift (Ry) =    -4.9733E-06     0.0000E+00

      iter #   2 total cpu time : 65174.6 secs   av.it.:  35.1
      thresh= 4.946E-06 alpha_mix =  0.700 |ddv_scf|^2 =  4.103E-10

     Pert. #  1: Fermi energy shift (Ry) =    -8.2774E-05     0.0000E+00

      iter #   3 total cpu time : 65294.8 secs   av.it.:  37.2
      thresh= 2.026E-06 alpha_mix =  0.700 |ddv_scf|^2 =  2.925E-11

     Pert. #  1: Fermi energy shift (Ry) =     9.5123E-04     0.0000E+00

      iter #   4 total cpu time : 65421.6 secs   av.it.:  39.0
      thresh= 5.409E-07 alpha_mix =  0.700 |ddv_scf|^2 =  2.722E-10

     Pert. #  1: Fermi energy shift (Ry) =    -3.3356E-04     0.0000E+00

      iter #   5 total cpu time : 65513.5 secs   av.it.:  25.9
      thresh= 1.650E-06 alpha_mix =  0.700 |ddv_scf|^2 =  2.640E-11

     Pert. #  1: Fermi energy shift (Ry) =     8.3793E-05     0.0000E+00

      iter #   6 total cpu time : 65620.7 secs   av.it.:  32.0
      thresh= 5.138E-07 alpha_mix =  0.700 |ddv_scf|^2 =  4.452E-13

     Pert. #  1: Fermi energy shift (Ry) =    -1.1594E-04     0.0000E+00

      iter #   7 total cpu time : 65744.8 secs   av.it.:  38.2
      thresh= 6.672E-08 alpha_mix =  0.700 |ddv_scf|^2 =  1.005E-12

     Pert. #  1: Fermi energy shift (Ry) =    -7.0480E-06     0.0000E+00

      iter #   8 total cpu time : 65855.0 secs   av.it.:  33.1
      thresh= 1.003E-07 alpha_mix =  0.700 |ddv_scf|^2 =  1.880E-14

     Pert. #  1: Fermi energy shift (Ry) =     2.6099E-05     0.0000E+00

      iter #   9 total cpu time : 65983.2 secs   av.it.:  39.9
      thresh= 1.371E-08 alpha_mix =  0.700 |ddv_scf|^2 =  2.842E-14

     Pert. #  1: Fermi energy shift (Ry) =    -1.1210E-05     0.0000E+00

      iter #  10 total cpu time : 66100.2 secs   av.it.:  35.6
      thresh= 1.686E-08 alpha_mix =  0.700 |ddv_scf|^2 =  4.957E-15

     End of self-consistent calculation

     Convergence has been achieved 


     Representation #  44 mode #  44

     Self-consistent Calculation

     Pert. #  1: Fermi energy shift (Ry) =     6.1867E-03     2.0680E-25

      iter #   1 total cpu time : 66147.3 secs   av.it.:   6.8
      thresh= 1.000E-02 alpha_mix =  0.700 |ddv_scf|^2 =  2.435E-08

     Pert. #  1: Fermi energy shift (Ry) =     7.4964E-02    -5.1699E-26

      iter #   2 total cpu time : 66275.9 secs   av.it.:  39.6
      thresh= 1.560E-05 alpha_mix =  0.700 |ddv_scf|^2 =  3.055E-06

     Pert. #  1: Fermi energy shift (Ry) =    -2.3056E-02    -4.1359E-25

      iter #   3 total cpu time : 66364.7 secs   av.it.:  24.5
      thresh= 1.748E-04 alpha_mix =  0.700 |ddv_scf|^2 =  5.093E-08

     Pert. #  1: Fermi energy shift (Ry) =    -1.1166E-03     2.5849E-26

      iter #   4 total cpu time : 66475.4 secs   av.it.:  33.1
      thresh= 2.257E-05 alpha_mix =  0.700 |ddv_scf|^2 =  4.155E-09

     Pert. #  1: Fermi energy shift (Ry) =     3.6161E-03     1.6156E-27

      iter #   5 total cpu time : 66590.2 secs   av.it.:  34.5
      thresh= 6.446E-06 alpha_mix =  0.700 |ddv_scf|^2 =  1.550E-09

     Pert. #  1: Fermi energy shift (Ry) =    -3.2832E-03    -5.1699E-26

      iter #   6 total cpu time : 66703.1 secs   av.it.:  34.2
      thresh= 3.936E-06 alpha_mix =  0.700 |ddv_scf|^2 =  2.901E-10

     Pert. #  1: Fermi energy shift (Ry) =     3.8627E-04     3.2312E-27

      iter #   7 total cpu time : 66811.5 secs   av.it.:  32.5
      thresh= 1.703E-06 alpha_mix =  0.700 |ddv_scf|^2 =  5.346E-11

     Pert. #  1: Fermi energy shift (Ry) =    -8.0833E-04     6.4623E-27

      iter #   8 total cpu time : 66915.5 secs   av.it.:  31.1
      thresh= 7.312E-07 alpha_mix =  0.700 |ddv_scf|^2 =  5.253E-12

     Pert. #  1: Fermi energy shift (Ry) =    -5.3123E-04     3.2312E-27

      iter #   9 total cpu time : 67018.1 secs   av.it.:  30.5
      thresh= 2.292E-07 alpha_mix =  0.700 |ddv_scf|^2 =  1.070E-13

     Pert. #  1: Fermi energy shift (Ry) =    -4.9648E-04     6.4623E-27

      iter #  10 total cpu time : 67137.6 secs   av.it.:  37.1
      thresh= 3.272E-08 alpha_mix =  0.700 |ddv_scf|^2 =  1.103E-13

     Pert. #  1: Fermi energy shift (Ry) =    -5.6585E-04     6.4623E-27

      iter #  11 total cpu time : 67247.6 secs   av.it.:  33.1
      thresh= 3.321E-08 alpha_mix =  0.700 |ddv_scf|^2 =  4.941E-15

     End of self-consistent calculation

     Convergence has been achieved 


     Representation #  45 mode #  45

     Self-consistent Calculation

     Pert. #  1: Fermi energy shift (Ry) =    -1.7155E-03     0.0000E+00

      iter #   1 total cpu time : 67296.0 secs   av.it.:   7.2
      thresh= 1.000E-02 alpha_mix =  0.700 |ddv_scf|^2 =  3.689E-07

     Pert. #  1: Fermi energy shift (Ry) =    -3.5551E-01     0.0000E+00

      iter #   2 total cpu time : 67419.0 secs   av.it.:  37.4
      thresh= 6.073E-05 alpha_mix =  0.700 |ddv_scf|^2 =  5.201E-05

     Pert. #  1: Fermi energy shift (Ry) =     7.7458E-02     0.0000E+00

      iter #   3 total cpu time : 67507.1 secs   av.it.:  24.1
      thresh= 7.212E-04 alpha_mix =  0.700 |ddv_scf|^2 =  2.282E-07

     Pert. #  1: Fermi energy shift (Ry) =    -2.4151E-04     0.0000E+00

      iter #   4 total cpu time : 67613.9 secs   av.it.:  31.6
      thresh= 4.777E-05 alpha_mix =  0.700 |ddv_scf|^2 =  7.464E-09

     Pert. #  1: Fermi energy shift (Ry) =    -1.5904E-02     0.0000E+00

      iter #   5 total cpu time : 67731.7 secs   av.it.:  36.0
      thresh= 8.639E-06 alpha_mix =  0.700 |ddv_scf|^2 =  5.134E-09

     Pert. #  1: Fermi energy shift (Ry) =     5.1961E-04     0.0000E+00

      iter #   6 total cpu time : 67841.9 secs   av.it.:  33.2
      thresh= 7.166E-06 alpha_mix =  0.700 |ddv_scf|^2 =  7.104E-10

     Pert. #  1: Fermi energy shift (Ry) =     1.0866E-03     0.0000E+00

      iter #   7 total cpu time : 67952.8 secs   av.it.:  33.5
      thresh= 2.665E-06 alpha_mix =  0.700 |ddv_scf|^2 =  1.260E-10

     Pert. #  1: Fermi energy shift (Ry) =     3.8532E-05     0.0000E+00

      iter #   8 total cpu time : 68051.8 secs   av.it.:  28.8
      thresh= 1.122E-06 alpha_mix =  0.700 |ddv_scf|^2 =  5.984E-13

     Pert. #  1: Fermi energy shift (Ry) =    -3.7659E-04     0.0000E+00

      iter #   9 total cpu time : 68178.6 secs   av.it.:  39.6
      thresh= 7.735E-08 alpha_mix =  0.700 |ddv_scf|^2 =  3.199E-12

     Pert. #  1: Fermi energy shift (Ry) =    -1.3905E-04     0.0000E+00

      iter #  10 total cpu time : 68276.8 secs   av.it.:  28.6
      thresh= 1.789E-07 alpha_mix =  0.700 |ddv_scf|^2 =  1.832E-14

     Pert. #  1: Fermi energy shift (Ry) =    -1.4021E-04     0.0000E+00

      iter #  11 total cpu time : 68399.3 secs   av.it.:  38.0
      thresh= 1.353E-08 alpha_mix =  0.700 |ddv_scf|^2 =  8.553E-14

     Pert. #  1: Fermi energy shift (Ry) =    -1.9392E-04     0.0000E+00

      iter #  12 total cpu time : 68509.2 secs   av.it.:  33.1
      thresh= 2.925E-08 alpha_mix =  0.700 |ddv_scf|^2 =  2.257E-14

     Pert. #  1: Fermi energy shift (Ry) =    -1.5772E-04     0.0000E+00

      iter #  13 total cpu time : 68621.9 secs   av.it.:  34.0
      thresh= 1.502E-08 alpha_mix =  0.700 |ddv_scf|^2 =  3.961E-16

     End of self-consistent calculation

     Convergence has been achieved 


     Representation #  46 mode #  46

     Self-consistent Calculation

     Pert. #  1: Fermi energy shift (Ry) =    -5.3416E-03     0.0000E+00

      iter #   1 total cpu time : 68668.4 secs   av.it.:   6.8
      thresh= 1.000E-02 alpha_mix =  0.700 |ddv_scf|^2 =  1.865E-08

     Pert. #  1: Fermi energy shift (Ry) =    -6.4637E-02     0.0000E+00

      iter #   2 total cpu time : 68797.5 secs   av.it.:  40.1
      thresh= 1.366E-05 alpha_mix =  0.700 |ddv_scf|^2 =  2.257E-06

     Pert. #  1: Fermi energy shift (Ry) =     2.0046E-02     0.0000E+00

      iter #   3 total cpu time : 68886.4 secs   av.it.:  24.5
      thresh= 1.502E-04 alpha_mix =  0.700 |ddv_scf|^2 =  3.781E-08

     Pert. #  1: Fermi energy shift (Ry) =     6.1953E-04     0.0000E+00

      iter #   4 total cpu time : 68997.6 secs   av.it.:  33.2
      thresh= 1.944E-05 alpha_mix =  0.700 |ddv_scf|^2 =  3.318E-09

     Pert. #  1: Fermi energy shift (Ry) =    -3.3581E-03     0.0000E+00

      iter #   5 total cpu time : 69113.6 secs   av.it.:  35.4
      thresh= 5.761E-06 alpha_mix =  0.700 |ddv_scf|^2 =  1.449E-09

     Pert. #  1: Fermi energy shift (Ry) =     2.8557E-03     0.0000E+00

      iter #   6 total cpu time : 69226.2 secs   av.it.:  34.1
      thresh= 3.807E-06 alpha_mix =  0.700 |ddv_scf|^2 =  2.031E-10

     Pert. #  1: Fermi energy shift (Ry) =    -4.5420E-04     0.0000E+00

      iter #   7 total cpu time : 69337.0 secs   av.it.:  33.4
      thresh= 1.425E-06 alpha_mix =  0.700 |ddv_scf|^2 =  5.105E-11

     Pert. #  1: Fermi energy shift (Ry) =     7.1430E-04     0.0000E+00

      iter #   8 total cpu time : 69441.4 secs   av.it.:  31.1
      thresh= 7.145E-07 alpha_mix =  0.700 |ddv_scf|^2 =  4.571E-12

     Pert. #  1: Fermi energy shift (Ry) =     4.6170E-04     0.0000E+00

      iter #   9 total cpu time : 69544.5 secs   av.it.:  31.0
      thresh= 2.138E-07 alpha_mix =  0.700 |ddv_scf|^2 =  8.114E-14

     Pert. #  1: Fermi energy shift (Ry) =     4.2442E-04     0.0000E+00

      iter #  10 total cpu time : 69667.0 secs   av.it.:  38.2
      thresh= 2.848E-08 alpha_mix =  0.700 |ddv_scf|^2 =  1.146E-13

     Pert. #  1: Fermi energy shift (Ry) =     4.8273E-04     0.0000E+00

      iter #  11 total cpu time : 69777.5 secs   av.it.:  33.1
      thresh= 3.386E-08 alpha_mix =  0.700 |ddv_scf|^2 =  9.294E-15

     End of self-consistent calculation

     Convergence has been achieved 


     Representation #  47 mode #  47

     Self-consistent Calculation

     Pert. #  1: Fermi energy shift (Ry) =    -3.0746E-03    -2.5849E-26

      iter #   1 total cpu time : 69822.4 secs   av.it.:   6.1
      thresh= 1.000E-02 alpha_mix =  0.700 |ddv_scf|^2 =  7.574E-09

     Pert. #  1: Fermi energy shift (Ry) =    -3.6723E-02    -5.1699E-26

      iter #   2 total cpu time : 69952.2 secs   av.it.:  40.1
      thresh= 8.703E-06 alpha_mix =  0.700 |ddv_scf|^2 =  7.153E-07

     Pert. #  1: Fermi energy shift (Ry) =     1.2591E-02    -2.0680E-25

      iter #   3 total cpu time : 70042.3 secs   av.it.:  25.0
      thresh= 8.457E-05 alpha_mix =  0.700 |ddv_scf|^2 =  1.285E-08

     Pert. #  1: Fermi energy shift (Ry) =    -1.0846E-03     1.0340E-25

      iter #   4 total cpu time : 70156.6 secs   av.it.:  34.5
      thresh= 1.133E-05 alpha_mix =  0.700 |ddv_scf|^2 =  2.698E-09

     Pert. #  1: Fermi energy shift (Ry) =    -2.4399E-03     1.2925E-26

      iter #   5 total cpu time : 70269.6 secs   av.it.:  34.2
      thresh= 5.194E-06 alpha_mix =  0.700 |ddv_scf|^2 =  9.052E-10

     Pert. #  1: Fermi energy shift (Ry) =     1.8101E-03     2.5849E-26

      iter #   6 total cpu time : 70381.6 secs   av.it.:  33.9
      thresh= 3.009E-06 alpha_mix =  0.700 |ddv_scf|^2 =  4.927E-11

     Pert. #  1: Fermi energy shift (Ry) =    -4.8325E-04    -1.6156E-27

      iter #   7 total cpu time : 70499.9 secs   av.it.:  36.2
      thresh= 7.019E-07 alpha_mix =  0.700 |ddv_scf|^2 =  3.047E-11

     Pert. #  1: Fermi energy shift (Ry) =     4.8191E-04     6.4623E-27

      iter #   8 total cpu time : 70603.7 secs   av.it.:  30.9
      thresh= 5.520E-07 alpha_mix =  0.700 |ddv_scf|^2 =  3.526E-12

     Pert. #  1: Fermi energy shift (Ry) =     2.7026E-04     3.2312E-27

      iter #   9 total cpu time : 70707.1 secs   av.it.:  30.9
      thresh= 1.878E-07 alpha_mix =  0.700 |ddv_scf|^2 =  5.309E-14

     Pert. #  1: Fermi energy shift (Ry) =     2.3323E-04     3.2312E-27

      iter #  10 total cpu time : 70833.6 secs   av.it.:  39.6
      thresh= 2.304E-08 alpha_mix =  0.700 |ddv_scf|^2 =  1.413E-13

     Pert. #  1: Fermi energy shift (Ry) =     2.7162E-04     3.2312E-27

      iter #  11 total cpu time : 70941.6 secs   av.it.:  32.8
      thresh= 3.759E-08 alpha_mix =  0.700 |ddv_scf|^2 =  5.366E-14

     Pert. #  1: Fermi energy shift (Ry) =     2.4848E-04     3.2312E-27

      iter #  12 total cpu time : 71053.4 secs   av.it.:  34.1
      thresh= 2.317E-08 alpha_mix =  0.700 |ddv_scf|^2 =  7.829E-15

     End of self-consistent calculation

     Convergence has been achieved 


     Representation #  48 mode #  48

     Self-consistent Calculation

     Pert. #  1: Fermi energy shift (Ry) =    -1.7257E-03     0.0000E+00

      iter #   1 total cpu time : 71101.4 secs   av.it.:   7.2
      thresh= 1.000E-02 alpha_mix =  0.700 |ddv_scf|^2 =  3.690E-07

     Pert. #  1: Fermi energy shift (Ry) =    -3.5569E-01     0.0000E+00

      iter #   2 total cpu time : 71224.0 secs   av.it.:  37.5
      thresh= 6.074E-05 alpha_mix =  0.700 |ddv_scf|^2 =  5.204E-05

     Pert. #  1: Fermi energy shift (Ry) =     7.7406E-02     0.0000E+00

      iter #   3 total cpu time : 71311.0 secs   av.it.:  24.0
      thresh= 7.214E-04 alpha_mix =  0.700 |ddv_scf|^2 =  2.276E-07

     Pert. #  1: Fermi energy shift (Ry) =    -2.9103E-04     0.0000E+00

      iter #   4 total cpu time : 71416.9 secs   av.it.:  31.9
      thresh= 4.770E-05 alpha_mix =  0.700 |ddv_scf|^2 =  7.487E-09

     Pert. #  1: Fermi energy shift (Ry) =    -1.5917E-02     0.0000E+00

      iter #   5 total cpu time : 71533.9 secs   av.it.:  36.1
      thresh= 8.653E-06 alpha_mix =  0.700 |ddv_scf|^2 =  5.162E-09

     Pert. #  1: Fermi energy shift (Ry) =     5.1577E-04     0.0000E+00

      iter #   6 total cpu time : 71643.7 secs   av.it.:  33.1
      thresh= 7.184E-06 alpha_mix =  0.700 |ddv_scf|^2 =  7.134E-10

     Pert. #  1: Fermi energy shift (Ry) =     1.0866E-03     0.0000E+00

      iter #   7 total cpu time : 71754.4 secs   av.it.:  33.6
      thresh= 2.671E-06 alpha_mix =  0.700 |ddv_scf|^2 =  1.259E-10

     Pert. #  1: Fermi energy shift (Ry) =     3.0924E-05     0.0000E+00

      iter #   8 total cpu time : 71852.9 secs   av.it.:  29.0
      thresh= 1.122E-06 alpha_mix =  0.700 |ddv_scf|^2 =  5.658E-13

     Pert. #  1: Fermi energy shift (Ry) =    -3.7556E-04     0.0000E+00

      iter #   9 total cpu time : 71979.1 secs   av.it.:  39.6
      thresh= 7.522E-08 alpha_mix =  0.700 |ddv_scf|^2 =  3.149E-12

     Pert. #  1: Fermi energy shift (Ry) =    -1.3966E-04     0.0000E+00

      iter #  10 total cpu time : 72077.1 secs   av.it.:  29.0
      thresh= 1.774E-07 alpha_mix =  0.700 |ddv_scf|^2 =  1.942E-14

     Pert. #  1: Fermi energy shift (Ry) =    -1.4030E-04     0.0000E+00

      iter #  11 total cpu time : 72199.1 secs   av.it.:  38.0
      thresh= 1.393E-08 alpha_mix =  0.700 |ddv_scf|^2 =  8.652E-14

     Pert. #  1: Fermi energy shift (Ry) =    -1.9452E-04     0.0000E+00

      iter #  12 total cpu time : 72308.8 secs   av.it.:  33.5
      thresh= 2.941E-08 alpha_mix =  0.700 |ddv_scf|^2 =  2.296E-14

     Pert. #  1: Fermi energy shift (Ry) =    -1.5830E-04     0.0000E+00

      iter #  13 total cpu time : 72420.9 secs   av.it.:  34.0
      thresh= 1.515E-08 alpha_mix =  0.700 |ddv_scf|^2 =  3.837E-16

     End of self-consistent calculation

     Convergence has been achieved 


     Representation #  49 mode #  49

     Self-consistent Calculation

     Pert. #  1: Fermi energy shift (Ry) =     5.3428E-03     0.0000E+00

      iter #   1 total cpu time : 72467.2 secs   av.it.:   6.8
      thresh= 1.000E-02 alpha_mix =  0.700 |ddv_scf|^2 =  1.865E-08

     Pert. #  1: Fermi energy shift (Ry) =     6.4627E-02     0.0000E+00

      iter #   2 total cpu time : 72595.3 secs   av.it.:  40.0
      thresh= 1.366E-05 alpha_mix =  0.700 |ddv_scf|^2 =  2.258E-06

     Pert. #  1: Fermi energy shift (Ry) =    -2.0058E-02     0.0000E+00

      iter #   3 total cpu time : 72684.9 secs   av.it.:  24.6
      thresh= 1.503E-04 alpha_mix =  0.700 |ddv_scf|^2 =  3.768E-08

     Pert. #  1: Fermi energy shift (Ry) =    -6.1328E-04     0.0000E+00

      iter #   4 total cpu time : 72795.2 secs   av.it.:  33.2
      thresh= 1.941E-05 alpha_mix =  0.700 |ddv_scf|^2 =  3.327E-09

     Pert. #  1: Fermi energy shift (Ry) =     3.3603E-03     0.0000E+00

      iter #   5 total cpu time : 72910.0 secs   av.it.:  35.4
      thresh= 5.768E-06 alpha_mix =  0.700 |ddv_scf|^2 =  1.450E-09

     Pert. #  1: Fermi energy shift (Ry) =    -2.8534E-03     0.0000E+00

      iter #   6 total cpu time : 73021.9 secs   av.it.:  34.1
      thresh= 3.808E-06 alpha_mix =  0.700 |ddv_scf|^2 =  2.036E-10

     Pert. #  1: Fermi energy shift (Ry) =     4.5644E-04     0.0000E+00

      iter #   7 total cpu time : 73132.2 secs   av.it.:  33.6
      thresh= 1.427E-06 alpha_mix =  0.700 |ddv_scf|^2 =  5.146E-11

     Pert. #  1: Fermi energy shift (Ry) =    -7.1445E-04     0.0000E+00

      iter #   8 total cpu time : 73235.6 secs   av.it.:  31.2
      thresh= 7.174E-07 alpha_mix =  0.700 |ddv_scf|^2 =  4.572E-12

     Pert. #  1: Fermi energy shift (Ry) =    -4.6150E-04     0.0000E+00

      iter #   9 total cpu time : 73338.0 secs   av.it.:  31.0
      thresh= 2.138E-07 alpha_mix =  0.700 |ddv_scf|^2 =  8.106E-14

     Pert. #  1: Fermi energy shift (Ry) =    -4.2433E-04     0.0000E+00

      iter #  10 total cpu time : 73459.7 secs   av.it.:  38.4
      thresh= 2.847E-08 alpha_mix =  0.700 |ddv_scf|^2 =  1.147E-13

     Pert. #  1: Fermi energy shift (Ry) =    -4.8275E-04     0.0000E+00

      iter #  11 total cpu time : 73569.3 secs   av.it.:  33.4
      thresh= 3.386E-08 alpha_mix =  0.700 |ddv_scf|^2 =  8.995E-15

     End of self-consistent calculation

     Convergence has been achieved 


     Representation #  50 mode #  50

     Self-consistent Calculation

     Pert. #  1: Fermi energy shift (Ry) =    -3.0748E-03    -2.5849E-26

      iter #   1 total cpu time : 73613.8 secs   av.it.:   6.0
      thresh= 1.000E-02 alpha_mix =  0.700 |ddv_scf|^2 =  7.571E-09

     Pert. #  1: Fermi energy shift (Ry) =    -3.6724E-02    -2.5849E-26

      iter #   2 total cpu time : 73742.5 secs   av.it.:  40.2
      thresh= 8.701E-06 alpha_mix =  0.700 |ddv_scf|^2 =  7.145E-07

     Pert. #  1: Fermi energy shift (Ry) =     1.2577E-02     5.1699E-26

      iter #   3 total cpu time : 73832.0 secs   av.it.:  25.0
      thresh= 8.453E-05 alpha_mix =  0.700 |ddv_scf|^2 =  1.284E-08

     Pert. #  1: Fermi energy shift (Ry) =    -1.0878E-03    -5.1699E-26

      iter #   4 total cpu time : 73945.3 secs   av.it.:  34.6
      thresh= 1.133E-05 alpha_mix =  0.700 |ddv_scf|^2 =  2.704E-09

     Pert. #  1: Fermi energy shift (Ry) =    -2.4355E-03    -2.5849E-26

      iter #   5 total cpu time : 74057.7 secs   av.it.:  34.2
      thresh= 5.200E-06 alpha_mix =  0.700 |ddv_scf|^2 =  9.019E-10

     Pert. #  1: Fermi energy shift (Ry) =     1.8073E-03    -2.5849E-26

      iter #   6 total cpu time : 74169.0 secs   av.it.:  33.8
      thresh= 3.003E-06 alpha_mix =  0.700 |ddv_scf|^2 =  4.872E-11

     Pert. #  1: Fermi energy shift (Ry) =    -4.8449E-04    -6.4623E-27

      iter #   7 total cpu time : 74286.8 secs   av.it.:  36.2
      thresh= 6.980E-07 alpha_mix =  0.700 |ddv_scf|^2 =  3.058E-11

     Pert. #  1: Fermi energy shift (Ry) =     4.8112E-04    -3.2312E-27

      iter #   8 total cpu time : 74389.6 secs   av.it.:  30.8
      thresh= 5.530E-07 alpha_mix =  0.700 |ddv_scf|^2 =  3.509E-12

     Pert. #  1: Fermi energy shift (Ry) =     2.7029E-04    -3.2312E-27

      iter #   9 total cpu time : 74492.3 secs   av.it.:  31.0
      thresh= 1.873E-07 alpha_mix =  0.700 |ddv_scf|^2 =  5.300E-14

     Pert. #  1: Fermi energy shift (Ry) =     2.3331E-04    -3.2312E-27

      iter #  10 total cpu time : 74618.1 secs   av.it.:  39.6
      thresh= 2.302E-08 alpha_mix =  0.700 |ddv_scf|^2 =  1.404E-13

     Pert. #  1: Fermi energy shift (Ry) =     2.7153E-04    -3.2312E-27

      iter #  11 total cpu time : 74726.0 secs   av.it.:  32.8
      thresh= 3.748E-08 alpha_mix =  0.700 |ddv_scf|^2 =  5.385E-14

     Pert. #  1: Fermi energy shift (Ry) =     2.4836E-04    -3.2312E-27

      iter #  12 total cpu time : 74837.4 secs   av.it.:  34.0
      thresh= 2.321E-08 alpha_mix =  0.700 |ddv_scf|^2 =  7.846E-15

     End of self-consistent calculation

     Convergence has been achieved 


     Representation #  51 mode #  51

     Self-consistent Calculation

     Pert. #  1: Fermi energy shift (Ry) =    -1.7168E-03     0.0000E+00

      iter #   1 total cpu time : 74885.5 secs   av.it.:   7.2
      thresh= 1.000E-02 alpha_mix =  0.700 |ddv_scf|^2 =  3.689E-07

     Pert. #  1: Fermi energy shift (Ry) =    -3.5541E-01     0.0000E+00

      iter #   2 total cpu time : 75007.5 secs   av.it.:  37.4
      thresh= 6.074E-05 alpha_mix =  0.700 |ddv_scf|^2 =  5.201E-05

     Pert. #  1: Fermi energy shift (Ry) =     7.7554E-02     0.0000E+00

      iter #   3 total cpu time : 75094.5 secs   av.it.:  24.0
      thresh= 7.212E-04 alpha_mix =  0.700 |ddv_scf|^2 =  2.284E-07

     Pert. #  1: Fermi energy shift (Ry) =    -2.3543E-04     0.0000E+00

      iter #   4 total cpu time : 75200.5 secs   av.it.:  32.0
      thresh= 4.779E-05 alpha_mix =  0.700 |ddv_scf|^2 =  7.448E-09

     Pert. #  1: Fermi energy shift (Ry) =    -1.5912E-02     0.0000E+00

      iter #   5 total cpu time : 75317.2 secs   av.it.:  36.0
      thresh= 8.630E-06 alpha_mix =  0.700 |ddv_scf|^2 =  5.138E-09

     Pert. #  1: Fermi energy shift (Ry) =     5.0898E-04     0.0000E+00

      iter #   6 total cpu time : 75426.8 secs   av.it.:  33.4
      thresh= 7.168E-06 alpha_mix =  0.700 |ddv_scf|^2 =  7.120E-10

     Pert. #  1: Fermi energy shift (Ry) =     1.0852E-03     0.0000E+00

      iter #   7 total cpu time : 75537.2 secs   av.it.:  33.5
      thresh= 2.668E-06 alpha_mix =  0.700 |ddv_scf|^2 =  1.260E-10

     Pert. #  1: Fermi energy shift (Ry) =     3.6750E-05     0.0000E+00

      iter #   8 total cpu time : 75635.9 secs   av.it.:  28.9
      thresh= 1.123E-06 alpha_mix =  0.700 |ddv_scf|^2 =  5.950E-13

     Pert. #  1: Fermi energy shift (Ry) =    -3.7776E-04     0.0000E+00

      iter #   9 total cpu time : 75761.8 secs   av.it.:  39.6
      thresh= 7.714E-08 alpha_mix =  0.700 |ddv_scf|^2 =  3.213E-12

     Pert. #  1: Fermi energy shift (Ry) =    -1.4012E-04     0.0000E+00

      iter #  10 total cpu time : 75859.3 secs   av.it.:  28.8
      thresh= 1.793E-07 alpha_mix =  0.700 |ddv_scf|^2 =  1.901E-14

     Pert. #  1: Fermi energy shift (Ry) =    -1.4084E-04     0.0000E+00

      iter #  11 total cpu time : 75981.0 secs   av.it.:  37.9
      thresh= 1.379E-08 alpha_mix =  0.700 |ddv_scf|^2 =  8.573E-14

     Pert. #  1: Fermi energy shift (Ry) =    -1.9500E-04     0.0000E+00

      iter #  12 total cpu time : 76090.5 secs   av.it.:  33.2
      thresh= 2.928E-08 alpha_mix =  0.700 |ddv_scf|^2 =  2.299E-14

     Pert. #  1: Fermi energy shift (Ry) =    -1.5856E-04     0.0000E+00

      iter #  13 total cpu time : 76202.5 secs   av.it.:  34.0
      thresh= 1.516E-08 alpha_mix =  0.700 |ddv_scf|^2 =  3.881E-16

     End of self-consistent calculation

     Convergence has been achieved 


     Representation #  52 mode #  52

     Self-consistent Calculation

     Pert. #  1: Fermi energy shift (Ry) =    -3.1498E-06     0.0000E+00

      iter #   1 total cpu time : 76245.5 secs   av.it.:   5.5
      thresh= 1.000E-02 alpha_mix =  0.700 |ddv_scf|^2 =  3.057E-09

     Pert. #  1: Fermi energy shift (Ry) =    -7.4032E-05     0.0000E+00

      iter #   2 total cpu time : 76359.9 secs   av.it.:  34.8
      thresh= 5.529E-06 alpha_mix =  0.700 |ddv_scf|^2 =  8.459E-10

     Pert. #  1: Fermi energy shift (Ry) =     7.0321E-04     0.0000E+00

      iter #   3 total cpu time : 76477.0 secs   av.it.:  36.2
      thresh= 2.908E-06 alpha_mix =  0.700 |ddv_scf|^2 =  1.671E-10

     Pert. #  1: Fermi energy shift (Ry) =    -3.3701E-03     0.0000E+00

      iter #   4 total cpu time : 76592.0 secs   av.it.:  34.9
      thresh= 1.292E-06 alpha_mix =  0.700 |ddv_scf|^2 =  3.125E-09

     Pert. #  1: Fermi energy shift (Ry) =     8.2735E-05     0.0000E+00

      iter #   5 total cpu time : 76685.0 secs   av.it.:  26.9
      thresh= 5.591E-06 alpha_mix =  0.700 |ddv_scf|^2 =  2.832E-12

     Pert. #  1: Fermi energy shift (Ry) =    -6.1654E-05     0.0000E+00

      iter #   6 total cpu time : 76808.3 secs   av.it.:  38.8
      thresh= 1.683E-07 alpha_mix =  0.700 |ddv_scf|^2 =  2.469E-12

     Pert. #  1: Fermi energy shift (Ry) =     3.1032E-05     0.0000E+00

      iter #   7 total cpu time : 76919.3 secs   av.it.:  33.9
      thresh= 1.571E-07 alpha_mix =  0.700 |ddv_scf|^2 =  7.133E-13

     Pert. #  1: Fermi energy shift (Ry) =    -2.3327E-06     0.0000E+00

      iter #   8 total cpu time : 77033.1 secs   av.it.:  35.0
      thresh= 8.446E-08 alpha_mix =  0.700 |ddv_scf|^2 =  8.757E-15

     End of self-consistent calculation

     Convergence has been achieved 


     Representation #  53 mode #  53

     Self-consistent Calculation

     Pert. #  1: Fermi energy shift (Ry) =    -6.3705E-03     2.5849E-26

      iter #   1 total cpu time : 77079.3 secs   av.it.:   6.5
      thresh= 1.000E-02 alpha_mix =  0.700 |ddv_scf|^2 =  1.866E-08

     Pert. #  1: Fermi energy shift (Ry) =    -5.1171E-02    -1.2925E-26

      iter #   2 total cpu time : 77206.4 secs   av.it.:  39.6
      thresh= 1.366E-05 alpha_mix =  0.700 |ddv_scf|^2 =  2.541E-06

     Pert. #  1: Fermi energy shift (Ry) =     3.0876E-02     4.1359E-25

      iter #   3 total cpu time : 77294.4 secs   av.it.:  24.5
      thresh= 1.594E-04 alpha_mix =  0.700 |ddv_scf|^2 =  2.306E-08

     Pert. #  1: Fermi energy shift (Ry) =    -3.8204E-03    -2.0680E-25

      iter #   4 total cpu time : 77408.2 secs   av.it.:  34.6
      thresh= 1.519E-05 alpha_mix =  0.700 |ddv_scf|^2 =  4.101E-09

     Pert. #  1: Fermi energy shift (Ry) =    -2.6777E-03    -5.1699E-26

      iter #   5 total cpu time : 77516.3 secs   av.it.:  32.9
      thresh= 6.404E-06 alpha_mix =  0.700 |ddv_scf|^2 =  9.729E-10
