
     Program PHONON v.6.4.1 starts on 28Dec2025 at 18:43:29 

     This program is part of the open-source Quantum ESPRESSO suite
     for quantum simulation of materials; please cite
         "P. Giannozzi et al., J. Phys.:Condens. Matter 21 395502 (2009);
         "P. Giannozzi et al., J. Phys.:Condens. Matter 29 465901 (2017);
          URL http://www.quantum-espresso.org", 
     in publications or presentations arising from this work. More details at
     http://www.quantum-espresso.org/quote

     Parallel version (MPI & OpenMP), running on      12 processor cores
     Number of MPI processes:                 1
     Threads/MPI process:                    12

     MPI processes distributed on     1 nodes

     Reading data from directory:
     ./tmp/\YB3H85.save\
     Message from routine read_upf::
     Pseudo file B.UPF has been fixed on the fly.
To avoid this message in the future, permanently fix 
 your pseudo files following these instructions: 
https://gitlab.com/QEF/q-e/blob/master/upftools/how_to_fix_upf.md
     Message from routine read_upf::
     Pseudo file H.UPF has been fixed on the fly.
To avoid this message in the future, permanently fix 
 your pseudo files following these instructions: 
https://gitlab.com/QEF/q-e/blob/master/upftools/how_to_fix_upf.md

     IMPORTANT: XC functional enforced from input :
     Exchange-correlation      = PBE ( 1  4  3  4 0 0)
     Any further DFT definition will be discarded
     Please, verify this is what you really want

               file H.UPF: wavefunction(s)  1S renormalized

     G-vector sticks info
     --------------------
     sticks:   dense  smooth     PW     G-vecs:    dense   smooth      PW
     Sum        7831    3907   1043               743695   262937   36309


     negative rho (up, down):  4.394E-02 0.000E+00

     Calculation of q =    0.0000000   0.0000000   0.0000000

     Phonons                                                                    

     bravais-lattice index     =            0
     lattice parameter (alat)  =      11.6718  a.u.
     unit-cell volume          =    4187.7797 (a.u.)^3
     number of atoms/cell      =           56
     number of atomic types    =            3
     kinetic-energy cut-off    =      60.0000  Ry
     charge density cut-off    =     480.0000  Ry
     convergence threshold     =      1.0E-12
     beta                      =       0.7000
     number of iterations used =            4
     Exchange-correlation      = PBE ( 1  4  3  4 0 0)


     celldm(1)=   11.67176  celldm(2)=    0.00000  celldm(3)=    0.00000
     celldm(4)=    0.00000  celldm(5)=    0.00000  celldm(6)=    0.00000

     crystal axes: (cart. coord. in units of alat)
               a(1) = (  0.9999  0.0148  0.0053 )  
               a(2) = ( -0.3892  1.4996 -0.0151 )  
               a(3) = (  0.0094 -0.0154  1.7500 )  

     reciprocal axes: (cart. coord. in units 2 pi/alat)
               b(1) = (  0.9963  0.2586 -0.0030 )  
               b(2) = ( -0.0099  0.6643  0.0059 )  
               b(3) = ( -0.0031  0.0050  0.5715 )  


     Atoms inside the unit cell: 

     Cartesian axes

     site n.  atom      mass           positions (alat units)
        1     B    1.0000   tau(    1) = (    0.05514    0.40780    0.70710  )
        2     B    1.0000   tau(    2) = (    0.26165    0.33338    1.58000  )
        3     B    1.0000   tau(    3) = (    0.56863    1.06900    1.01946  )
        4     B    1.0000   tau(    4) = (    0.35695    1.16471    0.14629  )
        5     B    1.0000   tau(    5) = (    0.12630    0.18988    0.51772  )
        6     B    1.0000   tau(    6) = (    0.20767    0.57197    1.41029  )
        7     Y    1.0000   tau(    7) = (    0.44646    1.39439    1.28160  )
        8     B    1.0000   tau(    8) = (    0.43163    0.94530    0.33338  )
        9     B    1.0000   tau(    9) = (   -0.08366    0.39462    0.46728  )
       10     B    1.0000   tau(   10) = (    0.40638    0.36150    1.34552  )
       11     B    1.0000   tau(   11) = (    0.71677    1.05834    1.26395  )
       12     B    1.0000   tau(   12) = (    0.22544    1.15185    0.39036  )
       13     B    1.0000   tau(   13) = (    0.76413    0.37076    0.72615  )
       14     B    1.0000   tau(   14) = (    0.55692    0.36677    1.59953  )
       15     B    1.0000   tau(   15) = (   -0.14276    1.12164    1.01094  )
       16     B    1.0000   tau(   16) = (    0.06198    1.12351    0.14392  )
       17     H    1.0000   tau(   17) = (    0.15011    0.57222    0.74108  )
       18     H    1.0000   tau(   18) = (    0.16006    0.16922    1.59650  )
       19     H    1.0000   tau(   19) = (    0.47804    0.90165    0.98004  )
       20     H    1.0000   tau(   20) = (    0.45518    1.32853    0.11430  )
       21     H    1.0000   tau(   21) = (    0.17891    0.24532    0.73238  )
       22     H    1.0000   tau(   22) = (    0.14432    0.49696    1.61899  )
       23     H    1.0000   tau(   23) = (    0.45369    1.22429    0.96726  )
       24     H    1.0000   tau(   24) = (    0.47550    0.99975    0.11437  )
       25     H    1.0000   tau(   25) = (    0.29162    0.21216    0.41851  )
       26     H    1.0000   tau(   26) = (    0.04423    0.56797    1.30718  )
       27     H    1.0000   tau(   27) = (    0.16567    1.31723    1.41281  )
       28     H    1.0000   tau(   28) = (    0.60116    0.96885    0.42432  )
       29     H    1.0000   tau(   29) = (   -0.31908    1.50817    0.54653  )
       30     H    1.0000   tau(   30) = (    0.27309    0.74352    1.47465  )
       31     H    1.0000   tau(   31) = (    0.88304    0.19265    1.19138  )
       32     H    1.0000   tau(   32) = (    0.37493    0.76349    0.29283  )
       33     H    1.0000   tau(   33) = (   -0.03935    0.22331    0.36243  )
       34     H    1.0000   tau(   34) = (    0.37369    0.54217    1.25403  )
       35     H    1.0000   tau(   35) = (    0.71834    1.20636    1.39865  )
       36     H    1.0000   tau(   36) = (    0.27314    0.98047    0.49398  )
       37     H    1.0000   tau(   37) = (   -0.07088    0.55077    0.35494  )
       38     H    1.0000   tau(   38) = (    0.38866    0.21474    1.22153  )
       39     H    1.0000   tau(   39) = (    0.70263    0.88660    1.35339  )
       40     H    1.0000   tau(   40) = (    0.24148    1.30695    0.50328  )
       41     H    1.0000   tau(   41) = (    0.72033    0.35501    0.50046  )
       42     H    1.0000   tau(   42) = (    0.60578    0.40233    1.37932  )
       43     H    1.0000   tau(   43) = (   -0.08034    1.04368    1.21210  )
       44     H    1.0000   tau(   44) = (    0.02838    1.09651    0.36816  )
       45     H    1.0000   tau(   45) = (    0.65372    0.51877    0.78491  )
       46     H    1.0000   tau(   46) = (    0.65750    0.20597    1.64520  )
       47     H    1.0000   tau(   47) = (   -0.00019    1.02214    0.92151  )
       48     H    1.0000   tau(   48) = (   -0.04350    1.27886    0.09681  )
       49     H    1.0000   tau(   49) = (    0.70511    0.18952    0.76681  )
       50     H    1.0000   tau(   50) = (    0.62705    0.53691    1.66266  )
       51     H    1.0000   tau(   51) = (   -0.12320    1.31628    1.00672  )
       52     H    1.0000   tau(   52) = (   -0.00505    0.94744    0.09472  )
       53     H    1.0000   tau(   53) = (   -0.06086    0.35299    0.86875  )
       54     H    1.0000   tau(   54) = (    0.37021    0.37831   -0.00380  )
       55     H    1.0000   tau(   55) = (    0.70596    1.07140    0.86237  )
       56     H    1.0000   tau(   56) = (    0.24110    1.10700    1.73879  )

     Computing dynamical matrix for 
                    q = (   0.0000000   0.0000000   0.0000000 )

      2 Sym.Ops. (with q -> -q+G )


     G cutoff = 1656.3566  ( 743695 G-vectors)     FFT grid: ( 81,128,144)
     G cutoff =  828.1783  ( 262937 G-vectors)  smooth grid: ( 60, 90,108)

     number of k points=    14  mp smearing, width (Ry)=  0.0100
                       cart. coord. in units 2pi/alat
        k(    1) = (   0.0000000   0.0000000   0.0000000), wk =   0.0740741
        k(    2) = (  -0.0010335   0.0016552   0.1904962), wk =   0.1481481
        k(    3) = (  -0.0032972   0.2214498   0.0019683), wk =   0.1481481
        k(    4) = (  -0.0043308   0.2231050   0.1924645), wk =   0.1481481
        k(    5) = (  -0.0022637   0.2197946  -0.1885280), wk =   0.1481481
        k(    6) = (   0.3321008   0.0861916  -0.0010161), wk =   0.1481481
        k(    7) = (   0.3310673   0.0878468   0.1894802), wk =   0.1481481
        k(    8) = (   0.3331344   0.0845363  -0.1915123), wk =   0.1481481
        k(    9) = (   0.3288036   0.3076414   0.0009522), wk =   0.1481481
        k(   10) = (   0.3277701   0.3092966   0.1914485), wk =   0.1481481
        k(   11) = (   0.3298372   0.3059862  -0.1895440), wk =   0.1481481
        k(   12) = (   0.3353981  -0.1352583  -0.0029844), wk =   0.1481481
        k(   13) = (   0.3343645  -0.1336031   0.1875119), wk =   0.1481481
        k(   14) = (   0.3364316  -0.1369135  -0.1934806), wk =   0.1481481

     PseudoPot. # 1 for B  read from file:
     C:/Users/Acer/Desktop/Quantum_Espresso/pseudo/\B.UPF
     MD5 check sum: 07a2b2e539a360f5bda43965cc3a01bd
     Pseudo is Projector augmented-wave + core cor, Zval =  3.0
     Generated using "atomic" code by A. Dal Corso v.5.1.2
     Shape of augmentation charge: PSQ
     Using radial grid of 1059 points,  4 beta functions with: 
                l(1) =   0
                l(2) =   0
                l(3) =   1
                l(4) =   1
     Q(r) pseudized with 0 coefficients 


     PseudoPot. # 2 for H  read from file:
     C:/Users/Acer/Desktop/Quantum_Espresso/pseudo/\H.UPF
     MD5 check sum: f872269930354f4c44a8fadb7eac41ed
     Pseudo is Projector augmented-wave, Zval =  1.0
     Generated using "atomic" code by A. Dal Corso v.5.1.2
     Shape of augmentation charge: PSQ
     Using radial grid of  929 points,  2 beta functions with: 
                l(1) =   0
                l(2) =   0
     Q(r) pseudized with 0 coefficients 


     PseudoPot. # 3 for Y  read from file:
     C:/Users/Acer/Desktop/Quantum_Espresso/pseudo/\Y.UPF
     MD5 check sum: 3b2d2de21dfc3047ddb0f22bc419bc04
     Pseudo is Ultrasoft + core correction, Zval = 11.0
     Generated by new atomic code, or converted to UPF format
     Using radial grid of  885 points,  6 beta functions with: 
                l(1) =   0
                l(2) =   0
                l(3) =   1
                l(4) =   1
                l(5) =   2
                l(6) =   2
     Q(r) pseudized with  6 coefficients,  rinner =    1.200   1.200   1.200
                                                       1.200   1.200

     Mode symmetry, C_1 (1)     point group:


     Atomic displacements:
     There are 168 irreducible representations

     Representation     1      1 modes -A  To be done

     Representation     2      1 modes -A  To be done

     Representation     3      1 modes -A  To be done

     Representation     4      1 modes -A  To be done

     Representation     5      1 modes -A  To be done

     Representation     6      1 modes -A  To be done

     Representation     7      1 modes -A  To be done

     Representation     8      1 modes -A  To be done

     Representation     9      1 modes -A  To be done

     Representation    10      1 modes -A  To be done

     Representation    11      1 modes -A  To be done

     Representation    12      1 modes -A  To be done

     Representation    13      1 modes -A  To be done

     Representation    14      1 modes -A  To be done

     Representation    15      1 modes -A  To be done

     Representation    16      1 modes -A  To be done

     Representation    17      1 modes -A  To be done

     Representation    18      1 modes -A  To be done

     Representation    19      1 modes -A  To be done

     Representation    20      1 modes -A  To be done

     Representation    21      1 modes -A  To be done

     Representation    22      1 modes -A  To be done

     Representation    23      1 modes -A  To be done

     Representation    24      1 modes -A  To be done

     Representation    25      1 modes -A  To be done

     Representation    26      1 modes -A  To be done

     Representation    27      1 modes -A  To be done

     Representation    28      1 modes -A  To be done

     Representation    29      1 modes -A  To be done

     Representation    30      1 modes -A  To be done

     Representation    31      1 modes -A  To be done

     Representation    32      1 modes -A  To be done

     Representation    33      1 modes -A  To be done

     Representation    34      1 modes -A  To be done

     Representation    35      1 modes -A  To be done

     Representation    36      1 modes -A  To be done

     Representation    37      1 modes -A  To be done

     Representation    38      1 modes -A  To be done

     Representation    39      1 modes -A  To be done

     Representation    40      1 modes -A  To be done

     Representation    41      1 modes -A  To be done

     Representation    42      1 modes -A  To be done

     Representation    43      1 modes -A  To be done

     Representation    44      1 modes -A  To be done

     Representation    45      1 modes -A  To be done

     Representation    46      1 modes -A  To be done

     Representation    47      1 modes -A  To be done

     Representation    48      1 modes -A  To be done

     Representation    49      1 modes -A  To be done

     Representation    50      1 modes -A  To be done

     Representation    51      1 modes -A  To be done

     Representation    52      1 modes -A  To be done

     Representation    53      1 modes -A  To be done

     Representation    54      1 modes -A  To be done

     Representation    55      1 modes -A  To be done

     Representation    56      1 modes -A  To be done

     Representation    57      1 modes -A  To be done

     Representation    58      1 modes -A  To be done

     Representation    59      1 modes -A  To be done

     Representation    60      1 modes -A  To be done

     Representation    61      1 modes -A  To be done

     Representation    62      1 modes -A  To be done

     Representation    63      1 modes -A  To be done

     Representation    64      1 modes -A  To be done

     Representation    65      1 modes -A  To be done

     Representation    66      1 modes -A  To be done

     Representation    67      1 modes -A  To be done

     Representation    68      1 modes -A  To be done

     Representation    69      1 modes -A  To be done

     Representation    70      1 modes -A  To be done

     Representation    71      1 modes -A  To be done

     Representation    72      1 modes -A  To be done

     Representation    73      1 modes -A  To be done

     Representation    74      1 modes -A  To be done

     Representation    75      1 modes -A  To be done

     Representation    76      1 modes -A  To be done

     Representation    77      1 modes -A  To be done

     Representation    78      1 modes -A  To be done

     Representation    79      1 modes -A  To be done

     Representation    80      1 modes -A  To be done

     Representation    81      1 modes -A  To be done

     Representation    82      1 modes -A  To be done

     Representation    83      1 modes -A  To be done

     Representation    84      1 modes -A  To be done

     Representation    85      1 modes -A  To be done

     Representation    86      1 modes -A  To be done

     Representation    87      1 modes -A  To be done

     Representation    88      1 modes -A  To be done

     Representation    89      1 modes -A  To be done

     Representation    90      1 modes -A  To be done

     Representation    91      1 modes -A  To be done

     Representation    92      1 modes -A  To be done

     Representation    93      1 modes -A  To be done

     Representation    94      1 modes -A  To be done

     Representation    95      1 modes -A  To be done

     Representation    96      1 modes -A  To be done

     Representation    97      1 modes -A  To be done

     Representation    98      1 modes -A  To be done

     Representation    99      1 modes -A  To be done

     Representation   100      1 modes -A  To be done

     Representation   101      1 modes -A  To be done

     Representation   102      1 modes -A  To be done

     Representation   103      1 modes -A  To be done

     Representation   104      1 modes -A  To be done

     Representation   105      1 modes -A  To be done

     Representation   106      1 modes -A  To be done

     Representation   107      1 modes -A  To be done

     Representation   108      1 modes -A  To be done

     Representation   109      1 modes -A  To be done

     Representation   110      1 modes -A  To be done

     Representation   111      1 modes -A  To be done

     Representation   112      1 modes -A  To be done

     Representation   113      1 modes -A  To be done

     Representation   114      1 modes -A  To be done

     Representation   115      1 modes -A  To be done

     Representation   116      1 modes -A  To be done

     Representation   117      1 modes -A  To be done

     Representation   118      1 modes -A  To be done

     Representation   119      1 modes -A  To be done

     Representation   120      1 modes -A  To be done

     Representation   121      1 modes -A  To be done

     Representation   122      1 modes -A  To be done

     Representation   123      1 modes -A  To be done

     Representation   124      1 modes -A  To be done

     Representation   125      1 modes -A  To be done

     Representation   126      1 modes -A  To be done

     Representation   127      1 modes -A  To be done

     Representation   128      1 modes -A  To be done

     Representation   129      1 modes -A  To be done

     Representation   130      1 modes -A  To be done

     Representation   131      1 modes -A  To be done

     Representation   132      1 modes -A  To be done

     Representation   133      1 modes -A  To be done

     Representation   134      1 modes -A  To be done

     Representation   135      1 modes -A  To be done

     Representation   136      1 modes -A  To be done

     Representation   137      1 modes -A  To be done

     Representation   138      1 modes -A  To be done

     Representation   139      1 modes -A  To be done

     Representation   140      1 modes -A  To be done

     Representation   141      1 modes -A  To be done

     Representation   142      1 modes -A  To be done

     Representation   143      1 modes -A  To be done

     Representation   144      1 modes -A  To be done

     Representation   145      1 modes -A  To be done

     Representation   146      1 modes -A  To be done

     Representation   147      1 modes -A  To be done

     Representation   148      1 modes -A  To be done

     Representation   149      1 modes -A  To be done

     Representation   150      1 modes -A  To be done

     Representation   151      1 modes -A  To be done

     Representation   152      1 modes -A  To be done

     Representation   153      1 modes -A  To be done

     Representation   154      1 modes -A  To be done

     Representation   155      1 modes -A  To be done

     Representation   156      1 modes -A  To be done

     Representation   157      1 modes -A  To be done

     Representation   158      1 modes -A  To be done

     Representation   159      1 modes -A  To be done

     Representation   160      1 modes -A  To be done

     Representation   161      1 modes -A  To be done

     Representation   162      1 modes -A  To be done

     Representation   163      1 modes -A  To be done

     Representation   164      1 modes -A  To be done

     Representation   165      1 modes -A  To be done

     Representation   166      1 modes -A  To be done

     Representation   167      1 modes -A  To be done

     Representation   168      1 modes -A  To be done



     Alpha used in Ewald sum =   2.8000

     negative rho (up, down):  4.394E-02 0.000E+00
     PHONON       :      6h24m CPU      1h15m WALL



     Representation #  1 mode #   1

     Self-consistent Calculation

     Pert. #  1: Fermi energy shift (Ry) =     5.3188E-03     0.0000E+00

      iter #   1 total cpu time :  4601.1 secs   av.it.:   3.6
      thresh= 1.000E-02 alpha_mix =  0.700 |ddv_scf|^2 =  6.241E-09

     Pert. #  1: Fermi energy shift (Ry) =     1.6093E-02     0.0000E+00

      iter #   2 total cpu time :  4836.5 secs   av.it.:  14.8
      thresh= 7.900E-06 alpha_mix =  0.700 |ddv_scf|^2 =  3.131E-09

     Pert. #  1: Fermi energy shift (Ry) =    -3.3371E-03     0.0000E+00

      iter #   3 total cpu time :  5069.8 secs   av.it.:  14.0
      thresh= 5.596E-06 alpha_mix =  0.700 |ddv_scf|^2 =  5.958E-11

     Pert. #  1: Fermi energy shift (Ry) =     6.6412E-03     0.0000E+00

      iter #   4 total cpu time :  5316.1 secs   av.it.:  15.0
      thresh= 7.718E-07 alpha_mix =  0.700 |ddv_scf|^2 =  8.143E-12

     Pert. #  1: Fermi energy shift (Ry) =     2.4884E-03     0.0000E+00

      iter #   5 total cpu time :  5566.2 secs   av.it.:  15.3
      thresh= 2.854E-07 alpha_mix =  0.700 |ddv_scf|^2 =  1.321E-12

     Pert. #  1: Fermi energy shift (Ry) =     3.6257E-03     0.0000E+00

      iter #   6 total cpu time :  5814.3 secs   av.it.:  15.0
      thresh= 1.149E-07 alpha_mix =  0.700 |ddv_scf|^2 =  5.888E-14

     End of self-consistent calculation

     Convergence has been achieved 


     Representation #  2 mode #   2

     Self-consistent Calculation

     Pert. #  1: Fermi energy shift (Ry) =     2.1281E-02     1.0588E-22

      iter #   1 total cpu time :  5933.6 secs   av.it.:   3.9
      thresh= 1.000E-02 alpha_mix =  0.700 |ddv_scf|^2 =  9.961E-09

     Pert. #  1: Fermi energy shift (Ry) =    -3.1141E-02     6.6174E-24

      iter #   2 total cpu time :  6170.7 secs   av.it.:  14.8
      thresh= 9.981E-06 alpha_mix =  0.700 |ddv_scf|^2 =  6.158E-09

     Pert. #  1: Fermi energy shift (Ry) =     1.2740E-02     6.6174E-24

      iter #   3 total cpu time :  6402.6 secs   av.it.:  14.0
      thresh= 7.847E-06 alpha_mix =  0.700 |ddv_scf|^2 =  9.442E-11

     Pert. #  1: Fermi energy shift (Ry) =    -3.2611E-03     1.6544E-24

      iter #   4 total cpu time :  6655.3 secs   av.it.:  16.0
      thresh= 9.717E-07 alpha_mix =  0.700 |ddv_scf|^2 =  8.267E-12

     Pert. #  1: Fermi energy shift (Ry) =     1.5616E-03     3.3087E-24

      iter #   5 total cpu time :  6909.5 secs   av.it.:  16.0
      thresh= 2.875E-07 alpha_mix =  0.700 |ddv_scf|^2 =  7.321E-13

     End of self-consistent calculation

     Convergence has been achieved 


     Representation #  3 mode #   3

     Self-consistent Calculation

     Pert. #  1: Fermi energy shift (Ry) =    -3.5005E-02     1.6941E-21

      iter #   1 total cpu time :  7031.4 secs   av.it.:   4.0
      thresh= 1.000E-02 alpha_mix =  0.700 |ddv_scf|^2 =  1.665E-08

     Pert. #  1: Fermi energy shift (Ry) =     3.8727E-02    -3.3087E-24

      iter #   2 total cpu time :  7273.4 secs   av.it.:  15.0
      thresh= 1.290E-05 alpha_mix =  0.700 |ddv_scf|^2 =  1.665E-08

     Pert. #  1: Fermi energy shift (Ry) =     4.3697E-03     3.3087E-24

      iter #   3 total cpu time :  7505.3 secs   av.it.:  14.0
      thresh= 1.290E-05 alpha_mix =  0.700 |ddv_scf|^2 =  1.435E-10

     Pert. #  1: Fermi energy shift (Ry) =     1.3912E-03    -3.3087E-24

      iter #   4 total cpu time :  7748.5 secs   av.it.:  15.0
      thresh= 1.198E-06 alpha_mix =  0.700 |ddv_scf|^2 =  1.308E-11

     Pert. #  1: Fermi energy shift (Ry) =     3.3105E-03    -3.3087E-24

      iter #   5 total cpu time :  7989.0 secs   av.it.:  15.0
      thresh= 3.617E-07 alpha_mix =  0.700 |ddv_scf|^2 =  1.118E-12

     Pert. #  1: Fermi energy shift (Ry) =     2.0347E-03    -3.3087E-24

      iter #   6 total cpu time :  8241.7 secs   av.it.:  16.0
      thresh= 1.057E-07 alpha_mix =  0.700 |ddv_scf|^2 =  2.205E-13

     End of self-consistent calculation

     Convergence has been achieved 


     Representation #  4 mode #   4

     Self-consistent Calculation

     Pert. #  1: Fermi energy shift (Ry) =     1.0450E-02     0.0000E+00

      iter #   1 total cpu time :  8363.8 secs   av.it.:   4.0
      thresh= 1.000E-02 alpha_mix =  0.700 |ddv_scf|^2 =  6.245E-09

     Pert. #  1: Fermi energy shift (Ry) =    -2.1135E-04     0.0000E+00

      iter #   2 total cpu time :  8600.5 secs   av.it.:  15.0
      thresh= 7.903E-06 alpha_mix =  0.700 |ddv_scf|^2 =  3.165E-09

     Pert. #  1: Fermi energy shift (Ry) =     1.4660E-03     0.0000E+00

      iter #   3 total cpu time :  8831.6 secs   av.it.:  14.3
      thresh= 5.626E-06 alpha_mix =  0.700 |ddv_scf|^2 =  5.056E-11

     Pert. #  1: Fermi energy shift (Ry) =     3.1922E-03     0.0000E+00

      iter #   4 total cpu time :  9072.2 secs   av.it.:  15.0
      thresh= 7.110E-07 alpha_mix =  0.700 |ddv_scf|^2 =  5.166E-12

     Pert. #  1: Fermi energy shift (Ry) =     1.3571E-03     0.0000E+00

      iter #   5 total cpu time :  9321.8 secs   av.it.:  15.4
      thresh= 2.273E-07 alpha_mix =  0.700 |ddv_scf|^2 =  1.075E-12

     Pert. #  1: Fermi energy shift (Ry) =     2.3367E-03     0.0000E+00

      iter #   6 total cpu time :  9569.1 secs   av.it.:  15.0
      thresh= 1.037E-07 alpha_mix =  0.700 |ddv_scf|^2 =  3.741E-14

     End of self-consistent calculation

     Convergence has been achieved 


     Representation #  5 mode #   5

     Self-consistent Calculation

     Pert. #  1: Fermi energy shift (Ry) =     5.8696E-02     1.6941E-21

      iter #   1 total cpu time :  9693.5 secs   av.it.:   4.0
      thresh= 1.000E-02 alpha_mix =  0.700 |ddv_scf|^2 =  1.026E-08

     Pert. #  1: Fermi energy shift (Ry) =    -6.6026E-02     6.6174E-24

      iter #   2 total cpu time :  9939.6 secs   av.it.:  15.0
      thresh= 1.013E-05 alpha_mix =  0.700 |ddv_scf|^2 =  6.902E-09

     Pert. #  1: Fermi energy shift (Ry) =     1.0016E-02     3.3087E-24

      iter #   3 total cpu time : 10178.2 secs   av.it.:  14.9
      thresh= 8.308E-06 alpha_mix =  0.700 |ddv_scf|^2 =  9.246E-11

     Pert. #  1: Fermi energy shift (Ry) =    -1.7802E-03     6.6174E-24

      iter #   4 total cpu time : 10430.1 secs   av.it.:  15.9
      thresh= 9.615E-07 alpha_mix =  0.700 |ddv_scf|^2 =  7.624E-12

     Pert. #  1: Fermi energy shift (Ry) =     1.2895E-03     6.6174E-24

      iter #   5 total cpu time : 10684.5 secs   av.it.:  16.0
      thresh= 2.761E-07 alpha_mix =  0.700 |ddv_scf|^2 =  7.283E-13

     End of self-consistent calculation

     Convergence has been achieved 


     Representation #  6 mode #   6

     Self-consistent Calculation

     Pert. #  1: Fermi energy shift (Ry) =     4.3308E-02    -3.3881E-21

      iter #   1 total cpu time : 10809.7 secs   av.it.:   4.0
      thresh= 1.000E-02 alpha_mix =  0.700 |ddv_scf|^2 =  1.691E-08

     Pert. #  1: Fermi energy shift (Ry) =    -4.1395E-02     1.3235E-23

      iter #   2 total cpu time : 11054.2 secs   av.it.:  15.0
      thresh= 1.300E-05 alpha_mix =  0.700 |ddv_scf|^2 =  1.747E-08

     Pert. #  1: Fermi energy shift (Ry) =    -6.1256E-03    -2.0680E-25

      iter #   3 total cpu time : 11285.5 secs   av.it.:  14.0
      thresh= 1.322E-05 alpha_mix =  0.700 |ddv_scf|^2 =  1.371E-10

     Pert. #  1: Fermi energy shift (Ry) =    -2.4476E-04    -6.6174E-24

      iter #   4 total cpu time : 11534.1 secs   av.it.:  15.1
      thresh= 1.171E-06 alpha_mix =  0.700 |ddv_scf|^2 =  1.534E-11

     Pert. #  1: Fermi energy shift (Ry) =    -1.7494E-03    -6.6174E-24

      iter #   5 total cpu time : 11779.0 secs   av.it.:  15.0
      thresh= 3.917E-07 alpha_mix =  0.700 |ddv_scf|^2 =  1.122E-12

     Pert. #  1: Fermi energy shift (Ry) =    -7.2034E-04    -6.6174E-24

      iter #   6 total cpu time : 12030.1 secs   av.it.:  15.9
      thresh= 1.059E-07 alpha_mix =  0.700 |ddv_scf|^2 =  1.917E-13

     End of self-consistent calculation

     Convergence has been achieved 


     Representation #  7 mode #   7

     Self-consistent Calculation

     Pert. #  1: Fermi energy shift (Ry) =    -9.7858E-03     0.0000E+00

      iter #   1 total cpu time : 12150.0 secs   av.it.:   3.9
      thresh= 1.000E-02 alpha_mix =  0.700 |ddv_scf|^2 =  6.227E-09

     Pert. #  1: Fermi energy shift (Ry) =    -5.2428E-02     0.0000E+00

      iter #   2 total cpu time : 12395.8 secs   av.it.:  15.0
      thresh= 7.891E-06 alpha_mix =  0.700 |ddv_scf|^2 =  3.539E-09

     Pert. #  1: Fermi energy shift (Ry) =    -8.7266E-03     0.0000E+00

      iter #   3 total cpu time : 12637.7 secs   av.it.:  15.0
      thresh= 5.949E-06 alpha_mix =  0.700 |ddv_scf|^2 =  9.147E-11

     Pert. #  1: Fermi energy shift (Ry) =    -2.4461E-02     0.0000E+00

      iter #   4 total cpu time : 12887.7 secs   av.it.:  15.2
      thresh= 9.564E-07 alpha_mix =  0.700 |ddv_scf|^2 =  1.132E-11

     Pert. #  1: Fermi energy shift (Ry) =    -2.0375E-02     0.0000E+00

      iter #   5 total cpu time : 13134.6 secs   av.it.:  15.0
      thresh= 3.364E-07 alpha_mix =  0.700 |ddv_scf|^2 =  1.290E-12

     Pert. #  1: Fermi energy shift (Ry) =    -2.0246E-02     0.0000E+00

      iter #   6 total cpu time : 13379.1 secs   av.it.:  15.0
      thresh= 1.136E-07 alpha_mix =  0.700 |ddv_scf|^2 =  8.575E-14

     End of self-consistent calculation

     Convergence has been achieved 


     Representation #  8 mode #   8

     Self-consistent Calculation

     Pert. #  1: Fermi energy shift (Ry) =    -9.9442E-02     3.3881E-21

      iter #   1 total cpu time : 13502.3 secs   av.it.:   4.0
      thresh= 1.000E-02 alpha_mix =  0.700 |ddv_scf|^2 =  1.084E-08

     Pert. #  1: Fermi energy shift (Ry) =     1.3259E-01     6.6174E-24

      iter #   2 total cpu time : 13752.1 secs   av.it.:  15.3
      thresh= 1.041E-05 alpha_mix =  0.700 |ddv_scf|^2 =  7.890E-09

     Pert. #  1: Fermi energy shift (Ry) =    -2.8093E-03     6.6174E-24

      iter #   3 total cpu time : 13995.7 secs   av.it.:  15.0
      thresh= 8.882E-06 alpha_mix =  0.700 |ddv_scf|^2 =  9.504E-11

     Pert. #  1: Fermi energy shift (Ry) =     1.1350E-02     6.6174E-24

      iter #   4 total cpu time : 14247.8 secs   av.it.:  16.0
      thresh= 9.749E-07 alpha_mix =  0.700 |ddv_scf|^2 =  8.246E-12

     Pert. #  1: Fermi energy shift (Ry) =     1.0062E-02     6.6174E-24

      iter #   5 total cpu time : 14494.0 secs   av.it.:  15.0
      thresh= 2.872E-07 alpha_mix =  0.700 |ddv_scf|^2 =  1.307E-12

     Pert. #  1: Fermi energy shift (Ry) =     8.9569E-03     6.6174E-24

      iter #   6 total cpu time : 14740.4 secs   av.it.:  15.0
      thresh= 1.143E-07 alpha_mix =  0.700 |ddv_scf|^2 =  1.210E-13

     End of self-consistent calculation

     Convergence has been achieved 


     Representation #  9 mode #   9

     Self-consistent Calculation

     Pert. #  1: Fermi energy shift (Ry) =    -1.1073E-01    -8.4703E-22

      iter #   1 total cpu time : 14864.0 secs   av.it.:   4.0
      thresh= 1.000E-02 alpha_mix =  0.700 |ddv_scf|^2 =  1.649E-08

     Pert. #  1: Fermi energy shift (Ry) =     1.3101E-01     2.6470E-23

      iter #   2 total cpu time : 15114.5 secs   av.it.:  15.1
      thresh= 1.284E-05 alpha_mix =  0.700 |ddv_scf|^2 =  1.629E-08

     Pert. #  1: Fermi energy shift (Ry) =    -3.6670E-03     1.3235E-23

      iter #   3 total cpu time : 15354.0 secs   av.it.:  14.9
      thresh= 1.276E-05 alpha_mix =  0.700 |ddv_scf|^2 =  1.112E-10

     Pert. #  1: Fermi energy shift (Ry) =    -4.1247E-03     1.3235E-23

      iter #   4 total cpu time : 15597.8 secs   av.it.:  15.0
      thresh= 1.054E-06 alpha_mix =  0.700 |ddv_scf|^2 =  1.577E-11

     Pert. #  1: Fermi energy shift (Ry) =    -1.7942E-03     1.3235E-23

      iter #   5 total cpu time : 15842.3 secs   av.it.:  15.0
      thresh= 3.971E-07 alpha_mix =  0.700 |ddv_scf|^2 =  1.399E-12

     Pert. #  1: Fermi energy shift (Ry) =    -2.7158E-03     1.3235E-23

      iter #   6 total cpu time : 16087.8 secs   av.it.:  15.0
      thresh= 1.183E-07 alpha_mix =  0.700 |ddv_scf|^2 =  1.336E-13

     End of self-consistent calculation

     Convergence has been achieved 


     Representation # 10 mode #  10

     Self-consistent Calculation

     Pert. #  1: Fermi energy shift (Ry) =    -1.3568E-02     0.0000E+00

      iter #   1 total cpu time : 16209.3 secs   av.it.:   4.0
      thresh= 1.000E-02 alpha_mix =  0.700 |ddv_scf|^2 =  6.227E-09

     Pert. #  1: Fermi energy shift (Ry) =     1.4428E-02     0.0000E+00

      iter #   2 total cpu time : 16447.2 secs   av.it.:  15.0
      thresh= 7.891E-06 alpha_mix =  0.700 |ddv_scf|^2 =  3.040E-09

     Pert. #  1: Fermi energy shift (Ry) =    -8.1224E-05     0.0000E+00

      iter #   3 total cpu time : 16677.2 secs   av.it.:  14.0
      thresh= 5.514E-06 alpha_mix =  0.700 |ddv_scf|^2 =  4.871E-11

     Pert. #  1: Fermi energy shift (Ry) =     1.9043E-03     0.0000E+00

      iter #   4 total cpu time : 16916.4 secs   av.it.:  15.0
      thresh= 6.979E-07 alpha_mix =  0.700 |ddv_scf|^2 =  5.290E-12

     Pert. #  1: Fermi energy shift (Ry) =     2.3969E-03     0.0000E+00

      iter #   5 total cpu time : 17159.2 secs   av.it.:  15.0
      thresh= 2.300E-07 alpha_mix =  0.700 |ddv_scf|^2 =  1.186E-12

     Pert. #  1: Fermi energy shift (Ry) =     1.6267E-03     0.0000E+00

      iter #   6 total cpu time : 17403.6 secs   av.it.:  15.0
      thresh= 1.089E-07 alpha_mix =  0.700 |ddv_scf|^2 =  5.701E-14

     End of self-consistent calculation

     Convergence has been achieved 


     Representation # 11 mode #  11

     Self-consistent Calculation

     Pert. #  1: Fermi energy shift (Ry) =    -3.5521E-02     4.2352E-22

      iter #   1 total cpu time : 17526.8 secs   av.it.:   4.0
      thresh= 1.000E-02 alpha_mix =  0.700 |ddv_scf|^2 =  1.009E-08

     Pert. #  1: Fermi energy shift (Ry) =     2.9638E-02    -6.6174E-24

      iter #   2 total cpu time : 17766.8 secs   av.it.:  15.0
      thresh= 1.004E-05 alpha_mix =  0.700 |ddv_scf|^2 =  6.350E-09

     Pert. #  1: Fermi energy shift (Ry) =    -9.3350E-03    -1.3235E-23

      iter #   3 total cpu time : 18000.2 secs   av.it.:  14.0
      thresh= 7.969E-06 alpha_mix =  0.700 |ddv_scf|^2 =  8.932E-11

     Pert. #  1: Fermi energy shift (Ry) =     8.1385E-04    -6.6174E-24

      iter #   4 total cpu time : 18251.0 secs   av.it.:  16.0
      thresh= 9.451E-07 alpha_mix =  0.700 |ddv_scf|^2 =  8.060E-12

     Pert. #  1: Fermi energy shift (Ry) =    -2.6878E-03    -6.6174E-24

      iter #   5 total cpu time : 18504.9 secs   av.it.:  16.0
      thresh= 2.839E-07 alpha_mix =  0.700 |ddv_scf|^2 =  7.909E-13

     End of self-consistent calculation

     Convergence has been achieved 


     Representation # 12 mode #  12

     Self-consistent Calculation

     Pert. #  1: Fermi energy shift (Ry) =     6.3102E-02    -1.0588E-22

      iter #   1 total cpu time : 18630.9 secs   av.it.:   4.0
      thresh= 1.000E-02 alpha_mix =  0.700 |ddv_scf|^2 =  1.743E-08

     Pert. #  1: Fermi energy shift (Ry) =    -7.4619E-02    -1.3235E-23

      iter #   2 total cpu time : 18878.4 secs   av.it.:  15.1
      thresh= 1.320E-05 alpha_mix =  0.700 |ddv_scf|^2 =  1.811E-08

     Pert. #  1: Fermi energy shift (Ry) =    -4.4834E-03    -6.6174E-24

      iter #   3 total cpu time : 19112.8 secs   av.it.:  14.0
      thresh= 1.346E-05 alpha_mix =  0.700 |ddv_scf|^2 =  1.337E-10

     Pert. #  1: Fermi energy shift (Ry) =    -6.6998E-03    -1.3235E-23

      iter #   4 total cpu time : 19359.0 secs   av.it.:  15.0
      thresh= 1.156E-06 alpha_mix =  0.700 |ddv_scf|^2 =  1.333E-11

     Pert. #  1: Fermi energy shift (Ry) =    -5.7151E-03    -1.3235E-23

      iter #   5 total cpu time : 19598.7 secs   av.it.:  15.0
      thresh= 3.651E-07 alpha_mix =  0.700 |ddv_scf|^2 =  1.190E-12

     Pert. #  1: Fermi energy shift (Ry) =    -5.4988E-03    -1.3235E-23

      iter #   6 total cpu time : 19844.6 secs   av.it.:  15.1
      thresh= 1.091E-07 alpha_mix =  0.700 |ddv_scf|^2 =  2.091E-13

     End of self-consistent calculation

     Convergence has been achieved 


     Representation # 13 mode #  13

     Self-consistent Calculation

     Pert. #  1: Fermi energy shift (Ry) =     4.1325E-03     0.0000E+00

      iter #   1 total cpu time : 19959.1 secs   av.it.:   3.0
      thresh= 1.000E-02 alpha_mix =  0.700 |ddv_scf|^2 =  4.196E-09

     Pert. #  1: Fermi energy shift (Ry) =     3.5682E-03     0.0000E+00

      iter #   2 total cpu time : 20182.2 secs   av.it.:  14.0
      thresh= 6.477E-06 alpha_mix =  0.700 |ddv_scf|^2 =  1.298E-09

     Pert. #  1: Fermi energy shift (Ry) =    -1.1219E-03     0.0000E+00

      iter #   3 total cpu time : 20412.3 secs   av.it.:  14.0
      thresh= 3.603E-06 alpha_mix =  0.700 |ddv_scf|^2 =  6.753E-11

     Pert. #  1: Fermi energy shift (Ry) =     9.5360E-04     0.0000E+00

      iter #   4 total cpu time : 20648.8 secs   av.it.:  14.9
      thresh= 8.218E-07 alpha_mix =  0.700 |ddv_scf|^2 =  7.005E-12

     Pert. #  1: Fermi energy shift (Ry) =     8.4275E-04     0.0000E+00

      iter #   5 total cpu time : 20887.2 secs   av.it.:  15.0
      thresh= 2.647E-07 alpha_mix =  0.700 |ddv_scf|^2 =  1.377E-12

     Pert. #  1: Fermi energy shift (Ry) =     5.9087E-04     0.0000E+00

      iter #   6 total cpu time : 21126.8 secs   av.it.:  15.0
      thresh= 1.173E-07 alpha_mix =  0.700 |ddv_scf|^2 =  7.772E-14

     End of self-consistent calculation

     Convergence has been achieved 


     Representation # 14 mode #  14

     Self-consistent Calculation

     Pert. #  1: Fermi energy shift (Ry) =     2.1586E-02     1.6941E-21

      iter #   1 total cpu time : 21245.4 secs   av.it.:   3.2
      thresh= 1.000E-02 alpha_mix =  0.700 |ddv_scf|^2 =  9.002E-09

     Pert. #  1: Fermi energy shift (Ry) =    -3.5403E-02     8.2718E-25

      iter #   2 total cpu time : 21480.7 secs   av.it.:  14.9
      thresh= 9.488E-06 alpha_mix =  0.700 |ddv_scf|^2 =  5.262E-09

     Pert. #  1: Fermi energy shift (Ry) =     7.8163E-03     8.2718E-25

      iter #   3 total cpu time : 21716.5 secs   av.it.:  14.1
      thresh= 7.254E-06 alpha_mix =  0.700 |ddv_scf|^2 =  9.307E-11

     Pert. #  1: Fermi energy shift (Ry) =    -3.4340E-03     3.3087E-24

      iter #   4 total cpu time : 21964.3 secs   av.it.:  15.1
      thresh= 9.647E-07 alpha_mix =  0.700 |ddv_scf|^2 =  9.014E-12

     Pert. #  1: Fermi energy shift (Ry) =    -5.2289E-04     1.6544E-24

      iter #   5 total cpu time : 22214.7 secs   av.it.:  15.9
      thresh= 3.002E-07 alpha_mix =  0.700 |ddv_scf|^2 =  1.029E-12

     Pert. #  1: Fermi energy shift (Ry) =    -9.4848E-04     1.6544E-24

      iter #   6 total cpu time : 22462.8 secs   av.it.:  15.0
      thresh= 1.014E-07 alpha_mix =  0.700 |ddv_scf|^2 =  7.434E-14

     End of self-consistent calculation

     Convergence has been achieved 


     Representation # 15 mode #  15

     Self-consistent Calculation

     Pert. #  1: Fermi energy shift (Ry) =    -1.7480E-02     1.3235E-23

      iter #   1 total cpu time : 22580.8 secs   av.it.:   3.1
      thresh= 1.000E-02 alpha_mix =  0.700 |ddv_scf|^2 =  1.107E-08

     Pert. #  1: Fermi energy shift (Ry) =     9.0858E-03     1.6544E-24

      iter #   2 total cpu time : 22820.9 secs   av.it.:  15.0
      thresh= 1.052E-05 alpha_mix =  0.700 |ddv_scf|^2 =  9.706E-09

     Pert. #  1: Fermi energy shift (Ry) =    -9.3167E-04     6.6174E-24

      iter #   3 total cpu time : 23052.0 secs   av.it.:  14.0
      thresh= 9.852E-06 alpha_mix =  0.700 |ddv_scf|^2 =  1.276E-10

     Pert. #  1: Fermi energy shift (Ry) =    -3.5601E-03     1.3235E-23

      iter #   4 total cpu time : 23295.1 secs   av.it.:  15.0
      thresh= 1.130E-06 alpha_mix =  0.700 |ddv_scf|^2 =  8.151E-12

     Pert. #  1: Fermi energy shift (Ry) =    -7.0254E-04     1.3235E-23

      iter #   5 total cpu time : 23546.3 secs   av.it.:  16.0
      thresh= 2.855E-07 alpha_mix =  0.700 |ddv_scf|^2 =  1.451E-12

     Pert. #  1: Fermi energy shift (Ry) =    -2.4107E-03     1.3235E-23

      iter #   6 total cpu time : 23796.6 secs   av.it.:  15.9
      thresh= 1.205E-07 alpha_mix =  0.700 |ddv_scf|^2 =  1.002E-13

     End of self-consistent calculation

     Convergence has been achieved 


     Representation # 16 mode #  16

     Self-consistent Calculation

     Pert. #  1: Fermi energy shift (Ry) =    -7.6393E-05     0.0000E+00

      iter #   1 total cpu time : 23914.0 secs   av.it.:   3.1
      thresh= 1.000E-02 alpha_mix =  0.700 |ddv_scf|^2 =  4.225E-09

     Pert. #  1: Fermi energy shift (Ry) =    -7.2630E-03     0.0000E+00

      iter #   2 total cpu time : 24153.3 secs   av.it.:  15.0
      thresh= 6.500E-06 alpha_mix =  0.700 |ddv_scf|^2 =  1.272E-09

     Pert. #  1: Fermi energy shift (Ry) =    -8.2630E-04     0.0000E+00

      iter #   3 total cpu time : 24391.4 secs   av.it.:  15.0
      thresh= 3.567E-06 alpha_mix =  0.700 |ddv_scf|^2 =  6.970E-11

     Pert. #  1: Fermi energy shift (Ry) =    -2.3979E-03     0.0000E+00

      iter #   4 total cpu time : 24626.9 secs   av.it.:  14.9
      thresh= 8.349E-07 alpha_mix =  0.700 |ddv_scf|^2 =  5.659E-12

     Pert. #  1: Fermi energy shift (Ry) =    -2.0858E-03     0.0000E+00

      iter #   5 total cpu time : 24867.1 secs   av.it.:  15.0
      thresh= 2.379E-07 alpha_mix =  0.700 |ddv_scf|^2 =  1.320E-12

     Pert. #  1: Fermi energy shift (Ry) =    -2.4007E-03     0.0000E+00

      iter #   6 total cpu time : 25111.8 secs   av.it.:  15.0
      thresh= 1.149E-07 alpha_mix =  0.700 |ddv_scf|^2 =  8.491E-14

     End of self-consistent calculation

     Convergence has been achieved 


     Representation # 17 mode #  17

     Self-consistent Calculation

     Pert. #  1: Fermi energy shift (Ry) =     1.1805E-02    -1.6941E-21

      iter #   1 total cpu time : 25234.7 secs   av.it.:   4.0
      thresh= 1.000E-02 alpha_mix =  0.700 |ddv_scf|^2 =  9.357E-09

     Pert. #  1: Fermi energy shift (Ry) =    -1.4305E-02    -6.6174E-24

      iter #   2 total cpu time : 25479.5 secs   av.it.:  15.0
      thresh= 9.673E-06 alpha_mix =  0.700 |ddv_scf|^2 =  6.051E-09

     Pert. #  1: Fermi energy shift (Ry) =     1.2966E-03     8.2718E-25

      iter #   3 total cpu time : 25717.4 secs   av.it.:  15.0
      thresh= 7.779E-06 alpha_mix =  0.700 |ddv_scf|^2 =  9.205E-11

     Pert. #  1: Fermi energy shift (Ry) =    -2.4263E-03     8.2718E-25

      iter #   4 total cpu time : 25961.1 secs   av.it.:  15.0
      thresh= 9.594E-07 alpha_mix =  0.700 |ddv_scf|^2 =  1.365E-11

     Pert. #  1: Fermi energy shift (Ry) =    -1.3967E-03     4.1359E-25

      iter #   5 total cpu time : 26204.1 secs   av.it.:  15.0
      thresh= 3.695E-07 alpha_mix =  0.700 |ddv_scf|^2 =  9.670E-13

     End of self-consistent calculation

     Convergence has been achieved 


     Representation # 18 mode #  18

     Self-consistent Calculation

     Pert. #  1: Fermi energy shift (Ry) =     1.4965E-02    -1.6941E-21

      iter #   1 total cpu time : 26324.5 secs   av.it.:   4.0
      thresh= 1.000E-02 alpha_mix =  0.700 |ddv_scf|^2 =  1.122E-08

     Pert. #  1: Fermi energy shift (Ry) =    -1.5753E-02    -1.6544E-24

      iter #   2 total cpu time : 26565.8 secs   av.it.:  15.0
      thresh= 1.059E-05 alpha_mix =  0.700 |ddv_scf|^2 =  9.841E-09

     Pert. #  1: Fermi energy shift (Ry) =    -2.7968E-03    -1.3235E-23

      iter #   3 total cpu time : 26798.5 secs   av.it.:  14.0
      thresh= 9.920E-06 alpha_mix =  0.700 |ddv_scf|^2 =  1.299E-10

     Pert. #  1: Fermi energy shift (Ry) =     7.0545E-04    -1.3235E-23

      iter #   4 total cpu time : 27044.3 secs   av.it.:  15.0
      thresh= 1.140E-06 alpha_mix =  0.700 |ddv_scf|^2 =  8.648E-12

     Pert. #  1: Fermi energy shift (Ry) =    -2.3554E-03    -6.6174E-24

      iter #   5 total cpu time : 27297.0 secs   av.it.:  16.0
      thresh= 2.941E-07 alpha_mix =  0.700 |ddv_scf|^2 =  1.493E-12

     Pert. #  1: Fermi energy shift (Ry) =    -7.4055E-04    -6.6174E-24

      iter #   6 total cpu time : 27545.5 secs   av.it.:  15.0
      thresh= 1.222E-07 alpha_mix =  0.700 |ddv_scf|^2 =  1.037E-13

     End of self-consistent calculation

     Convergence has been achieved 


     Representation # 19 mode #  19

     Self-consistent Calculation

     Pert. #  1: Fermi energy shift (Ry) =    -1.0152E-01     0.0000E+00

      iter #   1 total cpu time : 27679.0 secs   av.it.:   4.3
      thresh= 1.000E-02 alpha_mix =  0.700 |ddv_scf|^2 =  6.274E-08

     Pert. #  1: Fermi energy shift (Ry) =     1.1924E-01     0.0000E+00

      iter #   2 total cpu time : 27925.3 secs   av.it.:  15.0
      thresh= 2.505E-05 alpha_mix =  0.700 |ddv_scf|^2 =  1.989E-08

     Pert. #  1: Fermi energy shift (Ry) =    -6.2319E-02     0.0000E+00

      iter #   3 total cpu time : 28169.7 secs   av.it.:  15.0
      thresh= 1.410E-05 alpha_mix =  0.700 |ddv_scf|^2 =  6.861E-10

     Pert. #  1: Fermi energy shift (Ry) =     3.9124E-03     0.0000E+00

      iter #   4 total cpu time : 28421.9 secs   av.it.:  15.9
      thresh= 2.619E-06 alpha_mix =  0.700 |ddv_scf|^2 =  4.922E-11

     Pert. #  1: Fermi energy shift (Ry) =    -8.2746E-03     0.0000E+00

      iter #   5 total cpu time : 28672.0 secs   av.it.:  15.6
      thresh= 7.015E-07 alpha_mix =  0.700 |ddv_scf|^2 =  6.292E-12

     Pert. #  1: Fermi energy shift (Ry) =    -6.7846E-03     0.0000E+00

      iter #   6 total cpu time : 28921.4 secs   av.it.:  15.6
      thresh= 2.508E-07 alpha_mix =  0.700 |ddv_scf|^2 =  6.619E-13

     End of self-consistent calculation

     Convergence has been achieved 


     Representation # 20 mode #  20

     Self-consistent Calculation

     Pert. #  1: Fermi energy shift (Ry) =     8.4582E-02    -5.2940E-23

      iter #   1 total cpu time : 29059.6 secs   av.it.:   5.0
      thresh= 1.000E-02 alpha_mix =  0.700 |ddv_scf|^2 =  1.230E-07

     Pert. #  1: Fermi energy shift (Ry) =    -1.2287E-01    -2.6470E-23

      iter #   2 total cpu time : 29301.6 secs   av.it.:  15.0
      thresh= 3.507E-05 alpha_mix =  0.700 |ddv_scf|^2 =  8.619E-08

     Pert. #  1: Fermi energy shift (Ry) =     3.1902E-02     2.6470E-23

      iter #   3 total cpu time : 29538.8 secs   av.it.:  14.9
      thresh= 2.936E-05 alpha_mix =  0.700 |ddv_scf|^2 =  2.070E-09

     Pert. #  1: Fermi energy shift (Ry) =     1.0439E-02     1.3235E-23

      iter #   4 total cpu time : 29782.1 secs   av.it.:  15.0
      thresh= 4.550E-06 alpha_mix =  0.700 |ddv_scf|^2 =  9.159E-11

     Pert. #  1: Fermi energy shift (Ry) =     2.9433E-03     6.6174E-24

      iter #   5 total cpu time : 30032.0 secs   av.it.:  15.8
      thresh= 9.570E-07 alpha_mix =  0.700 |ddv_scf|^2 =  1.568E-11

     Pert. #  1: Fermi energy shift (Ry) =     6.6101E-03     6.6174E-24

      iter #   6 total cpu time : 30280.6 secs   av.it.:  15.1
      thresh= 3.960E-07 alpha_mix =  0.700 |ddv_scf|^2 =  1.040E-12

     Pert. #  1: Fermi energy shift (Ry) =     7.3096E-03     6.6174E-24

      iter #   7 total cpu time : 30534.8 secs   av.it.:  16.0
      thresh= 1.020E-07 alpha_mix =  0.700 |ddv_scf|^2 =  1.821E-13

     End of self-consistent calculation

     Convergence has been achieved 


     Representation # 21 mode #  21

     Self-consistent Calculation

     Pert. #  1: Fermi energy shift (Ry) =    -2.6468E-03    -1.6941E-21

      iter #   1 total cpu time : 30672.7 secs   av.it.:   5.0
      thresh= 1.000E-02 alpha_mix =  0.700 |ddv_scf|^2 =  1.655E-07

     Pert. #  1: Fermi energy shift (Ry) =    -2.3880E-02     1.3235E-23

      iter #   2 total cpu time : 30915.0 secs   av.it.:  15.0
      thresh= 4.068E-05 alpha_mix =  0.700 |ddv_scf|^2 =  1.519E-07

     Pert. #  1: Fermi energy shift (Ry) =    -1.6877E-03     1.3235E-23

      iter #   3 total cpu time : 31145.9 secs   av.it.:  14.0
      thresh= 3.897E-05 alpha_mix =  0.700 |ddv_scf|^2 =  1.651E-09

     Pert. #  1: Fermi energy shift (Ry) =     1.2473E-02     6.6174E-24

      iter #   4 total cpu time : 31394.1 secs   av.it.:  15.9
      thresh= 4.064E-06 alpha_mix =  0.700 |ddv_scf|^2 =  1.253E-10

     Pert. #  1: Fermi energy shift (Ry) =     1.5305E-03     6.6174E-24

      iter #   5 total cpu time : 31645.0 secs   av.it.:  16.0
      thresh= 1.119E-06 alpha_mix =  0.700 |ddv_scf|^2 =  1.523E-11

     Pert. #  1: Fermi energy shift (Ry) =     8.7763E-03     6.6174E-24

      iter #   6 total cpu time : 31896.4 secs   av.it.:  15.9
      thresh= 3.902E-07 alpha_mix =  0.700 |ddv_scf|^2 =  1.045E-12

     Pert. #  1: Fermi energy shift (Ry) =     7.0219E-03     6.6174E-24

      iter #   7 total cpu time : 32153.8 secs   av.it.:  16.0
      thresh= 1.022E-07 alpha_mix =  0.700 |ddv_scf|^2 =  1.185E-13

     End of self-consistent calculation

     Convergence has been achieved 


     Representation # 22 mode #  22

     Self-consistent Calculation

     Pert. #  1: Fermi energy shift (Ry) =    -9.1882E-04     0.0000E+00

      iter #   1 total cpu time : 32270.7 secs   av.it.:   3.0
      thresh= 1.000E-02 alpha_mix =  0.700 |ddv_scf|^2 =  4.219E-09

     Pert. #  1: Fermi energy shift (Ry) =     1.3159E-02     0.0000E+00

      iter #   2 total cpu time : 32497.6 secs   av.it.:  14.0
      thresh= 6.495E-06 alpha_mix =  0.700 |ddv_scf|^2 =  1.315E-09

     Pert. #  1: Fermi energy shift (Ry) =    -5.1484E-03     0.0000E+00

      iter #   3 total cpu time : 32732.7 secs   av.it.:  14.1
      thresh= 3.626E-06 alpha_mix =  0.700 |ddv_scf|^2 =  7.614E-11

     Pert. #  1: Fermi energy shift (Ry) =     3.8581E-03     0.0000E+00

      iter #   4 total cpu time : 32977.6 secs   av.it.:  15.0
      thresh= 8.726E-07 alpha_mix =  0.700 |ddv_scf|^2 =  6.567E-12

     Pert. #  1: Fermi energy shift (Ry) =     1.3223E-03     0.0000E+00

      iter #   5 total cpu time : 33225.7 secs   av.it.:  15.0
      thresh= 2.563E-07 alpha_mix =  0.700 |ddv_scf|^2 =  1.296E-12

     Pert. #  1: Fermi energy shift (Ry) =     1.8405E-03     0.0000E+00

      iter #   6 total cpu time : 33471.3 secs   av.it.:  15.0
      thresh= 1.138E-07 alpha_mix =  0.700 |ddv_scf|^2 =  9.517E-14

     End of self-consistent calculation

     Convergence has been achieved 


     Representation # 23 mode #  23

     Self-consistent Calculation

     Pert. #  1: Fermi energy shift (Ry) =    -2.3830E-02     8.4703E-22

      iter #   1 total cpu time : 33592.0 secs   av.it.:   4.0
      thresh= 1.000E-02 alpha_mix =  0.700 |ddv_scf|^2 =  9.097E-09

     Pert. #  1: Fermi energy shift (Ry) =     9.0204E-03    -6.6174E-24

      iter #   2 total cpu time : 33827.9 secs   av.it.:  14.8
      thresh= 9.538E-06 alpha_mix =  0.700 |ddv_scf|^2 =  5.290E-09

     Pert. #  1: Fermi energy shift (Ry) =    -6.7002E-03     3.3087E-24

      iter #   3 total cpu time : 34060.2 secs   av.it.:  14.0
      thresh= 7.273E-06 alpha_mix =  0.700 |ddv_scf|^2 =  8.413E-11

     Pert. #  1: Fermi energy shift (Ry) =    -2.0317E-03     8.2718E-25

      iter #   4 total cpu time : 34307.0 secs   av.it.:  15.0
      thresh= 9.172E-07 alpha_mix =  0.700 |ddv_scf|^2 =  9.610E-12

     Pert. #  1: Fermi energy shift (Ry) =    -4.4693E-03     8.2718E-25

      iter #   5 total cpu time : 34555.0 secs   av.it.:  15.1
      thresh= 3.100E-07 alpha_mix =  0.700 |ddv_scf|^2 =  1.151E-12

     Pert. #  1: Fermi energy shift (Ry) =    -3.8220E-03     8.2718E-25

      iter #   6 total cpu time : 34802.9 secs   av.it.:  15.0
      thresh= 1.073E-07 alpha_mix =  0.700 |ddv_scf|^2 =  7.304E-14

     End of self-consistent calculation

     Convergence has been achieved 


     Representation # 24 mode #  24

     Self-consistent Calculation

     Pert. #  1: Fermi energy shift (Ry) =     9.5462E-03    -1.6941E-21

      iter #   1 total cpu time : 34922.1 secs   av.it.:   3.9
      thresh= 1.000E-02 alpha_mix =  0.700 |ddv_scf|^2 =  1.103E-08

     Pert. #  1: Fermi energy shift (Ry) =    -1.1212E-02    -3.3087E-24

      iter #   2 total cpu time : 35160.9 secs   av.it.:  15.0
      thresh= 1.050E-05 alpha_mix =  0.700 |ddv_scf|^2 =  9.495E-09

     Pert. #  1: Fermi energy shift (Ry) =     8.8693E-03    -1.3235E-23

      iter #   3 total cpu time : 35392.7 secs   av.it.:  14.0
      thresh= 9.744E-06 alpha_mix =  0.700 |ddv_scf|^2 =  1.269E-10

     Pert. #  1: Fermi energy shift (Ry) =     5.7541E-04    -1.3235E-23

      iter #   4 total cpu time : 35640.2 secs   av.it.:  15.0
      thresh= 1.126E-06 alpha_mix =  0.700 |ddv_scf|^2 =  8.602E-12

     Pert. #  1: Fermi energy shift (Ry) =     2.4146E-03    -1.3235E-23

      iter #   5 total cpu time : 35888.9 secs   av.it.:  15.4
      thresh= 2.933E-07 alpha_mix =  0.700 |ddv_scf|^2 =  1.522E-12

     Pert. #  1: Fermi energy shift (Ry) =     2.1515E-03    -1.3235E-23

      iter #   6 total cpu time : 36133.4 secs   av.it.:  15.0
      thresh= 1.234E-07 alpha_mix =  0.700 |ddv_scf|^2 =  1.016E-13

     End of self-consistent calculation

     Convergence has been achieved 


     Representation # 25 mode #  25

     Self-consistent Calculation

     Pert. #  1: Fermi energy shift (Ry) =     1.6323E-03     0.0000E+00

      iter #   1 total cpu time : 36251.2 secs   av.it.:   3.0
      thresh= 1.000E-02 alpha_mix =  0.700 |ddv_scf|^2 =  6.166E-09

     Pert. #  1: Fermi energy shift (Ry) =    -1.7399E-03     0.0000E+00

      iter #   2 total cpu time : 36475.0 secs   av.it.:  14.0
      thresh= 7.852E-06 alpha_mix =  0.700 |ddv_scf|^2 =  2.747E-09

     Pert. #  1: Fermi energy shift (Ry) =     5.2390E-04     0.0000E+00

      iter #   3 total cpu time : 36698.9 secs   av.it.:  14.0
      thresh= 5.242E-06 alpha_mix =  0.700 |ddv_scf|^2 =  2.933E-11

     Pert. #  1: Fermi energy shift (Ry) =    -4.7299E-04     0.0000E+00

      iter #   4 total cpu time : 36930.0 secs   av.it.:  14.0
      thresh= 5.416E-07 alpha_mix =  0.700 |ddv_scf|^2 =  2.430E-12

     Pert. #  1: Fermi energy shift (Ry) =    -8.2652E-04     0.0000E+00

      iter #   5 total cpu time : 37171.7 secs   av.it.:  15.0
      thresh= 1.559E-07 alpha_mix =  0.700 |ddv_scf|^2 =  7.234E-13

     End of self-consistent calculation

     Convergence has been achieved 


     Representation # 26 mode #  26

     Self-consistent Calculation

     Pert. #  1: Fermi energy shift (Ry) =     1.6085E-02     4.2352E-22

      iter #   1 total cpu time : 37290.9 secs   av.it.:   3.9
      thresh= 1.000E-02 alpha_mix =  0.700 |ddv_scf|^2 =  1.001E-08

     Pert. #  1: Fermi energy shift (Ry) =    -2.4208E-02     3.3087E-24

      iter #   2 total cpu time : 37521.9 secs   av.it.:  14.0
      thresh= 1.001E-05 alpha_mix =  0.700 |ddv_scf|^2 =  6.614E-09

     Pert. #  1: Fermi energy shift (Ry) =     9.9494E-03     6.6174E-24

      iter #   3 total cpu time : 37751.2 secs   av.it.:  14.0
      thresh= 8.133E-06 alpha_mix =  0.700 |ddv_scf|^2 =  1.281E-10

     Pert. #  1: Fermi energy shift (Ry) =    -3.5171E-03     6.6174E-24

      iter #   4 total cpu time : 38000.8 secs   av.it.:  15.3
      thresh= 1.132E-06 alpha_mix =  0.700 |ddv_scf|^2 =  1.015E-11

     Pert. #  1: Fermi energy shift (Ry) =     4.1471E-04     1.3235E-23

      iter #   5 total cpu time : 38253.6 secs   av.it.:  15.9
      thresh= 3.185E-07 alpha_mix =  0.700 |ddv_scf|^2 =  1.443E-12

     Pert. #  1: Fermi energy shift (Ry) =    -1.8767E-04     1.3235E-23

      iter #   6 total cpu time : 38501.9 secs   av.it.:  15.0
      thresh= 1.201E-07 alpha_mix =  0.700 |ddv_scf|^2 =  1.678E-13

     End of self-consistent calculation

     Convergence has been achieved 


     Representation # 27 mode #  27

     Self-consistent Calculation

     Pert. #  1: Fermi energy shift (Ry) =    -7.9678E-03     1.6941E-21

      iter #   1 total cpu time : 38624.2 secs   av.it.:   4.0
      thresh= 1.000E-02 alpha_mix =  0.700 |ddv_scf|^2 =  1.579E-08

     Pert. #  1: Fermi energy shift (Ry) =    -5.4930E-03    -1.3235E-23

      iter #   2 total cpu time : 38865.2 secs   av.it.:  15.0
      thresh= 1.256E-05 alpha_mix =  0.700 |ddv_scf|^2 =  1.543E-08

     Pert. #  1: Fermi energy shift (Ry) =     6.3054E-03     3.3087E-24

      iter #   3 total cpu time : 39097.2 secs   av.it.:  14.0
      thresh= 1.242E-05 alpha_mix =  0.700 |ddv_scf|^2 =  1.412E-10

     Pert. #  1: Fermi energy shift (Ry) =    -4.8101E-04     3.3087E-24

      iter #   4 total cpu time : 39347.4 secs   av.it.:  16.0
      thresh= 1.188E-06 alpha_mix =  0.700 |ddv_scf|^2 =  1.413E-11

     Pert. #  1: Fermi energy shift (Ry) =     1.7099E-03     1.6544E-24

      iter #   5 total cpu time : 39596.7 secs   av.it.:  15.1
      thresh= 3.759E-07 alpha_mix =  0.700 |ddv_scf|^2 =  8.984E-13

     End of self-consistent calculation

     Convergence has been achieved 


     Representation # 28 mode #  28

     Self-consistent Calculation

     Pert. #  1: Fermi energy shift (Ry) =    -6.0709E-03     0.0000E+00

      iter #   1 total cpu time : 39719.3 secs   av.it.:   4.0
      thresh= 1.000E-02 alpha_mix =  0.700 |ddv_scf|^2 =  6.495E-09

     Pert. #  1: Fermi energy shift (Ry) =     9.2256E-03     0.0000E+00

      iter #   2 total cpu time : 39963.5 secs   av.it.:  15.0
      thresh= 8.059E-06 alpha_mix =  0.700 |ddv_scf|^2 =  3.132E-09

     Pert. #  1: Fermi energy shift (Ry) =     1.2913E-03     0.0000E+00

      iter #   3 total cpu time : 40202.5 secs   av.it.:  14.9
      thresh= 5.597E-06 alpha_mix =  0.700 |ddv_scf|^2 =  2.899E-11

     Pert. #  1: Fermi energy shift (Ry) =     3.0296E-03     0.0000E+00

      iter #   4 total cpu time : 40444.9 secs   av.it.:  15.0
      thresh= 5.384E-07 alpha_mix =  0.700 |ddv_scf|^2 =  2.899E-12

     Pert. #  1: Fermi energy shift (Ry) =     1.8794E-03     0.0000E+00

      iter #   5 total cpu time : 40688.7 secs   av.it.:  15.0
      thresh= 1.703E-07 alpha_mix =  0.700 |ddv_scf|^2 =  8.089E-13

     End of self-consistent calculation

     Convergence has been achieved 


     Representation # 29 mode #  29

     Self-consistent Calculation

     Pert. #  1: Fermi energy shift (Ry) =     6.0828E-02     1.6941E-21

      iter #   1 total cpu time : 40813.5 secs   av.it.:   4.0
      thresh= 1.000E-02 alpha_mix =  0.700 |ddv_scf|^2 =  1.121E-08

     Pert. #  1: Fermi energy shift (Ry) =    -7.0051E-02    -6.6174E-24

      iter #   2 total cpu time : 41063.4 secs   av.it.:  15.3
      thresh= 1.059E-05 alpha_mix =  0.700 |ddv_scf|^2 =  8.811E-09

     Pert. #  1: Fermi energy shift (Ry) =     7.2796E-03    -6.6174E-24

      iter #   3 total cpu time : 41302.5 secs   av.it.:  14.6
      thresh= 9.387E-06 alpha_mix =  0.700 |ddv_scf|^2 =  1.038E-10

     Pert. #  1: Fermi energy shift (Ry) =    -9.3496E-04    -1.6544E-24

      iter #   4 total cpu time : 41552.2 secs   av.it.:  15.7
      thresh= 1.019E-06 alpha_mix =  0.700 |ddv_scf|^2 =  8.406E-12

     Pert. #  1: Fermi energy shift (Ry) =     1.5630E-03    -3.3087E-24

      iter #   5 total cpu time : 41807.0 secs   av.it.:  16.0
      thresh= 2.899E-07 alpha_mix =  0.700 |ddv_scf|^2 =  1.491E-12

     Pert. #  1: Fermi energy shift (Ry) =     1.0166E-03    -3.3087E-24

      iter #   6 total cpu time : 42055.2 secs   av.it.:  15.1
      thresh= 1.221E-07 alpha_mix =  0.700 |ddv_scf|^2 =  1.606E-13

     End of self-consistent calculation

     Convergence has been achieved 


     Representation # 30 mode #  30

     Self-consistent Calculation

     Pert. #  1: Fermi energy shift (Ry) =     4.9872E-03     2.1176E-22

      iter #   1 total cpu time : 42180.3 secs   av.it.:   4.0
      thresh= 1.000E-02 alpha_mix =  0.700 |ddv_scf|^2 =  1.603E-08

     Pert. #  1: Fermi energy shift (Ry) =    -1.3165E-02     1.3235E-23

      iter #   2 total cpu time : 42424.6 secs   av.it.:  15.0
      thresh= 1.266E-05 alpha_mix =  0.700 |ddv_scf|^2 =  1.587E-08

     Pert. #  1: Fermi energy shift (Ry) =    -2.5077E-03     4.1359E-25

      iter #   3 total cpu time : 42657.3 secs   av.it.:  14.0
      thresh= 1.260E-05 alpha_mix =  0.700 |ddv_scf|^2 =  1.221E-10

     Pert. #  1: Fermi energy shift (Ry) =     1.1936E-06    -6.6174E-24

      iter #   4 total cpu time : 42905.1 secs   av.it.:  15.6
      thresh= 1.105E-06 alpha_mix =  0.700 |ddv_scf|^2 =  1.625E-11

     Pert. #  1: Fermi energy shift (Ry) =    -3.4241E-03    -6.6174E-24

      iter #   5 total cpu time : 43150.7 secs   av.it.:  15.0
      thresh= 4.031E-07 alpha_mix =  0.700 |ddv_scf|^2 =  1.027E-12

     Pert. #  1: Fermi energy shift (Ry) =    -1.7808E-03    -6.6174E-24

      iter #   6 total cpu time : 43402.8 secs   av.it.:  15.9
      thresh= 1.013E-07 alpha_mix =  0.700 |ddv_scf|^2 =  1.699E-13

     End of self-consistent calculation

     Convergence has been achieved 


     Representation # 31 mode #  31

     Self-consistent Calculation

     Pert. #  1: Fermi energy shift (Ry) =     6.2100E-02     0.0000E+00

      iter #   1 total cpu time : 43523.0 secs   av.it.:   3.2
      thresh= 1.000E-02 alpha_mix =  0.700 |ddv_scf|^2 =  6.460E-09

     Pert. #  1: Fermi energy shift (Ry) =    -8.9244E-02     0.0000E+00

      iter #   2 total cpu time : 43775.9 secs   av.it.:  15.9
      thresh= 8.037E-06 alpha_mix =  0.700 |ddv_scf|^2 =  3.369E-09

     Pert. #  1: Fermi energy shift (Ry) =     1.6795E-02     0.0000E+00

      iter #   3 total cpu time : 44024.7 secs   av.it.:  15.0
      thresh= 5.805E-06 alpha_mix =  0.700 |ddv_scf|^2 =  7.383E-11

     Pert. #  1: Fermi energy shift (Ry) =    -4.3334E-03     0.0000E+00

      iter #   4 total cpu time : 44276.1 secs   av.it.:  15.4
      thresh= 8.592E-07 alpha_mix =  0.700 |ddv_scf|^2 =  7.736E-12

     Pert. #  1: Fermi energy shift (Ry) =    -1.9349E-03     0.0000E+00

      iter #   5 total cpu time : 44523.0 secs   av.it.:  15.0
      thresh= 2.781E-07 alpha_mix =  0.700 |ddv_scf|^2 =  1.745E-12

     Pert. #  1: Fermi energy shift (Ry) =    -1.5280E-03     0.0000E+00

      iter #   6 total cpu time : 44764.3 secs   av.it.:  15.0
      thresh= 1.321E-07 alpha_mix =  0.700 |ddv_scf|^2 =  6.517E-14

     End of self-consistent calculation

     Convergence has been achieved 


     Representation # 32 mode #  32

     Self-consistent Calculation

     Pert. #  1: Fermi energy shift (Ry) =    -1.1953E-01     3.3881E-21

      iter #   1 total cpu time : 44886.8 secs   av.it.:   4.0
      thresh= 1.000E-02 alpha_mix =  0.700 |ddv_scf|^2 =  1.087E-08

     Pert. #  1: Fermi energy shift (Ry) =     1.4577E-01     1.6544E-24

      iter #   2 total cpu time : 45137.1 secs   av.it.:  15.3
      thresh= 1.043E-05 alpha_mix =  0.700 |ddv_scf|^2 =  7.935E-09

     Pert. #  1: Fermi energy shift (Ry) =    -6.2382E-03    -3.3087E-24

      iter #   3 total cpu time : 45380.4 secs   av.it.:  15.0
      thresh= 8.908E-06 alpha_mix =  0.700 |ddv_scf|^2 =  1.063E-10

     Pert. #  1: Fermi energy shift (Ry) =     6.8697E-03    -3.3087E-24

      iter #   4 total cpu time : 45632.9 secs   av.it.:  16.0
      thresh= 1.031E-06 alpha_mix =  0.700 |ddv_scf|^2 =  9.757E-12

     Pert. #  1: Fermi energy shift (Ry) =     6.2979E-03    -3.3087E-24

      iter #   5 total cpu time : 45875.8 secs   av.it.:  15.0
      thresh= 3.124E-07 alpha_mix =  0.700 |ddv_scf|^2 =  1.633E-12

     Pert. #  1: Fermi energy shift (Ry) =     4.7672E-03    -3.3087E-24

      iter #   6 total cpu time : 46124.7 secs   av.it.:  15.0
      thresh= 1.278E-07 alpha_mix =  0.700 |ddv_scf|^2 =  1.557E-13

     End of self-consistent calculation

     Convergence has been achieved 


     Representation # 33 mode #  33

     Self-consistent Calculation

     Pert. #  1: Fermi energy shift (Ry) =     3.5253E-02     6.7763E-21

      iter #   1 total cpu time : 46246.4 secs   av.it.:   4.0
      thresh= 1.000E-02 alpha_mix =  0.700 |ddv_scf|^2 =  1.468E-08

     Pert. #  1: Fermi energy shift (Ry) =     3.4790E-02     3.3087E-24

      iter #   2 total cpu time : 46489.7 secs   av.it.:  15.0
      thresh= 1.212E-05 alpha_mix =  0.700 |ddv_scf|^2 =  1.377E-08

     Pert. #  1: Fermi energy shift (Ry) =     1.4543E-02     1.6544E-24

      iter #   3 total cpu time : 46726.1 secs   av.it.:  14.6
      thresh= 1.174E-05 alpha_mix =  0.700 |ddv_scf|^2 =  1.275E-10

     Pert. #  1: Fermi energy shift (Ry) =     2.8633E-02    -4.1359E-25

      iter #   4 total cpu time : 46978.0 secs   av.it.:  15.9
      thresh= 1.129E-06 alpha_mix =  0.700 |ddv_scf|^2 =  1.509E-11

     Pert. #  1: Fermi energy shift (Ry) =     2.5239E-02    -8.2718E-25

      iter #   5 total cpu time : 47222.1 secs   av.it.:  15.0
      thresh= 3.884E-07 alpha_mix =  0.700 |ddv_scf|^2 =  1.034E-12

     Pert. #  1: Fermi energy shift (Ry) =     2.4625E-02    -8.2718E-25

      iter #   6 total cpu time : 47471.2 secs   av.it.:  15.1
      thresh= 1.017E-07 alpha_mix =  0.700 |ddv_scf|^2 =  1.235E-13

     End of self-consistent calculation

     Convergence has been achieved 


     Representation # 34 mode #  34

     Self-consistent Calculation

     Pert. #  1: Fermi energy shift (Ry) =    -5.3743E-03     0.0000E+00

      iter #   1 total cpu time : 47590.9 secs   av.it.:   4.0
      thresh= 1.000E-02 alpha_mix =  0.700 |ddv_scf|^2 =  6.125E-09

     Pert. #  1: Fermi energy shift (Ry) =     1.2186E-03     0.0000E+00

      iter #   2 total cpu time : 47824.3 secs   av.it.:  14.9
      thresh= 7.826E-06 alpha_mix =  0.700 |ddv_scf|^2 =  2.767E-09

     Pert. #  1: Fermi energy shift (Ry) =    -4.7001E-04     0.0000E+00

      iter #   3 total cpu time : 48054.6 secs   av.it.:  14.1
      thresh= 5.260E-06 alpha_mix =  0.700 |ddv_scf|^2 =  3.252E-11

     Pert. #  1: Fermi energy shift (Ry) =    -5.7712E-04     0.0000E+00

      iter #   4 total cpu time : 48291.2 secs   av.it.:  15.0
      thresh= 5.703E-07 alpha_mix =  0.700 |ddv_scf|^2 =  3.411E-12

     Pert. #  1: Fermi energy shift (Ry) =    -1.1069E-03     0.0000E+00

      iter #   5 total cpu time : 48536.2 secs   av.it.:  15.0
      thresh= 1.847E-07 alpha_mix =  0.700 |ddv_scf|^2 =  1.204E-12

     Pert. #  1: Fermi energy shift (Ry) =    -6.4903E-04     0.0000E+00

      iter #   6 total cpu time : 48779.9 secs   av.it.:  15.0
      thresh= 1.097E-07 alpha_mix =  0.700 |ddv_scf|^2 =  3.391E-14

     End of self-consistent calculation

     Convergence has been achieved 


     Representation # 35 mode #  35

     Self-consistent Calculation

     Pert. #  1: Fermi energy shift (Ry) =    -1.6234E-02     2.6470E-23

      iter #   1 total cpu time : 48901.3 secs   av.it.:   4.0
      thresh= 1.000E-02 alpha_mix =  0.700 |ddv_scf|^2 =  1.016E-08

     Pert. #  1: Fermi energy shift (Ry) =     4.0599E-02    -6.6174E-24

      iter #   2 total cpu time : 49138.0 secs   av.it.:  15.0
      thresh= 1.008E-05 alpha_mix =  0.700 |ddv_scf|^2 =  6.879E-09

     Pert. #  1: Fermi energy shift (Ry) =    -1.0025E-02     6.6174E-24

      iter #   3 total cpu time : 49374.9 secs   av.it.:  14.0
      thresh= 8.294E-06 alpha_mix =  0.700 |ddv_scf|^2 =  1.307E-10

     Pert. #  1: Fermi energy shift (Ry) =     5.3084E-03     6.6174E-24

      iter #   4 total cpu time : 49625.6 secs   av.it.:  15.4
      thresh= 1.143E-06 alpha_mix =  0.700 |ddv_scf|^2 =  9.563E-12

     Pert. #  1: Fermi energy shift (Ry) =     1.7046E-03     6.6174E-24

      iter #   5 total cpu time : 49878.9 secs   av.it.:  16.0
      thresh= 3.092E-07 alpha_mix =  0.700 |ddv_scf|^2 =  1.661E-12

     Pert. #  1: Fermi energy shift (Ry) =     2.2144E-03     6.6174E-24

      iter #   6 total cpu time : 50126.3 secs   av.it.:  15.0
      thresh= 1.289E-07 alpha_mix =  0.700 |ddv_scf|^2 =  1.481E-13

     End of self-consistent calculation

     Convergence has been achieved 


     Representation # 36 mode #  36

     Self-consistent Calculation

     Pert. #  1: Fermi energy shift (Ry) =     4.7275E-04     1.6941E-21

      iter #   1 total cpu time : 50249.7 secs   av.it.:   4.0
      thresh= 1.000E-02 alpha_mix =  0.700 |ddv_scf|^2 =  1.586E-08

     Pert. #  1: Fermi energy shift (Ry) =    -6.3750E-03     1.3235E-23

      iter #   2 total cpu time : 50489.7 secs   av.it.:  15.0
      thresh= 1.260E-05 alpha_mix =  0.700 |ddv_scf|^2 =  1.532E-08

     Pert. #  1: Fermi energy shift (Ry) =     6.9088E-03     6.6174E-24

      iter #   3 total cpu time : 50722.8 secs   av.it.:  14.0
      thresh= 1.238E-05 alpha_mix =  0.700 |ddv_scf|^2 =  1.294E-10

     Pert. #  1: Fermi energy shift (Ry) =    -2.4708E-03    -3.3087E-24

      iter #   4 total cpu time : 50974.5 secs   av.it.:  16.0
      thresh= 1.138E-06 alpha_mix =  0.700 |ddv_scf|^2 =  1.532E-11

     Pert. #  1: Fermi energy shift (Ry) =     3.5276E-04    -3.3087E-24

      iter #   5 total cpu time : 51223.2 secs   av.it.:  15.1
      thresh= 3.914E-07 alpha_mix =  0.700 |ddv_scf|^2 =  1.000E-12

     Pert. #  1: Fermi energy shift (Ry) =    -1.0753E-04    -3.3087E-24

      iter #   6 total cpu time : 51474.9 secs   av.it.:  16.0
      thresh= 1.000E-07 alpha_mix =  0.700 |ddv_scf|^2 =  1.491E-13

     End of self-consistent calculation

     Convergence has been achieved 


     Representation # 37 mode #  37

     Self-consistent Calculation

     Pert. #  1: Fermi energy shift (Ry) =    -1.6702E-04     0.0000E+00

      iter #   1 total cpu time : 51590.5 secs   av.it.:   3.0
      thresh= 1.000E-02 alpha_mix =  0.700 |ddv_scf|^2 =  4.856E-09

     Pert. #  1: Fermi energy shift (Ry) =    -6.3250E-03     0.0000E+00

      iter #   2 total cpu time : 51828.1 secs   av.it.:  15.0
      thresh= 6.968E-06 alpha_mix =  0.700 |ddv_scf|^2 =  2.524E-09

     Pert. #  1: Fermi energy shift (Ry) =     4.6640E-03     0.0000E+00

      iter #   3 total cpu time : 52063.4 secs   av.it.:  14.1
      thresh= 5.024E-06 alpha_mix =  0.700 |ddv_scf|^2 =  8.467E-11

     Pert. #  1: Fermi energy shift (Ry) =    -1.9174E-03     0.0000E+00

      iter #   4 total cpu time : 52305.3 secs   av.it.:  15.0
      thresh= 9.201E-07 alpha_mix =  0.700 |ddv_scf|^2 =  9.725E-12

     Pert. #  1: Fermi energy shift (Ry) =     6.0309E-04     0.0000E+00

      iter #   5 total cpu time : 52553.7 secs   av.it.:  15.0
      thresh= 3.118E-07 alpha_mix =  0.700 |ddv_scf|^2 =  1.436E-12

     Pert. #  1: Fermi energy shift (Ry) =    -9.1781E-05     0.0000E+00

      iter #   6 total cpu time : 52801.6 secs   av.it.:  15.0
      thresh= 1.198E-07 alpha_mix =  0.700 |ddv_scf|^2 =  6.851E-14

     End of self-consistent calculation

     Convergence has been achieved 


     Representation # 38 mode #  38

     Self-consistent Calculation

     Pert. #  1: Fermi energy shift (Ry) =     3.2133E-02    -8.4703E-22

      iter #   1 total cpu time : 52922.5 secs   av.it.:   4.0
      thresh= 1.000E-02 alpha_mix =  0.700 |ddv_scf|^2 =  9.441E-09

     Pert. #  1: Fermi energy shift (Ry) =    -3.7080E-02    -1.6544E-24

      iter #   2 total cpu time : 53160.9 secs   av.it.:  15.0
      thresh= 9.717E-06 alpha_mix =  0.700 |ddv_scf|^2 =  5.694E-09

     Pert. #  1: Fermi energy shift (Ry) =     1.4817E-02    -8.2718E-25

      iter #   3 total cpu time : 53396.5 secs   av.it.:  14.0
      thresh= 7.546E-06 alpha_mix =  0.700 |ddv_scf|^2 =  1.070E-10

     Pert. #  1: Fermi energy shift (Ry) =    -1.4414E-03    -3.3087E-24

      iter #   4 total cpu time : 53648.5 secs   av.it.:  16.0
      thresh= 1.034E-06 alpha_mix =  0.700 |ddv_scf|^2 =  7.271E-12

     Pert. #  1: Fermi energy shift (Ry) =     3.3803E-03    -3.3087E-24

      iter #   5 total cpu time : 53904.7 secs   av.it.:  16.0
      thresh= 2.697E-07 alpha_mix =  0.700 |ddv_scf|^2 =  9.590E-13

     End of self-consistent calculation

     Convergence has been achieved 


     Representation # 39 mode #  39

     Self-consistent Calculation

     Pert. #  1: Fermi energy shift (Ry) =    -4.3635E-02     1.6941E-21

      iter #   1 total cpu time : 54024.2 secs   av.it.:   3.7
      thresh= 1.000E-02 alpha_mix =  0.700 |ddv_scf|^2 =  1.051E-08

     Pert. #  1: Fermi energy shift (Ry) =     2.5532E-02     1.6544E-24

      iter #   2 total cpu time : 54264.9 secs   av.it.:  15.0
      thresh= 1.025E-05 alpha_mix =  0.700 |ddv_scf|^2 =  8.305E-09

     Pert. #  1: Fermi energy shift (Ry) =    -9.0866E-04     2.0680E-25

      iter #   3 total cpu time : 54497.2 secs   av.it.:  14.0
      thresh= 9.113E-06 alpha_mix =  0.700 |ddv_scf|^2 =  1.412E-10

     Pert. #  1: Fermi energy shift (Ry) =    -3.4700E-03    -3.3087E-24

      iter #   4 total cpu time : 54736.8 secs   av.it.:  15.0
      thresh= 1.188E-06 alpha_mix =  0.700 |ddv_scf|^2 =  9.305E-12

     Pert. #  1: Fermi energy shift (Ry) =    -2.4013E-03    -1.6544E-24

      iter #   5 total cpu time : 54980.3 secs   av.it.:  15.0
      thresh= 3.050E-07 alpha_mix =  0.700 |ddv_scf|^2 =  1.511E-12

     Pert. #  1: Fermi energy shift (Ry) =    -3.4049E-03    -1.6544E-24

      iter #   6 total cpu time : 55225.9 secs   av.it.:  15.0
      thresh= 1.229E-07 alpha_mix =  0.700 |ddv_scf|^2 =  1.099E-13

     End of self-consistent calculation

     Convergence has been achieved 


     Representation # 40 mode #  40

     Self-consistent Calculation

     Pert. #  1: Fermi energy shift (Ry) =    -9.8228E-03     0.0000E+00

      iter #   1 total cpu time : 55346.1 secs   av.it.:   3.7
      thresh= 1.000E-02 alpha_mix =  0.700 |ddv_scf|^2 =  4.828E-09

     Pert. #  1: Fermi energy shift (Ry) =     6.9445E-03     0.0000E+00

      iter #   2 total cpu time : 55588.1 secs   av.it.:  15.0
      thresh= 6.948E-06 alpha_mix =  0.700 |ddv_scf|^2 =  2.391E-09

     Pert. #  1: Fermi energy shift (Ry) =    -2.9897E-03     0.0000E+00

      iter #   3 total cpu time : 55826.6 secs   av.it.:  15.0
      thresh= 4.890E-06 alpha_mix =  0.700 |ddv_scf|^2 =  7.208E-11

     Pert. #  1: Fermi energy shift (Ry) =    -2.8407E-03     0.0000E+00

      iter #   4 total cpu time : 56062.8 secs   av.it.:  14.9
      thresh= 8.490E-07 alpha_mix =  0.700 |ddv_scf|^2 =  6.164E-12

     Pert. #  1: Fermi energy shift (Ry) =    -1.2676E-03     0.0000E+00

      iter #   5 total cpu time : 56311.8 secs   av.it.:  15.2
      thresh= 2.483E-07 alpha_mix =  0.700 |ddv_scf|^2 =  1.514E-12

     Pert. #  1: Fermi energy shift (Ry) =    -2.0458E-03     0.0000E+00

      iter #   6 total cpu time : 56556.4 secs   av.it.:  15.0
      thresh= 1.231E-07 alpha_mix =  0.700 |ddv_scf|^2 =  6.351E-14

     End of self-consistent calculation

     Convergence has been achieved 


     Representation # 41 mode #  41

     Self-consistent Calculation

     Pert. #  1: Fermi energy shift (Ry) =     5.1336E-02     3.3881E-21

      iter #   1 total cpu time : 56678.7 secs   av.it.:   4.0
      thresh= 1.000E-02 alpha_mix =  0.700 |ddv_scf|^2 =  9.573E-09

     Pert. #  1: Fermi energy shift (Ry) =    -5.6952E-02     4.1359E-25

      iter #   2 total cpu time : 56925.1 secs   av.it.:  15.0
      thresh= 9.784E-06 alpha_mix =  0.700 |ddv_scf|^2 =  6.131E-09

     Pert. #  1: Fermi energy shift (Ry) =     8.9439E-03     1.6544E-24

      iter #   3 total cpu time : 57165.0 secs   av.it.:  14.9
      thresh= 7.830E-06 alpha_mix =  0.700 |ddv_scf|^2 =  9.992E-11

     Pert. #  1: Fermi energy shift (Ry) =    -1.6125E-03     3.3087E-24

      iter #   4 total cpu time : 57417.2 secs   av.it.:  15.9
      thresh= 9.996E-07 alpha_mix =  0.700 |ddv_scf|^2 =  6.589E-12

     Pert. #  1: Fermi energy shift (Ry) =     1.1175E-03     3.3087E-24

      iter #   5 total cpu time : 57672.9 secs   av.it.:  16.0
      thresh= 2.567E-07 alpha_mix =  0.700 |ddv_scf|^2 =  9.008E-13

     End of self-consistent calculation

     Convergence has been achieved 


     Representation # 42 mode #  42

     Self-consistent Calculation

     Pert. #  1: Fermi energy shift (Ry) =     4.7089E-02    -3.3881E-21

      iter #   1 total cpu time : 57794.1 secs   av.it.:   4.0
      thresh= 1.000E-02 alpha_mix =  0.700 |ddv_scf|^2 =  1.089E-08

     Pert. #  1: Fermi energy shift (Ry) =    -3.5935E-02     3.3087E-24

      iter #   2 total cpu time : 58038.0 secs   av.it.:  15.0
      thresh= 1.043E-05 alpha_mix =  0.700 |ddv_scf|^2 =  8.605E-09

     Pert. #  1: Fermi energy shift (Ry) =    -2.3636E-03    -1.6544E-24

      iter #   3 total cpu time : 58271.1 secs   av.it.:  14.0
      thresh= 9.276E-06 alpha_mix =  0.700 |ddv_scf|^2 =  1.336E-10

     Pert. #  1: Fermi energy shift (Ry) =     1.3604E-03    -8.2718E-25

      iter #   4 total cpu time : 58512.8 secs   av.it.:  15.0
      thresh= 1.156E-06 alpha_mix =  0.700 |ddv_scf|^2 =  1.167E-11

     Pert. #  1: Fermi energy shift (Ry) =     4.8502E-05    -8.2718E-25

      iter #   5 total cpu time : 58758.9 secs   av.it.:  15.0
      thresh= 3.417E-07 alpha_mix =  0.700 |ddv_scf|^2 =  1.425E-12

     Pert. #  1: Fermi energy shift (Ry) =     9.0478E-04    -8.2718E-25

      iter #   6 total cpu time : 59005.3 secs   av.it.:  15.0
      thresh= 1.194E-07 alpha_mix =  0.700 |ddv_scf|^2 =  1.155E-13

     End of self-consistent calculation

     Convergence has been achieved 


     Representation # 43 mode #  43

     Self-consistent Calculation

     Pert. #  1: Fermi energy shift (Ry) =     5.2182E-02     0.0000E+00

      iter #   1 total cpu time : 59125.2 secs   av.it.:   3.6
      thresh= 1.000E-02 alpha_mix =  0.700 |ddv_scf|^2 =  5.457E-09

     Pert. #  1: Fermi energy shift (Ry) =    -1.9796E-02     0.0000E+00

      iter #   2 total cpu time : 59370.1 secs   av.it.:  15.0
      thresh= 7.387E-06 alpha_mix =  0.700 |ddv_scf|^2 =  2.976E-09

     Pert. #  1: Fermi energy shift (Ry) =     9.3452E-03     0.0000E+00

      iter #   3 total cpu time : 59612.6 secs   av.it.:  15.0
      thresh= 5.455E-06 alpha_mix =  0.700 |ddv_scf|^2 =  7.502E-11

     Pert. #  1: Fermi energy shift (Ry) =     1.1876E-02     0.0000E+00

      iter #   4 total cpu time : 59854.5 secs   av.it.:  15.0
      thresh= 8.661E-07 alpha_mix =  0.700 |ddv_scf|^2 =  6.061E-12

     Pert. #  1: Fermi energy shift (Ry) =     8.9223E-03     0.0000E+00

      iter #   5 total cpu time : 60103.2 secs   av.it.:  15.0
      thresh= 2.462E-07 alpha_mix =  0.700 |ddv_scf|^2 =  1.344E-12

     Pert. #  1: Fermi energy shift (Ry) =     1.0357E-02     0.0000E+00

      iter #   6 total cpu time : 60352.0 secs   av.it.:  15.0
      thresh= 1.159E-07 alpha_mix =  0.700 |ddv_scf|^2 =  7.517E-14

     End of self-consistent calculation

     Convergence has been achieved 


     Representation # 44 mode #  44

     Self-consistent Calculation

     Pert. #  1: Fermi energy shift (Ry) =    -3.2696E-02     3.3881E-21

      iter #   1 total cpu time : 60471.4 secs   av.it.:   3.4
      thresh= 1.000E-02 alpha_mix =  0.700 |ddv_scf|^2 =  9.638E-09

     Pert. #  1: Fermi energy shift (Ry) =     1.0430E-01    -1.6544E-24

      iter #   2 total cpu time : 60720.1 secs   av.it.:  15.0
      thresh= 9.817E-06 alpha_mix =  0.700 |ddv_scf|^2 =  6.633E-09

     Pert. #  1: Fermi energy shift (Ry) =    -1.5696E-03    -6.6174E-24

      iter #   3 total cpu time : 60963.4 secs   av.it.:  15.0
      thresh= 8.144E-06 alpha_mix =  0.700 |ddv_scf|^2 =  1.104E-10

     Pert. #  1: Fermi energy shift (Ry) =     1.8668E-02    -1.3235E-23

      iter #   4 total cpu time : 61216.3 secs   av.it.:  16.0
      thresh= 1.051E-06 alpha_mix =  0.700 |ddv_scf|^2 =  5.989E-12

     Pert. #  1: Fermi energy shift (Ry) =     1.7278E-02    -1.3235E-23

      iter #   5 total cpu time : 61466.0 secs   av.it.:  15.7
      thresh= 2.447E-07 alpha_mix =  0.700 |ddv_scf|^2 =  1.389E-12

     Pert. #  1: Fermi energy shift (Ry) =     1.6389E-02    -1.3235E-23

      iter #   6 total cpu time : 61711.9 secs   av.it.:  15.0
      thresh= 1.179E-07 alpha_mix =  0.700 |ddv_scf|^2 =  1.440E-13

     End of self-consistent calculation

     Convergence has been achieved 


     Representation # 45 mode #  45

     Self-consistent Calculation

     Pert. #  1: Fermi energy shift (Ry) =    -8.5367E-02    -1.6941E-21

      iter #   1 total cpu time : 61833.1 secs   av.it.:   3.9
      thresh= 1.000E-02 alpha_mix =  0.700 |ddv_scf|^2 =  1.116E-08

     Pert. #  1: Fermi energy shift (Ry) =     6.3732E-02     8.2718E-25

      iter #   2 total cpu time : 62078.0 secs   av.it.:  15.0
      thresh= 1.056E-05 alpha_mix =  0.700 |ddv_scf|^2 =  8.659E-09

     Pert. #  1: Fermi energy shift (Ry) =    -7.5312E-03     1.6544E-24

      iter #   3 total cpu time : 62314.6 secs   av.it.:  14.1
      thresh= 9.305E-06 alpha_mix =  0.700 |ddv_scf|^2 =  1.168E-10

     Pert. #  1: Fermi energy shift (Ry) =    -7.6999E-03    -1.6544E-24

      iter #   4 total cpu time : 62553.2 secs   av.it.:  15.0
      thresh= 1.081E-06 alpha_mix =  0.700 |ddv_scf|^2 =  1.110E-11

     Pert. #  1: Fermi energy shift (Ry) =    -7.3724E-03    -1.6544E-24

      iter #   5 total cpu time : 62798.1 secs   av.it.:  15.0
      thresh= 3.331E-07 alpha_mix =  0.700 |ddv_scf|^2 =  1.538E-12

     Pert. #  1: Fermi energy shift (Ry) =    -7.7682E-03    -1.6544E-24

      iter #   6 total cpu time : 63044.8 secs   av.it.:  15.0
      thresh= 1.240E-07 alpha_mix =  0.700 |ddv_scf|^2 =  1.488E-13

     End of self-consistent calculation

     Convergence has been achieved 


     Representation # 46 mode #  46

     Self-consistent Calculation

     Pert. #  1: Fermi energy shift (Ry) =    -3.1338E-03     0.0000E+00

      iter #   1 total cpu time : 63162.7 secs   av.it.:   3.0
      thresh= 1.000E-02 alpha_mix =  0.700 |ddv_scf|^2 =  4.961E-09

     Pert. #  1: Fermi energy shift (Ry) =    -8.6798E-03     0.0000E+00

      iter #   2 total cpu time : 63400.0 secs   av.it.:  14.9
      thresh= 7.044E-06 alpha_mix =  0.700 |ddv_scf|^2 =  2.646E-09

     Pert. #  1: Fermi energy shift (Ry) =    -4.7201E-03     0.0000E+00

      iter #   3 total cpu time : 63632.9 secs   av.it.:  14.0
      thresh= 5.144E-06 alpha_mix =  0.700 |ddv_scf|^2 =  7.445E-11

     Pert. #  1: Fermi energy shift (Ry) =    -2.7504E-03     0.0000E+00

      iter #   4 total cpu time : 63870.2 secs   av.it.:  15.0
      thresh= 8.628E-07 alpha_mix =  0.700 |ddv_scf|^2 =  8.194E-12

     Pert. #  1: Fermi energy shift (Ry) =    -4.8301E-03     0.0000E+00

      iter #   5 total cpu time : 64118.2 secs   av.it.:  15.0
      thresh= 2.862E-07 alpha_mix =  0.700 |ddv_scf|^2 =  1.637E-12

     Pert. #  1: Fermi energy shift (Ry) =    -3.7484E-03     0.0000E+00

      iter #   6 total cpu time : 64366.2 secs   av.it.:  15.0
      thresh= 1.279E-07 alpha_mix =  0.700 |ddv_scf|^2 =  6.767E-14

     End of self-consistent calculation

     Convergence has been achieved 


     Representation # 47 mode #  47

     Self-consistent Calculation

     Pert. #  1: Fermi energy shift (Ry) =    -2.6671E-02     8.4703E-22

      iter #   1 total cpu time : 64487.0 secs   av.it.:   4.0
      thresh= 1.000E-02 alpha_mix =  0.700 |ddv_scf|^2 =  9.427E-09

     Pert. #  1: Fermi energy shift (Ry) =     2.7786E-02    -3.3087E-24

      iter #   2 total cpu time : 64724.7 secs   av.it.:  15.0
      thresh= 9.709E-06 alpha_mix =  0.700 |ddv_scf|^2 =  5.482E-09

     Pert. #  1: Fermi energy shift (Ry) =    -1.0117E-02    -4.1359E-25

      iter #   3 total cpu time : 64958.5 secs   av.it.:  14.0
      thresh= 7.404E-06 alpha_mix =  0.700 |ddv_scf|^2 =  1.037E-10

     Pert. #  1: Fermi energy shift (Ry) =     1.7161E-03    -8.2718E-25

      iter #   4 total cpu time : 65208.7 secs   av.it.:  15.3
      thresh= 1.018E-06 alpha_mix =  0.700 |ddv_scf|^2 =  7.292E-12

     Pert. #  1: Fermi energy shift (Ry) =    -2.4988E-03    -1.6544E-24

      iter #   5 total cpu time : 65464.9 secs   av.it.:  16.0
      thresh= 2.700E-07 alpha_mix =  0.700 |ddv_scf|^2 =  1.055E-12

     Pert. #  1: Fermi energy shift (Ry) =    -1.1526E-03    -1.6544E-24

      iter #   6 total cpu time : 65718.6 secs   av.it.:  16.0
      thresh= 1.027E-07 alpha_mix =  0.700 |ddv_scf|^2 =  1.177E-13

     End of self-consistent calculation

     Convergence has been achieved 


     Representation # 48 mode #  48

     Self-consistent Calculation

     Pert. #  1: Fermi energy shift (Ry) =     4.6603E-02     8.4703E-22

      iter #   1 total cpu time : 65839.1 secs   av.it.:   4.0
      thresh= 1.000E-02 alpha_mix =  0.700 |ddv_scf|^2 =  1.073E-08

     Pert. #  1: Fermi energy shift (Ry) =    -3.6066E-02     1.3235E-23

      iter #   2 total cpu time : 66082.9 secs   av.it.:  15.0
      thresh= 1.036E-05 alpha_mix =  0.700 |ddv_scf|^2 =  8.685E-09

     Pert. #  1: Fermi energy shift (Ry) =     5.0761E-03     1.3235E-23

      iter #   3 total cpu time : 66318.2 secs   av.it.:  14.0
      thresh= 9.319E-06 alpha_mix =  0.700 |ddv_scf|^2 =  1.283E-10

     Pert. #  1: Fermi energy shift (Ry) =     2.4044E-03     1.3235E-23

      iter #   4 total cpu time : 66562.6 secs   av.it.:  15.0
      thresh= 1.133E-06 alpha_mix =  0.700 |ddv_scf|^2 =  9.250E-12

     Pert. #  1: Fermi energy shift (Ry) =     3.3574E-03     1.3235E-23

      iter #   5 total cpu time : 66809.5 secs   av.it.:  15.0
      thresh= 3.041E-07 alpha_mix =  0.700 |ddv_scf|^2 =  1.612E-12

     Pert. #  1: Fermi energy shift (Ry) =     3.3132E-03     1.3235E-23

      iter #   6 total cpu time : 67046.2 secs   av.it.:  15.0
      thresh= 1.270E-07 alpha_mix =  0.700 |ddv_scf|^2 =  1.114E-13

     End of self-consistent calculation

     Convergence has been achieved 


     Representation # 49 mode #  49

     Self-consistent Calculation

     Pert. #  1: Fermi energy shift (Ry) =     3.0525E-04     0.0000E+00

      iter #   1 total cpu time : 67149.1 secs   av.it.:   2.0
      thresh= 1.000E-02 alpha_mix =  0.700 |ddv_scf|^2 =  6.840E-10

     Pert. #  1: Fermi energy shift (Ry) =     1.8498E-03     0.0000E+00

      iter #   2 total cpu time : 67380.3 secs   av.it.:  14.0
      thresh= 2.615E-06 alpha_mix =  0.700 |ddv_scf|^2 =  3.069E-10

     Pert. #  1: Fermi energy shift (Ry) =    -2.2102E-03     0.0000E+00

      iter #   3 total cpu time : 67614.2 secs   av.it.:  14.0
      thresh= 1.752E-06 alpha_mix =  0.700 |ddv_scf|^2 =  1.919E-11

     Pert. #  1: Fermi energy shift (Ry) =     1.2103E-03     0.0000E+00

      iter #   4 total cpu time : 67855.1 secs   av.it.:  15.0
      thresh= 4.381E-07 alpha_mix =  0.700 |ddv_scf|^2 =  1.871E-12

     Pert. #  1: Fermi energy shift (Ry) =    -4.8075E-05     0.0000E+00

      iter #   5 total cpu time : 68107.5 secs   av.it.:  15.9
      thresh= 1.368E-07 alpha_mix =  0.700 |ddv_scf|^2 =  1.177E-13

     End of self-consistent calculation

     Convergence has been achieved 


     Representation # 50 mode #  50

     Self-consistent Calculation

     Pert. #  1: Fermi energy shift (Ry) =     1.7972E-04     8.4703E-22

      iter #   1 total cpu time : 68213.1 secs   av.it.:   2.0
      thresh= 1.000E-02 alpha_mix =  0.700 |ddv_scf|^2 =  1.350E-09

     Pert. #  1: Fermi energy shift (Ry) =    -3.6163E-03    -3.3087E-24

      iter #   2 total cpu time : 68445.7 secs   av.it.:  14.1
      thresh= 3.675E-06 alpha_mix =  0.700 |ddv_scf|^2 =  5.771E-10

     Pert. #  1: Fermi energy shift (Ry) =     2.9744E-03    -3.3087E-24

      iter #   3 total cpu time : 68681.1 secs   av.it.:  14.4
      thresh= 2.402E-06 alpha_mix =  0.700 |ddv_scf|^2 =  2.701E-11

     Pert. #  1: Fermi energy shift (Ry) =     9.5167E-04    -6.6174E-24

      iter #   4 total cpu time : 68918.0 secs   av.it.:  14.4
      thresh= 5.197E-07 alpha_mix =  0.700 |ddv_scf|^2 =  2.834E-12

     Pert. #  1: Fermi energy shift (Ry) =     7.3775E-04    -6.6174E-24

      iter #   5 total cpu time : 69161.1 secs   av.it.:  15.0
      thresh= 1.683E-07 alpha_mix =  0.700 |ddv_scf|^2 =  1.892E-13

     End of self-consistent calculation

     Convergence has been achieved 


     Representation # 51 mode #  51

     Self-consistent Calculation

     Pert. #  1: Fermi energy shift (Ry) =    -1.0688E-02    -2.1176E-22

      iter #   1 total cpu time : 69263.6 secs   av.it.:   2.0
      thresh= 1.000E-02 alpha_mix =  0.700 |ddv_scf|^2 =  1.069E-09

     Pert. #  1: Fermi energy shift (Ry) =     6.4483E-03    -6.6174E-24

      iter #   2 total cpu time : 69499.8 secs   av.it.:  14.6
      thresh= 3.270E-06 alpha_mix =  0.700 |ddv_scf|^2 =  4.874E-10

     Pert. #  1: Fermi energy shift (Ry) =    -4.1511E-04    -3.3087E-24

      iter #   3 total cpu time : 69737.6 secs   av.it.:  14.9
      thresh= 2.208E-06 alpha_mix =  0.700 |ddv_scf|^2 =  2.625E-11

     Pert. #  1: Fermi energy shift (Ry) =     5.3851E-04    -3.3087E-24

      iter #   4 total cpu time : 69974.6 secs   av.it.:  14.7
      thresh= 5.124E-07 alpha_mix =  0.700 |ddv_scf|^2 =  1.936E-12

     Pert. #  1: Fermi energy shift (Ry) =     8.3062E-04    -3.3087E-24

      iter #   5 total cpu time : 70215.4 secs   av.it.:  15.0
      thresh= 1.391E-07 alpha_mix =  0.700 |ddv_scf|^2 =  1.423E-13

     End of self-consistent calculation

     Convergence has been achieved 


     Representation # 52 mode #  52

     Self-consistent Calculation

     Pert. #  1: Fermi energy shift (Ry) =     1.4688E-02     0.0000E+00

      iter #   1 total cpu time : 70324.1 secs   av.it.:   3.0
      thresh= 1.000E-02 alpha_mix =  0.700 |ddv_scf|^2 =  7.491E-10

     Pert. #  1: Fermi energy shift (Ry) =    -3.5602E-03     0.0000E+00

      iter #   2 total cpu time : 70568.3 secs   av.it.:  15.0
      thresh= 2.737E-06 alpha_mix =  0.700 |ddv_scf|^2 =  3.738E-10

     Pert. #  1: Fermi energy shift (Ry) =    -1.3964E-03     0.0000E+00

      iter #   3 total cpu time : 70807.2 secs   av.it.:  14.9
      thresh= 1.933E-06 alpha_mix =  0.700 |ddv_scf|^2 =  1.520E-11

     Pert. #  1: Fermi energy shift (Ry) =    -9.2988E-04     0.0000E+00

      iter #   4 total cpu time : 71044.7 secs   av.it.:  14.7
      thresh= 3.898E-07 alpha_mix =  0.700 |ddv_scf|^2 =  1.446E-12

     Pert. #  1: Fermi energy shift (Ry) =    -1.6942E-03     0.0000E+00

      iter #   5 total cpu time : 71296.8 secs   av.it.:  16.0
      thresh= 1.203E-07 alpha_mix =  0.700 |ddv_scf|^2 =  1.336E-13

     End of self-consistent calculation

     Convergence has been achieved 


     Representation # 53 mode #  53

     Self-consistent Calculation

     Pert. #  1: Fermi energy shift (Ry) =     3.2425E-02    -1.6941E-21

      iter #   1 total cpu time : 71407.6 secs   av.it.:   3.0
      thresh= 1.000E-02 alpha_mix =  0.700 |ddv_scf|^2 =  1.496E-09

     Pert. #  1: Fermi energy shift (Ry) =    -1.8074E-02    -3.3087E-24

      iter #   2 total cpu time : 71654.2 secs   av.it.:  15.0
      thresh= 3.868E-06 alpha_mix =  0.700 |ddv_scf|^2 =  6.777E-10

     Pert. #  1: Fermi energy shift (Ry) =     2.9204E-03    -6.6174E-24

      iter #   3 total cpu time : 71898.7 secs   av.it.:  15.0
      thresh= 2.603E-06 alpha_mix =  0.700 |ddv_scf|^2 =  2.013E-11

     Pert. #  1: Fermi energy shift (Ry) =    -1.6784E-03    -3.3087E-24

      iter #   4 total cpu time : 72146.2 secs   av.it.:  15.0
      thresh= 4.487E-07 alpha_mix =  0.700 |ddv_scf|^2 =  1.901E-12

     Pert. #  1: Fermi energy shift (Ry) =    -1.0838E-03    -3.3087E-24

      iter #   5 total cpu time : 72390.2 secs   av.it.:  15.0
      thresh= 1.379E-07 alpha_mix =  0.700 |ddv_scf|^2 =  1.833E-13

     End of self-consistent calculation

     Convergence has been achieved 


     Representation # 54 mode #  54

     Self-consistent Calculation

     Pert. #  1: Fermi energy shift (Ry) =     2.7163E-02     8.4703E-22

      iter #   1 total cpu time : 72496.6 secs   av.it.:   2.2
      thresh= 1.000E-02 alpha_mix =  0.700 |ddv_scf|^2 =  1.108E-09

     Pert. #  1: Fermi energy shift (Ry) =    -8.1456E-03     8.2718E-25

      iter #   2 total cpu time : 72737.6 secs   av.it.:  14.9
      thresh= 3.329E-06 alpha_mix =  0.700 |ddv_scf|^2 =  6.060E-10

     Pert. #  1: Fermi energy shift (Ry) =     1.7844E-03    -8.2718E-25

      iter #   3 total cpu time : 72980.3 secs   av.it.:  14.0
      thresh= 2.462E-06 alpha_mix =  0.700 |ddv_scf|^2 =  2.701E-11

     Pert. #  1: Fermi energy shift (Ry) =     1.8503E-03    -8.2718E-25

      iter #   4 total cpu time : 73213.4 secs   av.it.:  14.5
      thresh= 5.197E-07 alpha_mix =  0.700 |ddv_scf|^2 =  1.779E-12

     Pert. #  1: Fermi energy shift (Ry) =     9.2365E-04    -8.2718E-25

      iter #   5 total cpu time : 73461.5 secs   av.it.:  15.0
      thresh= 1.334E-07 alpha_mix =  0.700 |ddv_scf|^2 =  1.498E-13

     End of self-consistent calculation

     Convergence has been achieved 


     Representation # 55 mode #  55

     Self-consistent Calculation

     Pert. #  1: Fermi energy shift (Ry) =    -8.6079E-03     0.0000E+00

      iter #   1 total cpu time : 73566.9 secs   av.it.:   2.0
      thresh= 1.000E-02 alpha_mix =  0.700 |ddv_scf|^2 =  6.943E-10

     Pert. #  1: Fermi energy shift (Ry) =    -1.1822E-02     0.0000E+00

      iter #   2 total cpu time : 73810.2 secs   av.it.:  15.0
      thresh= 2.635E-06 alpha_mix =  0.700 |ddv_scf|^2 =  3.926E-10

     Pert. #  1: Fermi energy shift (Ry) =     4.2768E-03     0.0000E+00

      iter #   3 total cpu time : 74054.7 secs   av.it.:  15.0
      thresh= 1.982E-06 alpha_mix =  0.700 |ddv_scf|^2 =  1.615E-11

     Pert. #  1: Fermi energy shift (Ry) =    -2.1201E-03     0.0000E+00

      iter #   4 total cpu time : 74304.8 secs   av.it.:  15.1
      thresh= 4.018E-07 alpha_mix =  0.700 |ddv_scf|^2 =  1.703E-12

     Pert. #  1: Fermi energy shift (Ry) =    -7.9673E-04     0.0000E+00

      iter #   5 total cpu time : 74555.9 secs   av.it.:  15.5
      thresh= 1.305E-07 alpha_mix =  0.700 |ddv_scf|^2 =  1.220E-13

     End of self-consistent calculation

     Convergence has been achieved 


     Representation # 56 mode #  56

     Self-consistent Calculation

     Pert. #  1: Fermi energy shift (Ry) =    -3.3773E-02    -1.6941E-21

      iter #   1 total cpu time : 74663.5 secs   av.it.:   3.0
      thresh= 1.000E-02 alpha_mix =  0.700 |ddv_scf|^2 =  1.365E-09

     Pert. #  1: Fermi energy shift (Ry) =     1.7854E-02    -1.3235E-23

      iter #   2 total cpu time : 74912.0 secs   av.it.:  15.1
      thresh= 3.695E-06 alpha_mix =  0.700 |ddv_scf|^2 =  6.021E-10

     Pert. #  1: Fermi energy shift (Ry) =     6.0285E-03    -2.6470E-23

      iter #   3 total cpu time : 75156.9 secs   av.it.:  15.0
      thresh= 2.454E-06 alpha_mix =  0.700 |ddv_scf|^2 =  1.432E-11

     Pert. #  1: Fermi energy shift (Ry) =     4.6908E-03    -2.6470E-23

      iter #   4 total cpu time : 75402.4 secs   av.it.:  15.0
      thresh= 3.784E-07 alpha_mix =  0.700 |ddv_scf|^2 =  1.389E-12

     Pert. #  1: Fermi energy shift (Ry) =     5.4779E-03    -2.6470E-23

      iter #   5 total cpu time : 75648.2 secs   av.it.:  15.0
      thresh= 1.179E-07 alpha_mix =  0.700 |ddv_scf|^2 =  1.418E-13

     End of self-consistent calculation

     Convergence has been achieved 


     Representation # 57 mode #  57

     Self-consistent Calculation

     Pert. #  1: Fermi energy shift (Ry) =    -2.1382E-02    -8.4703E-22

      iter #   1 total cpu time : 75752.5 secs   av.it.:   2.1
      thresh= 1.000E-02 alpha_mix =  0.700 |ddv_scf|^2 =  1.070E-09

     Pert. #  1: Fermi energy shift (Ry) =     1.6107E-02     4.1359E-25

      iter #   2 total cpu time : 75994.6 secs   av.it.:  15.0
      thresh= 3.272E-06 alpha_mix =  0.700 |ddv_scf|^2 =  5.330E-10

     Pert. #  1: Fermi energy shift (Ry) =    -1.2722E-03    -3.3087E-24

      iter #   3 total cpu time : 76234.7 secs   av.it.:  15.0
      thresh= 2.309E-06 alpha_mix =  0.700 |ddv_scf|^2 =  2.294E-11

     Pert. #  1: Fermi energy shift (Ry) =     1.1233E-03    -3.3087E-24

      iter #   4 total cpu time : 76476.6 secs   av.it.:  15.0
      thresh= 4.790E-07 alpha_mix =  0.700 |ddv_scf|^2 =  1.304E-12

     Pert. #  1: Fermi energy shift (Ry) =     1.6835E-03    -3.3087E-24

      iter #   5 total cpu time : 76723.6 secs   av.it.:  15.0
      thresh= 1.142E-07 alpha_mix =  0.700 |ddv_scf|^2 =  1.896E-13

     End of self-consistent calculation

     Convergence has been achieved 


     Representation # 58 mode #  58

     Self-consistent Calculation

     Pert. #  1: Fermi energy shift (Ry) =    -3.0766E-03     0.0000E+00

      iter #   1 total cpu time : 76830.6 secs   av.it.:   2.4
      thresh= 1.000E-02 alpha_mix =  0.700 |ddv_scf|^2 =  6.974E-10

     Pert. #  1: Fermi energy shift (Ry) =    -5.1421E-04     0.0000E+00

      iter #   2 total cpu time : 77064.3 secs   av.it.:  14.7
      thresh= 2.641E-06 alpha_mix =  0.700 |ddv_scf|^2 =  3.354E-10

     Pert. #  1: Fermi energy shift (Ry) =     3.1995E-03     0.0000E+00

      iter #   3 total cpu time : 77301.6 secs   av.it.:  14.9
      thresh= 1.832E-06 alpha_mix =  0.700 |ddv_scf|^2 =  1.744E-11

     Pert. #  1: Fermi energy shift (Ry) =     9.0887E-04     0.0000E+00

      iter #   4 total cpu time : 77540.5 secs   av.it.:  15.0
      thresh= 4.176E-07 alpha_mix =  0.700 |ddv_scf|^2 =  1.744E-12

     Pert. #  1: Fermi energy shift (Ry) =     2.1744E-03     0.0000E+00

      iter #   5 total cpu time : 77792.8 secs   av.it.:  15.9
      thresh= 1.321E-07 alpha_mix =  0.700 |ddv_scf|^2 =  1.363E-13

     End of self-consistent calculation

     Convergence has been achieved 


     Representation # 59 mode #  59

     Self-consistent Calculation

     Pert. #  1: Fermi energy shift (Ry) =    -3.0411E-03     1.6941E-21

      iter #   1 total cpu time : 77901.5 secs   av.it.:   3.0
      thresh= 1.000E-02 alpha_mix =  0.700 |ddv_scf|^2 =  1.368E-09

     Pert. #  1: Fermi energy shift (Ry) =     7.4389E-03    -1.6544E-24

      iter #   2 total cpu time : 78141.3 secs   av.it.:  15.0
      thresh= 3.699E-06 alpha_mix =  0.700 |ddv_scf|^2 =  6.021E-10

     Pert. #  1: Fermi energy shift (Ry) =     5.4567E-03    -6.6174E-24

      iter #   3 total cpu time : 78380.1 secs   av.it.:  15.0
      thresh= 2.454E-06 alpha_mix =  0.700 |ddv_scf|^2 =  2.411E-11

     Pert. #  1: Fermi energy shift (Ry) =     4.3780E-03    -6.6174E-24

      iter #   4 total cpu time : 78617.4 secs   av.it.:  15.0
      thresh= 4.910E-07 alpha_mix =  0.700 |ddv_scf|^2 =  2.428E-12

     Pert. #  1: Fermi energy shift (Ry) =     5.3271E-03    -3.3087E-24

      iter #   5 total cpu time : 78866.2 secs   av.it.:  15.0
      thresh= 1.558E-07 alpha_mix =  0.700 |ddv_scf|^2 =  1.745E-13

     End of self-consistent calculation

     Convergence has been achieved 


     Representation # 60 mode #  60

     Self-consistent Calculation

     Pert. #  1: Fermi energy shift (Ry) =     3.5438E-02    -1.6941E-21

      iter #   1 total cpu time : 78975.8 secs   av.it.:   3.0
      thresh= 1.000E-02 alpha_mix =  0.700 |ddv_scf|^2 =  1.119E-09

     Pert. #  1: Fermi energy shift (Ry) =    -1.3136E-02     8.2718E-25

      iter #   2 total cpu time : 79219.9 secs   av.it.:  15.0
      thresh= 3.345E-06 alpha_mix =  0.700 |ddv_scf|^2 =  5.674E-10

     Pert. #  1: Fermi energy shift (Ry) =     1.6771E-03     8.2718E-25

      iter #   3 total cpu time : 79460.4 secs   av.it.:  15.0
      thresh= 2.382E-06 alpha_mix =  0.700 |ddv_scf|^2 =  2.413E-11

     Pert. #  1: Fermi energy shift (Ry) =    -3.9108E-04     4.1359E-25

      iter #   4 total cpu time : 79702.9 secs   av.it.:  15.0
      thresh= 4.912E-07 alpha_mix =  0.700 |ddv_scf|^2 =  1.778E-12

     Pert. #  1: Fermi energy shift (Ry) =    -3.5451E-04     4.1359E-25

      iter #   5 total cpu time : 79942.1 secs   av.it.:  15.0
      thresh= 1.334E-07 alpha_mix =  0.700 |ddv_scf|^2 =  1.420E-13

     End of self-consistent calculation

     Convergence has been achieved 


     Representation # 61 mode #  61

     Self-consistent Calculation

     Pert. #  1: Fermi energy shift (Ry) =     1.6161E-03     0.0000E+00

      iter #   1 total cpu time : 80046.2 secs   av.it.:   2.0
      thresh= 1.000E-02 alpha_mix =  0.700 |ddv_scf|^2 =  6.547E-10

     Pert. #  1: Fermi energy shift (Ry) =     1.3931E-03     0.0000E+00

      iter #   2 total cpu time : 80282.8 secs   av.it.:  14.6
      thresh= 2.559E-06 alpha_mix =  0.700 |ddv_scf|^2 =  3.143E-10

     Pert. #  1: Fermi energy shift (Ry) =     5.4293E-04     0.0000E+00

      iter #   3 total cpu time : 80515.6 secs   av.it.:  14.0
      thresh= 1.773E-06 alpha_mix =  0.700 |ddv_scf|^2 =  1.297E-11

     Pert. #  1: Fermi energy shift (Ry) =     1.4119E-03     0.0000E+00

      iter #   4 total cpu time : 80755.0 secs   av.it.:  15.0
      thresh= 3.601E-07 alpha_mix =  0.700 |ddv_scf|^2 =  1.907E-12

     Pert. #  1: Fermi energy shift (Ry) =     8.5546E-04     0.0000E+00

      iter #   5 total cpu time : 80999.8 secs   av.it.:  15.0
      thresh= 1.381E-07 alpha_mix =  0.700 |ddv_scf|^2 =  1.265E-13

     End of self-consistent calculation

     Convergence has been achieved 


     Representation # 62 mode #  62

     Self-consistent Calculation

     Pert. #  1: Fermi energy shift (Ry) =     1.0937E-02     4.2352E-22

      iter #   1 total cpu time : 81107.6 secs   av.it.:   3.0
      thresh= 1.000E-02 alpha_mix =  0.700 |ddv_scf|^2 =  1.327E-09

     Pert. #  1: Fermi energy shift (Ry) =    -7.2073E-03    -3.3087E-24

      iter #   2 total cpu time : 81344.1 secs   av.it.:  15.0
      thresh= 3.642E-06 alpha_mix =  0.700 |ddv_scf|^2 =  8.499E-10

     Pert. #  1: Fermi energy shift (Ry) =     3.5758E-03    -8.2718E-25

      iter #   3 total cpu time : 81578.9 secs   av.it.:  14.0
      thresh= 2.915E-06 alpha_mix =  0.700 |ddv_scf|^2 =  1.949E-11

     Pert. #  1: Fermi energy shift (Ry) =    -1.8904E-04    -1.6544E-24

      iter #   4 total cpu time : 81825.9 secs   av.it.:  15.0
      thresh= 4.415E-07 alpha_mix =  0.700 |ddv_scf|^2 =  1.568E-12

     Pert. #  1: Fermi energy shift (Ry) =     9.5335E-04    -1.6544E-24

      iter #   5 total cpu time : 82079.6 secs   av.it.:  16.0
      thresh= 1.252E-07 alpha_mix =  0.700 |ddv_scf|^2 =  1.160E-13

     End of self-consistent calculation

     Convergence has been achieved 


     Representation # 63 mode #  63

     Self-consistent Calculation

     Pert. #  1: Fermi energy shift (Ry) =    -1.5697E-02    -4.2352E-22

      iter #   1 total cpu time : 82186.8 secs   av.it.:   2.9
      thresh= 1.000E-02 alpha_mix =  0.700 |ddv_scf|^2 =  1.468E-09

     Pert. #  1: Fermi energy shift (Ry) =     8.1699E-03    -1.3235E-23

      iter #   2 total cpu time : 82425.6 secs   av.it.:  14.9
      thresh= 3.831E-06 alpha_mix =  0.700 |ddv_scf|^2 =  9.681E-10

     Pert. #  1: Fermi energy shift (Ry) =     1.0233E-04    -1.3235E-23

      iter #   3 total cpu time : 82658.4 secs   av.it.:  14.0
      thresh= 3.111E-06 alpha_mix =  0.700 |ddv_scf|^2 =  2.516E-11

     Pert. #  1: Fermi energy shift (Ry) =    -1.4025E-03    -1.3235E-23

      iter #   4 total cpu time : 82897.0 secs   av.it.:  15.0
      thresh= 5.016E-07 alpha_mix =  0.700 |ddv_scf|^2 =  1.892E-12

     Pert. #  1: Fermi energy shift (Ry) =    -4.3112E-04    -1.3235E-23

      iter #   5 total cpu time : 83143.1 secs   av.it.:  15.0
      thresh= 1.375E-07 alpha_mix =  0.700 |ddv_scf|^2 =  1.316E-13

     End of self-consistent calculation

     Convergence has been achieved 


     Representation # 64 mode #  64

     Self-consistent Calculation

     Pert. #  1: Fermi energy shift (Ry) =     5.1681E-04     0.0000E+00

      iter #   1 total cpu time : 83249.5 secs   av.it.:   2.4
      thresh= 1.000E-02 alpha_mix =  0.700 |ddv_scf|^2 =  6.186E-10

     Pert. #  1: Fermi energy shift (Ry) =    -5.3766E-03     0.0000E+00

      iter #   2 total cpu time : 83490.9 secs   av.it.:  15.0
      thresh= 2.487E-06 alpha_mix =  0.700 |ddv_scf|^2 =  2.831E-10

     Pert. #  1: Fermi energy shift (Ry) =     1.5297E-03     0.0000E+00

      iter #   3 total cpu time : 83729.6 secs   av.it.:  14.9
      thresh= 1.683E-06 alpha_mix =  0.700 |ddv_scf|^2 =  1.053E-11

     Pert. #  1: Fermi energy shift (Ry) =     2.7755E-04     0.0000E+00

      iter #   4 total cpu time : 83971.6 secs   av.it.:  15.0
      thresh= 3.244E-07 alpha_mix =  0.700 |ddv_scf|^2 =  1.532E-12

     Pert. #  1: Fermi energy shift (Ry) =     2.8880E-05     0.0000E+00

      iter #   5 total cpu time : 84215.5 secs   av.it.:  15.0
      thresh= 1.238E-07 alpha_mix =  0.700 |ddv_scf|^2 =  1.389E-13

     End of self-consistent calculation

     Convergence has been achieved 


     Representation # 65 mode #  65

     Self-consistent Calculation

     Pert. #  1: Fermi energy shift (Ry) =     1.1438E-02     8.4703E-22

      iter #   1 total cpu time : 84327.3 secs   av.it.:   3.0
      thresh= 1.000E-02 alpha_mix =  0.700 |ddv_scf|^2 =  1.425E-09

     Pert. #  1: Fermi energy shift (Ry) =    -4.4776E-03    -6.6174E-24

      iter #   2 total cpu time : 84572.2 secs   av.it.:  15.1
      thresh= 3.775E-06 alpha_mix =  0.700 |ddv_scf|^2 =  9.593E-10

     Pert. #  1: Fermi energy shift (Ry) =     1.9304E-03    -4.1359E-25

      iter #   3 total cpu time : 84810.3 secs   av.it.:  14.9
      thresh= 3.097E-06 alpha_mix =  0.700 |ddv_scf|^2 =  1.739E-11

     Pert. #  1: Fermi energy shift (Ry) =    -4.9710E-04    -8.2718E-25

      iter #   4 total cpu time : 85058.6 secs   av.it.:  15.1
      thresh= 4.170E-07 alpha_mix =  0.700 |ddv_scf|^2 =  1.255E-12

     Pert. #  1: Fermi energy shift (Ry) =     4.2497E-04    -1.6544E-24

      iter #   5 total cpu time : 85312.9 secs   av.it.:  16.0
      thresh= 1.120E-07 alpha_mix =  0.700 |ddv_scf|^2 =  1.075E-13

     End of self-consistent calculation

     Convergence has been achieved 


     Representation # 66 mode #  66

     Self-consistent Calculation

     Pert. #  1: Fermi energy shift (Ry) =     1.2595E-02    -8.4703E-22

      iter #   1 total cpu time : 85421.7 secs   av.it.:   3.0
      thresh= 1.000E-02 alpha_mix =  0.700 |ddv_scf|^2 =  1.391E-09

     Pert. #  1: Fermi energy shift (Ry) =     1.1084E-03     6.6174E-24

      iter #   2 total cpu time : 85657.5 secs   av.it.:  14.9
      thresh= 3.730E-06 alpha_mix =  0.700 |ddv_scf|^2 =  8.841E-10

     Pert. #  1: Fermi energy shift (Ry) =    -2.0050E-04     1.6544E-24

      iter #   3 total cpu time : 85888.7 secs   av.it.:  14.0
      thresh= 2.973E-06 alpha_mix =  0.700 |ddv_scf|^2 =  2.310E-11

     Pert. #  1: Fermi energy shift (Ry) =     1.8382E-03     1.6544E-24

      iter #   4 total cpu time : 86133.2 secs   av.it.:  15.0
      thresh= 4.806E-07 alpha_mix =  0.700 |ddv_scf|^2 =  2.307E-12

     Pert. #  1: Fermi energy shift (Ry) =     1.3560E-03     1.6544E-24

      iter #   5 total cpu time : 86378.7 secs   av.it.:  15.0
      thresh= 1.519E-07 alpha_mix =  0.700 |ddv_scf|^2 =  1.236E-13

     End of self-consistent calculation

     Convergence has been achieved 


     Representation # 67 mode #  67

     Self-consistent Calculation

     Pert. #  1: Fermi energy shift (Ry) =     1.3119E-02     0.0000E+00

      iter #   1 total cpu time : 86487.0 secs   av.it.:   3.0
      thresh= 1.000E-02 alpha_mix =  0.700 |ddv_scf|^2 =  8.369E-10

     Pert. #  1: Fermi energy shift (Ry) =     9.3330E-03     0.0000E+00

      iter #   2 total cpu time : 86729.3 secs   av.it.:  15.0
      thresh= 2.893E-06 alpha_mix =  0.700 |ddv_scf|^2 =  4.737E-10

     Pert. #  1: Fermi energy shift (Ry) =     8.2649E-03     0.0000E+00

      iter #   3 total cpu time : 86970.1 secs   av.it.:  15.0
      thresh= 2.176E-06 alpha_mix =  0.700 |ddv_scf|^2 =  1.308E-11

     Pert. #  1: Fermi energy shift (Ry) =     4.6673E-03     0.0000E+00

      iter #   4 total cpu time : 87217.1 secs   av.it.:  15.0
      thresh= 3.617E-07 alpha_mix =  0.700 |ddv_scf|^2 =  1.936E-12

     Pert. #  1: Fermi energy shift (Ry) =     6.0243E-03     0.0000E+00

      iter #   5 total cpu time : 87465.2 secs   av.it.:  15.0
      thresh= 1.391E-07 alpha_mix =  0.700 |ddv_scf|^2 =  1.271E-13

     End of self-consistent calculation

     Convergence has been achieved 


     Representation # 68 mode #  68

     Self-consistent Calculation

     Pert. #  1: Fermi energy shift (Ry) =    -4.5885E-02     8.4703E-22

      iter #   1 total cpu time : 87577.6 secs   av.it.:   3.0
      thresh= 1.000E-02 alpha_mix =  0.700 |ddv_scf|^2 =  1.904E-09

     Pert. #  1: Fermi energy shift (Ry) =     2.3983E-02     6.6174E-24

      iter #   2 total cpu time : 87831.8 secs   av.it.:  16.0
      thresh= 4.363E-06 alpha_mix =  0.700 |ddv_scf|^2 =  1.397E-09

     Pert. #  1: Fermi energy shift (Ry) =    -1.2080E-02     1.3235E-23

      iter #   3 total cpu time : 88079.5 secs   av.it.:  15.0
      thresh= 3.737E-06 alpha_mix =  0.700 |ddv_scf|^2 =  1.916E-11

     Pert. #  1: Fermi energy shift (Ry) =    -5.2742E-03     1.3235E-23

      iter #   4 total cpu time : 88330.5 secs   av.it.:  15.3
      thresh= 4.377E-07 alpha_mix =  0.700 |ddv_scf|^2 =  1.797E-12

     Pert. #  1: Fermi energy shift (Ry) =    -6.1314E-03     1.3235E-23

      iter #   5 total cpu time : 88583.8 secs   av.it.:  16.0
      thresh= 1.341E-07 alpha_mix =  0.700 |ddv_scf|^2 =  1.210E-13

     End of self-consistent calculation

     Convergence has been achieved 


     Representation # 69 mode #  69

     Self-consistent Calculation

     Pert. #  1: Fermi energy shift (Ry) =    -6.9113E-02     3.3881E-21

      iter #   1 total cpu time : 88691.9 secs   av.it.:   3.0
      thresh= 1.000E-02 alpha_mix =  0.700 |ddv_scf|^2 =  1.410E-09

     Pert. #  1: Fermi energy shift (Ry) =     4.7371E-02     4.1359E-25

      iter #   2 total cpu time : 88941.7 secs   av.it.:  15.1
      thresh= 3.754E-06 alpha_mix =  0.700 |ddv_scf|^2 =  8.921E-10

     Pert. #  1: Fermi energy shift (Ry) =    -7.3511E-03    -6.6174E-24

      iter #   3 total cpu time : 89187.5 secs   av.it.:  15.0
      thresh= 2.987E-06 alpha_mix =  0.700 |ddv_scf|^2 =  2.157E-11

     Pert. #  1: Fermi energy shift (Ry) =    -3.5601E-03    -3.3087E-24

      iter #   4 total cpu time : 89433.8 secs   av.it.:  15.0
      thresh= 4.644E-07 alpha_mix =  0.700 |ddv_scf|^2 =  2.713E-12

     Pert. #  1: Fermi energy shift (Ry) =    -2.1847E-03    -3.3087E-24

      iter #   5 total cpu time : 89679.0 secs   av.it.:  15.0
      thresh= 1.647E-07 alpha_mix =  0.700 |ddv_scf|^2 =  1.758E-13

     End of self-consistent calculation

     Convergence has been achieved 


     Representation # 70 mode #  70

     Self-consistent Calculation

     Pert. #  1: Fermi energy shift (Ry) =    -9.1399E-04     0.0000E+00

      iter #   1 total cpu time : 89784.3 secs   av.it.:   2.0
      thresh= 1.000E-02 alpha_mix =  0.700 |ddv_scf|^2 =  6.253E-10

     Pert. #  1: Fermi energy shift (Ry) =    -1.1277E-03     0.0000E+00

      iter #   2 total cpu time : 90018.7 secs   av.it.:  14.6
      thresh= 2.501E-06 alpha_mix =  0.700 |ddv_scf|^2 =  2.853E-10

     Pert. #  1: Fermi energy shift (Ry) =     3.8738E-04     0.0000E+00

      iter #   3 total cpu time : 90253.5 secs   av.it.:  14.2
      thresh= 1.689E-06 alpha_mix =  0.700 |ddv_scf|^2 =  1.318E-11

     Pert. #  1: Fermi energy shift (Ry) =    -5.4229E-04     0.0000E+00

      iter #   4 total cpu time : 90491.7 secs   av.it.:  15.0
      thresh= 3.631E-07 alpha_mix =  0.700 |ddv_scf|^2 =  1.523E-12

     Pert. #  1: Fermi energy shift (Ry) =     2.4407E-04     0.0000E+00

      iter #   5 total cpu time : 90739.8 secs   av.it.:  15.0
      thresh= 1.234E-07 alpha_mix =  0.700 |ddv_scf|^2 =  1.360E-13

     End of self-consistent calculation

     Convergence has been achieved 


     Representation # 71 mode #  71

     Self-consistent Calculation

     Pert. #  1: Fermi energy shift (Ry) =    -1.5106E-02     2.1176E-22

      iter #   1 total cpu time : 90850.0 secs   av.it.:   3.0
      thresh= 1.000E-02 alpha_mix =  0.700 |ddv_scf|^2 =  1.350E-09

     Pert. #  1: Fermi energy shift (Ry) =     1.1492E-02    -1.6544E-24

      iter #   2 total cpu time : 91091.6 secs   av.it.:  15.0
      thresh= 3.674E-06 alpha_mix =  0.700 |ddv_scf|^2 =  8.642E-10

     Pert. #  1: Fermi energy shift (Ry) =    -4.0404E-03     1.6544E-24

      iter #   3 total cpu time : 91327.0 secs   av.it.:  14.6
      thresh= 2.940E-06 alpha_mix =  0.700 |ddv_scf|^2 =  1.877E-11

     Pert. #  1: Fermi energy shift (Ry) =     4.3220E-04     1.6544E-24

      iter #   4 total cpu time : 91576.6 secs   av.it.:  15.1
      thresh= 4.332E-07 alpha_mix =  0.700 |ddv_scf|^2 =  1.482E-12

     Pert. #  1: Fermi energy shift (Ry) =    -8.6613E-04     1.6544E-24

      iter #   5 total cpu time : 91829.6 secs   av.it.:  16.0
      thresh= 1.217E-07 alpha_mix =  0.700 |ddv_scf|^2 =  1.233E-13

     End of self-consistent calculation

     Convergence has been achieved 


     Representation # 72 mode #  72

     Self-consistent Calculation

     Pert. #  1: Fermi energy shift (Ry) =     1.7415E-02     8.4703E-22

      iter #   1 total cpu time : 91939.0 secs   av.it.:   3.0
      thresh= 1.000E-02 alpha_mix =  0.700 |ddv_scf|^2 =  1.464E-09

     Pert. #  1: Fermi energy shift (Ry) =    -1.5388E-02     1.3235E-23

      iter #   2 total cpu time : 92182.1 secs   av.it.:  15.0
      thresh= 3.826E-06 alpha_mix =  0.700 |ddv_scf|^2 =  9.576E-10

     Pert. #  1: Fermi energy shift (Ry) =     2.7470E-03     6.6174E-24

      iter #   3 total cpu time : 92419.8 secs   av.it.:  14.4
      thresh= 3.094E-06 alpha_mix =  0.700 |ddv_scf|^2 =  2.315E-11

     Pert. #  1: Fermi energy shift (Ry) =    -2.2023E-04     6.6174E-24

      iter #   4 total cpu time : 92664.3 secs   av.it.:  15.0
      thresh= 4.812E-07 alpha_mix =  0.700 |ddv_scf|^2 =  1.920E-12

     Pert. #  1: Fermi energy shift (Ry) =     2.3166E-04     6.6174E-24

      iter #   5 total cpu time : 92907.7 secs   av.it.:  15.0
      thresh= 1.385E-07 alpha_mix =  0.700 |ddv_scf|^2 =  1.401E-13

     End of self-consistent calculation

     Convergence has been achieved 


     Representation # 73 mode #  73

     Self-consistent Calculation

     Pert. #  1: Fermi energy shift (Ry) =     4.5231E-05     0.0000E+00

      iter #   1 total cpu time : 93013.5 secs   av.it.:   2.0
      thresh= 1.000E-02 alpha_mix =  0.700 |ddv_scf|^2 =  1.071E-09

     Pert. #  1: Fermi energy shift (Ry) =     3.0642E-03     0.0000E+00

      iter #   2 total cpu time : 93236.1 secs   av.it.:  14.0
      thresh= 3.272E-06 alpha_mix =  0.700 |ddv_scf|^2 =  5.343E-10

     Pert. #  1: Fermi energy shift (Ry) =     9.5277E-04     0.0000E+00

      iter #   3 total cpu time : 93463.2 secs   av.it.:  14.0
      thresh= 2.311E-06 alpha_mix =  0.700 |ddv_scf|^2 =  1.464E-11

     Pert. #  1: Fermi energy shift (Ry) =    -4.9527E-04     0.0000E+00

      iter #   4 total cpu time : 93708.3 secs   av.it.:  15.0
      thresh= 3.827E-07 alpha_mix =  0.700 |ddv_scf|^2 =  3.163E-12

     Pert. #  1: Fermi energy shift (Ry) =     6.8526E-04     0.0000E+00

      iter #   5 total cpu time : 93952.4 secs   av.it.:  15.0
      thresh= 1.778E-07 alpha_mix =  0.700 |ddv_scf|^2 =  1.667E-13

     End of self-consistent calculation

     Convergence has been achieved 


     Representation # 74 mode #  74

     Self-consistent Calculation

     Pert. #  1: Fermi energy shift (Ry) =     6.4403E-03    -4.2352E-22

      iter #   1 total cpu time : 94054.9 secs   av.it.:   2.0
      thresh= 1.000E-02 alpha_mix =  0.700 |ddv_scf|^2 =  8.610E-10

     Pert. #  1: Fermi energy shift (Ry) =    -6.7464E-03    -3.3087E-24

      iter #   2 total cpu time : 94282.4 secs   av.it.:  14.0
      thresh= 2.934E-06 alpha_mix =  0.700 |ddv_scf|^2 =  2.983E-10

     Pert. #  1: Fermi energy shift (Ry) =     3.4004E-03    -3.3087E-24

      iter #   3 total cpu time : 94520.7 secs   av.it.:  15.0
      thresh= 1.727E-06 alpha_mix =  0.700 |ddv_scf|^2 =  1.956E-11

     Pert. #  1: Fermi energy shift (Ry) =    -1.1567E-03    -3.3087E-24

      iter #   4 total cpu time : 94769.6 secs   av.it.:  15.0
      thresh= 4.422E-07 alpha_mix =  0.700 |ddv_scf|^2 =  8.193E-13

     End of self-consistent calculation

     Convergence has been achieved 


     Representation # 75 mode #  75

     Self-consistent Calculation

     Pert. #  1: Fermi energy shift (Ry) =     4.8771E-04     8.4703E-22

      iter #   1 total cpu time : 94876.7 secs   av.it.:   2.4
      thresh= 1.000E-02 alpha_mix =  0.700 |ddv_scf|^2 =  1.390E-09

     Pert. #  1: Fermi energy shift (Ry) =     6.2229E-04     6.6174E-24

      iter #   2 total cpu time : 95107.7 secs   av.it.:  14.1
      thresh= 3.728E-06 alpha_mix =  0.700 |ddv_scf|^2 =  7.053E-10

     Pert. #  1: Fermi energy shift (Ry) =    -2.9153E-04     1.3235E-23

      iter #   3 total cpu time : 95342.1 secs   av.it.:  14.0
      thresh= 2.656E-06 alpha_mix =  0.700 |ddv_scf|^2 =  2.966E-11

     Pert. #  1: Fermi energy shift (Ry) =     1.9113E-04     1.3235E-23

      iter #   4 total cpu time : 95581.8 secs   av.it.:  15.0
      thresh= 5.447E-07 alpha_mix =  0.700 |ddv_scf|^2 =  2.048E-12

     Pert. #  1: Fermi energy shift (Ry) =     4.1696E-04     1.3235E-23

      iter #   5 total cpu time : 95822.5 secs   av.it.:  15.0
      thresh= 1.431E-07 alpha_mix =  0.700 |ddv_scf|^2 =  1.390E-13

     End of self-consistent calculation

     Convergence has been achieved 


     Representation # 76 mode #  76

     Self-consistent Calculation

     Pert. #  1: Fermi energy shift (Ry) =     1.7253E-03     0.0000E+00

      iter #   1 total cpu time : 95929.9 secs   av.it.:   2.6
      thresh= 1.000E-02 alpha_mix =  0.700 |ddv_scf|^2 =  9.862E-10

     Pert. #  1: Fermi energy shift (Ry) =    -1.2045E-03     0.0000E+00

      iter #   2 total cpu time : 96164.5 secs   av.it.:  14.7
      thresh= 3.140E-06 alpha_mix =  0.700 |ddv_scf|^2 =  5.077E-10

     Pert. #  1: Fermi energy shift (Ry) =     5.1443E-04     0.0000E+00

      iter #   3 total cpu time : 96395.1 secs   av.it.:  14.0
      thresh= 2.253E-06 alpha_mix =  0.700 |ddv_scf|^2 =  1.357E-11

     Pert. #  1: Fermi energy shift (Ry) =    -1.6561E-03     0.0000E+00

      iter #   4 total cpu time : 96641.9 secs   av.it.:  15.0
      thresh= 3.684E-07 alpha_mix =  0.700 |ddv_scf|^2 =  2.519E-12

     Pert. #  1: Fermi energy shift (Ry) =    -8.6196E-04     0.0000E+00

      iter #   5 total cpu time : 96889.9 secs   av.it.:  15.0
      thresh= 1.587E-07 alpha_mix =  0.700 |ddv_scf|^2 =  1.525E-13

     End of self-consistent calculation

     Convergence has been achieved 


     Representation # 77 mode #  77

     Self-consistent Calculation

     Pert. #  1: Fermi energy shift (Ry) =     4.6439E-03     1.6941E-21

      iter #   1 total cpu time : 96994.9 secs   av.it.:   2.1
      thresh= 1.000E-02 alpha_mix =  0.700 |ddv_scf|^2 =  8.723E-10

     Pert. #  1: Fermi energy shift (Ry) =    -4.3457E-03    -3.3087E-24

      iter #   2 total cpu time : 97238.3 secs   av.it.:  15.0
      thresh= 2.953E-06 alpha_mix =  0.700 |ddv_scf|^2 =  3.285E-10

     Pert. #  1: Fermi energy shift (Ry) =     2.1899E-03    -3.3087E-24

      iter #   3 total cpu time : 97481.1 secs   av.it.:  15.0
      thresh= 1.813E-06 alpha_mix =  0.700 |ddv_scf|^2 =  2.057E-11

     Pert. #  1: Fermi energy shift (Ry) =    -4.3983E-04    -8.2718E-25

      iter #   4 total cpu time : 97725.6 secs   av.it.:  15.0
      thresh= 4.535E-07 alpha_mix =  0.700 |ddv_scf|^2 =  1.044E-12

     Pert. #  1: Fermi energy shift (Ry) =    -1.3734E-04    -1.6544E-24

      iter #   5 total cpu time : 97971.9 secs   av.it.:  15.0
      thresh= 1.022E-07 alpha_mix =  0.700 |ddv_scf|^2 =  1.159E-13

     End of self-consistent calculation

     Convergence has been achieved 


     Representation # 78 mode #  78

     Self-consistent Calculation

     Pert. #  1: Fermi energy shift (Ry) =     9.6275E-04    -4.2352E-22

      iter #   1 total cpu time : 98079.8 secs   av.it.:   2.6
      thresh= 1.000E-02 alpha_mix =  0.700 |ddv_scf|^2 =  1.423E-09

     Pert. #  1: Fermi energy shift (Ry) =    -3.6019E-03    -3.3087E-24

      iter #   2 total cpu time : 98319.5 secs   av.it.:  15.0
      thresh= 3.773E-06 alpha_mix =  0.700 |ddv_scf|^2 =  7.834E-10

     Pert. #  1: Fermi energy shift (Ry) =    -8.0493E-04    -6.6174E-24

      iter #   3 total cpu time : 98557.6 secs   av.it.:  15.0
      thresh= 2.799E-06 alpha_mix =  0.700 |ddv_scf|^2 =  2.983E-11

     Pert. #  1: Fermi energy shift (Ry) =    -8.9227E-04    -3.3087E-24

      iter #   4 total cpu time : 98792.8 secs   av.it.:  14.9
      thresh= 5.462E-07 alpha_mix =  0.700 |ddv_scf|^2 =  1.956E-12

     Pert. #  1: Fermi energy shift (Ry) =    -1.5208E-03    -3.3087E-24

      iter #   5 total cpu time : 99036.9 secs   av.it.:  15.0
      thresh= 1.399E-07 alpha_mix =  0.700 |ddv_scf|^2 =  1.351E-13

     End of self-consistent calculation

     Convergence has been achieved 


     Representation # 79 mode #  79

     Self-consistent Calculation

     Pert. #  1: Fermi energy shift (Ry) =    -4.2012E-02     0.0000E+00

      iter #   1 total cpu time : 99139.8 secs   av.it.:   2.0
      thresh= 1.000E-02 alpha_mix =  0.700 |ddv_scf|^2 =  7.750E-10

     Pert. #  1: Fermi energy shift (Ry) =     6.5382E-02     0.0000E+00

      iter #   2 total cpu time : 99394.0 secs   av.it.:  15.9
      thresh= 2.784E-06 alpha_mix =  0.700 |ddv_scf|^2 =  3.510E-10

     Pert. #  1: Fermi energy shift (Ry) =     8.1854E-03     0.0000E+00

      iter #   3 total cpu time : 99648.4 secs   av.it.:  15.9
      thresh= 1.874E-06 alpha_mix =  0.700 |ddv_scf|^2 =  2.500E-11

     Pert. #  1: Fermi energy shift (Ry) =     1.4451E-02     0.0000E+00

      iter #   4 total cpu time : 99896.0 secs   av.it.:  15.0
      thresh= 5.000E-07 alpha_mix =  0.700 |ddv_scf|^2 =  1.536E-12

     Pert. #  1: Fermi energy shift (Ry) =     1.5728E-02     0.0000E+00

      iter #   5 total cpu time :100148.5 secs   av.it.:  15.9
      thresh= 1.239E-07 alpha_mix =  0.700 |ddv_scf|^2 =  1.247E-13

     End of self-consistent calculation

     Convergence has been achieved 


     Representation # 80 mode #  80

     Self-consistent Calculation

     Pert. #  1: Fermi energy shift (Ry) =    -1.6563E-02    -3.3881E-21

      iter #   1 total cpu time :100250.9 secs   av.it.:   2.0
      thresh= 1.000E-02 alpha_mix =  0.700 |ddv_scf|^2 =  1.189E-09

     Pert. #  1: Fermi energy shift (Ry) =     2.2137E-02    -6.6174E-24

      iter #   2 total cpu time :100499.2 secs   av.it.:  15.0
      thresh= 3.448E-06 alpha_mix =  0.700 |ddv_scf|^2 =  4.970E-10

     Pert. #  1: Fermi energy shift (Ry) =     3.1442E-03    -6.6174E-24

      iter #   3 total cpu time :100745.0 secs   av.it.:  15.0
      thresh= 2.229E-06 alpha_mix =  0.700 |ddv_scf|^2 =  2.610E-11

     Pert. #  1: Fermi energy shift (Ry) =     6.0334E-03    -6.6174E-24

      iter #   4 total cpu time :100990.6 secs   av.it.:  15.0
      thresh= 5.109E-07 alpha_mix =  0.700 |ddv_scf|^2 =  9.015E-13

     End of self-consistent calculation

     Convergence has been achieved 


     Representation # 81 mode #  81

     Self-consistent Calculation

     Pert. #  1: Fermi energy shift (Ry) =     3.3572E-02    -3.3881E-21

      iter #   1 total cpu time :101092.7 secs   av.it.:   2.0
      thresh= 1.000E-02 alpha_mix =  0.700 |ddv_scf|^2 =  1.559E-09

     Pert. #  1: Fermi energy shift (Ry) =    -4.1657E-02    -6.6174E-24

      iter #   2 total cpu time :101340.2 secs   av.it.:  15.0
      thresh= 3.948E-06 alpha_mix =  0.700 |ddv_scf|^2 =  6.306E-10

     Pert. #  1: Fermi energy shift (Ry) =    -1.2734E-02    -1.3235E-23

      iter #   3 total cpu time :101586.5 secs   av.it.:  15.0
      thresh= 2.511E-06 alpha_mix =  0.700 |ddv_scf|^2 =  3.610E-11

     Pert. #  1: Fermi energy shift (Ry) =    -1.3624E-02    -6.6174E-24

      iter #   4 total cpu time :101827.1 secs   av.it.:  15.0
      thresh= 6.008E-07 alpha_mix =  0.700 |ddv_scf|^2 =  1.288E-12

     Pert. #  1: Fermi energy shift (Ry) =    -1.5417E-02    -6.6174E-24

      iter #   5 total cpu time :102083.0 secs   av.it.:  16.0
      thresh= 1.135E-07 alpha_mix =  0.700 |ddv_scf|^2 =  1.927E-13

     End of self-consistent calculation

     Convergence has been achieved 


     Representation # 82 mode #  82

     Self-consistent Calculation

     Pert. #  1: Fermi energy shift (Ry) =     9.5129E-04     0.0000E+00

      iter #   1 total cpu time :102190.5 secs   av.it.:   2.7
      thresh= 1.000E-02 alpha_mix =  0.700 |ddv_scf|^2 =  1.111E-09

     Pert. #  1: Fermi energy shift (Ry) =     7.7751E-03     0.0000E+00

      iter #   2 total cpu time :102422.3 secs   av.it.:  14.0
      thresh= 3.334E-06 alpha_mix =  0.700 |ddv_scf|^2 =  5.768E-10

     Pert. #  1: Fermi energy shift (Ry) =    -1.6787E-03     0.0000E+00

      iter #   3 total cpu time :102655.9 secs   av.it.:  14.0
      thresh= 2.402E-06 alpha_mix =  0.700 |ddv_scf|^2 =  1.389E-11

     Pert. #  1: Fermi energy shift (Ry) =     2.2736E-03     0.0000E+00

      iter #   4 total cpu time :102905.7 secs   av.it.:  15.0
      thresh= 3.727E-07 alpha_mix =  0.700 |ddv_scf|^2 =  2.956E-12

     Pert. #  1: Fermi energy shift (Ry) =     8.2939E-04     0.0000E+00

      iter #   5 total cpu time :103152.5 secs   av.it.:  15.0
      thresh= 1.719E-07 alpha_mix =  0.700 |ddv_scf|^2 =  1.766E-13

     End of self-consistent calculation

     Convergence has been achieved 


     Representation # 83 mode #  83

     Self-consistent Calculation

     Pert. #  1: Fermi energy shift (Ry) =    -7.4402E-03     1.0588E-22

      iter #   1 total cpu time :103256.1 secs   av.it.:   2.0
      thresh= 1.000E-02 alpha_mix =  0.700 |ddv_scf|^2 =  8.564E-10

     Pert. #  1: Fermi energy shift (Ry) =     5.3283E-03    -3.3087E-24

      iter #   2 total cpu time :103485.3 secs   av.it.:  14.0
      thresh= 2.926E-06 alpha_mix =  0.700 |ddv_scf|^2 =  2.870E-10

     Pert. #  1: Fermi energy shift (Ry) =    -1.5356E-03    -3.3087E-24

      iter #   3 total cpu time :103721.5 secs   av.it.:  14.7
      thresh= 1.694E-06 alpha_mix =  0.700 |ddv_scf|^2 =  1.900E-11

     Pert. #  1: Fermi energy shift (Ry) =     1.5615E-03    -3.3087E-24

      iter #   4 total cpu time :103968.1 secs   av.it.:  15.0
      thresh= 4.359E-07 alpha_mix =  0.700 |ddv_scf|^2 =  8.320E-13

     End of self-consistent calculation

     Convergence has been achieved 


     Representation # 84 mode #  84

     Self-consistent Calculation

     Pert. #  1: Fermi energy shift (Ry) =    -2.6490E-03    -8.4703E-22

      iter #   1 total cpu time :104075.2 secs   av.it.:   2.7
      thresh= 1.000E-02 alpha_mix =  0.700 |ddv_scf|^2 =  1.382E-09

     Pert. #  1: Fermi energy shift (Ry) =    -4.4094E-03    -6.6174E-24

      iter #   2 total cpu time :104311.8 secs   av.it.:  15.0
      thresh= 3.718E-06 alpha_mix =  0.700 |ddv_scf|^2 =  7.173E-10

     Pert. #  1: Fermi energy shift (Ry) =     2.1225E-03    -1.3235E-23

      iter #   3 total cpu time :104548.9 secs   av.it.:  14.6
      thresh= 2.678E-06 alpha_mix =  0.700 |ddv_scf|^2 =  2.860E-11

     Pert. #  1: Fermi energy shift (Ry) =    -4.5643E-04    -6.6174E-24

      iter #   4 total cpu time :104793.0 secs   av.it.:  15.0
      thresh= 5.348E-07 alpha_mix =  0.700 |ddv_scf|^2 =  2.078E-12

     Pert. #  1: Fermi energy shift (Ry) =     8.7311E-05    -6.6174E-24

      iter #   5 total cpu time :105038.7 secs   av.it.:  15.0
      thresh= 1.442E-07 alpha_mix =  0.700 |ddv_scf|^2 =  1.363E-13

     End of self-consistent calculation

     Convergence has been achieved 


     Representation # 85 mode #  85

     Self-consistent Calculation

     Pert. #  1: Fermi energy shift (Ry) =     2.6424E-03     0.0000E+00

      iter #   1 total cpu time :105141.8 secs   av.it.:   2.0
      thresh= 1.000E-02 alpha_mix =  0.700 |ddv_scf|^2 =  4.766E-10

     Pert. #  1: Fermi energy shift (Ry) =    -3.7385E-04     0.0000E+00

      iter #   2 total cpu time :105363.8 secs   av.it.:  13.8
      thresh= 2.183E-06 alpha_mix =  0.700 |ddv_scf|^2 =  7.129E-11

     Pert. #  1: Fermi energy shift (Ry) =    -1.3768E-03     0.0000E+00

      iter #   3 total cpu time :105599.8 secs   av.it.:  14.0
      thresh= 8.443E-07 alpha_mix =  0.700 |ddv_scf|^2 =  8.508E-12

     Pert. #  1: Fermi energy shift (Ry) =     1.0991E-04     0.0000E+00

      iter #   4 total cpu time :105837.6 secs   av.it.:  14.4
      thresh= 2.917E-07 alpha_mix =  0.700 |ddv_scf|^2 =  7.449E-13

     End of self-consistent calculation

     Convergence has been achieved 


     Representation # 86 mode #  86

     Self-consistent Calculation

     Pert. #  1: Fermi energy shift (Ry) =     5.8122E-03     4.2352E-22

      iter #   1 total cpu time :105944.8 secs   av.it.:   2.8
      thresh= 1.000E-02 alpha_mix =  0.700 |ddv_scf|^2 =  1.530E-09

     Pert. #  1: Fermi energy shift (Ry) =    -2.4095E-03    -1.3235E-23

      iter #   2 total cpu time :106173.7 secs   av.it.:  14.0
      thresh= 3.911E-06 alpha_mix =  0.700 |ddv_scf|^2 =  5.634E-10

     Pert. #  1: Fermi energy shift (Ry) =    -3.4710E-03    -1.3235E-23

      iter #   3 total cpu time :106402.6 secs   av.it.:  14.0
      thresh= 2.374E-06 alpha_mix =  0.700 |ddv_scf|^2 =  2.327E-11

     Pert. #  1: Fermi energy shift (Ry) =    -1.7687E-04    -1.3235E-23

      iter #   4 total cpu time :106647.0 secs   av.it.:  15.0
      thresh= 4.823E-07 alpha_mix =  0.700 |ddv_scf|^2 =  3.950E-12

     Pert. #  1: Fermi energy shift (Ry) =    -1.9241E-03    -1.3235E-23

      iter #   5 total cpu time :106892.9 secs   av.it.:  15.0
      thresh= 1.987E-07 alpha_mix =  0.700 |ddv_scf|^2 =  2.146E-13

     End of self-consistent calculation

     Convergence has been achieved 


     Representation # 87 mode #  87

     Self-consistent Calculation

     Pert. #  1: Fermi energy shift (Ry) =    -1.1859E-02    -4.2352E-22

      iter #   1 total cpu time :106998.8 secs   av.it.:   2.1
      thresh= 1.000E-02 alpha_mix =  0.700 |ddv_scf|^2 =  1.271E-09

     Pert. #  1: Fermi energy shift (Ry) =     3.8037E-03     3.3087E-24

      iter #   2 total cpu time :107238.1 secs   av.it.:  15.0
      thresh= 3.565E-06 alpha_mix =  0.700 |ddv_scf|^2 =  7.752E-10

     Pert. #  1: Fermi energy shift (Ry) =     1.1157E-03     3.3087E-24

      iter #   3 total cpu time :107474.1 secs   av.it.:  14.1
      thresh= 2.784E-06 alpha_mix =  0.700 |ddv_scf|^2 =  3.144E-11

     Pert. #  1: Fermi energy shift (Ry) =    -3.7446E-04     3.3087E-24

      iter #   4 total cpu time :107714.5 secs   av.it.:  15.0
      thresh= 5.608E-07 alpha_mix =  0.700 |ddv_scf|^2 =  1.226E-12

     Pert. #  1: Fermi energy shift (Ry) =     9.0798E-04     3.3087E-24

      iter #   5 total cpu time :107968.6 secs   av.it.:  16.0
      thresh= 1.107E-07 alpha_mix =  0.700 |ddv_scf|^2 =  1.667E-13

     End of self-consistent calculation

     Convergence has been achieved 


     Representation # 88 mode #  88

     Self-consistent Calculation

     Pert. #  1: Fermi energy shift (Ry) =    -2.1629E-03     0.0000E+00

      iter #   1 total cpu time :108073.0 secs   av.it.:   2.0
      thresh= 1.000E-02 alpha_mix =  0.700 |ddv_scf|^2 =  4.885E-10

     Pert. #  1: Fermi energy shift (Ry) =     1.4466E-04     0.0000E+00

      iter #   2 total cpu time :108304.4 secs   av.it.:  14.7
      thresh= 2.210E-06 alpha_mix =  0.700 |ddv_scf|^2 =  8.657E-11

     Pert. #  1: Fermi energy shift (Ry) =    -1.0700E-03     0.0000E+00

      iter #   3 total cpu time :108548.9 secs   av.it.:  15.0
      thresh= 9.304E-07 alpha_mix =  0.700 |ddv_scf|^2 =  8.752E-12

     Pert. #  1: Fermi energy shift (Ry) =     9.6934E-04     0.0000E+00

      iter #   4 total cpu time :108792.0 secs   av.it.:  15.0
      thresh= 2.958E-07 alpha_mix =  0.700 |ddv_scf|^2 =  7.193E-13

     End of self-consistent calculation

     Convergence has been achieved 


     Representation # 89 mode #  89

     Self-consistent Calculation

     Pert. #  1: Fermi energy shift (Ry) =    -1.1369E-02     1.6941E-21

      iter #   1 total cpu time :108900.3 secs   av.it.:   2.9
      thresh= 1.000E-02 alpha_mix =  0.700 |ddv_scf|^2 =  1.407E-09

     Pert. #  1: Fermi energy shift (Ry) =     1.3431E-02    -6.6174E-24

      iter #   2 total cpu time :109143.5 secs   av.it.:  15.0
      thresh= 3.751E-06 alpha_mix =  0.700 |ddv_scf|^2 =  6.078E-10

     Pert. #  1: Fermi energy shift (Ry) =    -4.3511E-03    -6.6174E-24

      iter #   3 total cpu time :109383.9 secs   av.it.:  15.0
      thresh= 2.465E-06 alpha_mix =  0.700 |ddv_scf|^2 =  2.237E-11

     Pert. #  1: Fermi energy shift (Ry) =     1.1560E-03    -6.6174E-24

      iter #   4 total cpu time :109632.3 secs   av.it.:  15.0
      thresh= 4.730E-07 alpha_mix =  0.700 |ddv_scf|^2 =  3.000E-12

     Pert. #  1: Fermi energy shift (Ry) =    -1.0784E-04    -6.6174E-24

      iter #   5 total cpu time :109881.6 secs   av.it.:  15.1
      thresh= 1.732E-07 alpha_mix =  0.700 |ddv_scf|^2 =  1.975E-13

     End of self-consistent calculation

     Convergence has been achieved 


     Representation # 90 mode #  90

     Self-consistent Calculation

     Pert. #  1: Fermi energy shift (Ry) =     1.0241E-02     4.2352E-22

      iter #   1 total cpu time :109988.8 secs   av.it.:   2.9
      thresh= 1.000E-02 alpha_mix =  0.700 |ddv_scf|^2 =  1.293E-09

     Pert. #  1: Fermi energy shift (Ry) =     1.6886E-03    -8.2718E-25

      iter #   2 total cpu time :110229.2 secs   av.it.:  15.0
      thresh= 3.596E-06 alpha_mix =  0.700 |ddv_scf|^2 =  7.797E-10

     Pert. #  1: Fermi energy shift (Ry) =    -5.7081E-04    -3.3087E-24

      iter #   3 total cpu time :110466.1 secs   av.it.:  15.0
      thresh= 2.792E-06 alpha_mix =  0.700 |ddv_scf|^2 =  3.149E-11

     Pert. #  1: Fermi energy shift (Ry) =     1.4471E-03    -3.3087E-24

      iter #   4 total cpu time :110709.5 secs   av.it.:  15.0
      thresh= 5.612E-07 alpha_mix =  0.700 |ddv_scf|^2 =  1.285E-12

     Pert. #  1: Fermi energy shift (Ry) =     5.3731E-04    -1.6544E-24

      iter #   5 total cpu time :110963.3 secs   av.it.:  16.0
      thresh= 1.133E-07 alpha_mix =  0.700 |ddv_scf|^2 =  1.579E-13

     End of self-consistent calculation

     Convergence has been achieved 


     Representation # 91 mode #  91

     Self-consistent Calculation

     Pert. #  1: Fermi energy shift (Ry) =     1.3492E-02     0.0000E+00

      iter #   1 total cpu time :111063.8 secs   av.it.:   2.0
      thresh= 1.000E-02 alpha_mix =  0.700 |ddv_scf|^2 =  5.026E-10

     Pert. #  1: Fermi energy shift (Ry) =    -5.7375E-03     0.0000E+00

      iter #   2 total cpu time :111309.4 secs   av.it.:  15.0
      thresh= 2.242E-06 alpha_mix =  0.700 |ddv_scf|^2 =  4.948E-11

     Pert. #  1: Fermi energy shift (Ry) =    -4.0015E-03     0.0000E+00

      iter #   3 total cpu time :111558.5 secs   av.it.:  15.6
      thresh= 7.034E-07 alpha_mix =  0.700 |ddv_scf|^2 =  5.340E-12

     Pert. #  1: Fermi energy shift (Ry) =    -3.3852E-03     0.0000E+00

      iter #   4 total cpu time :111806.6 secs   av.it.:  15.4
      thresh= 2.311E-07 alpha_mix =  0.700 |ddv_scf|^2 =  2.696E-13

     End of self-consistent calculation

     Convergence has been achieved 


     Representation # 92 mode #  92

     Self-consistent Calculation

     Pert. #  1: Fermi energy shift (Ry) =     7.1689E-02     2.1176E-22

      iter #   1 total cpu time :111912.5 secs   av.it.:   2.0
      thresh= 1.000E-02 alpha_mix =  0.700 |ddv_scf|^2 =  1.596E-09

     Pert. #  1: Fermi energy shift (Ry) =    -9.5259E-02    -4.1359E-25

      iter #   2 total cpu time :112169.2 secs   av.it.:  16.0
      thresh= 3.995E-06 alpha_mix =  0.700 |ddv_scf|^2 =  8.710E-10

     Pert. #  1: Fermi energy shift (Ry) =    -1.9001E-02     3.3087E-24

      iter #   3 total cpu time :112420.4 secs   av.it.:  15.1
      thresh= 2.951E-06 alpha_mix =  0.700 |ddv_scf|^2 =  3.542E-11

     Pert. #  1: Fermi energy shift (Ry) =    -2.3742E-02     1.6544E-24

      iter #   4 total cpu time :112664.0 secs   av.it.:  15.0
      thresh= 5.952E-07 alpha_mix =  0.700 |ddv_scf|^2 =  1.464E-12

     Pert. #  1: Fermi energy shift (Ry) =    -2.5417E-02     1.6544E-24

      iter #   5 total cpu time :112919.3 secs   av.it.:  16.0
      thresh= 1.210E-07 alpha_mix =  0.700 |ddv_scf|^2 =  2.323E-13

     End of self-consistent calculation

     Convergence has been achieved 


     Representation # 93 mode #  93

     Self-consistent Calculation

     Pert. #  1: Fermi energy shift (Ry) =    -2.2701E-02     1.6941E-21

      iter #   1 total cpu time :113025.9 secs   av.it.:   2.0
      thresh= 1.000E-02 alpha_mix =  0.700 |ddv_scf|^2 =  1.553E-09

     Pert. #  1: Fermi energy shift (Ry) =     2.6903E-02     1.6544E-24

      iter #   2 total cpu time :113276.4 secs   av.it.:  15.0
      thresh= 3.941E-06 alpha_mix =  0.700 |ddv_scf|^2 =  6.953E-10

     Pert. #  1: Fermi energy shift (Ry) =     5.2637E-03     1.6544E-24

      iter #   3 total cpu time :113521.4 secs   av.it.:  15.0
      thresh= 2.637E-06 alpha_mix =  0.700 |ddv_scf|^2 =  4.489E-11

     Pert. #  1: Fermi energy shift (Ry) =     7.2084E-03     1.6544E-24

      iter #   4 total cpu time :113760.8 secs   av.it.:  15.0
      thresh= 6.700E-07 alpha_mix =  0.700 |ddv_scf|^2 =  1.063E-12

     Pert. #  1: Fermi energy shift (Ry) =     7.5289E-03     1.6544E-24

      iter #   5 total cpu time :114011.7 secs   av.it.:  15.9
      thresh= 1.031E-07 alpha_mix =  0.700 |ddv_scf|^2 =  1.212E-13

     End of self-consistent calculation

     Convergence has been achieved 


     Representation # 94 mode #  94

     Self-consistent Calculation

     Pert. #  1: Fermi energy shift (Ry) =    -2.8144E-04     0.0000E+00

      iter #   1 total cpu time :114114.6 secs   av.it.:   2.0
      thresh= 1.000E-02 alpha_mix =  0.700 |ddv_scf|^2 =  4.728E-10

     Pert. #  1: Fermi energy shift (Ry) =     3.6460E-04     0.0000E+00

      iter #   2 total cpu time :114331.5 secs   av.it.:  13.0
      thresh= 2.174E-06 alpha_mix =  0.700 |ddv_scf|^2 =  6.833E-11

     Pert. #  1: Fermi energy shift (Ry) =    -5.7118E-04     0.0000E+00

      iter #   3 total cpu time :114564.4 secs   av.it.:  14.4
      thresh= 8.266E-07 alpha_mix =  0.700 |ddv_scf|^2 =  8.685E-12

     Pert. #  1: Fermi energy shift (Ry) =     2.0806E-04     0.0000E+00

      iter #   4 total cpu time :114800.8 secs   av.it.:  14.9
      thresh= 2.947E-07 alpha_mix =  0.700 |ddv_scf|^2 =  6.793E-13

     End of self-consistent calculation

     Convergence has been achieved 


     Representation # 95 mode #  95

     Self-consistent Calculation

     Pert. #  1: Fermi energy shift (Ry) =    -4.4222E-03     8.4703E-22

      iter #   1 total cpu time :114908.3 secs   av.it.:   2.7
      thresh= 1.000E-02 alpha_mix =  0.700 |ddv_scf|^2 =  1.534E-09

     Pert. #  1: Fermi energy shift (Ry) =    -5.3434E-03    -1.3235E-23

      iter #   2 total cpu time :115141.0 secs   av.it.:  14.1
      thresh= 3.917E-06 alpha_mix =  0.700 |ddv_scf|^2 =  5.830E-10

     Pert. #  1: Fermi energy shift (Ry) =     3.2496E-03    -1.3235E-23

      iter #   3 total cpu time :115378.9 secs   av.it.:  15.0
      thresh= 2.415E-06 alpha_mix =  0.700 |ddv_scf|^2 =  2.608E-11

     Pert. #  1: Fermi energy shift (Ry) =    -9.9856E-04    -1.3235E-23

      iter #   4 total cpu time :115624.8 secs   av.it.:  15.0
      thresh= 5.107E-07 alpha_mix =  0.700 |ddv_scf|^2 =  3.934E-12

     Pert. #  1: Fermi energy shift (Ry) =     4.1444E-04    -1.3235E-23

      iter #   5 total cpu time :115871.6 secs   av.it.:  15.0
      thresh= 1.984E-07 alpha_mix =  0.700 |ddv_scf|^2 =  2.121E-13

     End of self-consistent calculation

     Convergence has been achieved 


     Representation # 96 mode #  96

     Self-consistent Calculation

     Pert. #  1: Fermi energy shift (Ry) =     4.0382E-03     4.2352E-22

      iter #   1 total cpu time :115978.2 secs   av.it.:   2.3
      thresh= 1.000E-02 alpha_mix =  0.700 |ddv_scf|^2 =  1.271E-09

     Pert. #  1: Fermi energy shift (Ry) =    -4.5532E-03     3.3087E-24

      iter #   2 total cpu time :116212.4 secs   av.it.:  14.9
      thresh= 3.565E-06 alpha_mix =  0.700 |ddv_scf|^2 =  7.691E-10

     Pert. #  1: Fermi energy shift (Ry) =     2.4467E-03    -8.2718E-25

      iter #   3 total cpu time :116446.3 secs   av.it.:  14.0
      thresh= 2.773E-06 alpha_mix =  0.700 |ddv_scf|^2 =  3.057E-11

     Pert. #  1: Fermi energy shift (Ry) =    -1.2290E-03    -8.2718E-25

      iter #   4 total cpu time :116690.6 secs   av.it.:  15.0
      thresh= 5.529E-07 alpha_mix =  0.700 |ddv_scf|^2 =  1.265E-12

     Pert. #  1: Fermi energy shift (Ry) =    -3.7190E-04    -8.2718E-25

      iter #   5 total cpu time :116943.2 secs   av.it.:  16.0
      thresh= 1.125E-07 alpha_mix =  0.700 |ddv_scf|^2 =  1.685E-13

     End of self-consistent calculation

     Convergence has been achieved 


     Representation # 97 mode #  97

     Self-consistent Calculation

     Pert. #  1: Fermi energy shift (Ry) =     5.9959E-04     0.0000E+00

      iter #   1 total cpu time :117047.2 secs   av.it.:   2.0
      thresh= 1.000E-02 alpha_mix =  0.700 |ddv_scf|^2 =  6.853E-10

     Pert. #  1: Fermi energy shift (Ry) =    -7.2530E-07     0.0000E+00

      iter #   2 total cpu time :117262.0 secs   av.it.:  13.4
      thresh= 2.618E-06 alpha_mix =  0.700 |ddv_scf|^2 =  2.520E-10

     Pert. #  1: Fermi energy shift (Ry) =    -6.2980E-04     0.0000E+00

      iter #   3 total cpu time :117483.6 secs   av.it.:  13.6
      thresh= 1.588E-06 alpha_mix =  0.700 |ddv_scf|^2 =  7.583E-12

     Pert. #  1: Fermi energy shift (Ry) =     9.4640E-04     0.0000E+00

      iter #   4 total cpu time :117720.9 secs   av.it.:  14.1
      thresh= 2.754E-07 alpha_mix =  0.700 |ddv_scf|^2 =  8.096E-13

     End of self-consistent calculation

     Convergence has been achieved 


     Representation # 98 mode #  98

     Self-consistent Calculation

     Pert. #  1: Fermi energy shift (Ry) =     7.7181E-03     3.3087E-24

      iter #   1 total cpu time :117827.3 secs   av.it.:   2.5
      thresh= 1.000E-02 alpha_mix =  0.700 |ddv_scf|^2 =  1.361E-09

     Pert. #  1: Fermi energy shift (Ry) =    -1.2118E-02     3.3087E-24

      iter #   2 total cpu time :118062.4 secs   av.it.:  14.5
      thresh= 3.690E-06 alpha_mix =  0.700 |ddv_scf|^2 =  9.483E-10

     Pert. #  1: Fermi energy shift (Ry) =     2.8526E-03    -2.0680E-25

      iter #   3 total cpu time :118294.3 secs   av.it.:  14.0
      thresh= 3.079E-06 alpha_mix =  0.700 |ddv_scf|^2 =  2.120E-11

     Pert. #  1: Fermi energy shift (Ry) =    -1.0024E-03    -4.1359E-25

      iter #   4 total cpu time :118537.5 secs   av.it.:  15.0
      thresh= 4.605E-07 alpha_mix =  0.700 |ddv_scf|^2 =  1.381E-12

     Pert. #  1: Fermi energy shift (Ry) =    -5.8875E-04    -8.2718E-25

      iter #   5 total cpu time :118786.0 secs   av.it.:  15.1
      thresh= 1.175E-07 alpha_mix =  0.700 |ddv_scf|^2 =  1.887E-13

     End of self-consistent calculation

     Convergence has been achieved 


     Representation # 99 mode #  99

     Self-consistent Calculation

     Pert. #  1: Fermi energy shift (Ry) =     4.9013E-03    -8.4703E-22

      iter #   1 total cpu time :118891.2 secs   av.it.:   2.0
      thresh= 1.000E-02 alpha_mix =  0.700 |ddv_scf|^2 =  1.112E-09

     Pert. #  1: Fermi energy shift (Ry) =    -9.0787E-05    -3.3087E-24

      iter #   2 total cpu time :119119.6 secs   av.it.:  14.0
      thresh= 3.335E-06 alpha_mix =  0.700 |ddv_scf|^2 =  4.260E-10

     Pert. #  1: Fermi energy shift (Ry) =     2.3717E-03    -3.3087E-24

      iter #   3 total cpu time :119354.3 secs   av.it.:  14.1
      thresh= 2.064E-06 alpha_mix =  0.700 |ddv_scf|^2 =  1.273E-11

     Pert. #  1: Fermi energy shift (Ry) =     6.3083E-04    -3.3087E-24

      iter #   4 total cpu time :119600.4 secs   av.it.:  15.0
      thresh= 3.568E-07 alpha_mix =  0.700 |ddv_scf|^2 =  3.071E-12

     Pert. #  1: Fermi energy shift (Ry) =     1.1777E-03    -3.3087E-24

      iter #   5 total cpu time :119840.5 secs   av.it.:  15.0
      thresh= 1.753E-07 alpha_mix =  0.700 |ddv_scf|^2 =  1.217E-13

     End of self-consistent calculation

     Convergence has been achieved 


     Representation #100 mode # 100

     Self-consistent Calculation

     Pert. #  1: Fermi energy shift (Ry) =    -1.4010E-03     0.0000E+00

      iter #   1 total cpu time :119946.6 secs   av.it.:   2.3
      thresh= 1.000E-02 alpha_mix =  0.700 |ddv_scf|^2 =  6.617E-10

     Pert. #  1: Fermi energy shift (Ry) =     9.5502E-04     0.0000E+00

      iter #   2 total cpu time :120186.6 secs   av.it.:  15.0
      thresh= 2.572E-06 alpha_mix =  0.700 |ddv_scf|^2 =  2.454E-10

     Pert. #  1: Fermi energy shift (Ry) =    -1.6913E-03     0.0000E+00

      iter #   3 total cpu time :120425.9 secs   av.it.:  14.9
      thresh= 1.567E-06 alpha_mix =  0.700 |ddv_scf|^2 =  7.797E-12

     Pert. #  1: Fermi energy shift (Ry) =     6.4724E-04     0.0000E+00

      iter #   4 total cpu time :120669.8 secs   av.it.:  15.0
      thresh= 2.792E-07 alpha_mix =  0.700 |ddv_scf|^2 =  8.078E-13

     End of self-consistent calculation

     Convergence has been achieved 


     Representation #101 mode # 101

     Self-consistent Calculation

     Pert. #  1: Fermi energy shift (Ry) =     4.1933E-03     1.0588E-22

      iter #   1 total cpu time :120779.1 secs   av.it.:   3.0
      thresh= 1.000E-02 alpha_mix =  0.700 |ddv_scf|^2 =  1.427E-09

     Pert. #  1: Fermi energy shift (Ry) =    -9.3517E-03     1.6544E-24

      iter #   2 total cpu time :121023.6 secs   av.it.:  15.0
      thresh= 3.777E-06 alpha_mix =  0.700 |ddv_scf|^2 =  1.075E-09

     Pert. #  1: Fermi energy shift (Ry) =     1.9154E-03     1.6544E-24

      iter #   3 total cpu time :121260.5 secs   av.it.:  14.7
      thresh= 3.279E-06 alpha_mix =  0.700 |ddv_scf|^2 =  2.375E-11

     Pert. #  1: Fermi energy shift (Ry) =    -9.3677E-04     6.4623E-27

      iter #   4 total cpu time :121502.5 secs   av.it.:  15.0
      thresh= 4.873E-07 alpha_mix =  0.700 |ddv_scf|^2 =  1.699E-12

     Pert. #  1: Fermi energy shift (Ry) =    -1.1740E-03     2.5849E-26

      iter #   5 total cpu time :121748.8 secs   av.it.:  15.0
      thresh= 1.303E-07 alpha_mix =  0.700 |ddv_scf|^2 =  2.006E-13

     End of self-consistent calculation

     Convergence has been achieved 


     Representation #102 mode # 102

     Self-consistent Calculation

     Pert. #  1: Fermi energy shift (Ry) =    -1.5086E-03     4.2352E-22

      iter #   1 total cpu time :121854.5 secs   av.it.:   2.2
      thresh= 1.000E-02 alpha_mix =  0.700 |ddv_scf|^2 =  1.059E-09

     Pert. #  1: Fermi energy shift (Ry) =    -5.3534E-03     8.2718E-25

      iter #   2 total cpu time :122093.8 secs   av.it.:  15.0
      thresh= 3.255E-06 alpha_mix =  0.700 |ddv_scf|^2 =  4.168E-10

     Pert. #  1: Fermi energy shift (Ry) =    -4.6585E-04     1.6544E-24

      iter #   3 total cpu time :122333.0 secs   av.it.:  15.0
      thresh= 2.041E-06 alpha_mix =  0.700 |ddv_scf|^2 =  1.400E-11

     Pert. #  1: Fermi energy shift (Ry) =    -1.3214E-03     1.6544E-24

      iter #   4 total cpu time :122576.5 secs   av.it.:  15.0
      thresh= 3.742E-07 alpha_mix =  0.700 |ddv_scf|^2 =  2.473E-12

     Pert. #  1: Fermi energy shift (Ry) =    -1.5677E-03     1.6544E-24

      iter #   5 total cpu time :122817.0 secs   av.it.:  15.0
      thresh= 1.572E-07 alpha_mix =  0.700 |ddv_scf|^2 =  1.204E-13

     End of self-consistent calculation

     Convergence has been achieved 


     Representation #103 mode # 103

     Self-consistent Calculation

     Pert. #  1: Fermi energy shift (Ry) =     5.4771E-02     0.0000E+00

      iter #   1 total cpu time :122925.1 secs   av.it.:   3.0
      thresh= 1.000E-02 alpha_mix =  0.700 |ddv_scf|^2 =  6.674E-10

     Pert. #  1: Fermi energy shift (Ry) =    -3.2212E-02     0.0000E+00

      iter #   2 total cpu time :123179.7 secs   av.it.:  15.9
      thresh= 2.583E-06 alpha_mix =  0.700 |ddv_scf|^2 =  3.167E-10

     Pert. #  1: Fermi energy shift (Ry) =     1.2582E-02     0.0000E+00

      iter #   3 total cpu time :123432.9 secs   av.it.:  15.5
      thresh= 1.780E-06 alpha_mix =  0.700 |ddv_scf|^2 =  1.828E-11

     Pert. #  1: Fermi energy shift (Ry) =     4.9227E-03     0.0000E+00

      iter #   4 total cpu time :123683.3 secs   av.it.:  15.0
      thresh= 4.276E-07 alpha_mix =  0.700 |ddv_scf|^2 =  1.307E-12

     Pert. #  1: Fermi energy shift (Ry) =     4.1075E-03     0.0000E+00

      iter #   5 total cpu time :123934.0 secs   av.it.:  15.9
      thresh= 1.143E-07 alpha_mix =  0.700 |ddv_scf|^2 =  1.563E-13

     End of self-consistent calculation

     Convergence has been achieved 


     Representation #104 mode # 104

     Self-consistent Calculation

     Pert. #  1: Fermi energy shift (Ry) =    -6.2174E-02     3.3881E-21

      iter #   1 total cpu time :124047.7 secs   av.it.:   3.0
      thresh= 1.000E-02 alpha_mix =  0.700 |ddv_scf|^2 =  2.009E-09

     Pert. #  1: Fermi energy shift (Ry) =     2.3631E-02    -1.6544E-24

      iter #   2 total cpu time :124300.1 secs   av.it.:  15.9
      thresh= 4.482E-06 alpha_mix =  0.700 |ddv_scf|^2 =  1.702E-09

     Pert. #  1: Fermi energy shift (Ry) =    -1.0926E-02     3.3087E-24

      iter #   3 total cpu time :124545.3 secs   av.it.:  15.0
      thresh= 4.125E-06 alpha_mix =  0.700 |ddv_scf|^2 =  1.639E-11

     Pert. #  1: Fermi energy shift (Ry) =    -8.9964E-03     1.6544E-24

      iter #   4 total cpu time :124791.0 secs   av.it.:  15.0
      thresh= 4.049E-07 alpha_mix =  0.700 |ddv_scf|^2 =  1.232E-12

     Pert. #  1: Fermi energy shift (Ry) =    -8.9905E-03     3.3087E-24

      iter #   5 total cpu time :125041.2 secs   av.it.:  16.0
      thresh= 1.110E-07 alpha_mix =  0.700 |ddv_scf|^2 =  1.107E-13

     End of self-consistent calculation

     Convergence has been achieved 


     Representation #105 mode # 105

     Self-consistent Calculation

     Pert. #  1: Fermi energy shift (Ry) =     1.0649E-02     1.6941E-21

      iter #   1 total cpu time :125149.7 secs   av.it.:   3.0
      thresh= 1.000E-02 alpha_mix =  0.700 |ddv_scf|^2 =  1.563E-09

     Pert. #  1: Fermi energy shift (Ry) =    -2.6278E-02     3.3087E-24

      iter #   2 total cpu time :125392.8 secs   av.it.:  15.0
      thresh= 3.954E-06 alpha_mix =  0.700 |ddv_scf|^2 =  8.245E-10

     Pert. #  1: Fermi energy shift (Ry) =    -6.8636E-03     3.3087E-24

      iter #   3 total cpu time :125634.2 secs   av.it.:  14.9
      thresh= 2.871E-06 alpha_mix =  0.700 |ddv_scf|^2 =  1.668E-11

     Pert. #  1: Fermi energy shift (Ry) =    -6.3678E-03     6.6174E-24

      iter #   4 total cpu time :125879.2 secs   av.it.:  15.0
      thresh= 4.084E-07 alpha_mix =  0.700 |ddv_scf|^2 =  2.666E-12

     Pert. #  1: Fermi energy shift (Ry) =    -7.8480E-03     3.3087E-24

      iter #   5 total cpu time :126125.8 secs   av.it.:  15.0
      thresh= 1.633E-07 alpha_mix =  0.700 |ddv_scf|^2 =  1.563E-13

     End of self-consistent calculation

     Convergence has been achieved 


     Representation #106 mode # 106

     Self-consistent Calculation

     Pert. #  1: Fermi energy shift (Ry) =    -1.0959E-03     0.0000E+00

      iter #   1 total cpu time :126232.8 secs   av.it.:   2.6
      thresh= 1.000E-02 alpha_mix =  0.700 |ddv_scf|^2 =  6.845E-10

     Pert. #  1: Fermi energy shift (Ry) =    -5.0562E-04     0.0000E+00

      iter #   2 total cpu time :126465.7 secs   av.it.:  14.1
      thresh= 2.616E-06 alpha_mix =  0.700 |ddv_scf|^2 =  2.532E-10

     Pert. #  1: Fermi energy shift (Ry) =     3.3681E-04     0.0000E+00

      iter #   3 total cpu time :126695.0 secs   av.it.:  14.0
      thresh= 1.591E-06 alpha_mix =  0.700 |ddv_scf|^2 =  8.721E-12

     Pert. #  1: Fermi energy shift (Ry) =    -5.8763E-05     0.0000E+00

      iter #   4 total cpu time :126927.8 secs   av.it.:  14.1
      thresh= 2.953E-07 alpha_mix =  0.700 |ddv_scf|^2 =  8.407E-13

     End of self-consistent calculation

     Convergence has been achieved 


     Representation #107 mode # 107

     Self-consistent Calculation

     Pert. #  1: Fermi energy shift (Ry) =    -7.9721E-03     5.2940E-23

      iter #   1 total cpu time :127037.4 secs   av.it.:   3.0
      thresh= 1.000E-02 alpha_mix =  0.700 |ddv_scf|^2 =  1.369E-09

     Pert. #  1: Fermi energy shift (Ry) =    -6.4933E-05    -8.2718E-25

      iter #   2 total cpu time :127267.6 secs   av.it.:  14.5
      thresh= 3.700E-06 alpha_mix =  0.700 |ddv_scf|^2 =  9.777E-10

     Pert. #  1: Fermi energy shift (Ry) =    -9.7889E-04    -5.1699E-26

      iter #   3 total cpu time :127496.8 secs   av.it.:  14.0
      thresh= 3.127E-06 alpha_mix =  0.700 |ddv_scf|^2 =  2.002E-11

     Pert. #  1: Fermi energy shift (Ry) =    -7.4210E-04     4.1359E-25

      iter #   4 total cpu time :127737.2 secs   av.it.:  15.0
      thresh= 4.474E-07 alpha_mix =  0.700 |ddv_scf|^2 =  1.483E-12

     Pert. #  1: Fermi energy shift (Ry) =    -8.7685E-04     1.0340E-25

      iter #   5 total cpu time :127980.4 secs   av.it.:  15.0
      thresh= 1.218E-07 alpha_mix =  0.700 |ddv_scf|^2 =  1.892E-13

     End of self-consistent calculation

     Convergence has been achieved 


     Representation #108 mode # 108

     Self-consistent Calculation

     Pert. #  1: Fermi energy shift (Ry) =    -7.1752E-03     4.2352E-22

      iter #   1 total cpu time :128087.7 secs   av.it.:   2.9
      thresh= 1.000E-02 alpha_mix =  0.700 |ddv_scf|^2 =  1.076E-09

     Pert. #  1: Fermi energy shift (Ry) =    -2.6711E-03     4.1359E-25

      iter #   2 total cpu time :128321.4 secs   av.it.:  14.9
      thresh= 3.281E-06 alpha_mix =  0.700 |ddv_scf|^2 =  4.183E-10

     Pert. #  1: Fermi energy shift (Ry) =    -3.6221E-03     4.1359E-25

      iter #   3 total cpu time :128556.4 secs   av.it.:  14.9
      thresh= 2.045E-06 alpha_mix =  0.700 |ddv_scf|^2 =  1.278E-11

     Pert. #  1: Fermi energy shift (Ry) =    -2.6837E-03     8.2718E-25

      iter #   4 total cpu time :128800.1 secs   av.it.:  15.0
      thresh= 3.574E-07 alpha_mix =  0.700 |ddv_scf|^2 =  2.599E-12

     Pert. #  1: Fermi energy shift (Ry) =    -2.5940E-03     8.2718E-25

      iter #   5 total cpu time :129038.7 secs   av.it.:  15.0
      thresh= 1.612E-07 alpha_mix =  0.700 |ddv_scf|^2 =  1.418E-13

     End of self-consistent calculation

     Convergence has been achieved 


     Representation #109 mode # 109

     Self-consistent Calculation

     Pert. #  1: Fermi energy shift (Ry) =    -6.0141E-05     0.0000E+00

      iter #   1 total cpu time :129139.5 secs   av.it.:   2.0
      thresh= 1.000E-02 alpha_mix =  0.700 |ddv_scf|^2 =  4.474E-10

     Pert. #  1: Fermi energy shift (Ry) =    -1.2054E-03     0.0000E+00

      iter #   2 total cpu time :129362.0 secs   av.it.:  13.9
      thresh= 2.115E-06 alpha_mix =  0.700 |ddv_scf|^2 =  6.667E-11

     Pert. #  1: Fermi energy shift (Ry) =    -3.3918E-04     0.0000E+00

      iter #   3 total cpu time :129596.7 secs   av.it.:  14.4
      thresh= 8.165E-07 alpha_mix =  0.700 |ddv_scf|^2 =  7.164E-12

     Pert. #  1: Fermi energy shift (Ry) =    -4.5991E-04     0.0000E+00

      iter #   4 total cpu time :129825.8 secs   av.it.:  14.0
      thresh= 2.677E-07 alpha_mix =  0.700 |ddv_scf|^2 =  2.537E-13

     End of self-consistent calculation

     Convergence has been achieved 


     Representation #110 mode # 110

     Self-consistent Calculation

     Pert. #  1: Fermi energy shift (Ry) =     1.9799E-03    -4.2352E-22

      iter #   1 total cpu time :129931.7 secs   av.it.:   2.1
      thresh= 1.000E-02 alpha_mix =  0.700 |ddv_scf|^2 =  1.330E-09

     Pert. #  1: Fermi energy shift (Ry) =     2.4458E-03    -3.3087E-24

      iter #   2 total cpu time :130164.4 secs   av.it.:  14.0
      thresh= 3.647E-06 alpha_mix =  0.700 |ddv_scf|^2 =  8.233E-10

     Pert. #  1: Fermi energy shift (Ry) =     5.8658E-04    -8.2718E-25

      iter #   3 total cpu time :130397.9 secs   av.it.:  14.0
      thresh= 2.869E-06 alpha_mix =  0.700 |ddv_scf|^2 =  3.835E-11

     Pert. #  1: Fermi energy shift (Ry) =     2.4078E-04    -1.6544E-24

      iter #   4 total cpu time :130636.2 secs   av.it.:  15.0
      thresh= 6.193E-07 alpha_mix =  0.700 |ddv_scf|^2 =  2.761E-12

     Pert. #  1: Fermi energy shift (Ry) =     8.2933E-04    -1.6544E-24

      iter #   5 total cpu time :130881.7 secs   av.it.:  15.0
      thresh= 1.662E-07 alpha_mix =  0.700 |ddv_scf|^2 =  2.360E-13

     End of self-consistent calculation

     Convergence has been achieved 


     Representation #111 mode # 111

     Self-consistent Calculation

     Pert. #  1: Fermi energy shift (Ry) =     2.0985E-03     8.4703E-22

      iter #   1 total cpu time :130987.5 secs   av.it.:   2.0
      thresh= 1.000E-02 alpha_mix =  0.700 |ddv_scf|^2 =  1.296E-09

     Pert. #  1: Fermi energy shift (Ry) =    -4.6340E-03     8.2718E-25

      iter #   2 total cpu time :131224.1 secs   av.it.:  14.6
      thresh= 3.600E-06 alpha_mix =  0.700 |ddv_scf|^2 =  5.749E-10

     Pert. #  1: Fermi energy shift (Ry) =     4.8254E-03     3.3087E-24

      iter #   3 total cpu time :131462.6 secs   av.it.:  15.0
      thresh= 2.398E-06 alpha_mix =  0.700 |ddv_scf|^2 =  2.259E-11

     Pert. #  1: Fermi energy shift (Ry) =    -1.1165E-03     8.2718E-25

      iter #   4 total cpu time :131712.6 secs   av.it.:  15.0
      thresh= 4.753E-07 alpha_mix =  0.700 |ddv_scf|^2 =  2.266E-12

     Pert. #  1: Fermi energy shift (Ry) =     6.9494E-04     8.2718E-25

      iter #   5 total cpu time :131966.3 secs   av.it.:  15.9
      thresh= 1.505E-07 alpha_mix =  0.700 |ddv_scf|^2 =  1.819E-13

     End of self-consistent calculation

     Convergence has been achieved 


     Representation #112 mode # 112

     Self-consistent Calculation

     Pert. #  1: Fermi energy shift (Ry) =    -6.1045E-03     0.0000E+00

      iter #   1 total cpu time :132073.0 secs   av.it.:   2.4
      thresh= 1.000E-02 alpha_mix =  0.700 |ddv_scf|^2 =  4.753E-10

     Pert. #  1: Fermi energy shift (Ry) =     1.2594E-03     0.0000E+00

      iter #   2 total cpu time :132314.0 secs   av.it.:  15.0
      thresh= 2.180E-06 alpha_mix =  0.700 |ddv_scf|^2 =  9.670E-11

     Pert. #  1: Fermi energy shift (Ry) =    -2.9188E-04     0.0000E+00

      iter #   3 total cpu time :132559.2 secs   av.it.:  15.0
      thresh= 9.834E-07 alpha_mix =  0.700 |ddv_scf|^2 =  6.452E-12

     Pert. #  1: Fermi energy shift (Ry) =    -1.0175E-04     0.0000E+00

      iter #   4 total cpu time :132802.2 secs   av.it.:  15.0
      thresh= 2.540E-07 alpha_mix =  0.700 |ddv_scf|^2 =  3.839E-13

     End of self-consistent calculation

     Convergence has been achieved 


     Representation #113 mode # 113

     Self-consistent Calculation

     Pert. #  1: Fermi energy shift (Ry) =     2.8793E-02    -4.2352E-22

      iter #   1 total cpu time :132912.3 secs   av.it.:   3.0
      thresh= 1.000E-02 alpha_mix =  0.700 |ddv_scf|^2 =  1.360E-09

     Pert. #  1: Fermi energy shift (Ry) =    -1.7844E-02    -1.6544E-24

      iter #   2 total cpu time :133158.6 secs   av.it.:  15.0
      thresh= 3.688E-06 alpha_mix =  0.700 |ddv_scf|^2 =  9.808E-10

     Pert. #  1: Fermi energy shift (Ry) =    -1.8745E-03    -8.2718E-25

      iter #   3 total cpu time :133398.4 secs   av.it.:  14.9
      thresh= 3.132E-06 alpha_mix =  0.700 |ddv_scf|^2 =  3.028E-11

     Pert. #  1: Fermi energy shift (Ry) =    -1.8927E-03    -4.1359E-25

      iter #   4 total cpu time :133633.3 secs   av.it.:  15.0
      thresh= 5.503E-07 alpha_mix =  0.700 |ddv_scf|^2 =  2.181E-12

     Pert. #  1: Fermi energy shift (Ry) =    -1.4836E-03    -4.1359E-25

      iter #   5 total cpu time :133882.8 secs   av.it.:  15.2
      thresh= 1.477E-07 alpha_mix =  0.700 |ddv_scf|^2 =  2.193E-13

     End of self-consistent calculation

     Convergence has been achieved 


     Representation #114 mode # 114

     Self-consistent Calculation

     Pert. #  1: Fermi energy shift (Ry) =    -5.9213E-03     2.1176E-22

      iter #   1 total cpu time :133992.5 secs   av.it.:   3.0
      thresh= 1.000E-02 alpha_mix =  0.700 |ddv_scf|^2 =  1.388E-09

     Pert. #  1: Fermi energy shift (Ry) =     9.9167E-04     1.6544E-24

      iter #   2 total cpu time :134233.7 secs   av.it.:  15.0
      thresh= 3.726E-06 alpha_mix =  0.700 |ddv_scf|^2 =  6.785E-10

     Pert. #  1: Fermi energy shift (Ry) =    -4.4170E-03    -1.6544E-24

      iter #   3 total cpu time :134476.7 secs   av.it.:  15.0
      thresh= 2.605E-06 alpha_mix =  0.700 |ddv_scf|^2 =  1.521E-11

     Pert. #  1: Fermi energy shift (Ry) =    -1.0627E-03    -8.2718E-25

      iter #   4 total cpu time :134725.2 secs   av.it.:  15.0
      thresh= 3.900E-07 alpha_mix =  0.700 |ddv_scf|^2 =  1.796E-12

     Pert. #  1: Fermi energy shift (Ry) =    -2.4129E-03    -8.2718E-25

      iter #   5 total cpu time :134974.8 secs   av.it.:  15.4
      thresh= 1.340E-07 alpha_mix =  0.700 |ddv_scf|^2 =  1.862E-13

     End of self-consistent calculation

     Convergence has been achieved 


     Representation #115 mode # 115

     Self-consistent Calculation

     Pert. #  1: Fermi energy shift (Ry) =     4.6899E-03     0.0000E+00

      iter #   1 total cpu time :135077.4 secs   av.it.:   2.0
      thresh= 1.000E-02 alpha_mix =  0.700 |ddv_scf|^2 =  4.361E-10

     Pert. #  1: Fermi energy shift (Ry) =    -1.1314E-02     0.0000E+00

      iter #   2 total cpu time :135321.2 secs   av.it.:  15.0
      thresh= 2.088E-06 alpha_mix =  0.700 |ddv_scf|^2 =  8.250E-11

     Pert. #  1: Fermi energy shift (Ry) =     5.2957E-03     0.0000E+00

      iter #   3 total cpu time :135576.0 secs   av.it.:  16.0
      thresh= 9.083E-07 alpha_mix =  0.700 |ddv_scf|^2 =  9.971E-12

     Pert. #  1: Fermi energy shift (Ry) =    -2.7372E-03     0.0000E+00

      iter #   4 total cpu time :135829.5 secs   av.it.:  15.9
      thresh= 3.158E-07 alpha_mix =  0.700 |ddv_scf|^2 =  7.067E-13

     End of self-consistent calculation

     Convergence has been achieved 


     Representation #116 mode # 116

     Self-consistent Calculation

     Pert. #  1: Fermi energy shift (Ry) =    -3.6705E-02     1.0588E-22

      iter #   1 total cpu time :135937.5 secs   av.it.:   3.0
      thresh= 1.000E-02 alpha_mix =  0.700 |ddv_scf|^2 =  1.503E-09

     Pert. #  1: Fermi energy shift (Ry) =     2.8030E-02     1.6544E-24

      iter #   2 total cpu time :136187.9 secs   av.it.:  15.2
      thresh= 3.876E-06 alpha_mix =  0.700 |ddv_scf|^2 =  1.014E-09

     Pert. #  1: Fermi energy shift (Ry) =     4.7287E-03    -3.3087E-24

      iter #   3 total cpu time :136429.9 secs   av.it.:  15.0
      thresh= 3.185E-06 alpha_mix =  0.700 |ddv_scf|^2 =  3.009E-11

     Pert. #  1: Fermi energy shift (Ry) =     5.6751E-03    -8.2718E-25

      iter #   4 total cpu time :136671.5 secs   av.it.:  15.0
      thresh= 5.486E-07 alpha_mix =  0.700 |ddv_scf|^2 =  2.945E-12

     Pert. #  1: Fermi energy shift (Ry) =     5.6231E-03    -8.2718E-25

      iter #   5 total cpu time :136912.1 secs   av.it.:  15.0
      thresh= 1.716E-07 alpha_mix =  0.700 |ddv_scf|^2 =  2.239E-13

     End of self-consistent calculation

     Convergence has been achieved 


     Representation #117 mode # 117

     Self-consistent Calculation

     Pert. #  1: Fermi energy shift (Ry) =     1.4376E-02    -1.6941E-21

      iter #   1 total cpu time :137017.8 secs   av.it.:   2.4
      thresh= 1.000E-02 alpha_mix =  0.700 |ddv_scf|^2 =  1.311E-09

     Pert. #  1: Fermi energy shift (Ry) =     9.0047E-03    -4.1359E-25

      iter #   2 total cpu time :137260.8 secs   av.it.:  15.0
      thresh= 3.620E-06 alpha_mix =  0.700 |ddv_scf|^2 =  7.168E-10

     Pert. #  1: Fermi energy shift (Ry) =    -2.8028E-03     1.6544E-24

      iter #   3 total cpu time :137504.4 secs   av.it.:  15.0
      thresh= 2.677E-06 alpha_mix =  0.700 |ddv_scf|^2 =  2.672E-11

     Pert. #  1: Fermi energy shift (Ry) =     2.7200E-03     8.2718E-25

      iter #   4 total cpu time :137753.5 secs   av.it.:  15.0
      thresh= 5.169E-07 alpha_mix =  0.700 |ddv_scf|^2 =  1.953E-12

     Pert. #  1: Fermi energy shift (Ry) =     1.4483E-03     4.1359E-25

      iter #   5 total cpu time :138003.3 secs   av.it.:  15.4
      thresh= 1.397E-07 alpha_mix =  0.700 |ddv_scf|^2 =  1.697E-13

     End of self-consistent calculation

     Convergence has been achieved 


     Representation #118 mode # 118

     Self-consistent Calculation

     Pert. #  1: Fermi energy shift (Ry) =    -2.3118E-03     0.0000E+00

      iter #   1 total cpu time :138104.7 secs   av.it.:   2.0
      thresh= 1.000E-02 alpha_mix =  0.700 |ddv_scf|^2 =  4.411E-10

     Pert. #  1: Fermi energy shift (Ry) =     2.5718E-04     0.0000E+00

      iter #   2 total cpu time :138330.9 secs   av.it.:  14.0
      thresh= 2.100E-06 alpha_mix =  0.700 |ddv_scf|^2 =  6.602E-11

     Pert. #  1: Fermi energy shift (Ry) =     1.3353E-04     0.0000E+00

      iter #   3 total cpu time :138564.5 secs   av.it.:  15.0
      thresh= 8.125E-07 alpha_mix =  0.700 |ddv_scf|^2 =  7.537E-12

     Pert. #  1: Fermi energy shift (Ry) =     1.7851E-05     0.0000E+00

      iter #   4 total cpu time :138797.8 secs   av.it.:  14.1
      thresh= 2.745E-07 alpha_mix =  0.700 |ddv_scf|^2 =  3.944E-13

     End of self-consistent calculation

     Convergence has been achieved 


     Representation #119 mode # 119

     Self-consistent Calculation

     Pert. #  1: Fermi energy shift (Ry) =    -1.6679E-03     4.2352E-22

      iter #   1 total cpu time :138904.1 secs   av.it.:   2.3
      thresh= 1.000E-02 alpha_mix =  0.700 |ddv_scf|^2 =  1.317E-09

     Pert. #  1: Fermi energy shift (Ry) =     1.3682E-02    -2.0680E-25

      iter #   2 total cpu time :139142.8 secs   av.it.:  15.0
      thresh= 3.629E-06 alpha_mix =  0.700 |ddv_scf|^2 =  8.530E-10

     Pert. #  1: Fermi energy shift (Ry) =    -2.5535E-03     1.6544E-24

      iter #   3 total cpu time :139381.1 secs   av.it.:  14.6
      thresh= 2.921E-06 alpha_mix =  0.700 |ddv_scf|^2 =  3.620E-11

     Pert. #  1: Fermi energy shift (Ry) =     2.1978E-03     2.0680E-25

      iter #   4 total cpu time :139624.9 secs   av.it.:  15.0
      thresh= 6.017E-07 alpha_mix =  0.700 |ddv_scf|^2 =  2.585E-12

     Pert. #  1: Fermi energy shift (Ry) =     1.6443E-03    -2.0680E-25

      iter #   5 total cpu time :139873.1 secs   av.it.:  15.0
      thresh= 1.608E-07 alpha_mix =  0.700 |ddv_scf|^2 =  2.553E-13

     End of self-consistent calculation

     Convergence has been achieved 


     Representation #120 mode # 120

     Self-consistent Calculation

     Pert. #  1: Fermi energy shift (Ry) =    -1.0701E-02     2.1176E-22

      iter #   1 total cpu time :139980.1 secs   av.it.:   2.6
      thresh= 1.000E-02 alpha_mix =  0.700 |ddv_scf|^2 =  1.275E-09

     Pert. #  1: Fermi energy shift (Ry) =     1.3500E-03    -3.3087E-24

      iter #   2 total cpu time :140217.6 secs   av.it.:  15.0
      thresh= 3.571E-06 alpha_mix =  0.700 |ddv_scf|^2 =  5.797E-10

     Pert. #  1: Fermi energy shift (Ry) =     5.4865E-04    -2.0680E-25

      iter #   3 total cpu time :140453.6 secs   av.it.:  14.9
      thresh= 2.408E-06 alpha_mix =  0.700 |ddv_scf|^2 =  2.080E-11

     Pert. #  1: Fermi energy shift (Ry) =    -8.3672E-04    -1.6544E-24

      iter #   4 total cpu time :140694.6 secs   av.it.:  15.0
      thresh= 4.561E-07 alpha_mix =  0.700 |ddv_scf|^2 =  1.964E-12

     Pert. #  1: Fermi energy shift (Ry) =     1.6406E-04    -1.6544E-24

      iter #   5 total cpu time :140942.9 secs   av.it.:  15.0
      thresh= 1.401E-07 alpha_mix =  0.700 |ddv_scf|^2 =  1.944E-13

     End of self-consistent calculation

     Convergence has been achieved 


     Representation #121 mode # 121

     Self-consistent Calculation

     Pert. #  1: Fermi energy shift (Ry) =    -7.0106E-04     0.0000E+00

      iter #   1 total cpu time :141048.5 secs   av.it.:   2.1
      thresh= 1.000E-02 alpha_mix =  0.700 |ddv_scf|^2 =  1.024E-09

     Pert. #  1: Fermi energy shift (Ry) =    -9.2285E-03     0.0000E+00

      iter #   2 total cpu time :141279.1 secs   av.it.:  14.0
      thresh= 3.200E-06 alpha_mix =  0.700 |ddv_scf|^2 =  6.829E-10

     Pert. #  1: Fermi energy shift (Ry) =    -5.2648E-04     0.0000E+00

      iter #   3 total cpu time :141507.2 secs   av.it.:  14.0
      thresh= 2.613E-06 alpha_mix =  0.700 |ddv_scf|^2 =  1.803E-11

     Pert. #  1: Fermi energy shift (Ry) =    -2.7255E-03     0.0000E+00

      iter #   4 total cpu time :141745.7 secs   av.it.:  15.0
      thresh= 4.246E-07 alpha_mix =  0.700 |ddv_scf|^2 =  2.146E-12

     Pert. #  1: Fermi energy shift (Ry) =    -2.5177E-03     0.0000E+00

      iter #   5 total cpu time :141984.9 secs   av.it.:  15.0
      thresh= 1.465E-07 alpha_mix =  0.700 |ddv_scf|^2 =  2.147E-13

     End of self-consistent calculation

     Convergence has been achieved 


     Representation #122 mode # 122

     Self-consistent Calculation

     Pert. #  1: Fermi energy shift (Ry) =     6.6116E-03     8.4703E-22

      iter #   1 total cpu time :142088.4 secs   av.it.:   2.0
      thresh= 1.000E-02 alpha_mix =  0.700 |ddv_scf|^2 =  8.200E-10

     Pert. #  1: Fermi energy shift (Ry) =    -6.1008E-03     2.0680E-25

      iter #   2 total cpu time :142320.4 secs   av.it.:  14.0
      thresh= 2.864E-06 alpha_mix =  0.700 |ddv_scf|^2 =  3.869E-10

     Pert. #  1: Fermi energy shift (Ry) =     3.5600E-03    -4.1359E-25

      iter #   3 total cpu time :142553.6 secs   av.it.:  14.0
      thresh= 1.967E-06 alpha_mix =  0.700 |ddv_scf|^2 =  1.329E-11

     Pert. #  1: Fermi energy shift (Ry) =    -1.7136E-03     8.2718E-25

      iter #   4 total cpu time :142804.7 secs   av.it.:  15.1
      thresh= 3.645E-07 alpha_mix =  0.700 |ddv_scf|^2 =  7.311E-13

     End of self-consistent calculation

     Convergence has been achieved 


     Representation #123 mode # 123

     Self-consistent Calculation

     Pert. #  1: Fermi energy shift (Ry) =    -5.1596E-03    -4.2352E-22

      iter #   1 total cpu time :142911.9 secs   av.it.:   2.6
      thresh= 1.000E-02 alpha_mix =  0.700 |ddv_scf|^2 =  1.716E-09

     Pert. #  1: Fermi energy shift (Ry) =    -6.0835E-04    -6.6174E-24

      iter #   2 total cpu time :143159.0 secs   av.it.:  15.0
      thresh= 4.143E-06 alpha_mix =  0.700 |ddv_scf|^2 =  1.345E-09

     Pert. #  1: Fermi energy shift (Ry) =     6.3028E-04    -6.6174E-24

      iter #   3 total cpu time :143410.3 secs   av.it.:  14.0
      thresh= 3.668E-06 alpha_mix =  0.700 |ddv_scf|^2 =  2.807E-11

     Pert. #  1: Fermi energy shift (Ry) =    -4.7683E-05    -3.3087E-24

      iter #   4 total cpu time :143674.1 secs   av.it.:  15.0
      thresh= 5.298E-07 alpha_mix =  0.700 |ddv_scf|^2 =  1.270E-12

     Pert. #  1: Fermi energy shift (Ry) =     7.6985E-04    -3.3087E-24

      iter #   5 total cpu time :143947.3 secs   av.it.:  15.9
      thresh= 1.127E-07 alpha_mix =  0.700 |ddv_scf|^2 =  1.413E-13

     End of self-consistent calculation

     Convergence has been achieved 


     Representation #124 mode # 124

     Self-consistent Calculation

     Pert. #  1: Fermi energy shift (Ry) =    -4.8675E-03     0.0000E+00

      iter #   1 total cpu time :144067.1 secs   av.it.:   3.0
      thresh= 1.000E-02 alpha_mix =  0.700 |ddv_scf|^2 =  9.695E-10

     Pert. #  1: Fermi energy shift (Ry) =    -3.7068E-03     0.0000E+00

      iter #   2 total cpu time :144329.2 secs   av.it.:  15.0
      thresh= 3.114E-06 alpha_mix =  0.700 |ddv_scf|^2 =  6.856E-10

     Pert. #  1: Fermi energy shift (Ry) =    -7.8751E-04     0.0000E+00

      iter #   3 total cpu time :144582.9 secs   av.it.:  14.0
      thresh= 2.618E-06 alpha_mix =  0.700 |ddv_scf|^2 =  1.581E-11

     Pert. #  1: Fermi energy shift (Ry) =    -2.0464E-03     0.0000E+00

      iter #   4 total cpu time :144853.9 secs   av.it.:  15.0
      thresh= 3.976E-07 alpha_mix =  0.700 |ddv_scf|^2 =  1.816E-12

     Pert. #  1: Fermi energy shift (Ry) =    -2.1024E-03     0.0000E+00

      iter #   5 total cpu time :145123.6 secs   av.it.:  15.0
      thresh= 1.348E-07 alpha_mix =  0.700 |ddv_scf|^2 =  1.938E-13

     End of self-consistent calculation

     Convergence has been achieved 


     Representation #125 mode # 125

     Self-consistent Calculation

     Pert. #  1: Fermi energy shift (Ry) =     2.2067E-02    -5.2940E-23

      iter #   1 total cpu time :145240.0 secs   av.it.:   2.7
      thresh= 1.000E-02 alpha_mix =  0.700 |ddv_scf|^2 =  8.903E-10

     Pert. #  1: Fermi energy shift (Ry) =    -1.5279E-02    -3.3087E-24

      iter #   2 total cpu time :145513.3 secs   av.it.:  15.0
      thresh= 2.984E-06 alpha_mix =  0.700 |ddv_scf|^2 =  5.118E-10

     Pert. #  1: Fermi energy shift (Ry) =     4.8363E-03    -3.3087E-24

      iter #   3 total cpu time :145780.0 secs   av.it.:  15.0
      thresh= 2.262E-06 alpha_mix =  0.700 |ddv_scf|^2 =  1.154E-11

     Pert. #  1: Fermi energy shift (Ry) =     1.5496E-03    -3.3087E-24

      iter #   4 total cpu time :146056.9 secs   av.it.:  15.4
      thresh= 3.398E-07 alpha_mix =  0.700 |ddv_scf|^2 =  6.855E-13

     End of self-consistent calculation

     Convergence has been achieved 


     Representation #126 mode # 126

     Self-consistent Calculation

     Pert. #  1: Fermi energy shift (Ry) =     5.5474E-03     8.4703E-22

      iter #   1 total cpu time :146177.5 secs   av.it.:   3.0
      thresh= 1.000E-02 alpha_mix =  0.700 |ddv_scf|^2 =  1.782E-09

     Pert. #  1: Fermi energy shift (Ry) =    -2.0914E-03     2.6470E-23

      iter #   2 total cpu time :146447.3 secs   av.it.:  15.0
      thresh= 4.221E-06 alpha_mix =  0.700 |ddv_scf|^2 =  1.577E-09

     Pert. #  1: Fermi energy shift (Ry) =     6.9247E-04     1.3235E-23

      iter #   3 total cpu time :146705.9 secs   av.it.:  14.0
      thresh= 3.971E-06 alpha_mix =  0.700 |ddv_scf|^2 =  2.348E-11

     Pert. #  1: Fermi energy shift (Ry) =     8.8584E-04     2.6470E-23

      iter #   4 total cpu time :146970.8 secs   av.it.:  15.0
      thresh= 4.846E-07 alpha_mix =  0.700 |ddv_scf|^2 =  1.101E-12

     Pert. #  1: Fermi energy shift (Ry) =    -1.7459E-04     2.6470E-23

      iter #   5 total cpu time :147251.4 secs   av.it.:  16.0
      thresh= 1.049E-07 alpha_mix =  0.700 |ddv_scf|^2 =  1.424E-13

     End of self-consistent calculation

     Convergence has been achieved 


     Representation #127 mode # 127

     Self-consistent Calculation

     Pert. #  1: Fermi energy shift (Ry) =     1.5076E-02     0.0000E+00

      iter #   1 total cpu time :147366.8 secs   av.it.:   2.3
      thresh= 1.000E-02 alpha_mix =  0.700 |ddv_scf|^2 =  9.841E-10

     Pert. #  1: Fermi energy shift (Ry) =    -9.4468E-03     0.0000E+00

      iter #   2 total cpu time :147643.0 secs   av.it.:  15.1
      thresh= 3.137E-06 alpha_mix =  0.700 |ddv_scf|^2 =  7.623E-10

     Pert. #  1: Fermi energy shift (Ry) =    -6.4623E-03     0.0000E+00

      iter #   3 total cpu time :147907.6 secs   av.it.:  14.8
      thresh= 2.761E-06 alpha_mix =  0.700 |ddv_scf|^2 =  1.033E-11

     Pert. #  1: Fermi energy shift (Ry) =    -3.8752E-03     0.0000E+00

      iter #   4 total cpu time :148181.7 secs   av.it.:  15.0
      thresh= 3.214E-07 alpha_mix =  0.700 |ddv_scf|^2 =  1.639E-12

     Pert. #  1: Fermi energy shift (Ry) =    -4.6922E-03     0.0000E+00

      iter #   5 total cpu time :148452.0 secs   av.it.:  15.0
      thresh= 1.280E-07 alpha_mix =  0.700 |ddv_scf|^2 =  1.105E-13

     End of self-consistent calculation

     Convergence has been achieved 


     Representation #128 mode # 128

     Self-consistent Calculation

     Pert. #  1: Fermi energy shift (Ry) =    -2.9164E-02    -8.4703E-22

      iter #   1 total cpu time :148564.4 secs   av.it.:   2.0
      thresh= 1.000E-02 alpha_mix =  0.700 |ddv_scf|^2 =  8.230E-10

     Pert. #  1: Fermi energy shift (Ry) =     1.5496E-02     3.3087E-24

      iter #   2 total cpu time :148832.8 secs   av.it.:  15.0
      thresh= 2.869E-06 alpha_mix =  0.700 |ddv_scf|^2 =  3.560E-10

     Pert. #  1: Fermi energy shift (Ry) =    -9.6328E-03     3.3087E-24

      iter #   3 total cpu time :149100.5 secs   av.it.:  15.0
      thresh= 1.887E-06 alpha_mix =  0.700 |ddv_scf|^2 =  1.505E-11

     Pert. #  1: Fermi energy shift (Ry) =    -3.9379E-03     6.6174E-24

      iter #   4 total cpu time :149378.1 secs   av.it.:  15.1
      thresh= 3.879E-07 alpha_mix =  0.700 |ddv_scf|^2 =  7.578E-13

     End of self-consistent calculation

     Convergence has been achieved 


     Representation #129 mode # 129

     Self-consistent Calculation

     Pert. #  1: Fermi energy shift (Ry) =    -1.0285E-02     3.3881E-21

      iter #   1 total cpu time :149494.8 secs   av.it.:   2.4
      thresh= 1.000E-02 alpha_mix =  0.700 |ddv_scf|^2 =  1.624E-09

     Pert. #  1: Fermi energy shift (Ry) =    -9.8869E-03    -6.6174E-24

      iter #   2 total cpu time :149762.7 secs   av.it.:  15.0
      thresh= 4.030E-06 alpha_mix =  0.700 |ddv_scf|^2 =  1.257E-09

     Pert. #  1: Fermi energy shift (Ry) =    -1.1845E-02    -1.3235E-23

      iter #   3 total cpu time :150020.0 secs   av.it.:  14.0
      thresh= 3.545E-06 alpha_mix =  0.700 |ddv_scf|^2 =  2.498E-11

     Pert. #  1: Fermi energy shift (Ry) =    -7.9798E-03    -1.3235E-23

      iter #   4 total cpu time :150292.0 secs   av.it.:  15.0
      thresh= 4.998E-07 alpha_mix =  0.700 |ddv_scf|^2 =  1.282E-12

     Pert. #  1: Fermi energy shift (Ry) =    -8.8008E-03    -1.3235E-23

      iter #   5 total cpu time :150569.3 secs   av.it.:  15.1
      thresh= 1.132E-07 alpha_mix =  0.700 |ddv_scf|^2 =  1.536E-13

     End of self-consistent calculation

     Convergence has been achieved 


     Representation #130 mode # 130

     Self-consistent Calculation

     Pert. #  1: Fermi energy shift (Ry) =    -3.3894E-04     0.0000E+00

      iter #   1 total cpu time :150687.9 secs   av.it.:   2.9
      thresh= 1.000E-02 alpha_mix =  0.700 |ddv_scf|^2 =  1.031E-09

     Pert. #  1: Fermi energy shift (Ry) =    -9.7726E-03     0.0000E+00

      iter #   2 total cpu time :150951.4 secs   av.it.:  14.7
      thresh= 3.211E-06 alpha_mix =  0.700 |ddv_scf|^2 =  7.260E-10

     Pert. #  1: Fermi energy shift (Ry) =     3.0907E-04     0.0000E+00

      iter #   3 total cpu time :151208.7 secs   av.it.:  14.0
      thresh= 2.694E-06 alpha_mix =  0.700 |ddv_scf|^2 =  1.799E-11

     Pert. #  1: Fermi energy shift (Ry) =    -2.0645E-03     0.0000E+00

      iter #   4 total cpu time :151476.5 secs   av.it.:  15.0
      thresh= 4.242E-07 alpha_mix =  0.700 |ddv_scf|^2 =  1.948E-12

     Pert. #  1: Fermi energy shift (Ry) =    -1.6683E-03     0.0000E+00

      iter #   5 total cpu time :151750.5 secs   av.it.:  15.0
      thresh= 1.396E-07 alpha_mix =  0.700 |ddv_scf|^2 =  2.335E-13

     End of self-consistent calculation

     Convergence has been achieved 


     Representation #131 mode # 131

     Self-consistent Calculation

     Pert. #  1: Fermi energy shift (Ry) =    -5.6318E-03    -2.1176E-22

      iter #   1 total cpu time :151864.0 secs   av.it.:   2.0
      thresh= 1.000E-02 alpha_mix =  0.700 |ddv_scf|^2 =  8.281E-10

     Pert. #  1: Fermi energy shift (Ry) =     6.8144E-03    -6.6174E-24

      iter #   2 total cpu time :152122.8 secs   av.it.:  14.1
      thresh= 2.878E-06 alpha_mix =  0.700 |ddv_scf|^2 =  4.075E-10

     Pert. #  1: Fermi energy shift (Ry) =    -2.6391E-03    -3.3087E-24

      iter #   3 total cpu time :152381.6 secs   av.it.:  14.0
      thresh= 2.019E-06 alpha_mix =  0.700 |ddv_scf|^2 =  1.236E-11

     Pert. #  1: Fermi energy shift (Ry) =     1.1069E-03    -3.3087E-24

      iter #   4 total cpu time :152657.9 secs   av.it.:  15.0
      thresh= 3.516E-07 alpha_mix =  0.700 |ddv_scf|^2 =  7.095E-13

     End of self-consistent calculation

     Convergence has been achieved 


     Representation #132 mode # 132

     Self-consistent Calculation

     Pert. #  1: Fermi energy shift (Ry) =     1.0208E-03     4.2352E-22

      iter #   1 total cpu time :152777.5 secs   av.it.:   3.0
      thresh= 1.000E-02 alpha_mix =  0.700 |ddv_scf|^2 =  1.739E-09

     Pert. #  1: Fermi energy shift (Ry) =    -3.6927E-03     1.3235E-23

      iter #   2 total cpu time :153044.0 secs   av.it.:  15.0
      thresh= 4.170E-06 alpha_mix =  0.700 |ddv_scf|^2 =  1.389E-09

     Pert. #  1: Fermi energy shift (Ry) =     9.2572E-04     2.6470E-23

      iter #   3 total cpu time :153302.4 secs   av.it.:  14.0
      thresh= 3.727E-06 alpha_mix =  0.700 |ddv_scf|^2 =  2.543E-11

     Pert. #  1: Fermi energy shift (Ry) =    -2.0588E-03     1.3235E-23

      iter #   4 total cpu time :153575.6 secs   av.it.:  15.0
      thresh= 5.043E-07 alpha_mix =  0.700 |ddv_scf|^2 =  1.226E-12

     Pert. #  1: Fermi energy shift (Ry) =    -1.3735E-03     1.3235E-23

      iter #   5 total cpu time :153852.9 secs   av.it.:  15.6
      thresh= 1.107E-07 alpha_mix =  0.700 |ddv_scf|^2 =  1.516E-13

     End of self-consistent calculation

     Convergence has been achieved 


     Representation #133 mode # 133

     Self-consistent Calculation

     Pert. #  1: Fermi energy shift (Ry) =    -8.7869E-04     0.0000E+00

      iter #   1 total cpu time :153967.9 secs   av.it.:   2.0
      thresh= 1.000E-02 alpha_mix =  0.700 |ddv_scf|^2 =  7.652E-10

     Pert. #  1: Fermi energy shift (Ry) =    -2.5449E-03     0.0000E+00

      iter #   2 total cpu time :154223.2 secs   av.it.:  14.0
      thresh= 2.766E-06 alpha_mix =  0.700 |ddv_scf|^2 =  3.385E-10

     Pert. #  1: Fermi energy shift (Ry) =     8.8475E-04     0.0000E+00

      iter #   3 total cpu time :154482.1 secs   av.it.:  14.1
      thresh= 1.840E-06 alpha_mix =  0.700 |ddv_scf|^2 =  1.596E-11

     Pert. #  1: Fermi energy shift (Ry) =    -1.8611E-03     0.0000E+00

      iter #   4 total cpu time :154752.0 secs   av.it.:  15.0
      thresh= 3.995E-07 alpha_mix =  0.700 |ddv_scf|^2 =  2.408E-12

     Pert. #  1: Fermi energy shift (Ry) =    -7.8916E-04     0.0000E+00

      iter #   5 total cpu time :155027.5 secs   av.it.:  15.0
      thresh= 1.552E-07 alpha_mix =  0.700 |ddv_scf|^2 =  9.953E-14

     End of self-consistent calculation

     Convergence has been achieved 


     Representation #134 mode # 134

     Self-consistent Calculation

     Pert. #  1: Fermi energy shift (Ry) =     3.7953E-03     4.2352E-22

      iter #   1 total cpu time :155144.8 secs   av.it.:   2.9
      thresh= 1.000E-02 alpha_mix =  0.700 |ddv_scf|^2 =  1.272E-09

     Pert. #  1: Fermi energy shift (Ry) =    -8.2095E-03     6.6174E-24

      iter #   2 total cpu time :155409.9 secs   av.it.:  14.9
      thresh= 3.567E-06 alpha_mix =  0.700 |ddv_scf|^2 =  4.795E-10

     Pert. #  1: Fermi energy shift (Ry) =     3.7443E-03     1.6544E-24

      iter #   3 total cpu time :155677.1 secs   av.it.:  15.0
      thresh= 2.190E-06 alpha_mix =  0.700 |ddv_scf|^2 =  1.883E-11

     Pert. #  1: Fermi energy shift (Ry) =    -1.2381E-03     3.3087E-24

      iter #   4 total cpu time :155951.1 secs   av.it.:  15.0
      thresh= 4.340E-07 alpha_mix =  0.700 |ddv_scf|^2 =  2.035E-12

     Pert. #  1: Fermi energy shift (Ry) =    -1.1856E-04     1.6544E-24

      iter #   5 total cpu time :156226.3 secs   av.it.:  15.0
      thresh= 1.426E-07 alpha_mix =  0.700 |ddv_scf|^2 =  1.196E-13

     End of self-consistent calculation

     Convergence has been achieved 


     Representation #135 mode # 135

     Self-consistent Calculation

     Pert. #  1: Fermi energy shift (Ry) =    -1.2623E-02     8.4703E-22

      iter #   1 total cpu time :156342.0 secs   av.it.:   2.2
      thresh= 1.000E-02 alpha_mix =  0.700 |ddv_scf|^2 =  1.195E-09

     Pert. #  1: Fermi energy shift (Ry) =     8.1792E-03    -1.6544E-24

      iter #   2 total cpu time :156605.0 secs   av.it.:  14.6
      thresh= 3.457E-06 alpha_mix =  0.700 |ddv_scf|^2 =  5.067E-10

     Pert. #  1: Fermi energy shift (Ry) =     7.7364E-04     8.2718E-25

      iter #   3 total cpu time :156867.8 secs   av.it.:  14.9
      thresh= 2.251E-06 alpha_mix =  0.700 |ddv_scf|^2 =  2.816E-11

     Pert. #  1: Fermi energy shift (Ry) =     1.2366E-03     6.4623E-27

      iter #   4 total cpu time :157129.2 secs   av.it.:  14.9
      thresh= 5.307E-07 alpha_mix =  0.700 |ddv_scf|^2 =  1.812E-12

     Pert. #  1: Fermi energy shift (Ry) =     1.4394E-03     4.1359E-25

      iter #   5 total cpu time :157396.4 secs   av.it.:  15.0
      thresh= 1.346E-07 alpha_mix =  0.700 |ddv_scf|^2 =  1.736E-13

     End of self-consistent calculation

     Convergence has been achieved 


     Representation #136 mode # 136

     Self-consistent Calculation

     Pert. #  1: Fermi energy shift (Ry) =    -1.2363E-02     0.0000E+00

      iter #   1 total cpu time :157514.3 secs   av.it.:   2.6
      thresh= 1.000E-02 alpha_mix =  0.700 |ddv_scf|^2 =  7.322E-10

     Pert. #  1: Fermi energy shift (Ry) =     9.3933E-03     0.0000E+00

      iter #   2 total cpu time :157783.5 secs   av.it.:  15.0
      thresh= 2.706E-06 alpha_mix =  0.700 |ddv_scf|^2 =  3.279E-10

     Pert. #  1: Fermi energy shift (Ry) =     1.8594E-03     0.0000E+00

      iter #   3 total cpu time :158049.6 secs   av.it.:  15.0
      thresh= 1.811E-06 alpha_mix =  0.700 |ddv_scf|^2 =  1.260E-11

     Pert. #  1: Fermi energy shift (Ry) =     2.4682E-03     0.0000E+00

      iter #   4 total cpu time :158314.9 secs   av.it.:  15.0
      thresh= 3.549E-07 alpha_mix =  0.700 |ddv_scf|^2 =  1.521E-12

     Pert. #  1: Fermi energy shift (Ry) =     2.8211E-03     0.0000E+00

      iter #   5 total cpu time :158587.8 secs   av.it.:  15.0
      thresh= 1.233E-07 alpha_mix =  0.700 |ddv_scf|^2 =  1.166E-13

     End of self-consistent calculation

     Convergence has been achieved 


     Representation #137 mode # 137

     Self-consistent Calculation

     Pert. #  1: Fermi energy shift (Ry) =     2.7263E-02     2.6470E-23

      iter #   1 total cpu time :158708.8 secs   av.it.:   3.0
      thresh= 1.000E-02 alpha_mix =  0.700 |ddv_scf|^2 =  1.415E-09

     Pert. #  1: Fermi energy shift (Ry) =    -2.5956E-02     6.6174E-24

      iter #   2 total cpu time :158982.1 secs   av.it.:  15.0
      thresh= 3.762E-06 alpha_mix =  0.700 |ddv_scf|^2 =  6.042E-10

     Pert. #  1: Fermi energy shift (Ry) =     9.7335E-04     6.6174E-24

      iter #   3 total cpu time :159259.0 secs   av.it.:  15.0
      thresh= 2.458E-06 alpha_mix =  0.700 |ddv_scf|^2 =  1.431E-11

     Pert. #  1: Fermi energy shift (Ry) =    -5.1068E-03     6.6174E-24

      iter #   4 total cpu time :159539.5 secs   av.it.:  16.0
      thresh= 3.782E-07 alpha_mix =  0.700 |ddv_scf|^2 =  1.501E-12

     Pert. #  1: Fermi energy shift (Ry) =    -3.3979E-03     6.6174E-24

      iter #   5 total cpu time :159822.8 secs   av.it.:  16.0
      thresh= 1.225E-07 alpha_mix =  0.700 |ddv_scf|^2 =  1.090E-13

     End of self-consistent calculation

     Convergence has been achieved 


     Representation #138 mode # 138

     Self-consistent Calculation

     Pert. #  1: Fermi energy shift (Ry) =     2.7496E-02    -8.4703E-22

      iter #   1 total cpu time :159939.1 secs   av.it.:   2.4
      thresh= 1.000E-02 alpha_mix =  0.700 |ddv_scf|^2 =  1.186E-09

     Pert. #  1: Fermi energy shift (Ry) =    -1.2918E-02    -3.3087E-24

      iter #   2 total cpu time :160209.9 secs   av.it.:  15.0
      thresh= 3.443E-06 alpha_mix =  0.700 |ddv_scf|^2 =  5.193E-10

     Pert. #  1: Fermi energy shift (Ry) =     4.2910E-05    -3.3087E-24

      iter #   3 total cpu time :160474.6 secs   av.it.:  15.0
      thresh= 2.279E-06 alpha_mix =  0.700 |ddv_scf|^2 =  2.659E-11

     Pert. #  1: Fermi energy shift (Ry) =    -2.0859E-04    -3.3087E-24

      iter #   4 total cpu time :160736.5 secs   av.it.:  14.9
      thresh= 5.157E-07 alpha_mix =  0.700 |ddv_scf|^2 =  1.851E-12

     Pert. #  1: Fermi energy shift (Ry) =    -7.7447E-04    -3.3087E-24

      iter #   5 total cpu time :161008.6 secs   av.it.:  15.0
      thresh= 1.360E-07 alpha_mix =  0.700 |ddv_scf|^2 =  1.590E-13

     End of self-consistent calculation

     Convergence has been achieved 


     Representation #139 mode # 139

     Self-consistent Calculation

     Pert. #  1: Fermi energy shift (Ry) =     4.0857E-03     0.0000E+00

      iter #   1 total cpu time :161124.3 secs   av.it.:   2.0
      thresh= 1.000E-02 alpha_mix =  0.700 |ddv_scf|^2 =  9.327E-10

     Pert. #  1: Fermi energy shift (Ry) =     7.4838E-03     0.0000E+00

      iter #   2 total cpu time :161386.6 secs   av.it.:  14.6
      thresh= 3.054E-06 alpha_mix =  0.700 |ddv_scf|^2 =  5.379E-10

     Pert. #  1: Fermi energy shift (Ry) =    -7.5914E-03     0.0000E+00

      iter #   3 total cpu time :161650.8 secs   av.it.:  14.6
      thresh= 2.319E-06 alpha_mix =  0.700 |ddv_scf|^2 =  1.457E-11

     Pert. #  1: Fermi energy shift (Ry) =    -1.0408E-03     0.0000E+00

      iter #   4 total cpu time :161928.2 secs   av.it.:  15.4
      thresh= 3.817E-07 alpha_mix =  0.700 |ddv_scf|^2 =  2.916E-12

     Pert. #  1: Fermi energy shift (Ry) =    -2.6797E-03     0.0000E+00

      iter #   5 total cpu time :162202.2 secs   av.it.:  15.0
      thresh= 1.708E-07 alpha_mix =  0.700 |ddv_scf|^2 =  1.370E-13

     End of self-consistent calculation

     Convergence has been achieved 


     Representation #140 mode # 140

     Self-consistent Calculation

     Pert. #  1: Fermi energy shift (Ry) =    -1.8850E-02     4.2352E-22

      iter #   1 total cpu time :162316.4 secs   av.it.:   2.0
      thresh= 1.000E-02 alpha_mix =  0.700 |ddv_scf|^2 =  9.987E-10

     Pert. #  1: Fermi energy shift (Ry) =     9.5823E-03     2.6470E-23

      iter #   2 total cpu time :162578.4 secs   av.it.:  14.1
      thresh= 3.160E-06 alpha_mix =  0.700 |ddv_scf|^2 =  3.903E-10

     Pert. #  1: Fermi energy shift (Ry) =    -2.8150E-03     2.6470E-23

      iter #   3 total cpu time :162842.4 secs   av.it.:  14.4
      thresh= 1.976E-06 alpha_mix =  0.700 |ddv_scf|^2 =  1.919E-11

     Pert. #  1: Fermi energy shift (Ry) =     1.0315E-03     2.6470E-23

      iter #   4 total cpu time :163115.9 secs   av.it.:  15.0
      thresh= 4.380E-07 alpha_mix =  0.700 |ddv_scf|^2 =  1.374E-12

     Pert. #  1: Fermi energy shift (Ry) =     5.0750E-04     2.6470E-23

      iter #   5 total cpu time :163391.4 secs   av.it.:  15.0
      thresh= 1.172E-07 alpha_mix =  0.700 |ddv_scf|^2 =  8.203E-14

     End of self-consistent calculation

     Convergence has been achieved 


     Representation #141 mode # 141

     Self-consistent Calculation

     Pert. #  1: Fermi energy shift (Ry) =    -2.3642E-02    -4.2352E-22

      iter #   1 total cpu time :163505.4 secs   av.it.:   2.0
      thresh= 1.000E-02 alpha_mix =  0.700 |ddv_scf|^2 =  1.209E-09

     Pert. #  1: Fermi energy shift (Ry) =     9.5933E-03     1.3235E-23

      iter #   2 total cpu time :163771.1 secs   av.it.:  15.0
      thresh= 3.477E-06 alpha_mix =  0.700 |ddv_scf|^2 =  4.666E-10

     Pert. #  1: Fermi energy shift (Ry) =     2.6067E-03     1.3235E-23

      iter #   3 total cpu time :164038.2 secs   av.it.:  15.0
      thresh= 2.160E-06 alpha_mix =  0.700 |ddv_scf|^2 =  1.813E-11

     Pert. #  1: Fermi energy shift (Ry) =     1.5665E-03     1.3235E-23

      iter #   4 total cpu time :164306.0 secs   av.it.:  15.0
      thresh= 4.258E-07 alpha_mix =  0.700 |ddv_scf|^2 =  1.941E-12

     Pert. #  1: Fermi energy shift (Ry) =     1.8275E-03     1.3235E-23

      iter #   5 total cpu time :164569.0 secs   av.it.:  14.6
      thresh= 1.393E-07 alpha_mix =  0.700 |ddv_scf|^2 =  1.317E-13

     End of self-consistent calculation

     Convergence has been achieved 


     Representation #142 mode # 142

     Self-consistent Calculation

     Pert. #  1: Fermi energy shift (Ry) =     3.4580E-03     0.0000E+00

      iter #   1 total cpu time :164685.2 secs   av.it.:   2.2
      thresh= 1.000E-02 alpha_mix =  0.700 |ddv_scf|^2 =  7.550E-10

     Pert. #  1: Fermi energy shift (Ry) =    -2.7039E-04     0.0000E+00

      iter #   2 total cpu time :164938.5 secs   av.it.:  14.0
      thresh= 2.748E-06 alpha_mix =  0.700 |ddv_scf|^2 =  3.372E-10

     Pert. #  1: Fermi energy shift (Ry) =    -1.1588E-03     0.0000E+00

      iter #   3 total cpu time :165196.5 secs   av.it.:  14.2
      thresh= 1.836E-06 alpha_mix =  0.700 |ddv_scf|^2 =  1.415E-11

     Pert. #  1: Fermi energy shift (Ry) =     1.9869E-04     0.0000E+00

      iter #   4 total cpu time :165462.6 secs   av.it.:  15.0
      thresh= 3.762E-07 alpha_mix =  0.700 |ddv_scf|^2 =  2.056E-12

     Pert. #  1: Fermi energy shift (Ry) =    -8.0618E-04     0.0000E+00

      iter #   5 total cpu time :165736.4 secs   av.it.:  15.0
      thresh= 1.434E-07 alpha_mix =  0.700 |ddv_scf|^2 =  1.147E-13

     End of self-consistent calculation

     Convergence has been achieved 


     Representation #143 mode # 143

     Self-consistent Calculation

     Pert. #  1: Fermi energy shift (Ry) =    -5.0412E-03    -1.0588E-22

      iter #   1 total cpu time :165854.5 secs   av.it.:   2.9
      thresh= 1.000E-02 alpha_mix =  0.700 |ddv_scf|^2 =  1.325E-09

     Pert. #  1: Fermi energy shift (Ry) =     9.0387E-03     1.3235E-23

      iter #   2 total cpu time :166116.3 secs   av.it.:  14.9
      thresh= 3.640E-06 alpha_mix =  0.700 |ddv_scf|^2 =  4.663E-10

     Pert. #  1: Fermi energy shift (Ry) =     2.9212E-05     1.3235E-23

      iter #   3 total cpu time :166382.7 secs   av.it.:  15.0
      thresh= 2.159E-06 alpha_mix =  0.700 |ddv_scf|^2 =  1.851E-11

     Pert. #  1: Fermi energy shift (Ry) =     2.8779E-03     1.3235E-23

      iter #   4 total cpu time :166657.3 secs   av.it.:  15.0
      thresh= 4.303E-07 alpha_mix =  0.700 |ddv_scf|^2 =  2.083E-12

     Pert. #  1: Fermi energy shift (Ry) =     2.2930E-03     1.3235E-23

      iter #   5 total cpu time :166934.5 secs   av.it.:  15.4
      thresh= 1.443E-07 alpha_mix =  0.700 |ddv_scf|^2 =  1.175E-13

     End of self-consistent calculation

     Convergence has been achieved 


     Representation #144 mode # 144

     Self-consistent Calculation

     Pert. #  1: Fermi energy shift (Ry) =     2.2774E-02    -4.2352E-22

      iter #   1 total cpu time :167052.1 secs   av.it.:   2.9
      thresh= 1.000E-02 alpha_mix =  0.700 |ddv_scf|^2 =  1.184E-09

     Pert. #  1: Fermi energy shift (Ry) =    -1.0856E-02    -6.6174E-24

      iter #   2 total cpu time :167319.8 secs   av.it.:  15.0
      thresh= 3.441E-06 alpha_mix =  0.700 |ddv_scf|^2 =  5.442E-10

     Pert. #  1: Fermi energy shift (Ry) =     5.9348E-04    -6.6174E-24

      iter #   3 total cpu time :167583.8 secs   av.it.:  14.8
      thresh= 2.333E-06 alpha_mix =  0.700 |ddv_scf|^2 =  2.703E-11

     Pert. #  1: Fermi energy shift (Ry) =    -1.2291E-03    -6.6174E-24

      iter #   4 total cpu time :167850.6 secs   av.it.:  15.0
      thresh= 5.199E-07 alpha_mix =  0.700 |ddv_scf|^2 =  1.641E-12

     Pert. #  1: Fermi energy shift (Ry) =    -9.6488E-04    -6.6174E-24

      iter #   5 total cpu time :168123.3 secs   av.it.:  15.0
      thresh= 1.281E-07 alpha_mix =  0.700 |ddv_scf|^2 =  1.746E-13

     End of self-consistent calculation

     Convergence has been achieved 


     Representation #145 mode # 145

     Self-consistent Calculation

     Pert. #  1: Fermi energy shift (Ry) =    -2.8527E-03     0.0000E+00

      iter #   1 total cpu time :168238.2 secs   av.it.:   2.0
      thresh= 1.000E-02 alpha_mix =  0.700 |ddv_scf|^2 =  5.598E-10

     Pert. #  1: Fermi energy shift (Ry) =    -1.1821E-03     0.0000E+00

      iter #   2 total cpu time :168494.3 secs   av.it.:  14.0
      thresh= 2.366E-06 alpha_mix =  0.700 |ddv_scf|^2 =  1.706E-10

     Pert. #  1: Fermi energy shift (Ry) =    -1.3438E-03     0.0000E+00

      iter #   3 total cpu time :168749.4 secs   av.it.:  14.1
      thresh= 1.306E-06 alpha_mix =  0.700 |ddv_scf|^2 =  1.511E-11

     Pert. #  1: Fermi energy shift (Ry) =    -1.7482E-03     0.0000E+00

      iter #   4 total cpu time :169011.7 secs   av.it.:  14.9
      thresh= 3.887E-07 alpha_mix =  0.700 |ddv_scf|^2 =  1.561E-12

     Pert. #  1: Fermi energy shift (Ry) =    -1.4404E-03     0.0000E+00

      iter #   5 total cpu time :169280.2 secs   av.it.:  15.0
      thresh= 1.250E-07 alpha_mix =  0.700 |ddv_scf|^2 =  1.054E-13

     End of self-consistent calculation

     Convergence has been achieved 


     Representation #146 mode # 146

     Self-consistent Calculation

     Pert. #  1: Fermi energy shift (Ry) =     1.6920E-02    -8.4703E-22

      iter #   1 total cpu time :169400.7 secs   av.it.:   3.0
      thresh= 1.000E-02 alpha_mix =  0.700 |ddv_scf|^2 =  1.552E-09

     Pert. #  1: Fermi energy shift (Ry) =    -1.4193E-02     4.1359E-25

      iter #   2 total cpu time :169667.8 secs   av.it.:  15.0
      thresh= 3.939E-06 alpha_mix =  0.700 |ddv_scf|^2 =  7.027E-10

     Pert. #  1: Fermi energy shift (Ry) =    -4.7978E-04    -3.3087E-24

      iter #   3 total cpu time :169945.3 secs   av.it.:  15.0
      thresh= 2.651E-06 alpha_mix =  0.700 |ddv_scf|^2 =  2.414E-11

     Pert. #  1: Fermi energy shift (Ry) =    -4.2810E-03    -1.6544E-24

      iter #   4 total cpu time :170229.8 secs   av.it.:  15.0
      thresh= 4.913E-07 alpha_mix =  0.700 |ddv_scf|^2 =  2.944E-12

     Pert. #  1: Fermi energy shift (Ry) =    -3.1841E-03    -1.6544E-24

      iter #   5 total cpu time :170521.7 secs   av.it.:  15.1
      thresh= 1.716E-07 alpha_mix =  0.700 |ddv_scf|^2 =  1.618E-13

     End of self-consistent calculation

     Convergence has been achieved 


     Representation #147 mode # 147

     Self-consistent Calculation

     Pert. #  1: Fermi energy shift (Ry) =    -2.6165E-02     8.4703E-22

      iter #   1 total cpu time :170649.9 secs   av.it.:   2.8
      thresh= 1.000E-02 alpha_mix =  0.700 |ddv_scf|^2 =  1.134E-09

     Pert. #  1: Fermi energy shift (Ry) =     7.7427E-03     5.1699E-26

      iter #   2 total cpu time :170921.3 secs   av.it.:  14.9
      thresh= 3.368E-06 alpha_mix =  0.700 |ddv_scf|^2 =  5.125E-10

     Pert. #  1: Fermi energy shift (Ry) =     1.2221E-03    -8.2718E-25

      iter #   3 total cpu time :171188.8 secs   av.it.:  14.2
      thresh= 2.264E-06 alpha_mix =  0.700 |ddv_scf|^2 =  3.092E-11

     Pert. #  1: Fermi energy shift (Ry) =     7.1000E-04     4.1359E-25

      iter #   4 total cpu time :171447.5 secs   av.it.:  14.0
      thresh= 5.560E-07 alpha_mix =  0.700 |ddv_scf|^2 =  1.392E-12

     Pert. #  1: Fermi energy shift (Ry) =     1.3783E-03     2.0680E-25

      iter #   5 total cpu time :171724.7 secs   av.it.:  15.0
      thresh= 1.180E-07 alpha_mix =  0.700 |ddv_scf|^2 =  1.524E-13

     End of self-consistent calculation

     Convergence has been achieved 


     Representation #148 mode # 148

     Self-consistent Calculation

     Pert. #  1: Fermi energy shift (Ry) =    -1.2813E-03     0.0000E+00

      iter #   1 total cpu time :171848.0 secs   av.it.:   2.1
      thresh= 1.000E-02 alpha_mix =  0.700 |ddv_scf|^2 =  6.205E-10

     Pert. #  1: Fermi energy shift (Ry) =     6.1053E-03     0.0000E+00

      iter #   2 total cpu time :172124.9 secs   av.it.:  14.9
      thresh= 2.491E-06 alpha_mix =  0.700 |ddv_scf|^2 =  1.986E-10

     Pert. #  1: Fermi energy shift (Ry) =    -2.3791E-03     0.0000E+00

      iter #   3 total cpu time :172416.3 secs   av.it.:  15.0
      thresh= 1.409E-06 alpha_mix =  0.700 |ddv_scf|^2 =  1.493E-11

     Pert. #  1: Fermi energy shift (Ry) =    -1.0217E-04     0.0000E+00

      iter #   4 total cpu time :172691.7 secs   av.it.:  15.0
      thresh= 3.864E-07 alpha_mix =  0.700 |ddv_scf|^2 =  1.566E-12

     Pert. #  1: Fermi energy shift (Ry) =     8.1936E-06     0.0000E+00

      iter #   5 total cpu time :172962.8 secs   av.it.:  15.0
      thresh= 1.252E-07 alpha_mix =  0.700 |ddv_scf|^2 =  1.129E-13

     End of self-consistent calculation

     Convergence has been achieved 


     Representation #149 mode # 149

     Self-consistent Calculation

     Pert. #  1: Fermi energy shift (Ry) =     6.1027E-03     4.2352E-22

      iter #   1 total cpu time :173082.8 secs   av.it.:   2.9
      thresh= 1.000E-02 alpha_mix =  0.700 |ddv_scf|^2 =  1.458E-09

     Pert. #  1: Fermi energy shift (Ry) =    -9.8534E-04    -6.6174E-24

      iter #   2 total cpu time :173354.9 secs   av.it.:  15.0
      thresh= 3.818E-06 alpha_mix =  0.700 |ddv_scf|^2 =  6.499E-10

     Pert. #  1: Fermi energy shift (Ry) =    -1.3829E-03    -6.6174E-24

      iter #   3 total cpu time :173617.9 secs   av.it.:  14.4
      thresh= 2.549E-06 alpha_mix =  0.700 |ddv_scf|^2 =  2.285E-11

     Pert. #  1: Fermi energy shift (Ry) =    -2.1443E-03    -6.6174E-24

      iter #   4 total cpu time :173892.6 secs   av.it.:  15.0
      thresh= 4.780E-07 alpha_mix =  0.700 |ddv_scf|^2 =  2.517E-12

     Pert. #  1: Fermi energy shift (Ry) =    -1.3067E-03    -6.6174E-24

      iter #   5 total cpu time :174173.3 secs   av.it.:  15.0
      thresh= 1.586E-07 alpha_mix =  0.700 |ddv_scf|^2 =  1.357E-13

     End of self-consistent calculation

     Convergence has been achieved 


     Representation #150 mode # 150

     Self-consistent Calculation

     Pert. #  1: Fermi energy shift (Ry) =     1.2975E-02    -2.1176E-22

      iter #   1 total cpu time :174293.7 secs   av.it.:   2.9
      thresh= 1.000E-02 alpha_mix =  0.700 |ddv_scf|^2 =  1.180E-09

     Pert. #  1: Fermi energy shift (Ry) =    -1.8718E-03    -8.2718E-25

      iter #   2 total cpu time :174561.6 secs   av.it.:  14.6
      thresh= 3.436E-06 alpha_mix =  0.700 |ddv_scf|^2 =  4.835E-10

     Pert. #  1: Fermi energy shift (Ry) =    -8.9177E-04    -1.6544E-24

      iter #   3 total cpu time :174829.2 secs   av.it.:  14.6
      thresh= 2.199E-06 alpha_mix =  0.700 |ddv_scf|^2 =  2.694E-11

     Pert. #  1: Fermi energy shift (Ry) =     4.3714E-04    -3.3087E-24

      iter #   4 total cpu time :175102.2 secs   av.it.:  15.0
      thresh= 5.190E-07 alpha_mix =  0.700 |ddv_scf|^2 =  2.062E-12

     Pert. #  1: Fermi energy shift (Ry) =     6.6651E-05    -3.3087E-24

      iter #   5 total cpu time :175381.2 secs   av.it.:  15.0
      thresh= 1.436E-07 alpha_mix =  0.700 |ddv_scf|^2 =  1.585E-13

     End of self-consistent calculation

     Convergence has been achieved 


     Representation #151 mode # 151

     Self-consistent Calculation

     Pert. #  1: Fermi energy shift (Ry) =     8.2134E-03     0.0000E+00

      iter #   1 total cpu time :175497.0 secs   av.it.:   2.0
      thresh= 1.000E-02 alpha_mix =  0.700 |ddv_scf|^2 =  4.915E-10

     Pert. #  1: Fermi energy shift (Ry) =    -1.0145E-02     0.0000E+00

      iter #   2 total cpu time :175772.1 secs   av.it.:  15.0
      thresh= 2.217E-06 alpha_mix =  0.700 |ddv_scf|^2 =  1.238E-10

     Pert. #  1: Fermi energy shift (Ry) =     2.6130E-03     0.0000E+00

      iter #   3 total cpu time :176052.8 secs   av.it.:  15.0
      thresh= 1.113E-06 alpha_mix =  0.700 |ddv_scf|^2 =  1.245E-11

     Pert. #  1: Fermi energy shift (Ry) =    -7.8559E-04     0.0000E+00

      iter #   4 total cpu time :176327.2 secs   av.it.:  15.0
      thresh= 3.528E-07 alpha_mix =  0.700 |ddv_scf|^2 =  5.249E-13

     End of self-consistent calculation

     Convergence has been achieved 


     Representation #152 mode # 152

     Self-consistent Calculation

     Pert. #  1: Fermi energy shift (Ry) =     5.3797E-04    -2.1176E-22

      iter #   1 total cpu time :176447.8 secs   av.it.:   2.7
      thresh= 1.000E-02 alpha_mix =  0.700 |ddv_scf|^2 =  1.829E-09

     Pert. #  1: Fermi energy shift (Ry) =     1.3621E-02     6.6174E-24

      iter #   2 total cpu time :176720.7 secs   av.it.:  15.0
      thresh= 4.277E-06 alpha_mix =  0.700 |ddv_scf|^2 =  9.515E-10

     Pert. #  1: Fermi energy shift (Ry) =    -6.6526E-03    -1.6544E-24

      iter #   3 total cpu time :176992.7 secs   av.it.:  15.0
      thresh= 3.085E-06 alpha_mix =  0.700 |ddv_scf|^2 =  1.996E-11

     Pert. #  1: Fermi energy shift (Ry) =     1.7228E-03    -3.3087E-24

      iter #   4 total cpu time :177278.4 secs   av.it.:  15.9
      thresh= 4.467E-07 alpha_mix =  0.700 |ddv_scf|^2 =  3.382E-12

     Pert. #  1: Fermi energy shift (Ry) =    -8.7904E-04    -3.3087E-24

      iter #   5 total cpu time :177560.6 secs   av.it.:  15.0
      thresh= 1.839E-07 alpha_mix =  0.700 |ddv_scf|^2 =  1.295E-13

     End of self-consistent calculation

     Convergence has been achieved 


     Representation #153 mode # 153

     Self-consistent Calculation

     Pert. #  1: Fermi energy shift (Ry) =    -3.0085E-02    -1.0588E-22

      iter #   1 total cpu time :177676.4 secs   av.it.:   2.0
      thresh= 1.000E-02 alpha_mix =  0.700 |ddv_scf|^2 =  1.148E-09

     Pert. #  1: Fermi energy shift (Ry) =     2.1239E-02    -2.0680E-25

      iter #   2 total cpu time :177949.6 secs   av.it.:  15.0
      thresh= 3.389E-06 alpha_mix =  0.700 |ddv_scf|^2 =  5.243E-10

     Pert. #  1: Fermi energy shift (Ry) =    -1.9840E-03    -1.6544E-24

      iter #   3 total cpu time :178221.8 secs   av.it.:  15.0
      thresh= 2.290E-06 alpha_mix =  0.700 |ddv_scf|^2 =  2.736E-11

     Pert. #  1: Fermi energy shift (Ry) =     8.7712E-04    -8.2718E-25

      iter #   4 total cpu time :178492.2 secs   av.it.:  15.0
      thresh= 5.231E-07 alpha_mix =  0.700 |ddv_scf|^2 =  1.478E-12

     Pert. #  1: Fermi energy shift (Ry) =     1.1978E-03    -1.6544E-24

      iter #   5 total cpu time :178771.7 secs   av.it.:  15.0
      thresh= 1.216E-07 alpha_mix =  0.700 |ddv_scf|^2 =  1.540E-13

     End of self-consistent calculation

     Convergence has been achieved 


     Representation #154 mode # 154

     Self-consistent Calculation

     Pert. #  1: Fermi energy shift (Ry) =     7.2561E-04     0.0000E+00

      iter #   1 total cpu time :178887.5 secs   av.it.:   2.0
      thresh= 1.000E-02 alpha_mix =  0.700 |ddv_scf|^2 =  5.969E-10

     Pert. #  1: Fermi energy shift (Ry) =     1.1376E-04     0.0000E+00

      iter #   2 total cpu time :179136.6 secs   av.it.:  14.0
      thresh= 2.443E-06 alpha_mix =  0.700 |ddv_scf|^2 =  1.771E-10

     Pert. #  1: Fermi energy shift (Ry) =     5.5753E-04     0.0000E+00

      iter #   3 total cpu time :179398.5 secs   av.it.:  14.4
      thresh= 1.331E-06 alpha_mix =  0.700 |ddv_scf|^2 =  1.588E-11

     Pert. #  1: Fermi energy shift (Ry) =     5.1508E-04     0.0000E+00

      iter #   4 total cpu time :179656.7 secs   av.it.:  14.2
      thresh= 3.985E-07 alpha_mix =  0.700 |ddv_scf|^2 =  1.581E-12

     Pert. #  1: Fermi energy shift (Ry) =     1.3914E-04     0.0000E+00

      iter #   5 total cpu time :179930.1 secs   av.it.:  15.0
      thresh= 1.257E-07 alpha_mix =  0.700 |ddv_scf|^2 =  1.092E-13

     End of self-consistent calculation

     Convergence has been achieved 


     Representation #155 mode # 155

     Self-consistent Calculation

     Pert. #  1: Fermi energy shift (Ry) =    -1.0045E-02    -2.6470E-23

      iter #   1 total cpu time :180049.1 secs   av.it.:   2.9
      thresh= 1.000E-02 alpha_mix =  0.700 |ddv_scf|^2 =  1.511E-09

     Pert. #  1: Fermi energy shift (Ry) =     3.7306E-03    -1.3235E-23

      iter #   2 total cpu time :180312.9 secs   av.it.:  14.9
      thresh= 3.887E-06 alpha_mix =  0.700 |ddv_scf|^2 =  6.062E-10

     Pert. #  1: Fermi energy shift (Ry) =    -2.7597E-03    -1.3235E-23

      iter #   3 total cpu time :180579.7 secs   av.it.:  15.0
      thresh= 2.462E-06 alpha_mix =  0.700 |ddv_scf|^2 =  2.185E-11

     Pert. #  1: Fermi energy shift (Ry) =     8.2011E-04    -1.3235E-23

      iter #   4 total cpu time :180855.0 secs   av.it.:  15.0
      thresh= 4.674E-07 alpha_mix =  0.700 |ddv_scf|^2 =  2.691E-12

     Pert. #  1: Fermi energy shift (Ry) =    -7.8970E-04    -1.3235E-23

      iter #   5 total cpu time :181133.3 secs   av.it.:  15.0
      thresh= 1.640E-07 alpha_mix =  0.700 |ddv_scf|^2 =  1.726E-13

     End of self-consistent calculation

     Convergence has been achieved 


     Representation #156 mode # 156

     Self-consistent Calculation

     Pert. #  1: Fermi energy shift (Ry) =     1.3600E-02    -1.6941E-21

      iter #   1 total cpu time :181250.8 secs   av.it.:   2.4
      thresh= 1.000E-02 alpha_mix =  0.700 |ddv_scf|^2 =  1.188E-09

     Pert. #  1: Fermi energy shift (Ry) =    -1.0501E-02    -6.6174E-24

      iter #   2 total cpu time :181519.4 secs   av.it.:  15.0
      thresh= 3.447E-06 alpha_mix =  0.700 |ddv_scf|^2 =  5.248E-10

     Pert. #  1: Fermi energy shift (Ry) =     1.4736E-03    -6.6174E-24

      iter #   3 total cpu time :181785.0 secs   av.it.:  14.9
      thresh= 2.291E-06 alpha_mix =  0.700 |ddv_scf|^2 =  3.033E-11

     Pert. #  1: Fermi energy shift (Ry) =    -1.2177E-03    -6.6174E-24

      iter #   4 total cpu time :182053.7 secs   av.it.:  15.0
      thresh= 5.507E-07 alpha_mix =  0.700 |ddv_scf|^2 =  1.586E-12

     Pert. #  1: Fermi energy shift (Ry) =    -8.2286E-04    -6.6174E-24

      iter #   5 total cpu time :182330.6 secs   av.it.:  15.0
      thresh= 1.260E-07 alpha_mix =  0.700 |ddv_scf|^2 =  1.675E-13

     End of self-consistent calculation

     Convergence has been achieved 


     Representation #157 mode # 157

     Self-consistent Calculation

     Pert. #  1: Fermi energy shift (Ry) =     3.4503E-03     0.0000E+00

      iter #   1 total cpu time :182448.7 secs   av.it.:   2.7
      thresh= 1.000E-02 alpha_mix =  0.700 |ddv_scf|^2 =  9.403E-10

     Pert. #  1: Fermi energy shift (Ry) =     3.7326E-03     0.0000E+00

      iter #   2 total cpu time :182709.5 secs   av.it.:  14.0
      thresh= 3.066E-06 alpha_mix =  0.700 |ddv_scf|^2 =  4.222E-10

     Pert. #  1: Fermi energy shift (Ry) =    -2.0278E-04     0.0000E+00

      iter #   3 total cpu time :182968.4 secs   av.it.:  14.0
      thresh= 2.055E-06 alpha_mix =  0.700 |ddv_scf|^2 =  8.426E-12

     Pert. #  1: Fermi energy shift (Ry) =     7.9111E-04     0.0000E+00

      iter #   4 total cpu time :183235.8 secs   av.it.:  15.0
      thresh= 2.903E-07 alpha_mix =  0.700 |ddv_scf|^2 =  1.187E-12

     Pert. #  1: Fermi energy shift (Ry) =     9.0508E-04     0.0000E+00

      iter #   5 total cpu time :183505.6 secs   av.it.:  15.0
      thresh= 1.090E-07 alpha_mix =  0.700 |ddv_scf|^2 =  1.135E-13

     End of self-consistent calculation

     Convergence has been achieved 


     Representation #158 mode # 158

     Self-consistent Calculation

     Pert. #  1: Fermi energy shift (Ry) =     1.6180E-02    -1.3235E-23

      iter #   1 total cpu time :183621.6 secs   av.it.:   2.0
      thresh= 1.000E-02 alpha_mix =  0.700 |ddv_scf|^2 =  8.177E-10

     Pert. #  1: Fermi energy shift (Ry) =    -3.3578E-03     1.6544E-24

      iter #   2 total cpu time :183886.4 secs   av.it.:  15.0
      thresh= 2.859E-06 alpha_mix =  0.700 |ddv_scf|^2 =  3.941E-10

     Pert. #  1: Fermi energy shift (Ry) =     6.9391E-03     1.6544E-24

      iter #   3 total cpu time :184150.1 secs   av.it.:  14.1
      thresh= 1.985E-06 alpha_mix =  0.700 |ddv_scf|^2 =  1.373E-11

     Pert. #  1: Fermi energy shift (Ry) =     1.8150E-03     3.3087E-24

      iter #   4 total cpu time :184428.9 secs   av.it.:  15.1
      thresh= 3.705E-07 alpha_mix =  0.700 |ddv_scf|^2 =  8.229E-13

     End of self-consistent calculation

     Convergence has been achieved 


     Representation #159 mode # 159

     Self-consistent Calculation

     Pert. #  1: Fermi energy shift (Ry) =    -1.7155E-02    -8.4703E-22

      iter #   1 total cpu time :184547.3 secs   av.it.:   2.9
      thresh= 1.000E-02 alpha_mix =  0.700 |ddv_scf|^2 =  1.030E-09

     Pert. #  1: Fermi energy shift (Ry) =    -2.8929E-03     6.6174E-24

      iter #   2 total cpu time :184811.3 secs   av.it.:  15.0
      thresh= 3.209E-06 alpha_mix =  0.700 |ddv_scf|^2 =  4.351E-10

     Pert. #  1: Fermi energy shift (Ry) =    -4.0641E-03     1.6544E-24

      iter #   3 total cpu time :185073.0 secs   av.it.:  14.4
      thresh= 2.086E-06 alpha_mix =  0.700 |ddv_scf|^2 =  8.657E-12

     Pert. #  1: Fermi energy shift (Ry) =    -2.4228E-03     1.6544E-24

      iter #   4 total cpu time :185345.5 secs   av.it.:  15.0
      thresh= 2.942E-07 alpha_mix =  0.700 |ddv_scf|^2 =  1.031E-12

     Pert. #  1: Fermi energy shift (Ry) =    -3.4852E-03     1.6544E-24

      iter #   5 total cpu time :185624.9 secs   av.it.:  15.4
      thresh= 1.015E-07 alpha_mix =  0.700 |ddv_scf|^2 =  1.062E-13

     End of self-consistent calculation

     Convergence has been achieved 


     Representation #160 mode # 160

     Self-consistent Calculation

     Pert. #  1: Fermi energy shift (Ry) =     1.1618E-03     0.0000E+00

      iter #   1 total cpu time :185746.1 secs   av.it.:   3.0
      thresh= 1.000E-02 alpha_mix =  0.700 |ddv_scf|^2 =  9.523E-10

     Pert. #  1: Fermi energy shift (Ry) =    -4.3630E-04     0.0000E+00

      iter #   2 total cpu time :186015.3 secs   av.it.:  15.0
      thresh= 3.086E-06 alpha_mix =  0.700 |ddv_scf|^2 =  4.442E-10

     Pert. #  1: Fermi energy shift (Ry) =    -5.5974E-04     0.0000E+00

      iter #   3 total cpu time :186274.8 secs   av.it.:  14.7
      thresh= 2.108E-06 alpha_mix =  0.700 |ddv_scf|^2 =  9.303E-12

     Pert. #  1: Fermi energy shift (Ry) =    -7.3138E-04     0.0000E+00

      iter #   4 total cpu time :186542.9 secs   av.it.:  15.0
      thresh= 3.050E-07 alpha_mix =  0.700 |ddv_scf|^2 =  1.266E-12

     Pert. #  1: Fermi energy shift (Ry) =    -4.8367E-04     0.0000E+00

      iter #   5 total cpu time :186814.0 secs   av.it.:  15.0
      thresh= 1.125E-07 alpha_mix =  0.700 |ddv_scf|^2 =  1.076E-13

     End of self-consistent calculation

     Convergence has been achieved 


     Representation #161 mode # 161

     Self-consistent Calculation

     Pert. #  1: Fermi energy shift (Ry) =     1.1967E-02    -8.4703E-22

      iter #   1 total cpu time :186928.9 secs   av.it.:   2.0
      thresh= 1.000E-02 alpha_mix =  0.700 |ddv_scf|^2 =  8.019E-10

     Pert. #  1: Fermi energy shift (Ry) =    -1.1034E-02     3.3087E-24

      iter #   2 total cpu time :187199.6 secs   av.it.:  15.0
      thresh= 2.832E-06 alpha_mix =  0.700 |ddv_scf|^2 =  3.769E-10

     Pert. #  1: Fermi energy shift (Ry) =     2.8828E-03     6.6174E-24

      iter #   3 total cpu time :187466.7 secs   av.it.:  15.0
      thresh= 1.941E-06 alpha_mix =  0.700 |ddv_scf|^2 =  1.427E-11

     Pert. #  1: Fermi energy shift (Ry) =    -1.1298E-03     6.6174E-24

      iter #   4 total cpu time :187745.9 secs   av.it.:  15.1
      thresh= 3.778E-07 alpha_mix =  0.700 |ddv_scf|^2 =  7.342E-13

     End of self-consistent calculation

     Convergence has been achieved 


     Representation #162 mode # 162

     Self-consistent Calculation

     Pert. #  1: Fermi energy shift (Ry) =     1.6690E-02    -4.2352E-22

      iter #   1 total cpu time :187865.6 secs   av.it.:   2.9
      thresh= 1.000E-02 alpha_mix =  0.700 |ddv_scf|^2 =  1.157E-09

     Pert. #  1: Fermi energy shift (Ry) =     3.2773E-03    -1.6544E-24

      iter #   2 total cpu time :188131.5 secs   av.it.:  15.0
      thresh= 3.402E-06 alpha_mix =  0.700 |ddv_scf|^2 =  5.173E-10

     Pert. #  1: Fermi energy shift (Ry) =     1.3129E-03     6.6174E-24

      iter #   3 total cpu time :188396.4 secs   av.it.:  14.9
      thresh= 2.274E-06 alpha_mix =  0.700 |ddv_scf|^2 =  1.207E-11

     Pert. #  1: Fermi energy shift (Ry) =     1.8925E-03     3.3087E-24

      iter #   4 total cpu time :188663.4 secs   av.it.:  15.0
      thresh= 3.474E-07 alpha_mix =  0.700 |ddv_scf|^2 =  1.067E-12

     Pert. #  1: Fermi energy shift (Ry) =     2.3924E-03     3.3087E-24

      iter #   5 total cpu time :188939.5 secs   av.it.:  15.0
      thresh= 1.033E-07 alpha_mix =  0.700 |ddv_scf|^2 =  1.525E-13

     End of self-consistent calculation

     Convergence has been achieved 


     Representation #163 mode # 163

     Self-consistent Calculation

     Pert. #  1: Fermi energy shift (Ry) =     1.6930E-02     0.0000E+00

      iter #   1 total cpu time :189056.6 secs   av.it.:   2.3
      thresh= 1.000E-02 alpha_mix =  0.700 |ddv_scf|^2 =  8.966E-10

     Pert. #  1: Fermi energy shift (Ry) =     1.0578E-02     0.0000E+00

      iter #   2 total cpu time :189328.3 secs   av.it.:  15.0
      thresh= 2.994E-06 alpha_mix =  0.700 |ddv_scf|^2 =  4.228E-10

     Pert. #  1: Fermi energy shift (Ry) =     5.1498E-03     0.0000E+00

      iter #   3 total cpu time :189596.0 secs   av.it.:  15.0
      thresh= 2.056E-06 alpha_mix =  0.700 |ddv_scf|^2 =  8.932E-12

     Pert. #  1: Fermi energy shift (Ry) =     7.4402E-03     0.0000E+00

      iter #   4 total cpu time :189869.6 secs   av.it.:  15.0
      thresh= 2.989E-07 alpha_mix =  0.700 |ddv_scf|^2 =  1.078E-12

     Pert. #  1: Fermi energy shift (Ry) =     6.8240E-03     0.0000E+00

      iter #   5 total cpu time :190143.5 secs   av.it.:  15.0
      thresh= 1.038E-07 alpha_mix =  0.700 |ddv_scf|^2 =  9.589E-14

     End of self-consistent calculation

     Convergence has been achieved 


     Representation #164 mode # 164

     Self-consistent Calculation

     Pert. #  1: Fermi energy shift (Ry) =    -1.9657E-02    -4.2352E-22

      iter #   1 total cpu time :190256.8 secs   av.it.:   2.0
      thresh= 1.000E-02 alpha_mix =  0.700 |ddv_scf|^2 =  7.841E-10

     Pert. #  1: Fermi energy shift (Ry) =     9.1387E-03    -6.6174E-24

      iter #   2 total cpu time :190525.4 secs   av.it.:  15.0
      thresh= 2.800E-06 alpha_mix =  0.700 |ddv_scf|^2 =  3.459E-10

     Pert. #  1: Fermi energy shift (Ry) =    -8.6467E-03    -3.3087E-24

      iter #   3 total cpu time :190795.4 secs   av.it.:  15.0
      thresh= 1.860E-06 alpha_mix =  0.700 |ddv_scf|^2 =  1.507E-11

     Pert. #  1: Fermi energy shift (Ry) =    -3.0491E-03    -3.3087E-24

      iter #   4 total cpu time :191073.9 secs   av.it.:  15.0
      thresh= 3.883E-07 alpha_mix =  0.700 |ddv_scf|^2 =  6.062E-13

     End of self-consistent calculation

     Convergence has been achieved 


     Representation #165 mode # 165

     Self-consistent Calculation

     Pert. #  1: Fermi energy shift (Ry) =    -3.1979E-02    -1.6941E-21

      iter #   1 total cpu time :191190.8 secs   av.it.:   2.1
      thresh= 1.000E-02 alpha_mix =  0.700 |ddv_scf|^2 =  1.233E-09

     Pert. #  1: Fermi energy shift (Ry) =     1.5700E-02     6.6174E-24

      iter #   2 total cpu time :191466.8 secs   av.it.:  15.0
      thresh= 3.512E-06 alpha_mix =  0.700 |ddv_scf|^2 =  6.546E-10

     Pert. #  1: Fermi energy shift (Ry) =     9.0936E-03     6.6174E-24

      iter #   3 total cpu time :191735.2 secs   av.it.:  14.9
      thresh= 2.559E-06 alpha_mix =  0.700 |ddv_scf|^2 =  1.501E-11

     Pert. #  1: Fermi energy shift (Ry) =     4.6974E-03     6.6174E-24

      iter #   4 total cpu time :192014.1 secs   av.it.:  15.0
      thresh= 3.874E-07 alpha_mix =  0.700 |ddv_scf|^2 =  1.914E-12

     Pert. #  1: Fermi energy shift (Ry) =     6.5323E-03     6.6174E-24

      iter #   5 total cpu time :192293.5 secs   av.it.:  15.0
      thresh= 1.383E-07 alpha_mix =  0.700 |ddv_scf|^2 =  1.413E-13

     End of self-consistent calculation

     Convergence has been achieved 


     Representation #166 mode # 166

     Self-consistent Calculation

     Pert. #  1: Fermi energy shift (Ry) =    -8.3086E-03     0.0000E+00

      iter #   1 total cpu time :192415.1 secs   av.it.:   3.0
      thresh= 1.000E-02 alpha_mix =  0.700 |ddv_scf|^2 =  9.697E-10

     Pert. #  1: Fermi energy shift (Ry) =     9.1785E-03     0.0000E+00

      iter #   2 total cpu time :192687.0 secs   av.it.:  15.0
      thresh= 3.114E-06 alpha_mix =  0.700 |ddv_scf|^2 =  4.686E-10

     Pert. #  1: Fermi energy shift (Ry) =    -2.3384E-03     0.0000E+00

      iter #   3 total cpu time :192955.3 secs   av.it.:  15.0
      thresh= 2.165E-06 alpha_mix =  0.700 |ddv_scf|^2 =  1.352E-11

     Pert. #  1: Fermi energy shift (Ry) =     1.3725E-03     0.0000E+00

      iter #   4 total cpu time :193230.7 secs   av.it.:  15.0
      thresh= 3.677E-07 alpha_mix =  0.700 |ddv_scf|^2 =  1.354E-12

     Pert. #  1: Fermi energy shift (Ry) =     6.1732E-04     0.0000E+00

      iter #   5 total cpu time :193506.2 secs   av.it.:  15.0
      thresh= 1.164E-07 alpha_mix =  0.700 |ddv_scf|^2 =  1.035E-13

     End of self-consistent calculation

     Convergence has been achieved 


     Representation #167 mode # 167

     Self-consistent Calculation

     Pert. #  1: Fermi energy shift (Ry) =    -1.7444E-02    -5.2940E-23

      iter #   1 total cpu time :193622.9 secs   av.it.:   2.2
      thresh= 1.000E-02 alpha_mix =  0.700 |ddv_scf|^2 =  8.395E-10

     Pert. #  1: Fermi energy shift (Ry) =     6.7445E-03     1.6544E-24

      iter #   2 total cpu time :193890.6 secs   av.it.:  15.0
      thresh= 2.897E-06 alpha_mix =  0.700 |ddv_scf|^2 =  4.081E-10

     Pert. #  1: Fermi energy shift (Ry) =    -5.8060E-03    -8.2718E-25

      iter #   3 total cpu time :194156.1 secs   av.it.:  14.9
      thresh= 2.020E-06 alpha_mix =  0.700 |ddv_scf|^2 =  1.350E-11

     Pert. #  1: Fermi energy shift (Ry) =    -1.9180E-03     8.2718E-25

      iter #   4 total cpu time :194433.1 secs   av.it.:  15.0
      thresh= 3.674E-07 alpha_mix =  0.700 |ddv_scf|^2 =  9.234E-13

     End of self-consistent calculation

     Convergence has been achieved 


     Representation #168 mode # 168

     Self-consistent Calculation

     Pert. #  1: Fermi energy shift (Ry) =     2.5455E-02    -2.1176E-22

      iter #   1 total cpu time :194553.9 secs   av.it.:   3.0
      thresh= 1.000E-02 alpha_mix =  0.700 |ddv_scf|^2 =  1.090E-09

     Pert. #  1: Fermi energy shift (Ry) =    -4.6387E-03    -3.3087E-24

      iter #   2 total cpu time :194828.3 secs   av.it.:  15.0
      thresh= 3.302E-06 alpha_mix =  0.700 |ddv_scf|^2 =  4.864E-10

     Pert. #  1: Fermi energy shift (Ry) =     2.9739E-03    -2.5849E-26

      iter #   3 total cpu time :195095.6 secs   av.it.:  15.0
      thresh= 2.205E-06 alpha_mix =  0.700 |ddv_scf|^2 =  1.066E-11

     Pert. #  1: Fermi energy shift (Ry) =     2.9138E-03     4.1359E-25

      iter #   4 total cpu time :195359.0 secs   av.it.:  14.8
      thresh= 3.265E-07 alpha_mix =  0.700 |ddv_scf|^2 =  1.223E-12

     Pert. #  1: Fermi energy shift (Ry) =     2.2796E-03     4.1359E-25

      iter #   5 total cpu time :195634.1 secs   av.it.:  15.0
      thresh= 1.106E-07 alpha_mix =  0.700 |ddv_scf|^2 =  1.029E-13

     End of self-consistent calculation

     Convergence has been achieved 

     Number of q in the star =    1
     List of q in the star:
          1   0.000000000   0.000000000   0.000000000

     Diagonalizing the dynamical matrix

     q = (    0.000000000   0.000000000   0.000000000 ) 

 **************************************************************************
     freq (    1) =      -7.363433 [THz] =    -245.617673 [cm-1]
     freq (    2) =      -6.990667 [THz] =    -233.183553 [cm-1]
     freq (    3) =      -3.850098 [THz] =    -128.425461 [cm-1]
     freq (    4) =      -0.811879 [THz] =     -27.081359 [cm-1]
     freq (    5) =       4.098537 [THz] =     136.712476 [cm-1]
     freq (    6) =       4.782131 [THz] =     159.514728 [cm-1]
     freq (    7) =       5.414444 [THz] =     180.606416 [cm-1]
     freq (    8) =       5.781578 [THz] =     192.852689 [cm-1]
     freq (    9) =       5.951829 [THz] =     198.531655 [cm-1]
     freq (   10) =       6.290283 [THz] =     209.821272 [cm-1]
     freq (   11) =       6.575317 [THz] =     219.328982 [cm-1]
     freq (   12) =       6.701359 [THz] =     223.533262 [cm-1]
     freq (   13) =       7.001371 [THz] =     233.540604 [cm-1]
     freq (   14) =       7.310188 [THz] =     243.841639 [cm-1]
     freq (   15) =       7.957538 [THz] =     265.434882 [cm-1]
     freq (   16) =       8.379532 [THz] =     279.511094 [cm-1]
     freq (   17) =       8.512138 [THz] =     283.934368 [cm-1]
     freq (   18) =       8.808204 [THz] =     293.810060 [cm-1]
     freq (   19) =       8.996750 [THz] =     300.099288 [cm-1]
     freq (   20) =       9.026962 [THz] =     301.107049 [cm-1]
     freq (   21) =       9.149483 [THz] =     305.193909 [cm-1]
     freq (   22) =       9.267563 [THz] =     309.132620 [cm-1]
     freq (   23) =       9.882274 [THz] =     329.637188 [cm-1]
     freq (   24) =       9.930606 [THz] =     331.249366 [cm-1]
     freq (   25) =      10.179997 [THz] =     339.568157 [cm-1]
     freq (   26) =      10.456059 [THz] =     348.776580 [cm-1]
     freq (   27) =      10.790769 [THz] =     359.941303 [cm-1]
     freq (   28) =      10.975691 [THz] =     366.109631 [cm-1]
     freq (   29) =      11.387583 [THz] =     379.848896 [cm-1]
     freq (   30) =      11.617816 [THz] =     387.528623 [cm-1]
     freq (   31) =      11.751350 [THz] =     391.982833 [cm-1]
     freq (   32) =      12.159349 [THz] =     405.592230 [cm-1]
     freq (   33) =      12.502604 [THz] =     417.041973 [cm-1]
     freq (   34) =      12.810067 [THz] =     427.297834 [cm-1]
     freq (   35) =      12.994882 [THz] =     433.462590 [cm-1]
     freq (   36) =      13.261107 [THz] =     442.342914 [cm-1]
     freq (   37) =      14.072651 [THz] =     469.413109 [cm-1]
     freq (   38) =      14.606299 [THz] =     487.213674 [cm-1]
     freq (   39) =      15.378551 [THz] =     512.973243 [cm-1]
     freq (   40) =      17.092398 [THz] =     570.141031 [cm-1]
     freq (   41) =      22.352564 [THz] =     745.601283 [cm-1]
     freq (   42) =      22.506656 [THz] =     750.741243 [cm-1]
     freq (   43) =      22.538300 [THz] =     751.796760 [cm-1]
     freq (   44) =      22.933737 [THz] =     764.987117 [cm-1]
     freq (   45) =      24.001135 [THz] =     800.591684 [cm-1]
     freq (   46) =      24.021219 [THz] =     801.261627 [cm-1]
     freq (   47) =      24.202718 [THz] =     807.315767 [cm-1]
     freq (   48) =      24.807866 [THz] =     827.501334 [cm-1]
     freq (   49) =      26.488958 [THz] =     883.576537 [cm-1]
     freq (   50) =      26.538324 [THz] =     885.223197 [cm-1]
     freq (   51) =      26.766760 [THz] =     892.843014 [cm-1]
     freq (   52) =      26.859062 [THz] =     895.921887 [cm-1]
     freq (   53) =      27.492648 [THz] =     917.056014 [cm-1]
     freq (   54) =      27.629899 [THz] =     921.634219 [cm-1]
     freq (   55) =      27.820795 [THz] =     928.001822 [cm-1]
     freq (   56) =      27.837173 [THz] =     928.548152 [cm-1]
     freq (   57) =      28.249617 [THz] =     942.305794 [cm-1]
     freq (   58) =      28.471615 [THz] =     949.710844 [cm-1]
     freq (   59) =      28.581305 [THz] =     953.369713 [cm-1]
     freq (   60) =      28.663874 [THz] =     956.123920 [cm-1]
     freq (   61) =      28.813233 [THz] =     961.106011 [cm-1]
     freq (   62) =      28.941791 [THz] =     965.394243 [cm-1]
     freq (   63) =      29.426989 [THz] =     981.578681 [cm-1]
     freq (   64) =      30.397767 [THz] =    1013.960364 [cm-1]
     freq (   65) =      30.620635 [THz] =    1021.394455 [cm-1]
     freq (   66) =      30.748818 [THz] =    1025.670182 [cm-1]
     freq (   67) =      30.829467 [THz] =    1028.360321 [cm-1]
     freq (   68) =      31.189328 [THz] =    1040.363996 [cm-1]
     freq (   69) =      31.370322 [THz] =    1046.401315 [cm-1]
     freq (   70) =      31.864836 [THz] =    1062.896524 [cm-1]
     freq (   71) =      32.027714 [THz] =    1068.329534 [cm-1]
     freq (   72) =      32.376925 [THz] =    1079.977962 [cm-1]
     freq (   73) =      32.721039 [THz] =    1091.456362 [cm-1]
     freq (   74) =      32.904442 [THz] =    1097.574053 [cm-1]
     freq (   75) =      33.179058 [THz] =    1106.734240 [cm-1]
     freq (   76) =      33.459132 [THz] =    1116.076524 [cm-1]
     freq (   77) =      33.958900 [THz] =    1132.746978 [cm-1]
     freq (   78) =      34.417840 [THz] =    1148.055569 [cm-1]
     freq (   79) =      36.309689 [THz] =    1211.160871 [cm-1]
     freq (   80) =      36.892810 [THz] =    1230.611685 [cm-1]
     freq (   81) =      37.537052 [THz] =    1252.101281 [cm-1]
     freq (   82) =      38.440912 [THz] =    1282.250820 [cm-1]
     freq (   83) =      38.777100 [THz] =    1293.464814 [cm-1]
     freq (   84) =      38.880155 [THz] =    1296.902358 [cm-1]
     freq (   85) =      38.953834 [THz] =    1299.360023 [cm-1]
     freq (   86) =      39.356158 [THz] =    1312.780137 [cm-1]
     freq (   87) =      39.932212 [THz] =    1331.995208 [cm-1]
     freq (   88) =      40.375980 [THz] =    1346.797712 [cm-1]
     freq (   89) =      40.477078 [THz] =    1350.169994 [cm-1]
     freq (   90) =      41.274623 [THz] =    1376.773219 [cm-1]
     freq (   91) =      41.525043 [THz] =    1385.126334 [cm-1]
     freq (   92) =      41.649682 [THz] =    1389.283839 [cm-1]
     freq (   93) =      41.745217 [THz] =    1392.470551 [cm-1]
     freq (   94) =      41.860560 [THz] =    1396.317993 [cm-1]
     freq (   95) =      41.965071 [THz] =    1399.804097 [cm-1]
     freq (   96) =      42.378358 [THz] =    1413.589872 [cm-1]
     freq (   97) =      42.610308 [THz] =    1421.326879 [cm-1]
     freq (   98) =      42.653941 [THz] =    1422.782329 [cm-1]
     freq (   99) =      43.260809 [THz] =    1443.025253 [cm-1]
     freq (  100) =      43.595181 [THz] =    1454.178709 [cm-1]
     freq (  101) =      43.847045 [THz] =    1462.579998 [cm-1]
     freq (  102) =      44.347942 [THz] =    1479.288115 [cm-1]
     freq (  103) =      46.241701 [THz] =    1542.457122 [cm-1]
     freq (  104) =      49.766252 [THz] =    1660.023497 [cm-1]
     freq (  105) =      49.957400 [THz] =    1666.399490 [cm-1]
     freq (  106) =      50.542270 [THz] =    1685.908670 [cm-1]
     freq (  107) =      51.215025 [THz] =    1708.349336 [cm-1]
     freq (  108) =      51.318053 [THz] =    1711.786006 [cm-1]
     freq (  109) =      51.557441 [THz] =    1719.771100 [cm-1]
     freq (  110) =      53.038258 [THz] =    1769.165867 [cm-1]
     freq (  111) =      53.360395 [THz] =    1779.911173 [cm-1]
     freq (  112) =      53.536865 [THz] =    1785.797601 [cm-1]
     freq (  113) =      53.737546 [THz] =    1792.491576 [cm-1]
     freq (  114) =      54.042177 [THz] =    1802.652983 [cm-1]
     freq (  115) =      54.135459 [THz] =    1805.764538 [cm-1]
     freq (  116) =      54.704956 [THz] =    1824.760904 [cm-1]
     freq (  117) =      54.800507 [THz] =    1827.948147 [cm-1]
     freq (  118) =      57.973444 [THz] =    1933.785945 [cm-1]
     freq (  119) =      59.471741 [THz] =    1983.763750 [cm-1]
     freq (  120) =      59.623693 [THz] =    1988.832314 [cm-1]
     freq (  121) =      59.636764 [THz] =    1989.268338 [cm-1]
     freq (  122) =      63.253448 [THz] =    2109.907916 [cm-1]
     freq (  123) =      63.596283 [THz] =    2121.343672 [cm-1]
     freq (  124) =      64.250306 [THz] =    2143.159528 [cm-1]
     freq (  125) =      65.720920 [THz] =    2192.213924 [cm-1]
     freq (  126) =      67.253756 [THz] =    2243.343812 [cm-1]
     freq (  127) =      67.739780 [THz] =    2259.555840 [cm-1]
     freq (  128) =      68.310686 [THz] =    2278.599222 [cm-1]
     freq (  129) =      68.845364 [THz] =    2296.434165 [cm-1]
     freq (  130) =      70.122943 [THz] =    2339.049598 [cm-1]
     freq (  131) =      85.908431 [THz] =    2865.596793 [cm-1]
     freq (  132) =      86.589650 [THz] =    2888.319840 [cm-1]
     freq (  133) =      86.967756 [THz] =    2900.932073 [cm-1]
     freq (  134) =      87.381029 [THz] =    2914.717385 [cm-1]
     freq (  135) =      87.621669 [THz] =    2922.744263 [cm-1]
     freq (  136) =      89.512860 [THz] =    2985.827627 [cm-1]
     freq (  137) =      89.669488 [THz] =    2991.052151 [cm-1]
     freq (  138) =      90.046882 [THz] =    3003.640676 [cm-1]
     freq (  139) =      97.218470 [THz] =    3242.859107 [cm-1]
     freq (  140) =      97.366177 [THz] =    3247.786073 [cm-1]
     freq (  141) =      97.407271 [THz] =    3249.156807 [cm-1]
     freq (  142) =      97.951729 [THz] =    3267.317985 [cm-1]
     freq (  143) =      98.988706 [THz] =    3301.907824 [cm-1]
     freq (  144) =      99.083628 [THz] =    3305.074077 [cm-1]
     freq (  145) =      99.693653 [THz] =    3325.422313 [cm-1]
     freq (  146) =      99.732966 [THz] =    3326.733646 [cm-1]
     freq (  147) =     100.481302 [THz] =    3351.695461 [cm-1]
     freq (  148) =     100.606034 [THz] =    3355.856069 [cm-1]
     freq (  149) =     100.892490 [THz] =    3365.411214 [cm-1]
     freq (  150) =     101.245806 [THz] =    3377.196569 [cm-1]
     freq (  151) =     101.456802 [THz] =    3384.234641 [cm-1]
     freq (  152) =     101.623539 [THz] =    3389.796397 [cm-1]
     freq (  153) =     105.177534 [THz] =    3508.344892 [cm-1]
     freq (  154) =     114.177021 [THz] =    3808.535486 [cm-1]
     freq (  155) =     115.310712 [THz] =    3846.351319 [cm-1]
     freq (  156) =     116.663836 [THz] =    3891.486704 [cm-1]
     freq (  157) =     116.835279 [THz] =    3897.205417 [cm-1]
     freq (  158) =     117.760530 [THz] =    3928.068477 [cm-1]
     freq (  159) =     117.960926 [THz] =    3934.752965 [cm-1]
     freq (  160) =     118.614289 [THz] =    3956.546792 [cm-1]
     freq (  161) =     119.045121 [THz] =    3970.917808 [cm-1]
     freq (  162) =     119.316525 [THz] =    3979.970859 [cm-1]
     freq (  163) =     119.798272 [THz] =    3996.040217 [cm-1]
     freq (  164) =     120.005395 [THz] =    4002.949087 [cm-1]
     freq (  165) =     121.044572 [THz] =    4037.612324 [cm-1]
     freq (  166) =     122.788441 [THz] =    4095.781533 [cm-1]
     freq (  167) =     122.878388 [THz] =    4098.781840 [cm-1]
     freq (  168) =     123.823492 [THz] =    4130.307108 [cm-1]
 **************************************************************************

     Mode symmetry, C_1 (1)     point group:

     freq (  1 -  1) =       -245.6  [cm-1]   --> A               I+R
     freq (  2 -  2) =       -233.2  [cm-1]   --> A               I+R
     freq (  3 -  3) =       -128.4  [cm-1]   --> A               I+R
     freq (  4 -  4) =        -27.1  [cm-1]   --> A               I+R
     freq (  5 -  5) =        136.7  [cm-1]   --> A               I+R
     freq (  6 -  6) =        159.5  [cm-1]   --> A               I+R
     freq (  7 -  7) =        180.6  [cm-1]   --> A               I+R
     freq (  8 -  8) =        192.9  [cm-1]   --> A               I+R
     freq (  9 -  9) =        198.5  [cm-1]   --> A               I+R
     freq ( 10 - 10) =        209.8  [cm-1]   --> A               I+R
     freq ( 11 - 11) =        219.3  [cm-1]   --> A               I+R
     freq ( 12 - 12) =        223.5  [cm-1]   --> A               I+R
     freq ( 13 - 13) =        233.5  [cm-1]   --> A               I+R
     freq ( 14 - 14) =        243.8  [cm-1]   --> A               I+R
     freq ( 15 - 15) =        265.4  [cm-1]   --> A               I+R
     freq ( 16 - 16) =        279.5  [cm-1]   --> A               I+R
     freq ( 17 - 17) =        283.9  [cm-1]   --> A               I+R
     freq ( 18 - 18) =        293.8  [cm-1]   --> A               I+R
     freq ( 19 - 19) =        300.1  [cm-1]   --> A               I+R
     freq ( 20 - 20) =        301.1  [cm-1]   --> A               I+R
     freq ( 21 - 21) =        305.2  [cm-1]   --> A               I+R
     freq ( 22 - 22) =        309.1  [cm-1]   --> A               I+R
     freq ( 23 - 23) =        329.6  [cm-1]   --> A               I+R
     freq ( 24 - 24) =        331.2  [cm-1]   --> A               I+R
     freq ( 25 - 25) =        339.6  [cm-1]   --> A               I+R
     freq ( 26 - 26) =        348.8  [cm-1]   --> A               I+R
     freq ( 27 - 27) =        359.9  [cm-1]   --> A               I+R
     freq ( 28 - 28) =        366.1  [cm-1]   --> A               I+R
     freq ( 29 - 29) =        379.8  [cm-1]   --> A               I+R
     freq ( 30 - 30) =        387.5  [cm-1]   --> A               I+R
     freq ( 31 - 31) =        392.0  [cm-1]   --> A               I+R
     freq ( 32 - 32) =        405.6  [cm-1]   --> A               I+R
     freq ( 33 - 33) =        417.0  [cm-1]   --> A               I+R
     freq ( 34 - 34) =        427.3  [cm-1]   --> A               I+R
     freq ( 35 - 35) =        433.5  [cm-1]   --> A               I+R
     freq ( 36 - 36) =        442.3  [cm-1]   --> A               I+R
     freq ( 37 - 37) =        469.4  [cm-1]   --> A               I+R
     freq ( 38 - 38) =        487.2  [cm-1]   --> A               I+R
     freq ( 39 - 39) =        513.0  [cm-1]   --> A               I+R
     freq ( 40 - 40) =        570.1  [cm-1]   --> A               I+R
     freq ( 41 - 41) =        745.6  [cm-1]   --> A               I+R
     freq ( 42 - 42) =        750.7  [cm-1]   --> A               I+R
     freq ( 43 - 43) =        751.8  [cm-1]   --> A               I+R
     freq ( 44 - 44) =        765.0  [cm-1]   --> A               I+R
     freq ( 45 - 45) =        800.6  [cm-1]   --> A               I+R
     freq ( 46 - 46) =        801.3  [cm-1]   --> A               I+R
     freq ( 47 - 47) =        807.3  [cm-1]   --> A               I+R
     freq ( 48 - 48) =        827.5  [cm-1]   --> A               I+R
     freq ( 49 - 49) =        883.6  [cm-1]   --> A               I+R
     freq ( 50 - 50) =        885.2  [cm-1]   --> A               I+R
     freq ( 51 - 51) =        892.8  [cm-1]   --> A               I+R
     freq ( 52 - 52) =        895.9  [cm-1]   --> A               I+R
     freq ( 53 - 53) =        917.1  [cm-1]   --> A               I+R
     freq ( 54 - 54) =        921.6  [cm-1]   --> A               I+R
     freq ( 55 - 55) =        928.0  [cm-1]   --> A               I+R
     freq ( 56 - 56) =        928.5  [cm-1]   --> A               I+R
     freq ( 57 - 57) =        942.3  [cm-1]   --> A               I+R
     freq ( 58 - 58) =        949.7  [cm-1]   --> A               I+R
     freq ( 59 - 59) =        953.4  [cm-1]   --> A               I+R
     freq ( 60 - 60) =        956.1  [cm-1]   --> A               I+R
     freq ( 61 - 61) =        961.1  [cm-1]   --> A               I+R
     freq ( 62 - 62) =        965.4  [cm-1]   --> A               I+R
     freq ( 63 - 63) =        981.6  [cm-1]   --> A               I+R
     freq ( 64 - 64) =       1014.0  [cm-1]   --> A               I+R
     freq ( 65 - 65) =       1021.4  [cm-1]   --> A               I+R
     freq ( 66 - 66) =       1025.7  [cm-1]   --> A               I+R
     freq ( 67 - 67) =       1028.4  [cm-1]   --> A               I+R
     freq ( 68 - 68) =       1040.4  [cm-1]   --> A               I+R
     freq ( 69 - 69) =       1046.4  [cm-1]   --> A               I+R
     freq ( 70 - 70) =       1062.9  [cm-1]   --> A               I+R
     freq ( 71 - 71) =       1068.3  [cm-1]   --> A               I+R
     freq ( 72 - 72) =       1080.0  [cm-1]   --> A               I+R
     freq ( 73 - 73) =       1091.5  [cm-1]   --> A               I+R
     freq ( 74 - 74) =       1097.6  [cm-1]   --> A               I+R
     freq ( 75 - 75) =       1106.7  [cm-1]   --> A               I+R
     freq ( 76 - 76) =       1116.1  [cm-1]   --> A               I+R
     freq ( 77 - 77) =       1132.7  [cm-1]   --> A               I+R
     freq ( 78 - 78) =       1148.1  [cm-1]   --> A               I+R
     freq ( 79 - 79) =       1211.2  [cm-1]   --> A               I+R
     freq ( 80 - 80) =       1230.6  [cm-1]   --> A               I+R
     freq ( 81 - 81) =       1252.1  [cm-1]   --> A               I+R
     freq ( 82 - 82) =       1282.3  [cm-1]   --> A               I+R
     freq ( 83 - 83) =       1293.5  [cm-1]   --> A               I+R
     freq ( 84 - 84) =       1296.9  [cm-1]   --> A               I+R
     freq ( 85 - 85) =       1299.4  [cm-1]   --> A               I+R
     freq ( 86 - 86) =       1312.8  [cm-1]   --> A               I+R
     freq ( 87 - 87) =       1332.0  [cm-1]   --> A               I+R
     freq ( 88 - 88) =       1346.8  [cm-1]   --> A               I+R
     freq ( 89 - 89) =       1350.2  [cm-1]   --> A               I+R
     freq ( 90 - 90) =       1376.8  [cm-1]   --> A               I+R
     freq ( 91 - 91) =       1385.1  [cm-1]   --> A               I+R
     freq ( 92 - 92) =       1389.3  [cm-1]   --> A               I+R
     freq ( 93 - 93) =       1392.5  [cm-1]   --> A               I+R
     freq ( 94 - 94) =       1396.3  [cm-1]   --> A               I+R
     freq ( 95 - 95) =       1399.8  [cm-1]   --> A               I+R
     freq ( 96 - 96) =       1413.6  [cm-1]   --> A               I+R
     freq ( 97 - 97) =       1421.3  [cm-1]   --> A               I+R
     freq ( 98 - 98) =       1422.8  [cm-1]   --> A               I+R
     freq ( 99 - 99) =       1443.0  [cm-1]   --> A               I+R
     freq (100 -100) =       1454.2  [cm-1]   --> A               I+R
     freq (101 -101) =       1462.6  [cm-1]   --> A               I+R
     freq (102 -102) =       1479.3  [cm-1]   --> A               I+R
     freq (103 -103) =       1542.5  [cm-1]   --> A               I+R
     freq (104 -104) =       1660.0  [cm-1]   --> A               I+R
     freq (105 -105) =       1666.4  [cm-1]   --> A               I+R
     freq (106 -106) =       1685.9  [cm-1]   --> A               I+R
     freq (107 -107) =       1708.3  [cm-1]   --> A               I+R
     freq (108 -108) =       1711.8  [cm-1]   --> A               I+R
     freq (109 -109) =       1719.8  [cm-1]   --> A               I+R
     freq (110 -110) =       1769.2  [cm-1]   --> A               I+R
     freq (111 -111) =       1779.9  [cm-1]   --> A               I+R
     freq (112 -112) =       1785.8  [cm-1]   --> A               I+R
     freq (113 -113) =       1792.5  [cm-1]   --> A               I+R
     freq (114 -114) =       1802.7  [cm-1]   --> A               I+R
     freq (115 -115) =       1805.8  [cm-1]   --> A               I+R
     freq (116 -116) =       1824.8  [cm-1]   --> A               I+R
     freq (117 -117) =       1827.9  [cm-1]   --> A               I+R
     freq (118 -118) =       1933.8  [cm-1]   --> A               I+R
     freq (119 -119) =       1983.8  [cm-1]   --> A               I+R
     freq (120 -120) =       1988.8  [cm-1]   --> A               I+R
     freq (121 -121) =       1989.3  [cm-1]   --> A               I+R
     freq (122 -122) =       2109.9  [cm-1]   --> A               I+R
     freq (123 -123) =       2121.3  [cm-1]   --> A               I+R
     freq (124 -124) =       2143.2  [cm-1]   --> A               I+R
     freq (125 -125) =       2192.2  [cm-1]   --> A               I+R
     freq (126 -126) =       2243.3  [cm-1]   --> A               I+R
     freq (127 -127) =       2259.6  [cm-1]   --> A               I+R
     freq (128 -128) =       2278.6  [cm-1]   --> A               I+R
     freq (129 -129) =       2296.4  [cm-1]   --> A               I+R
     freq (130 -130) =       2339.0  [cm-1]   --> A               I+R
     freq (131 -131) =       2865.6  [cm-1]   --> A               I+R
     freq (132 -132) =       2888.3  [cm-1]   --> A               I+R
     freq (133 -133) =       2900.9  [cm-1]   --> A               I+R
     freq (134 -134) =       2914.7  [cm-1]   --> A               I+R
     freq (135 -135) =       2922.7  [cm-1]   --> A               I+R
     freq (136 -136) =       2985.8  [cm-1]   --> A               I+R
     freq (137 -137) =       2991.1  [cm-1]   --> A               I+R
     freq (138 -138) =       3003.6  [cm-1]   --> A               I+R
     freq (139 -139) =       3242.9  [cm-1]   --> A               I+R
     freq (140 -140) =       3247.8  [cm-1]   --> A               I+R
     freq (141 -141) =       3249.2  [cm-1]   --> A               I+R
     freq (142 -142) =       3267.3  [cm-1]   --> A               I+R
     freq (143 -143) =       3301.9  [cm-1]   --> A               I+R
     freq (144 -144) =       3305.1  [cm-1]   --> A               I+R
     freq (145 -145) =       3325.4  [cm-1]   --> A               I+R
     freq (146 -146) =       3326.7  [cm-1]   --> A               I+R
     freq (147 -147) =       3351.7  [cm-1]   --> A               I+R
     freq (148 -148) =       3355.9  [cm-1]   --> A               I+R
     freq (149 -149) =       3365.4  [cm-1]   --> A               I+R
     freq (150 -150) =       3377.2  [cm-1]   --> A               I+R
     freq (151 -151) =       3384.2  [cm-1]   --> A               I+R
     freq (152 -152) =       3389.8  [cm-1]   --> A               I+R
     freq (153 -153) =       3508.3  [cm-1]   --> A               I+R
     freq (154 -154) =       3808.5  [cm-1]   --> A               I+R
     freq (155 -155) =       3846.4  [cm-1]   --> A               I+R
     freq (156 -156) =       3891.5  [cm-1]   --> A               I+R
     freq (157 -157) =       3897.2  [cm-1]   --> A               I+R
     freq (158 -158) =       3928.1  [cm-1]   --> A               I+R
     freq (159 -159) =       3934.8  [cm-1]   --> A               I+R
     freq (160 -160) =       3956.5  [cm-1]   --> A               I+R
     freq (161 -161) =       3970.9  [cm-1]   --> A               I+R
     freq (162 -162) =       3980.0  [cm-1]   --> A               I+R
     freq (163 -163) =       3996.0  [cm-1]   --> A               I+R
     freq (164 -164) =       4002.9  [cm-1]   --> A               I+R
     freq (165 -165) =       4037.6  [cm-1]   --> A               I+R
     freq (166 -166) =       4095.8  [cm-1]   --> A               I+R
     freq (167 -167) =       4098.8  [cm-1]   --> A               I+R
     freq (168 -168) =       4130.3  [cm-1]   --> A               I+R

     PHONON       :  13d13h18m CPU   2d 6h20m WALL

     INITIALIZATION: 
     phq_setup    :      6.83s CPU      3.35s WALL (       1 calls)
     phq_init     :  22984.45s CPU   4449.75s WALL (       1 calls)

     phq_init     :  22984.45s CPU   4449.75s WALL (       1 calls)
     set_drhoc    :    104.00s CPU    102.84s WALL (       3 calls)
     init_vloc    :     34.81s CPU     33.10s WALL (       1 calls)
     init_us_1    :      3.17s CPU      1.36s WALL (       1 calls)
     newd         :     11.44s CPU      2.80s WALL (       1 calls)
     dvanqq       :   9443.94s CPU   1690.78s WALL (       1 calls)
     drho         :  12918.59s CPU   2216.23s WALL (       1 calls)

     DYNAMICAL MATRIX:
     dynmat0      :    490.62s CPU    437.27s WALL (       1 calls)
     phqscf       : *********s CPU 191151.15s WALL (       1 calls)
     dynmatrix    :      3.25s CPU      1.98s WALL (       1 calls)

     phqscf       : *********s CPU 191151.15s WALL (       1 calls)
     solve_linter : *********s CPU 189483.13s WALL (     168 calls)
     drhodv       :   9633.25s CPU   1644.80s WALL (     168 calls)

     dynmat0      :    490.62s CPU    437.27s WALL (       1 calls)
     dynmat_us    :     97.12s CPU     45.53s WALL (       1 calls)
     d2ionq       :    316.25s CPU    317.36s WALL (       1 calls)
     dynmatcc     :     77.20s CPU     74.29s WALL (       1 calls)

     dynmat_us    :     97.12s CPU     45.53s WALL (       1 calls)
     addusdynmat  :      0.64s CPU      0.13s WALL (       1 calls)

     phqscf       : *********s CPU 191151.15s WALL (       1 calls)
     solve_linter : *********s CPU 189483.13s WALL (     168 calls)

     solve_linter : *********s CPU 189483.13s WALL (     168 calls)
     dvqpsi_us    :  10402.78s CPU   1832.05s WALL (    2352 calls)
     ortho        :  18811.75s CPU   3163.24s WALL (   12012 calls)
     cgsolve      : 939403.03s CPU 151706.89s WALL (   12012 calls)
     incdrhoscf   :  41442.58s CPU   7298.59s WALL (   12012 calls)
     addusddens   :  37658.78s CPU   6117.32s WALL (    1026 calls)
     vpsifft      :  22684.06s CPU   4003.29s WALL (    9660 calls)
     dv_of_drho   :   1936.88s CPU    354.50s WALL (     858 calls)
     mix_pot      :    216.55s CPU     39.85s WALL (     858 calls)
     ef_shift     :    598.89s CPU    126.83s WALL (    1026 calls)
     localdos     :   9148.38s CPU   1914.22s WALL (     168 calls)
     psymdvscf    :    832.47s CPU    152.30s WALL (     858 calls)
     newdq        :  27740.27s CPU   4521.62s WALL (     858 calls)
     adddvscf     :  14483.73s CPU   2483.68s WALL (    9660 calls)
     drhodvus     :   2319.56s CPU    499.11s WALL (     168 calls)

     dvqpsi_us    :  10402.78s CPU   1832.05s WALL (    2352 calls)
     dvqpsi_us_on :   3795.44s CPU    670.43s WALL (    2352 calls)

     cgsolve      : 939403.03s CPU 151706.89s WALL (   12012 calls)
     ch_psi       : 915441.11s CPU 147533.68s WALL (  402429 calls)

     ch_psi       : 915441.11s CPU 147533.68s WALL (  402429 calls)
     h_psi        : 569300.92s CPU  88897.55s WALL (  402429 calls)
     last         : 245439.55s CPU  41691.37s WALL (  402429 calls)

     h_psi        : 569300.92s CPU  88897.55s WALL (  402429 calls)
     add_vuspsi   :  87121.69s CPU  14890.23s WALL (  402429 calls)

     incdrhoscf   :  41442.58s CPU   7298.59s WALL (   12012 calls)
     addusdbec    :   9019.41s CPU   1536.55s WALL (   14364 calls)

     drhodvus     :   2319.56s CPU    499.11s WALL (     168 calls)

      General routines
     calbec       : 206717.08s CPU  35645.67s WALL (  843134 calls)
     fft          :   1906.36s CPU    342.36s WALL (   45879 calls)
     ffts         :   1949.73s CPU    351.01s WALL (  148045 calls)
     fftw         : 195426.84s CPU  47112.28s WALL (17897832 calls)
     davcio       :   6883.45s CPU   1369.27s WALL (   87620 calls)
     write_rec    :    536.67s CPU    111.74s WALL (    1026 calls)


     PHONON       :  13d13h18m CPU   2d 6h20m WALL


   This run was terminated on:   1: 4:24  31Dec2025            

=------------------------------------------------------------------------------=
   JOB DONE.
=------------------------------------------------------------------------------=
