
     Program PHONON v.6.7MaX starts on 26Feb2026 at  7:56:25 

     This program is part of the open-source Quantum ESPRESSO suite
     for quantum simulation of materials; please cite
         "P. Giannozzi et al., J. Phys.:Condens. Matter 21 395502 (2009);
         "P. Giannozzi et al., J. Phys.:Condens. Matter 29 465901 (2017);
          URL http://www.quantum-espresso.org", 
     in publications or presentations arising from this work. More details at
     http://www.quantum-espresso.org/quote

     Parallel version (MPI), running on     1 processors

     MPI processes distributed on     1 nodes
     Waiting for input...
     Reading input from standard input

     Reading xml data from directory:

     ./tmp/Sr3ZrAlH54.save/
     file Al.UPF: wavefunction(s)  3S 3P renormalized
     file H.UPF: wavefunction(s)  1S renormalized

     IMPORTANT: XC functional enforced from input :
     Exchange-correlation= PBE
                           (   1   4   3   4   0   0   0)
     Any further DFT definition will be discarded
     Please, verify this is what you really want


     G-vector sticks info
     --------------------
     sticks:   dense  smooth     PW     G-vecs:    dense   smooth      PW
     Sum        2617    1311    379               254335    89925   13855


     negative rho (up, down):  6.080E-02 0.000E+00
     Reading collected, re-writing distributed wavefunctions


     Dynamical matrices for ( 1, 1, 1)  uniform grid of q-points
     (   1 q-points):
       N         xq(1)         xq(2)         xq(3) 
       1   0.000000000   0.000000000   0.000000000

     Calculation of q =    0.0000000   0.0000000   0.0000000

     Phonons                                                                    

     bravais-lattice index     =            0
     lattice parameter (alat)  =       8.5662  a.u.
     unit-cell volume          =    1882.4197 (a.u.)^3
     number of atoms/cell      =           28
     number of atomic types    =            4
     kinetic-energy cut-off    =      50.0000  Ry
     charge density cut-off    =     400.0000  Ry
     convergence threshold     =      1.0E-14
     beta                      =       0.7000
     number of iterations used =            4
     Exchange-correlation= PBE
                           (   1   4   3   4   0   0   0)


     celldm(1)=    8.56617  celldm(2)=    0.00000  celldm(3)=    0.00000
     celldm(4)=    0.00000  celldm(5)=    0.00000  celldm(6)=    0.00000

     crystal axes: (cart. coord. in units of alat)
               a(1) = (  0.9940  0.0103 -0.0079 )  
               a(2) = (  0.0107  1.1269  0.0118 )  
               a(3) = ( -0.0212  0.0292  2.6741 )  

     reciprocal axes: (cart. coord. in units 2 pi/alat)
               b(1) = (  1.0062 -0.0096  0.0081 )  
               b(2) = ( -0.0093  0.8875 -0.0098 )  
               b(3) = (  0.0030 -0.0039  0.3740 )  


     Atoms inside the unit cell: 

     Cartesian axes

     site n.  atom      mass           positions (alat units)
        1     Sr   1.0000   tau(    1) = (    0.26926    0.18352    1.76684  )
        2     Sr   1.0000   tau(    2) = (    0.74599    0.42272    0.88781  )
        3     Zr   1.0000   tau(    3) = (    0.16739    0.98705    0.44358  )
        4     Sr   1.0000   tau(    4) = (    0.70890    0.75266    2.27017  )
        5     Al   1.0000   tau(    5) = (    0.31060    0.16637    2.49021  )
        6     Al   1.0000   tau(    6) = (    0.83664    0.45532    0.26076  )
        7     Al   1.0000   tau(    7) = (    0.18006    0.99254    1.08319  )
        8     Al   1.0000   tau(    8) = (    0.67618    0.73850    1.55646  )
        9     H    1.0000   tau(    9) = (    0.51887    0.45957    1.36748  )
       10     H    1.0000   tau(   10) = (    0.02998    0.14358    1.27430  )
       11     H    1.0000   tau(   11) = (    0.98477    0.75280    0.07520  )
       12     H    1.0000   tau(   12) = (    0.43386    1.01278    2.72691  )
       13     H    1.0000   tau(   13) = (    0.16600    1.04245    2.25509  )
       14     H    1.0000   tau(   14) = (    0.55312    0.67617    0.43283  )
       15     H    1.0000   tau(   15) = (    0.31907    0.09743    0.80587  )
       16     H    1.0000   tau(   16) = (    0.82890    0.49566    1.80316  )
       17     H    1.0000   tau(   17) = (    0.18337    0.45422    2.28062  )
       18     H    1.0000   tau(   18) = (    0.71443    0.12478    0.42678  )
       19     H    1.0000   tau(   19) = (    0.28149    0.71137    0.85282  )
       20     H    1.0000   tau(   20) = (    0.80072    1.03684    1.74899  )
       21     H    1.0000   tau(   21) = (    0.60143    0.15669    2.23468  )
       22     H    1.0000   tau(   22) = (    0.15366    0.40814    0.47942  )
       23     H    1.0000   tau(   23) = (    0.87755    0.99899    0.82459  )
       24     H    1.0000   tau(   24) = (    0.37575    0.74638    1.79737  )
       25     H    1.0000   tau(   25) = (    0.03236    0.14200    0.06273  )
       26     H    1.0000   tau(   26) = (    0.54912    0.43727    2.66006  )
       27     H    1.0000   tau(   27) = (    0.48871    0.99647    1.31846  )
       28     H    1.0000   tau(   28) = (    0.98062    0.73843    1.30480  )

     Computing dynamical matrix for 
                    q = (   0.0000000   0.0000000   0.0000000 )

      2 Sym.Ops. (with q -> -q+G )


     G cutoff =  743.4870  ( 254335 G-vectors)     FFT grid: ( 60, 64,150)
     G cutoff =  371.7435  (  89925 G-vectors)  smooth grid: ( 40, 45,108)

     number of k points=     8  Methfessel-Paxton smearing, width (Ry)=  0.0200

     PseudoPot. # 1 for Al read from file:
     /home/marco/ZOS_Cloud_Compute/pseudo/Al.UPF
     MD5 check sum: da22aad9e98c60ce88de1cf925d56fcc
     Pseudo is Projector augmented-wave + core cor, Zval =  3.0
     Generated using "atomic" code by A. Dal Corso  v.5.1.2
     Shape of augmentation charge: PSQ
     Using radial grid of 1135 points,  6 beta functions with: 
                l(1) =   0
                l(2) =   0
                l(3) =   1
                l(4) =   1
                l(5) =   2
                l(6) =   2
     Q(r) pseudized with 0 coefficients 


     PseudoPot. # 2 for H  read from file:
     /home/marco/ZOS_Cloud_Compute/pseudo/H.UPF
     MD5 check sum: 850d63dcbcc06c5de8b44e0ab9f952da
     Pseudo is Projector augmented-wave, Zval =  1.0
     Generated using "atomic" code by A. Dal Corso  v.5.1.2
     Shape of augmentation charge: PSQ
     Using radial grid of  929 points,  2 beta functions with: 
                l(1) =   0
                l(2) =   0
     Q(r) pseudized with 0 coefficients 


     PseudoPot. # 3 for Sr read from file:
     /home/marco/ZOS_Cloud_Compute/pseudo/Sr.UPF
     MD5 check sum: 71c4688e601547c0814ef38edf55aea6
     Pseudo is Ultrasoft + core correction, Zval = 10.0
     Generated by new atomic code, or converted to UPF format
     Using radial grid of  883 points,  6 beta functions with: 
                l(1) =   0
                l(2) =   0
                l(3) =   1
                l(4) =   1
                l(5) =   2
                l(6) =   2
     Q(r) pseudized with  8 coefficients,  rinner =    1.200   1.200   1.200
                                                       1.200   1.200

     PseudoPot. # 4 for Zr read from file:
     /home/marco/ZOS_Cloud_Compute/pseudo/Zr.UPF
     MD5 check sum: 56bebf6edcd38415d7dd1a973c3f3403
     Pseudo is Ultrasoft + core correction, Zval = 12.0
     Generated by new atomic code, or converted to UPF format
     Using radial grid of  887 points,  6 beta functions with: 
                l(1) =   0
                l(2) =   0
                l(3) =   1
                l(4) =   1
                l(5) =   2
                l(6) =   2
     Q(r) pseudized with  6 coefficients,  rinner =    1.200   1.200   1.200
                                                       1.200   1.200


     Atomic displacements:
     There are   84 irreducible representations

     Representation     1      1 modes -  To be done

     Representation     2      1 modes -  To be done

     Representation     3      1 modes -  To be done

     Representation     4      1 modes -  To be done

     Representation     5      1 modes -  To be done

     Representation     6      1 modes -  To be done

     Representation     7      1 modes -  To be done

     Representation     8      1 modes -  To be done

     Representation     9      1 modes -  To be done

     Representation    10      1 modes -  To be done

     Representation    11      1 modes -  To be done

     Representation    12      1 modes -  To be done

     Representation    13      1 modes -  To be done

     Representation    14      1 modes -  To be done

     Representation    15      1 modes -  To be done

     Representation    16      1 modes -  To be done

     Representation    17      1 modes -  To be done

     Representation    18      1 modes -  To be done

     Representation    19      1 modes -  To be done

     Representation    20      1 modes -  To be done

     Representation    21      1 modes -  To be done

     Representation    22      1 modes -  To be done

     Representation    23      1 modes -  To be done

     Representation    24      1 modes -  To be done

     Representation    25      1 modes -  To be done

     Representation    26      1 modes -  To be done

     Representation    27      1 modes -  To be done

     Representation    28      1 modes -  To be done

     Representation    29      1 modes -  To be done

     Representation    30      1 modes -  To be done

     Representation    31      1 modes -  To be done

     Representation    32      1 modes -  To be done

     Representation    33      1 modes -  To be done

     Representation    34      1 modes -  To be done

     Representation    35      1 modes -  To be done

     Representation    36      1 modes -  To be done

     Representation    37      1 modes -  To be done

     Representation    38      1 modes -  To be done

     Representation    39      1 modes -  To be done

     Representation    40      1 modes -  To be done

     Representation    41      1 modes -  To be done

     Representation    42      1 modes -  To be done

     Representation    43      1 modes -  To be done

     Representation    44      1 modes -  To be done

     Representation    45      1 modes -  To be done

     Representation    46      1 modes -  To be done

     Representation    47      1 modes -  To be done

     Representation    48      1 modes -  To be done

     Representation    49      1 modes -  To be done

     Representation    50      1 modes -  To be done

     Representation    51      1 modes -  To be done

     Representation    52      1 modes -  To be done

     Representation    53      1 modes -  To be done

     Representation    54      1 modes -  To be done

     Representation    55      1 modes -  To be done

     Representation    56      1 modes -  To be done

     Representation    57      1 modes -  To be done

     Representation    58      1 modes -  To be done

     Representation    59      1 modes -  To be done

     Representation    60      1 modes -  To be done

     Representation    61      1 modes -  To be done

     Representation    62      1 modes -  To be done

     Representation    63      1 modes -  To be done

     Representation    64      1 modes -  To be done

     Representation    65      1 modes -  To be done

     Representation    66      1 modes -  To be done

     Representation    67      1 modes -  To be done

     Representation    68      1 modes -  To be done

     Representation    69      1 modes -  To be done

     Representation    70      1 modes -  To be done

     Representation    71      1 modes -  To be done

     Representation    72      1 modes -  To be done

     Representation    73      1 modes -  To be done

     Representation    74      1 modes -  To be done

     Representation    75      1 modes -  To be done

     Representation    76      1 modes -  To be done

     Representation    77      1 modes -  To be done

     Representation    78      1 modes -  To be done

     Representation    79      1 modes -  To be done

     Representation    80      1 modes -  To be done

     Representation    81      1 modes -  To be done

     Representation    82      1 modes -  To be done

     Representation    83      1 modes -  To be done

     Representation    84      1 modes -  To be done



     Alpha used in Ewald sum =   2.8000

     negative rho (up, down):  6.080E-02 0.000E+00
     PHONON       :  17m19.62s CPU  15m 7.81s WALL



     Representation #   1 mode #   1

     Self-consistent Calculation

     Pert. #  1: Fermi energy shift (Ry) =     2.2888E-02     8.2718E-25

      iter #   1 total cpu time :   937.7 secs   av.it.:   5.0
      thresh= 1.000E-02 alpha_mix =  0.700 |ddv_scf|^2 =  1.610E-07

     Pert. #  1: Fermi energy shift (Ry) =     4.5255E-05    -2.5849E-26

      iter #   2 total cpu time :   984.7 secs   av.it.:  15.5
      thresh= 4.013E-05 alpha_mix =  0.700 |ddv_scf|^2 =  2.904E-08

     Pert. #  1: Fermi energy shift (Ry) =     1.0070E-02     2.5849E-26

      iter #   3 total cpu time :  1033.8 secs   av.it.:  16.5
      thresh= 1.704E-05 alpha_mix =  0.700 |ddv_scf|^2 =  4.785E-09

     Pert. #  1: Fermi energy shift (Ry) =     4.4566E-03     1.2925E-26

      iter #   4 total cpu time :  1081.8 secs   av.it.:  15.6
      thresh= 6.917E-06 alpha_mix =  0.700 |ddv_scf|^2 =  9.470E-10

     Pert. #  1: Fermi energy shift (Ry) =     5.1098E-03     1.2925E-26

      iter #   5 total cpu time :  1129.9 secs   av.it.:  15.8
      thresh= 3.077E-06 alpha_mix =  0.700 |ddv_scf|^2 =  5.583E-11

     Pert. #  1: Fermi energy shift (Ry) =     6.9103E-03     6.4623E-27

      iter #   6 total cpu time :  1180.2 secs   av.it.:  16.6
      thresh= 7.472E-07 alpha_mix =  0.700 |ddv_scf|^2 =  4.121E-11

     Pert. #  1: Fermi energy shift (Ry) =     5.3415E-03     1.2925E-26

      iter #   7 total cpu time :  1229.4 secs   av.it.:  16.2
      thresh= 6.419E-07 alpha_mix =  0.700 |ddv_scf|^2 =  5.568E-12

     Pert. #  1: Fermi energy shift (Ry) =     5.9449E-03     1.2925E-26

      iter #   8 total cpu time :  1280.4 secs   av.it.:  16.8
      thresh= 2.360E-07 alpha_mix =  0.700 |ddv_scf|^2 =  7.451E-13

     Pert. #  1: Fermi energy shift (Ry) =     5.7098E-03     1.2925E-26

      iter #   9 total cpu time :  1332.5 secs   av.it.:  17.6
      thresh= 8.632E-08 alpha_mix =  0.700 |ddv_scf|^2 =  1.297E-13

     Pert. #  1: Fermi energy shift (Ry) =     5.8104E-03     1.2925E-26

      iter #  10 total cpu time :  1384.6 secs   av.it.:  17.2
      thresh= 3.601E-08 alpha_mix =  0.700 |ddv_scf|^2 =  6.379E-14

     Pert. #  1: Fermi energy shift (Ry) =     5.7893E-03     1.2925E-26

      iter #  11 total cpu time :  1432.9 secs   av.it.:  15.5
      thresh= 2.526E-08 alpha_mix =  0.700 |ddv_scf|^2 =  5.577E-15

     End of self-consistent calculation

     Convergence has been achieved 


     Representation #   2 mode #   2

     Self-consistent Calculation

     Pert. #  1: Fermi energy shift (Ry) =     1.1062E-02     0.0000E+00

      iter #   1 total cpu time :  1466.0 secs   av.it.:   5.2
      thresh= 1.000E-02 alpha_mix =  0.700 |ddv_scf|^2 =  2.434E-07

     Pert. #  1: Fermi energy shift (Ry) =     1.1148E-02     0.0000E+00

      iter #   2 total cpu time :  1514.7 secs   av.it.:  16.0
      thresh= 4.933E-05 alpha_mix =  0.700 |ddv_scf|^2 =  8.315E-08

     Pert. #  1: Fermi energy shift (Ry) =    -3.0429E-02     0.0000E+00

      iter #   3 total cpu time :  1565.0 secs   av.it.:  16.5
      thresh= 2.884E-05 alpha_mix =  0.700 |ddv_scf|^2 =  3.995E-08

     Pert. #  1: Fermi energy shift (Ry) =     6.0788E-03     0.0000E+00

      iter #   4 total cpu time :  1612.7 secs   av.it.:  15.4
      thresh= 1.999E-05 alpha_mix =  0.700 |ddv_scf|^2 =  6.643E-10

     Pert. #  1: Fermi energy shift (Ry) =     2.3079E-04     0.0000E+00

      iter #   5 total cpu time :  1663.8 secs   av.it.:  17.0
      thresh= 2.577E-06 alpha_mix =  0.700 |ddv_scf|^2 =  7.914E-11

     Pert. #  1: Fermi energy shift (Ry) =     2.4273E-03     0.0000E+00

      iter #   6 total cpu time :  1716.1 secs   av.it.:  17.5
      thresh= 8.896E-07 alpha_mix =  0.700 |ddv_scf|^2 =  3.658E-11

     Pert. #  1: Fermi energy shift (Ry) =     2.0151E-03     0.0000E+00

      iter #   7 total cpu time :  1766.2 secs   av.it.:  16.6
      thresh= 6.048E-07 alpha_mix =  0.700 |ddv_scf|^2 =  9.153E-12

     Pert. #  1: Fermi energy shift (Ry) =     1.4011E-03     0.0000E+00

      iter #   8 total cpu time :  1816.1 secs   av.it.:  16.5
      thresh= 3.025E-07 alpha_mix =  0.700 |ddv_scf|^2 =  1.653E-12

     Pert. #  1: Fermi energy shift (Ry) =     1.7493E-03     0.0000E+00

      iter #   9 total cpu time :  1867.4 secs   av.it.:  17.2
      thresh= 1.286E-07 alpha_mix =  0.700 |ddv_scf|^2 =  1.504E-13

     Pert. #  1: Fermi energy shift (Ry) =     1.7222E-03     0.0000E+00

      iter #  10 total cpu time :  1918.0 secs   av.it.:  16.8
      thresh= 3.878E-08 alpha_mix =  0.700 |ddv_scf|^2 =  3.871E-14

     Pert. #  1: Fermi energy shift (Ry) =     1.7084E-03     0.0000E+00

      iter #  11 total cpu time :  1968.9 secs   av.it.:  17.4
      thresh= 1.968E-08 alpha_mix =  0.700 |ddv_scf|^2 =  2.954E-15

     End of self-consistent calculation

     Convergence has been achieved 


     Representation #   3 mode #   3

     Self-consistent Calculation

     Pert. #  1: Fermi energy shift (Ry) =     1.2197E-01     0.0000E+00

      iter #   1 total cpu time :  2004.7 secs   av.it.:   6.8
      thresh= 1.000E-02 alpha_mix =  0.700 |ddv_scf|^2 =  3.873E-06

     Pert. #  1: Fermi energy shift (Ry) =    -3.6720E-01     0.0000E+00

      iter #   2 total cpu time :  2056.0 secs   av.it.:  17.2
      thresh= 1.968E-04 alpha_mix =  0.700 |ddv_scf|^2 =  2.060E-05

     Pert. #  1: Fermi energy shift (Ry) =     1.8321E-02     0.0000E+00

      iter #   3 total cpu time :  2102.2 secs   av.it.:  14.8
      thresh= 4.539E-04 alpha_mix =  0.700 |ddv_scf|^2 =  9.043E-08

     Pert. #  1: Fermi energy shift (Ry) =     1.6687E-02     0.0000E+00

      iter #   4 total cpu time :  2151.6 secs   av.it.:  16.5
      thresh= 3.007E-05 alpha_mix =  0.700 |ddv_scf|^2 =  5.219E-09

     Pert. #  1: Fermi energy shift (Ry) =    -4.1144E-03     0.0000E+00

      iter #   5 total cpu time :  2202.0 secs   av.it.:  16.8
      thresh= 7.224E-06 alpha_mix =  0.700 |ddv_scf|^2 =  3.560E-09

     Pert. #  1: Fermi energy shift (Ry) =     6.7650E-03     0.0000E+00

      iter #   6 total cpu time :  2250.2 secs   av.it.:  15.6
      thresh= 5.967E-06 alpha_mix =  0.700 |ddv_scf|^2 =  6.023E-11

     Pert. #  1: Fermi energy shift (Ry) =     6.1842E-03     0.0000E+00

      iter #   7 total cpu time :  2300.6 secs   av.it.:  16.8
      thresh= 7.761E-07 alpha_mix =  0.700 |ddv_scf|^2 =  2.556E-12

     Pert. #  1: Fermi energy shift (Ry) =     6.2696E-03     0.0000E+00

      iter #   8 total cpu time :  2353.4 secs   av.it.:  18.1
      thresh= 1.599E-07 alpha_mix =  0.700 |ddv_scf|^2 =  1.406E-12

     Pert. #  1: Fermi energy shift (Ry) =     6.2887E-03     0.0000E+00

      iter #   9 total cpu time :  2402.9 secs   av.it.:  16.5
      thresh= 1.186E-07 alpha_mix =  0.700 |ddv_scf|^2 =  9.726E-14

     Pert. #  1: Fermi energy shift (Ry) =     6.2630E-03     0.0000E+00

      iter #  10 total cpu time :  2455.7 secs   av.it.:  17.9
      thresh= 3.119E-08 alpha_mix =  0.700 |ddv_scf|^2 =  8.466E-14

     Pert. #  1: Fermi energy shift (Ry) =     6.2663E-03     0.0000E+00

      iter #  11 total cpu time :  2504.2 secs   av.it.:  16.1
      thresh= 2.910E-08 alpha_mix =  0.700 |ddv_scf|^2 =  9.583E-15

     End of self-consistent calculation

     Convergence has been achieved 


     Representation #   4 mode #   4

     Self-consistent Calculation

     Pert. #  1: Fermi energy shift (Ry) =     2.4827E-02     3.3087E-24

      iter #   1 total cpu time :  2536.8 secs   av.it.:   5.0
      thresh= 1.000E-02 alpha_mix =  0.700 |ddv_scf|^2 =  1.686E-07

     Pert. #  1: Fermi energy shift (Ry) =     2.4561E-02    -2.0680E-25

      iter #   2 total cpu time :  2585.7 secs   av.it.:  16.2
      thresh= 4.106E-05 alpha_mix =  0.700 |ddv_scf|^2 =  5.546E-08

     Pert. #  1: Fermi energy shift (Ry) =    -3.2148E-02    -2.0680E-25

      iter #   3 total cpu time :  2636.5 secs   av.it.:  16.9
      thresh= 2.355E-05 alpha_mix =  0.700 |ddv_scf|^2 =  5.503E-08

     Pert. #  1: Fermi energy shift (Ry) =     1.0088E-02    -1.0340E-25

      iter #   4 total cpu time :  2684.0 secs   av.it.:  15.2
      thresh= 2.346E-05 alpha_mix =  0.700 |ddv_scf|^2 =  4.601E-10

     Pert. #  1: Fermi energy shift (Ry) =     5.7477E-03    -2.0680E-25

      iter #   5 total cpu time :  2735.4 secs   av.it.:  17.2
      thresh= 2.145E-06 alpha_mix =  0.700 |ddv_scf|^2 =  5.939E-10

     Pert. #  1: Fermi energy shift (Ry) =     8.2978E-03    -1.0340E-25

      iter #   6 total cpu time :  2783.4 secs   av.it.:  15.5
      thresh= 2.437E-06 alpha_mix =  0.700 |ddv_scf|^2 =  4.729E-11

     Pert. #  1: Fermi energy shift (Ry) =     7.0266E-03    -1.0340E-25

      iter #   7 total cpu time :  2834.0 secs   av.it.:  16.9
      thresh= 6.877E-07 alpha_mix =  0.700 |ddv_scf|^2 =  5.651E-12

     Pert. #  1: Fermi energy shift (Ry) =     7.6175E-03    -1.0340E-25

      iter #   8 total cpu time :  2885.9 secs   av.it.:  17.6
      thresh= 2.377E-07 alpha_mix =  0.700 |ddv_scf|^2 =  9.171E-13

     Pert. #  1: Fermi energy shift (Ry) =     7.4350E-03    -1.0340E-25

      iter #   9 total cpu time :  2937.7 secs   av.it.:  17.6
      thresh= 9.577E-08 alpha_mix =  0.700 |ddv_scf|^2 =  3.081E-13

     Pert. #  1: Fermi energy shift (Ry) =     7.4066E-03    -1.0340E-25

      iter #  10 total cpu time :  2987.7 secs   av.it.:  16.6
      thresh= 5.551E-08 alpha_mix =  0.700 |ddv_scf|^2 =  1.058E-13

     Pert. #  1: Fermi energy shift (Ry) =     7.4530E-03    -1.0340E-25

      iter #  11 total cpu time :  3036.6 secs   av.it.:  16.4
      thresh= 3.253E-08 alpha_mix =  0.700 |ddv_scf|^2 =  1.161E-14

     Pert. #  1: Fermi energy shift (Ry) =     7.4497E-03    -1.0340E-25

      iter #  12 total cpu time :  3086.3 secs   av.it.:  16.8
      thresh= 1.078E-08 alpha_mix =  0.700 |ddv_scf|^2 =  1.924E-15

     End of self-consistent calculation

     Convergence has been achieved 


     Representation #   5 mode #   5

     Self-consistent Calculation

     Pert. #  1: Fermi energy shift (Ry) =    -3.3080E-02     0.0000E+00

      iter #   1 total cpu time :  3119.3 secs   av.it.:   5.2
      thresh= 1.000E-02 alpha_mix =  0.700 |ddv_scf|^2 =  2.668E-07

     Pert. #  1: Fermi energy shift (Ry) =     3.1789E-02     0.0000E+00

      iter #   2 total cpu time :  3168.8 secs   av.it.:  16.2
      thresh= 5.165E-05 alpha_mix =  0.700 |ddv_scf|^2 =  1.030E-07

     Pert. #  1: Fermi energy shift (Ry) =    -4.9279E-03     0.0000E+00

      iter #   3 total cpu time :  3217.9 secs   av.it.:  16.1
      thresh= 3.209E-05 alpha_mix =  0.700 |ddv_scf|^2 =  2.922E-09

     Pert. #  1: Fermi energy shift (Ry) =    -1.5316E-03     0.0000E+00

      iter #   4 total cpu time :  3268.7 secs   av.it.:  17.0
      thresh= 5.405E-06 alpha_mix =  0.700 |ddv_scf|^2 =  2.181E-09

     Pert. #  1: Fermi energy shift (Ry) =    -1.7587E-03     0.0000E+00

      iter #   5 total cpu time :  3316.8 secs   av.it.:  15.5
      thresh= 4.670E-06 alpha_mix =  0.700 |ddv_scf|^2 =  9.109E-11

     Pert. #  1: Fermi energy shift (Ry) =    -2.9118E-03     0.0000E+00

      iter #   6 total cpu time :  3368.1 secs   av.it.:  17.2
      thresh= 9.544E-07 alpha_mix =  0.700 |ddv_scf|^2 =  3.613E-11

     Pert. #  1: Fermi energy shift (Ry) =    -1.1218E-03     0.0000E+00

      iter #   7 total cpu time :  3419.2 secs   av.it.:  16.6
      thresh= 6.011E-07 alpha_mix =  0.700 |ddv_scf|^2 =  1.541E-11

     Pert. #  1: Fermi energy shift (Ry) =    -1.7802E-03     0.0000E+00

      iter #   8 total cpu time :  3467.2 secs   av.it.:  15.5
      thresh= 3.926E-07 alpha_mix =  0.700 |ddv_scf|^2 =  6.670E-13

     Pert. #  1: Fermi energy shift (Ry) =    -1.9163E-03     0.0000E+00

      iter #   9 total cpu time :  3520.1 secs   av.it.:  17.8
      thresh= 8.167E-08 alpha_mix =  0.700 |ddv_scf|^2 =  1.536E-13

     Pert. #  1: Fermi energy shift (Ry) =    -1.8572E-03     0.0000E+00

      iter #  10 total cpu time :  3571.5 secs   av.it.:  17.5
      thresh= 3.919E-08 alpha_mix =  0.700 |ddv_scf|^2 =  2.513E-14

     Pert. #  1: Fermi energy shift (Ry) =    -1.8391E-03     0.0000E+00

      iter #  11 total cpu time :  3621.6 secs   av.it.:  16.5
      thresh= 1.585E-08 alpha_mix =  0.700 |ddv_scf|^2 =  1.542E-14

     Pert. #  1: Fermi energy shift (Ry) =    -1.8556E-03     0.0000E+00

      iter #  12 total cpu time :  3670.9 secs   av.it.:  16.5
      thresh= 1.242E-08 alpha_mix =  0.700 |ddv_scf|^2 =  5.627E-16

     End of self-consistent calculation

     Convergence has been achieved 


     Representation #   6 mode #   6

     Self-consistent Calculation

     Pert. #  1: Fermi energy shift (Ry) =     2.0166E-01     0.0000E+00

      iter #   1 total cpu time :  3706.7 secs   av.it.:   6.6
      thresh= 1.000E-02 alpha_mix =  0.700 |ddv_scf|^2 =  4.764E-06

     Pert. #  1: Fermi energy shift (Ry) =    -6.7849E-01     0.0000E+00

      iter #   2 total cpu time :  3759.0 secs   av.it.:  17.5
      thresh= 2.183E-04 alpha_mix =  0.700 |ddv_scf|^2 =  3.231E-05

     Pert. #  1: Fermi energy shift (Ry) =     8.0704E-02     0.0000E+00

      iter #   3 total cpu time :  3805.9 secs   av.it.:  14.9
      thresh= 5.684E-04 alpha_mix =  0.700 |ddv_scf|^2 =  1.290E-07

     Pert. #  1: Fermi energy shift (Ry) =    -3.2910E-02     0.0000E+00

      iter #   4 total cpu time :  3858.0 secs   av.it.:  17.5
      thresh= 3.592E-05 alpha_mix =  0.700 |ddv_scf|^2 =  1.850E-08

     Pert. #  1: Fermi energy shift (Ry) =     1.0154E-03     0.0000E+00

      iter #   5 total cpu time :  3908.3 secs   av.it.:  16.5
      thresh= 1.360E-05 alpha_mix =  0.700 |ddv_scf|^2 =  3.224E-09

     Pert. #  1: Fermi energy shift (Ry) =     1.2590E-03     0.0000E+00

      iter #   6 total cpu time :  3957.7 secs   av.it.:  16.5
      thresh= 5.678E-06 alpha_mix =  0.700 |ddv_scf|^2 =  2.888E-10

     Pert. #  1: Fermi energy shift (Ry) =    -1.4809E-03     0.0000E+00

      iter #   7 total cpu time :  4009.5 secs   av.it.:  17.1
      thresh= 1.699E-06 alpha_mix =  0.700 |ddv_scf|^2 =  1.532E-11

     Pert. #  1: Fermi energy shift (Ry) =    -8.6946E-04     0.0000E+00

      iter #   8 total cpu time :  4062.7 secs   av.it.:  17.9
      thresh= 3.914E-07 alpha_mix =  0.700 |ddv_scf|^2 =  7.378E-13

     Pert. #  1: Fermi energy shift (Ry) =    -1.0047E-03     0.0000E+00

      iter #   9 total cpu time :  4117.0 secs   av.it.:  18.5
      thresh= 8.590E-08 alpha_mix =  0.700 |ddv_scf|^2 =  1.905E-13

     Pert. #  1: Fermi energy shift (Ry) =    -8.0845E-04     0.0000E+00

      iter #  10 total cpu time :  4170.8 secs   av.it.:  18.1
      thresh= 4.365E-08 alpha_mix =  0.700 |ddv_scf|^2 =  2.143E-13

     Pert. #  1: Fermi energy shift (Ry) =    -9.1714E-04     0.0000E+00

      iter #  11 total cpu time :  4220.1 secs   av.it.:  16.0
      thresh= 4.629E-08 alpha_mix =  0.700 |ddv_scf|^2 =  3.545E-14

     Pert. #  1: Fermi energy shift (Ry) =    -9.0616E-04     0.0000E+00

      iter #  12 total cpu time :  4269.3 secs   av.it.:  16.1
      thresh= 1.883E-08 alpha_mix =  0.700 |ddv_scf|^2 =  4.816E-15

     End of self-consistent calculation

     Convergence has been achieved 


     Representation #   7 mode #   7

     Self-consistent Calculation

     Pert. #  1: Fermi energy shift (Ry) =    -7.2817E-02     3.3087E-24

      iter #   1 total cpu time :  4303.3 secs   av.it.:   5.8
      thresh= 1.000E-02 alpha_mix =  0.700 |ddv_scf|^2 =  3.579E-07

     Pert. #  1: Fermi energy shift (Ry) =    -1.9618E-02     2.0680E-25

      iter #   2 total cpu time :  4353.4 secs   av.it.:  16.5
      thresh= 5.982E-05 alpha_mix =  0.700 |ddv_scf|^2 =  1.243E-07

     Pert. #  1: Fermi energy shift (Ry) =     1.1698E-02     5.1699E-26

      iter #   3 total cpu time :  4404.1 secs   av.it.:  16.8
      thresh= 3.525E-05 alpha_mix =  0.700 |ddv_scf|^2 =  3.721E-08

     Pert. #  1: Fermi energy shift (Ry) =    -2.7269E-02     5.1699E-26

      iter #   4 total cpu time :  4452.0 secs   av.it.:  15.5
      thresh= 1.929E-05 alpha_mix =  0.700 |ddv_scf|^2 =  1.412E-09

     Pert. #  1: Fermi energy shift (Ry) =    -1.6577E-02     5.1699E-26

      iter #   5 total cpu time :  4503.4 secs   av.it.:  17.1
      thresh= 3.758E-06 alpha_mix =  0.700 |ddv_scf|^2 =  2.965E-10

     Pert. #  1: Fermi energy shift (Ry) =    -1.9906E-02     5.1699E-26

      iter #   6 total cpu time :  4554.0 secs   av.it.:  16.8
      thresh= 1.722E-06 alpha_mix =  0.700 |ddv_scf|^2 =  1.158E-10

     Pert. #  1: Fermi energy shift (Ry) =    -2.0288E-02     5.1699E-26

      iter #   7 total cpu time :  4601.7 secs   av.it.:  15.6
      thresh= 1.076E-06 alpha_mix =  0.700 |ddv_scf|^2 =  9.895E-12

     Pert. #  1: Fermi energy shift (Ry) =    -1.9261E-02     5.1699E-26

      iter #   8 total cpu time :  4653.8 secs   av.it.:  17.6
      thresh= 3.146E-07 alpha_mix =  0.700 |ddv_scf|^2 =  1.720E-12

     Pert. #  1: Fermi energy shift (Ry) =    -1.9556E-02     5.1699E-26

      iter #   9 total cpu time :  4705.6 secs   av.it.:  17.2
      thresh= 1.312E-07 alpha_mix =  0.700 |ddv_scf|^2 =  1.607E-13

     Pert. #  1: Fermi energy shift (Ry) =    -1.9545E-02     5.1699E-26

      iter #  10 total cpu time :  4757.1 secs   av.it.:  17.4
      thresh= 4.009E-08 alpha_mix =  0.700 |ddv_scf|^2 =  7.049E-14

     Pert. #  1: Fermi energy shift (Ry) =    -1.9556E-02     5.1699E-26

      iter #  11 total cpu time :  4807.5 secs   av.it.:  16.8
      thresh= 2.655E-08 alpha_mix =  0.700 |ddv_scf|^2 =  1.036E-14

     Pert. #  1: Fermi energy shift (Ry) =    -1.9539E-02     5.1699E-26

      iter #  12 total cpu time :  4858.7 secs   av.it.:  17.2
      thresh= 1.018E-08 alpha_mix =  0.700 |ddv_scf|^2 =  1.300E-14

     Pert. #  1: Fermi energy shift (Ry) =    -1.9538E-02     5.1699E-26

      iter #  13 total cpu time :  4906.3 secs   av.it.:  15.2
      thresh= 1.140E-08 alpha_mix =  0.700 |ddv_scf|^2 =  1.415E-15

     End of self-consistent calculation

     Convergence has been achieved 


     Representation #   8 mode #   8

     Self-consistent Calculation

     Pert. #  1: Fermi energy shift (Ry) =     6.4186E-02     0.0000E+00

      iter #   1 total cpu time :  4940.5 secs   av.it.:   5.9
      thresh= 1.000E-02 alpha_mix =  0.700 |ddv_scf|^2 =  5.721E-07

     Pert. #  1: Fermi energy shift (Ry) =    -2.8475E-03     0.0000E+00

      iter #   2 total cpu time :  4990.1 secs   av.it.:  16.4
      thresh= 7.563E-05 alpha_mix =  0.700 |ddv_scf|^2 =  3.516E-07

     Pert. #  1: Fermi energy shift (Ry) =     1.6536E-02     0.0000E+00

      iter #   3 total cpu time :  5039.4 secs   av.it.:  16.1
      thresh= 5.930E-05 alpha_mix =  0.700 |ddv_scf|^2 =  3.258E-08

     Pert. #  1: Fermi energy shift (Ry) =     2.3005E-02     0.0000E+00

      iter #   4 total cpu time :  5087.8 secs   av.it.:  15.8
      thresh= 1.805E-05 alpha_mix =  0.700 |ddv_scf|^2 =  3.515E-09

     Pert. #  1: Fermi energy shift (Ry) =     1.6583E-02     0.0000E+00

      iter #   5 total cpu time :  5137.3 secs   av.it.:  16.4
      thresh= 5.928E-06 alpha_mix =  0.700 |ddv_scf|^2 =  3.251E-10

     Pert. #  1: Fermi energy shift (Ry) =     2.1764E-02     0.0000E+00

      iter #   6 total cpu time :  5186.8 secs   av.it.:  16.2
      thresh= 1.803E-06 alpha_mix =  0.700 |ddv_scf|^2 =  1.100E-10

     Pert. #  1: Fermi energy shift (Ry) =     1.9881E-02     0.0000E+00

      iter #   7 total cpu time :  5235.1 secs   av.it.:  15.8
      thresh= 1.049E-06 alpha_mix =  0.700 |ddv_scf|^2 =  2.419E-12

     Pert. #  1: Fermi energy shift (Ry) =     1.9725E-02     0.0000E+00

      iter #   8 total cpu time :  5288.0 secs   av.it.:  18.0
      thresh= 1.555E-07 alpha_mix =  0.700 |ddv_scf|^2 =  7.423E-13

     Pert. #  1: Fermi energy shift (Ry) =     1.9893E-02     0.0000E+00

      iter #   9 total cpu time :  5340.0 secs   av.it.:  17.6
      thresh= 8.616E-08 alpha_mix =  0.700 |ddv_scf|^2 =  1.776E-13

     Pert. #  1: Fermi energy shift (Ry) =     1.9835E-02     0.0000E+00

      iter #  10 total cpu time :  5391.1 secs   av.it.:  17.1
      thresh= 4.215E-08 alpha_mix =  0.700 |ddv_scf|^2 =  7.828E-14

     Pert. #  1: Fermi energy shift (Ry) =     1.9834E-02     0.0000E+00

      iter #  11 total cpu time :  5440.4 secs   av.it.:  16.2
      thresh= 2.798E-08 alpha_mix =  0.700 |ddv_scf|^2 =  8.103E-15

     End of self-consistent calculation

     Convergence has been achieved 


     Representation #   9 mode #   9

     Self-consistent Calculation

     Pert. #  1: Fermi energy shift (Ry) =    -2.5497E-01     0.0000E+00

      iter #   1 total cpu time :  5477.7 secs   av.it.:   7.1
      thresh= 1.000E-02 alpha_mix =  0.700 |ddv_scf|^2 =  8.198E-06

     Pert. #  1: Fermi energy shift (Ry) =     5.6778E-01     0.0000E+00

      iter #   2 total cpu time :  5529.4 secs   av.it.:  17.2
      thresh= 2.863E-04 alpha_mix =  0.700 |ddv_scf|^2 =  5.442E-05

     Pert. #  1: Fermi energy shift (Ry) =    -6.4150E-03     0.0000E+00

      iter #   3 total cpu time :  5575.8 secs   av.it.:  14.5
      thresh= 7.377E-04 alpha_mix =  0.700 |ddv_scf|^2 =  8.138E-08

     Pert. #  1: Fermi energy shift (Ry) =    -3.4063E-02     0.0000E+00

      iter #   4 total cpu time :  5627.2 secs   av.it.:  17.4
      thresh= 2.853E-05 alpha_mix =  0.700 |ddv_scf|^2 =  1.068E-08

     Pert. #  1: Fermi energy shift (Ry) =    -6.6509E-03     0.0000E+00

      iter #   5 total cpu time :  5677.2 secs   av.it.:  16.5
      thresh= 1.033E-05 alpha_mix =  0.700 |ddv_scf|^2 =  5.610E-09

     Pert. #  1: Fermi energy shift (Ry) =    -2.0436E-02     0.0000E+00

      iter #   6 total cpu time :  5725.6 secs   av.it.:  15.6
      thresh= 7.490E-06 alpha_mix =  0.700 |ddv_scf|^2 =  4.204E-11

     Pert. #  1: Fermi energy shift (Ry) =    -1.9419E-02     0.0000E+00

      iter #   7 total cpu time :  5777.2 secs   av.it.:  17.6
      thresh= 6.484E-07 alpha_mix =  0.700 |ddv_scf|^2 =  1.940E-12

     Pert. #  1: Fermi energy shift (Ry) =    -1.9194E-02     0.0000E+00

      iter #   8 total cpu time :  5831.0 secs   av.it.:  18.1
      thresh= 1.393E-07 alpha_mix =  0.700 |ddv_scf|^2 =  1.131E-12

     Pert. #  1: Fermi energy shift (Ry) =    -1.9452E-02     0.0000E+00

      iter #   9 total cpu time :  5882.5 secs   av.it.:  17.4
      thresh= 1.064E-07 alpha_mix =  0.700 |ddv_scf|^2 =  2.014E-13

     Pert. #  1: Fermi energy shift (Ry) =    -1.9283E-02     0.0000E+00

      iter #  10 total cpu time :  5934.2 secs   av.it.:  17.2
      thresh= 4.488E-08 alpha_mix =  0.700 |ddv_scf|^2 =  1.912E-13

     Pert. #  1: Fermi energy shift (Ry) =    -1.9337E-02     0.0000E+00

      iter #  11 total cpu time :  5982.0 secs   av.it.:  15.4
      thresh= 4.372E-08 alpha_mix =  0.700 |ddv_scf|^2 =  5.552E-15

     End of self-consistent calculation

     Convergence has been achieved 


     Representation #  10 mode #  10

     Self-consistent Calculation

     Pert. #  1: Fermi energy shift (Ry) =    -2.0961E-02     1.6544E-24

      iter #   1 total cpu time :  6014.6 secs   av.it.:   5.0
      thresh= 1.000E-02 alpha_mix =  0.700 |ddv_scf|^2 =  1.635E-07

     Pert. #  1: Fermi energy shift (Ry) =     8.1548E-03     2.0680E-25

      iter #   2 total cpu time :  6062.9 secs   av.it.:  15.8
      thresh= 4.043E-05 alpha_mix =  0.700 |ddv_scf|^2 =  3.163E-08

     Pert. #  1: Fermi energy shift (Ry) =    -2.0332E-02     2.0680E-25

      iter #   3 total cpu time :  6113.5 secs   av.it.:  16.9
      thresh= 1.779E-05 alpha_mix =  0.700 |ddv_scf|^2 =  8.059E-09

     Pert. #  1: Fermi energy shift (Ry) =     1.5605E-03     2.0680E-25

      iter #   4 total cpu time :  6162.6 secs   av.it.:  15.8
      thresh= 8.977E-06 alpha_mix =  0.700 |ddv_scf|^2 =  1.204E-09

     Pert. #  1: Fermi energy shift (Ry) =    -4.0754E-03     2.0680E-25

      iter #   5 total cpu time :  6211.8 secs   av.it.:  16.0
      thresh= 3.470E-06 alpha_mix =  0.700 |ddv_scf|^2 =  6.131E-11

     Pert. #  1: Fermi energy shift (Ry) =    -4.8485E-03     2.0680E-25

      iter #   6 total cpu time :  6261.9 secs   av.it.:  16.6
      thresh= 7.830E-07 alpha_mix =  0.700 |ddv_scf|^2 =  4.334E-11

     Pert. #  1: Fermi energy shift (Ry) =    -4.2968E-03     2.0680E-25

      iter #   7 total cpu time :  6310.6 secs   av.it.:  16.1
      thresh= 6.584E-07 alpha_mix =  0.700 |ddv_scf|^2 =  6.479E-12

     Pert. #  1: Fermi energy shift (Ry) =    -4.2880E-03     2.0680E-25

      iter #   8 total cpu time :  6359.8 secs   av.it.:  16.4
      thresh= 2.545E-07 alpha_mix =  0.700 |ddv_scf|^2 =  2.511E-13

     Pert. #  1: Fermi energy shift (Ry) =    -4.3761E-03     2.0680E-25

      iter #   9 total cpu time :  6412.8 secs   av.it.:  18.0
      thresh= 5.011E-08 alpha_mix =  0.700 |ddv_scf|^2 =  4.670E-14

     Pert. #  1: Fermi energy shift (Ry) =    -4.3609E-03     2.0680E-25

      iter #  10 total cpu time :  6465.0 secs   av.it.:  17.8
      thresh= 2.161E-08 alpha_mix =  0.700 |ddv_scf|^2 =  1.727E-14

     Pert. #  1: Fermi energy shift (Ry) =    -4.3497E-03     2.0680E-25

      iter #  11 total cpu time :  6514.1 secs   av.it.:  16.5
      thresh= 1.314E-08 alpha_mix =  0.700 |ddv_scf|^2 =  1.796E-15

     End of self-consistent calculation

     Convergence has been achieved 


     Representation #  11 mode #  11

     Self-consistent Calculation

     Pert. #  1: Fermi energy shift (Ry) =     6.7222E-03     0.0000E+00

      iter #   1 total cpu time :  6547.0 secs   av.it.:   5.2
      thresh= 1.000E-02 alpha_mix =  0.700 |ddv_scf|^2 =  2.472E-07

     Pert. #  1: Fermi energy shift (Ry) =    -1.0029E-03     0.0000E+00

      iter #   2 total cpu time :  6595.7 secs   av.it.:  16.4
      thresh= 4.972E-05 alpha_mix =  0.700 |ddv_scf|^2 =  7.407E-08

     Pert. #  1: Fermi energy shift (Ry) =    -4.9505E-03     0.0000E+00

      iter #   3 total cpu time :  6645.5 secs   av.it.:  16.5
      thresh= 2.722E-05 alpha_mix =  0.700 |ddv_scf|^2 =  1.453E-09

     Pert. #  1: Fermi energy shift (Ry) =     8.3998E-03     0.0000E+00

      iter #   4 total cpu time :  6698.7 secs   av.it.:  18.4
      thresh= 3.812E-06 alpha_mix =  0.700 |ddv_scf|^2 =  1.196E-09

     Pert. #  1: Fermi energy shift (Ry) =    -1.6831E-03     0.0000E+00

      iter #   5 total cpu time :  6748.6 secs   av.it.:  16.5
      thresh= 3.458E-06 alpha_mix =  0.700 |ddv_scf|^2 =  4.694E-10

     Pert. #  1: Fermi energy shift (Ry) =     1.2530E-04     0.0000E+00

      iter #   6 total cpu time :  6796.4 secs   av.it.:  15.5
      thresh= 2.166E-06 alpha_mix =  0.700 |ddv_scf|^2 =  1.097E-11

     Pert. #  1: Fermi energy shift (Ry) =     7.1982E-04     0.0000E+00

      iter #   7 total cpu time :  6848.6 secs   av.it.:  18.0
      thresh= 3.312E-07 alpha_mix =  0.700 |ddv_scf|^2 =  1.423E-12

     Pert. #  1: Fermi energy shift (Ry) =     6.7940E-04     0.0000E+00

      iter #   8 total cpu time :  6899.6 secs   av.it.:  17.4
      thresh= 1.193E-07 alpha_mix =  0.700 |ddv_scf|^2 =  1.212E-13

     Pert. #  1: Fermi energy shift (Ry) =     6.7931E-04     0.0000E+00

      iter #   9 total cpu time :  6951.3 secs   av.it.:  17.8
      thresh= 3.481E-08 alpha_mix =  0.700 |ddv_scf|^2 =  8.446E-14

     Pert. #  1: Fermi energy shift (Ry) =     5.9527E-04     0.0000E+00

      iter #  10 total cpu time :  7001.8 secs   av.it.:  16.8
      thresh= 2.906E-08 alpha_mix =  0.700 |ddv_scf|^2 =  5.888E-14

     Pert. #  1: Fermi energy shift (Ry) =     6.4565E-04     0.0000E+00

      iter #  11 total cpu time :  7051.4 secs   av.it.:  15.8
      thresh= 2.426E-08 alpha_mix =  0.700 |ddv_scf|^2 =  2.691E-15

     End of self-consistent calculation

     Convergence has been achieved 


     Representation #  12 mode #  12

     Self-consistent Calculation

     Pert. #  1: Fermi energy shift (Ry) =    -1.6156E-01     0.0000E+00

      iter #   1 total cpu time :  7087.7 secs   av.it.:   6.6
      thresh= 1.000E-02 alpha_mix =  0.700 |ddv_scf|^2 =  3.959E-06

     Pert. #  1: Fermi energy shift (Ry) =     4.7097E-01     0.0000E+00

      iter #   2 total cpu time :  7140.3 secs   av.it.:  17.6
      thresh= 1.990E-04 alpha_mix =  0.700 |ddv_scf|^2 =  2.243E-05

     Pert. #  1: Fermi energy shift (Ry) =    -7.7531E-02     0.0000E+00

      iter #   3 total cpu time :  7187.3 secs   av.it.:  15.1
      thresh= 4.736E-04 alpha_mix =  0.700 |ddv_scf|^2 =  2.092E-07

     Pert. #  1: Fermi energy shift (Ry) =     2.4964E-02     0.0000E+00

      iter #   4 total cpu time :  7238.5 secs   av.it.:  17.0
      thresh= 4.574E-05 alpha_mix =  0.700 |ddv_scf|^2 =  2.522E-08

     Pert. #  1: Fermi energy shift (Ry) =    -1.4473E-02     0.0000E+00

      iter #   5 total cpu time :  7288.1 secs   av.it.:  16.4
      thresh= 1.588E-05 alpha_mix =  0.700 |ddv_scf|^2 =  4.407E-09

     Pert. #  1: Fermi energy shift (Ry) =    -1.0958E-02     0.0000E+00

      iter #   6 total cpu time :  7336.8 secs   av.it.:  16.0
      thresh= 6.639E-06 alpha_mix =  0.700 |ddv_scf|^2 =  1.884E-10

     Pert. #  1: Fermi energy shift (Ry) =    -8.0989E-03     0.0000E+00

      iter #   7 total cpu time :  7389.4 secs   av.it.:  17.8
      thresh= 1.373E-06 alpha_mix =  0.700 |ddv_scf|^2 =  1.349E-11

     Pert. #  1: Fermi energy shift (Ry) =    -8.7506E-03     0.0000E+00

      iter #   8 total cpu time :  7441.7 secs   av.it.:  17.9
      thresh= 3.673E-07 alpha_mix =  0.700 |ddv_scf|^2 =  8.472E-13

     Pert. #  1: Fermi energy shift (Ry) =    -8.7116E-03     0.0000E+00

      iter #   9 total cpu time :  7493.4 secs   av.it.:  17.6
      thresh= 9.205E-08 alpha_mix =  0.700 |ddv_scf|^2 =  1.262E-13

     Pert. #  1: Fermi energy shift (Ry) =    -8.7574E-03     0.0000E+00

      iter #  10 total cpu time :  7545.9 secs   av.it.:  17.9
      thresh= 3.553E-08 alpha_mix =  0.700 |ddv_scf|^2 =  1.697E-13

     Pert. #  1: Fermi energy shift (Ry) =    -8.6983E-03     0.0000E+00

      iter #  11 total cpu time :  7594.5 secs   av.it.:  15.9
      thresh= 4.119E-08 alpha_mix =  0.700 |ddv_scf|^2 =  2.379E-14

     Pert. #  1: Fermi energy shift (Ry) =    -8.7126E-03     0.0000E+00

      iter #  12 total cpu time :  7643.8 secs   av.it.:  16.2
      thresh= 1.542E-08 alpha_mix =  0.700 |ddv_scf|^2 =  6.392E-15

     End of self-consistent calculation

     Convergence has been achieved 


     Representation #  13 mode #  13

     Self-consistent Calculation

     Pert. #  1: Fermi energy shift (Ry) =     7.8286E-03    -8.2718E-25

      iter #   1 total cpu time :  7672.7 secs   av.it.:   3.1
      thresh= 1.000E-02 alpha_mix =  0.700 |ddv_scf|^2 =  2.898E-09

     Pert. #  1: Fermi energy shift (Ry) =     3.0679E-03     3.2312E-27

      iter #   2 total cpu time :  7723.0 secs   av.it.:  16.8
      thresh= 5.384E-06 alpha_mix =  0.700 |ddv_scf|^2 =  1.012E-09

     Pert. #  1: Fermi energy shift (Ry) =     8.5369E-03     2.5849E-26

      iter #   3 total cpu time :  7775.2 secs   av.it.:  17.6
      thresh= 3.181E-06 alpha_mix =  0.700 |ddv_scf|^2 =  1.919E-09

     Pert. #  1: Fermi energy shift (Ry) =     4.2220E-03     2.5849E-26

      iter #   4 total cpu time :  7822.8 secs   av.it.:  15.2
      thresh= 4.381E-06 alpha_mix =  0.700 |ddv_scf|^2 =  4.632E-11

     Pert. #  1: Fermi energy shift (Ry) =     5.0988E-03     2.5849E-26

      iter #   5 total cpu time :  7873.4 secs   av.it.:  17.0
      thresh= 6.806E-07 alpha_mix =  0.700 |ddv_scf|^2 =  2.909E-11

     Pert. #  1: Fermi energy shift (Ry) =     3.9141E-03     2.5849E-26

      iter #   6 total cpu time :  7922.0 secs   av.it.:  16.0
      thresh= 5.393E-07 alpha_mix =  0.700 |ddv_scf|^2 =  7.727E-12

     Pert. #  1: Fermi energy shift (Ry) =     4.8671E-03     2.5849E-26

      iter #   7 total cpu time :  7973.3 secs   av.it.:  17.2
      thresh= 2.780E-07 alpha_mix =  0.700 |ddv_scf|^2 =  1.922E-12

     Pert. #  1: Fermi energy shift (Ry) =     4.5033E-03     2.5849E-26

      iter #   8 total cpu time :  8024.4 secs   av.it.:  17.0
      thresh= 1.386E-07 alpha_mix =  0.700 |ddv_scf|^2 =  5.649E-14

     Pert. #  1: Fermi energy shift (Ry) =     4.5416E-03     2.5849E-26

      iter #   9 total cpu time :  8077.1 secs   av.it.:  17.9
      thresh= 2.377E-08 alpha_mix =  0.700 |ddv_scf|^2 =  4.577E-14

     Pert. #  1: Fermi energy shift (Ry) =     4.5277E-03     2.5849E-26

      iter #  10 total cpu time :  8126.3 secs   av.it.:  16.4
      thresh= 2.139E-08 alpha_mix =  0.700 |ddv_scf|^2 =  6.530E-15

     End of self-consistent calculation

     Convergence has been achieved 


     Representation #  14 mode #  14

     Self-consistent Calculation

     Pert. #  1: Fermi energy shift (Ry) =    -2.0934E-05     0.0000E+00

      iter #   1 total cpu time :  8155.8 secs   av.it.:   3.6
      thresh= 1.000E-02 alpha_mix =  0.700 |ddv_scf|^2 =  7.536E-09

     Pert. #  1: Fermi energy shift (Ry) =    -1.7951E-02     0.0000E+00

      iter #   2 total cpu time :  8207.8 secs   av.it.:  17.6
      thresh= 8.681E-06 alpha_mix =  0.700 |ddv_scf|^2 =  1.216E-08

     Pert. #  1: Fermi energy shift (Ry) =     8.8073E-03     0.0000E+00

      iter #   3 total cpu time :  8258.1 secs   av.it.:  16.6
      thresh= 1.103E-05 alpha_mix =  0.700 |ddv_scf|^2 =  5.967E-09

     Pert. #  1: Fermi energy shift (Ry) =    -2.2357E-03     0.0000E+00

      iter #   4 total cpu time :  8305.7 secs   av.it.:  15.5
      thresh= 7.724E-06 alpha_mix =  0.700 |ddv_scf|^2 =  6.081E-11

     Pert. #  1: Fermi energy shift (Ry) =    -3.3248E-03     0.0000E+00

      iter #   5 total cpu time :  8358.5 secs   av.it.:  18.0
      thresh= 7.798E-07 alpha_mix =  0.700 |ddv_scf|^2 =  4.847E-11

     Pert. #  1: Fermi energy shift (Ry) =    -3.7508E-03     0.0000E+00

      iter #   6 total cpu time :  8406.7 secs   av.it.:  15.9
      thresh= 6.962E-07 alpha_mix =  0.700 |ddv_scf|^2 =  1.085E-11

     Pert. #  1: Fermi energy shift (Ry) =    -2.6062E-03     0.0000E+00

      iter #   7 total cpu time :  8458.0 secs   av.it.:  17.1
      thresh= 3.294E-07 alpha_mix =  0.700 |ddv_scf|^2 =  2.488E-12

     Pert. #  1: Fermi energy shift (Ry) =    -3.0283E-03     0.0000E+00

      iter #   8 total cpu time :  8509.3 secs   av.it.:  16.9
      thresh= 1.577E-07 alpha_mix =  0.700 |ddv_scf|^2 =  1.490E-13

     Pert. #  1: Fermi energy shift (Ry) =    -2.9931E-03     0.0000E+00

      iter #   9 total cpu time :  8562.7 secs   av.it.:  17.6
      thresh= 3.860E-08 alpha_mix =  0.700 |ddv_scf|^2 =  3.218E-14

     Pert. #  1: Fermi energy shift (Ry) =    -3.0011E-03     0.0000E+00

      iter #  10 total cpu time :  8616.9 secs   av.it.:  17.6
      thresh= 1.794E-08 alpha_mix =  0.700 |ddv_scf|^2 =  1.335E-14

     Pert. #  1: Fermi energy shift (Ry) =    -2.9879E-03     0.0000E+00

      iter #  11 total cpu time :  8670.1 secs   av.it.:  17.4
      thresh= 1.156E-08 alpha_mix =  0.700 |ddv_scf|^2 =  6.340E-15

     End of self-consistent calculation

     Convergence has been achieved 


     Representation #  15 mode #  15

     Self-consistent Calculation

     Pert. #  1: Fermi energy shift (Ry) =    -9.6726E-02     0.0000E+00

      iter #   1 total cpu time :  8702.1 secs   av.it.:   4.5
      thresh= 1.000E-02 alpha_mix =  0.700 |ddv_scf|^2 =  2.755E-07

     Pert. #  1: Fermi energy shift (Ry) =     2.0497E-01     0.0000E+00

      iter #   2 total cpu time :  8756.2 secs   av.it.:  17.6
      thresh= 5.249E-05 alpha_mix =  0.700 |ddv_scf|^2 =  1.909E-06

     Pert. #  1: Fermi energy shift (Ry) =    -3.0092E-02     0.0000E+00

      iter #   3 total cpu time :  8804.5 secs   av.it.:  15.0
      thresh= 1.382E-04 alpha_mix =  0.700 |ddv_scf|^2 =  6.182E-09

     Pert. #  1: Fermi energy shift (Ry) =    -1.6475E-02     0.0000E+00

      iter #   4 total cpu time :  8857.1 secs   av.it.:  17.1
      thresh= 7.863E-06 alpha_mix =  0.700 |ddv_scf|^2 =  3.800E-10

     Pert. #  1: Fermi energy shift (Ry) =    -1.9324E-02     0.0000E+00

      iter #   5 total cpu time :  8909.5 secs   av.it.:  17.0
      thresh= 1.949E-06 alpha_mix =  0.700 |ddv_scf|^2 =  8.835E-11

     Pert. #  1: Fermi energy shift (Ry) =    -2.0164E-02     0.0000E+00

      iter #   6 total cpu time :  8959.4 secs   av.it.:  16.1
      thresh= 9.400E-07 alpha_mix =  0.700 |ddv_scf|^2 =  2.181E-11

     Pert. #  1: Fermi energy shift (Ry) =    -1.9048E-02     0.0000E+00

      iter #   7 total cpu time :  9010.9 secs   av.it.:  16.6
      thresh= 4.670E-07 alpha_mix =  0.700 |ddv_scf|^2 =  2.333E-12

     Pert. #  1: Fermi energy shift (Ry) =    -1.9510E-02     0.0000E+00

      iter #   8 total cpu time :  9063.9 secs   av.it.:  17.2
      thresh= 1.528E-07 alpha_mix =  0.700 |ddv_scf|^2 =  2.741E-13

     Pert. #  1: Fermi energy shift (Ry) =    -1.9385E-02     0.0000E+00

      iter #   9 total cpu time :  9115.7 secs   av.it.:  16.8
      thresh= 5.236E-08 alpha_mix =  0.700 |ddv_scf|^2 =  6.683E-14

     Pert. #  1: Fermi energy shift (Ry) =    -1.9411E-02     0.0000E+00

      iter #  10 total cpu time :  9166.6 secs   av.it.:  16.6
      thresh= 2.585E-08 alpha_mix =  0.700 |ddv_scf|^2 =  8.477E-15

     End of self-consistent calculation

     Convergence has been achieved 


     Representation #  16 mode #  16

     Self-consistent Calculation

     Pert. #  1: Fermi energy shift (Ry) =     5.8310E-03    -2.0680E-25

      iter #   1 total cpu time :  9196.5 secs   av.it.:   3.2
      thresh= 1.000E-02 alpha_mix =  0.700 |ddv_scf|^2 =  4.510E-09

     Pert. #  1: Fermi energy shift (Ry) =     2.0262E-02    -5.1699E-26

      iter #   2 total cpu time :  9250.1 secs   av.it.:  17.6
      thresh= 6.715E-06 alpha_mix =  0.700 |ddv_scf|^2 =  1.287E-08

     Pert. #  1: Fermi energy shift (Ry) =    -5.5324E-03     5.1699E-26

      iter #   3 total cpu time :  9300.3 secs   av.it.:  16.0
      thresh= 1.134E-05 alpha_mix =  0.700 |ddv_scf|^2 =  2.720E-09

     Pert. #  1: Fermi energy shift (Ry) =     1.7024E-03    -2.5849E-26

      iter #   4 total cpu time :  9348.7 secs   av.it.:  15.5
      thresh= 5.215E-06 alpha_mix =  0.700 |ddv_scf|^2 =  1.185E-10

     Pert. #  1: Fermi energy shift (Ry) =     4.7888E-03    -3.2312E-27

      iter #   5 total cpu time :  9401.4 secs   av.it.:  17.2
      thresh= 1.089E-06 alpha_mix =  0.700 |ddv_scf|^2 =  2.374E-11

     Pert. #  1: Fermi energy shift (Ry) =     4.6753E-03    -2.5849E-26

      iter #   6 total cpu time :  9452.2 secs   av.it.:  16.6
      thresh= 4.872E-07 alpha_mix =  0.700 |ddv_scf|^2 =  6.697E-12

     Pert. #  1: Fermi energy shift (Ry) =     3.8789E-03    -1.2925E-26

      iter #   7 total cpu time :  9503.8 secs   av.it.:  16.8
      thresh= 2.588E-07 alpha_mix =  0.700 |ddv_scf|^2 =  2.246E-12

     Pert. #  1: Fermi energy shift (Ry) =     4.1415E-03    -2.5849E-26

      iter #   8 total cpu time :  9553.8 secs   av.it.:  16.1
      thresh= 1.499E-07 alpha_mix =  0.700 |ddv_scf|^2 =  1.223E-13

     Pert. #  1: Fermi energy shift (Ry) =     4.1602E-03    -2.5849E-26

      iter #   9 total cpu time :  9604.5 secs   av.it.:  16.5
      thresh= 3.497E-08 alpha_mix =  0.700 |ddv_scf|^2 =  1.010E-14

     Pert. #  1: Fermi energy shift (Ry) =     4.1822E-03    -2.5849E-26

      iter #  10 total cpu time :  9659.7 secs   av.it.:  18.6
      thresh= 1.005E-08 alpha_mix =  0.700 |ddv_scf|^2 =  6.244E-15

     End of self-consistent calculation

     Convergence has been achieved 


     Representation #  17 mode #  17

     Self-consistent Calculation

     Pert. #  1: Fermi energy shift (Ry) =     6.6428E-03     0.0000E+00

      iter #   1 total cpu time :  9690.2 secs   av.it.:   3.8
      thresh= 1.000E-02 alpha_mix =  0.700 |ddv_scf|^2 =  1.013E-08

     Pert. #  1: Fermi energy shift (Ry) =     3.0169E-03     0.0000E+00

      iter #   2 total cpu time :  9740.9 secs   av.it.:  16.6
      thresh= 1.007E-05 alpha_mix =  0.700 |ddv_scf|^2 =  6.048E-09

     Pert. #  1: Fermi energy shift (Ry) =     6.4770E-03     0.0000E+00

      iter #   3 total cpu time :  9790.9 secs   av.it.:  16.4
      thresh= 7.777E-06 alpha_mix =  0.700 |ddv_scf|^2 =  4.652E-10

     Pert. #  1: Fermi energy shift (Ry) =     1.9633E-03     0.0000E+00

      iter #   4 total cpu time :  9840.7 secs   av.it.:  16.0
      thresh= 2.157E-06 alpha_mix =  0.700 |ddv_scf|^2 =  1.342E-10

     Pert. #  1: Fermi energy shift (Ry) =     5.4147E-03     0.0000E+00

      iter #   5 total cpu time :  9891.3 secs   av.it.:  16.2
      thresh= 1.158E-06 alpha_mix =  0.700 |ddv_scf|^2 =  3.375E-11

     Pert. #  1: Fermi energy shift (Ry) =     3.9069E-03     0.0000E+00

      iter #   6 total cpu time :  9942.5 secs   av.it.:  16.6
      thresh= 5.809E-07 alpha_mix =  0.700 |ddv_scf|^2 =  2.977E-12

     Pert. #  1: Fermi energy shift (Ry) =     4.0223E-03     0.0000E+00

      iter #   7 total cpu time :  9994.4 secs   av.it.:  17.2
      thresh= 1.726E-07 alpha_mix =  0.700 |ddv_scf|^2 =  1.437E-12

     Pert. #  1: Fermi energy shift (Ry) =     4.1699E-03     0.0000E+00

      iter #   8 total cpu time : 10042.8 secs   av.it.:  15.5
      thresh= 1.199E-07 alpha_mix =  0.700 |ddv_scf|^2 =  1.658E-13

     Pert. #  1: Fermi energy shift (Ry) =     4.1359E-03     0.0000E+00

      iter #   9 total cpu time : 10093.2 secs   av.it.:  16.5
      thresh= 4.072E-08 alpha_mix =  0.700 |ddv_scf|^2 =  1.046E-14

     Pert. #  1: Fermi energy shift (Ry) =     4.1281E-03     0.0000E+00

      iter #  10 total cpu time : 10147.3 secs   av.it.:  18.2
      thresh= 1.023E-08 alpha_mix =  0.700 |ddv_scf|^2 =  2.978E-15

     End of self-consistent calculation

     Convergence has been achieved 


     Representation #  18 mode #  18

     Self-consistent Calculation

     Pert. #  1: Fermi energy shift (Ry) =    -8.8222E-02     0.0000E+00

      iter #   1 total cpu time : 10179.5 secs   av.it.:   4.6
      thresh= 1.000E-02 alpha_mix =  0.700 |ddv_scf|^2 =  3.456E-07

     Pert. #  1: Fermi energy shift (Ry) =     2.0816E-01     0.0000E+00

      iter #   2 total cpu time : 10232.0 secs   av.it.:  17.2
      thresh= 5.878E-05 alpha_mix =  0.700 |ddv_scf|^2 =  2.302E-06

     Pert. #  1: Fermi energy shift (Ry) =    -2.2881E-02     0.0000E+00

      iter #   3 total cpu time : 10279.5 secs   av.it.:  14.9
      thresh= 1.517E-04 alpha_mix =  0.700 |ddv_scf|^2 =  4.010E-09

     Pert. #  1: Fermi energy shift (Ry) =    -8.4903E-03     0.0000E+00

      iter #   4 total cpu time : 10331.4 secs   av.it.:  17.0
      thresh= 6.333E-06 alpha_mix =  0.700 |ddv_scf|^2 =  1.862E-09

     Pert. #  1: Fermi energy shift (Ry) =    -1.3632E-02     0.0000E+00

      iter #   5 total cpu time : 10380.4 secs   av.it.:  15.6
      thresh= 4.315E-06 alpha_mix =  0.700 |ddv_scf|^2 =  4.865E-11

     Pert. #  1: Fermi energy shift (Ry) =    -1.4208E-02     0.0000E+00

      iter #   6 total cpu time : 10432.0 secs   av.it.:  17.0
      thresh= 6.975E-07 alpha_mix =  0.700 |ddv_scf|^2 =  3.458E-12

     Pert. #  1: Fermi energy shift (Ry) =    -1.3808E-02     0.0000E+00

      iter #   7 total cpu time : 10485.5 secs   av.it.:  17.9
      thresh= 1.860E-07 alpha_mix =  0.700 |ddv_scf|^2 =  1.344E-12

     Pert. #  1: Fermi energy shift (Ry) =    -1.4153E-02     0.0000E+00

      iter #   8 total cpu time : 10538.5 secs   av.it.:  17.4
      thresh= 1.159E-07 alpha_mix =  0.700 |ddv_scf|^2 =  2.852E-13

     Pert. #  1: Fermi energy shift (Ry) =    -1.3989E-02     0.0000E+00

      iter #   9 total cpu time : 10590.8 secs   av.it.:  17.4
      thresh= 5.340E-08 alpha_mix =  0.700 |ddv_scf|^2 =  4.389E-14

     Pert. #  1: Fermi energy shift (Ry) =    -1.4040E-02     0.0000E+00

      iter #  10 total cpu time : 10641.8 secs   av.it.:  16.9
      thresh= 2.095E-08 alpha_mix =  0.700 |ddv_scf|^2 =  9.325E-15

     End of self-consistent calculation

     Convergence has been achieved 


     Representation #  19 mode #  19

     Self-consistent Calculation

     Pert. #  1: Fermi energy shift (Ry) =     1.8484E-03    -8.2718E-25

      iter #   1 total cpu time : 10671.0 secs   av.it.:   3.0
      thresh= 1.000E-02 alpha_mix =  0.700 |ddv_scf|^2 =  2.863E-09

     Pert. #  1: Fermi energy shift (Ry) =     3.7285E-03    -6.4623E-27

      iter #   2 total cpu time : 10722.3 secs   av.it.:  16.5
      thresh= 5.351E-06 alpha_mix =  0.700 |ddv_scf|^2 =  5.567E-10

     Pert. #  1: Fermi energy shift (Ry) =     2.4687E-03    -1.2925E-26

      iter #   3 total cpu time : 10774.7 secs   av.it.:  17.2
      thresh= 2.359E-06 alpha_mix =  0.700 |ddv_scf|^2 =  5.468E-10

     Pert. #  1: Fermi energy shift (Ry) =     2.7095E-03    -1.6156E-27

      iter #   4 total cpu time : 10823.2 secs   av.it.:  15.4
      thresh= 2.338E-06 alpha_mix =  0.700 |ddv_scf|^2 =  4.594E-11

     Pert. #  1: Fermi energy shift (Ry) =     1.8169E-03    -6.4623E-27

      iter #   5 total cpu time : 10873.6 secs   av.it.:  16.2
      thresh= 6.778E-07 alpha_mix =  0.700 |ddv_scf|^2 =  1.777E-11

     Pert. #  1: Fermi energy shift (Ry) =     2.7324E-03    -6.4623E-27

      iter #   6 total cpu time : 10923.0 secs   av.it.:  15.8
      thresh= 4.216E-07 alpha_mix =  0.700 |ddv_scf|^2 =  3.187E-12

     Pert. #  1: Fermi energy shift (Ry) =     2.2248E-03    -6.4623E-27

      iter #   7 total cpu time : 10974.5 secs   av.it.:  16.8
      thresh= 1.785E-07 alpha_mix =  0.700 |ddv_scf|^2 =  4.300E-13

     Pert. #  1: Fermi energy shift (Ry) =     2.4297E-03    -6.4623E-27

      iter #   8 total cpu time : 11027.9 secs   av.it.:  17.9
      thresh= 6.558E-08 alpha_mix =  0.700 |ddv_scf|^2 =  8.774E-14

     Pert. #  1: Fermi energy shift (Ry) =     2.3437E-03    -6.4623E-27

      iter #   9 total cpu time : 11080.3 secs   av.it.:  17.2
      thresh= 2.962E-08 alpha_mix =  0.700 |ddv_scf|^2 =  1.407E-14

     Pert. #  1: Fermi energy shift (Ry) =     2.3701E-03    -6.4623E-27

      iter #  10 total cpu time : 11132.5 secs   av.it.:  17.2
      thresh= 1.186E-08 alpha_mix =  0.700 |ddv_scf|^2 =  7.629E-15

     End of self-consistent calculation

     Convergence has been achieved 


     Representation #  20 mode #  20

     Self-consistent Calculation

     Pert. #  1: Fermi energy shift (Ry) =     1.9649E-02     0.0000E+00

      iter #   1 total cpu time : 11162.3 secs   av.it.:   3.5
      thresh= 1.000E-02 alpha_mix =  0.700 |ddv_scf|^2 =  6.537E-09

     Pert. #  1: Fermi energy shift (Ry) =     2.7247E-03     0.0000E+00

      iter #   2 total cpu time : 11213.3 secs   av.it.:  16.5
      thresh= 8.085E-06 alpha_mix =  0.700 |ddv_scf|^2 =  2.945E-09

     Pert. #  1: Fermi energy shift (Ry) =     9.9722E-03     0.0000E+00

      iter #   3 total cpu time : 11265.1 secs   av.it.:  16.8
      thresh= 5.427E-06 alpha_mix =  0.700 |ddv_scf|^2 =  1.360E-09

     Pert. #  1: Fermi energy shift (Ry) =     1.0646E-02     0.0000E+00

      iter #   4 total cpu time : 11314.1 secs   av.it.:  15.2
      thresh= 3.688E-06 alpha_mix =  0.700 |ddv_scf|^2 =  6.465E-11

     Pert. #  1: Fermi energy shift (Ry) =     9.2334E-03     0.0000E+00

      iter #   5 total cpu time : 11366.4 secs   av.it.:  16.8
      thresh= 8.040E-07 alpha_mix =  0.700 |ddv_scf|^2 =  2.151E-11

     Pert. #  1: Fermi energy shift (Ry) =     1.0928E-02     0.0000E+00

      iter #   6 total cpu time : 11418.3 secs   av.it.:  16.9
      thresh= 4.638E-07 alpha_mix =  0.700 |ddv_scf|^2 =  1.646E-11

     Pert. #  1: Fermi energy shift (Ry) =     1.0242E-02     0.0000E+00

      iter #   7 total cpu time : 11466.9 secs   av.it.:  15.2
      thresh= 4.058E-07 alpha_mix =  0.700 |ddv_scf|^2 =  7.359E-13

     Pert. #  1: Fermi energy shift (Ry) =     1.0123E-02     0.0000E+00

      iter #   8 total cpu time : 11521.1 secs   av.it.:  17.9
      thresh= 8.579E-08 alpha_mix =  0.700 |ddv_scf|^2 =  2.699E-13

     Pert. #  1: Fermi energy shift (Ry) =     1.0183E-02     0.0000E+00

      iter #   9 total cpu time : 11573.6 secs   av.it.:  17.0
      thresh= 5.195E-08 alpha_mix =  0.700 |ddv_scf|^2 =  4.617E-14

     Pert. #  1: Fermi energy shift (Ry) =     1.0216E-02     0.0000E+00

      iter #  10 total cpu time : 11626.5 secs   av.it.:  17.2
      thresh= 2.149E-08 alpha_mix =  0.700 |ddv_scf|^2 =  1.970E-14

     Pert. #  1: Fermi energy shift (Ry) =     1.0198E-02     0.0000E+00

      iter #  11 total cpu time : 11678.0 secs   av.it.:  16.6
      thresh= 1.403E-08 alpha_mix =  0.700 |ddv_scf|^2 =  1.306E-15

     End of self-consistent calculation

     Convergence has been achieved 


     Representation #  21 mode #  21

     Self-consistent Calculation

     Pert. #  1: Fermi energy shift (Ry) =     1.1071E-01     0.0000E+00

      iter #   1 total cpu time : 11710.0 secs   av.it.:   4.5
      thresh= 1.000E-02 alpha_mix =  0.700 |ddv_scf|^2 =  2.955E-07

     Pert. #  1: Fermi energy shift (Ry) =    -2.2684E-01     0.0000E+00

      iter #   2 total cpu time : 11763.3 secs   av.it.:  17.6
      thresh= 5.436E-05 alpha_mix =  0.700 |ddv_scf|^2 =  2.142E-06

     Pert. #  1: Fermi energy shift (Ry) =     3.4034E-02     0.0000E+00

      iter #   3 total cpu time : 11811.5 secs   av.it.:  14.9
      thresh= 1.464E-04 alpha_mix =  0.700 |ddv_scf|^2 =  4.354E-09

     Pert. #  1: Fermi energy shift (Ry) =     2.0697E-02     0.0000E+00

      iter #   4 total cpu time : 11864.8 secs   av.it.:  17.4
      thresh= 6.598E-06 alpha_mix =  0.700 |ddv_scf|^2 =  1.058E-09

     Pert. #  1: Fermi energy shift (Ry) =     2.0535E-02     0.0000E+00

      iter #   5 total cpu time : 11914.0 secs   av.it.:  15.6
      thresh= 3.252E-06 alpha_mix =  0.700 |ddv_scf|^2 =  1.169E-10

     Pert. #  1: Fermi energy shift (Ry) =     2.2867E-02     0.0000E+00

      iter #   6 total cpu time : 11966.2 secs   av.it.:  17.1
      thresh= 1.081E-06 alpha_mix =  0.700 |ddv_scf|^2 =  9.978E-12

     Pert. #  1: Fermi energy shift (Ry) =     2.1812E-02     0.0000E+00

      iter #   7 total cpu time : 12020.0 secs   av.it.:  17.8
      thresh= 3.159E-07 alpha_mix =  0.700 |ddv_scf|^2 =  2.560E-12

     Pert. #  1: Fermi energy shift (Ry) =     2.2205E-02     0.0000E+00

      iter #   8 total cpu time : 12072.3 secs   av.it.:  17.0
      thresh= 1.600E-07 alpha_mix =  0.700 |ddv_scf|^2 =  4.494E-13

     Pert. #  1: Fermi energy shift (Ry) =     2.2115E-02     0.0000E+00

      iter #   9 total cpu time : 12123.2 secs   av.it.:  16.6
      thresh= 6.704E-08 alpha_mix =  0.700 |ddv_scf|^2 =  7.788E-14

     Pert. #  1: Fermi energy shift (Ry) =     2.2129E-02     0.0000E+00

      iter #  10 total cpu time : 12174.9 secs   av.it.:  16.8
      thresh= 2.791E-08 alpha_mix =  0.700 |ddv_scf|^2 =  3.069E-14

     Pert. #  1: Fermi energy shift (Ry) =     2.2122E-02     0.0000E+00

      iter #  11 total cpu time : 12226.2 secs   av.it.:  16.6
      thresh= 1.752E-08 alpha_mix =  0.700 |ddv_scf|^2 =  2.083E-14

     Pert. #  1: Fermi energy shift (Ry) =     2.2114E-02     0.0000E+00

      iter #  12 total cpu time : 12274.8 secs   av.it.:  15.4
      thresh= 1.443E-08 alpha_mix =  0.700 |ddv_scf|^2 =  1.435E-15

     End of self-consistent calculation

     Convergence has been achieved 


     Representation #  22 mode #  22

     Self-consistent Calculation

     Pert. #  1: Fermi energy shift (Ry) =    -6.2349E-05     1.6544E-24

      iter #   1 total cpu time : 12303.7 secs   av.it.:   3.0
      thresh= 1.000E-02 alpha_mix =  0.700 |ddv_scf|^2 =  2.766E-09

     Pert. #  1: Fermi energy shift (Ry) =    -1.3349E-03    -2.5849E-26

      iter #   2 total cpu time : 12354.0 secs   av.it.:  16.4
      thresh= 5.260E-06 alpha_mix =  0.700 |ddv_scf|^2 =  9.027E-10

     Pert. #  1: Fermi energy shift (Ry) =     5.1474E-03    -1.2925E-26

      iter #   3 total cpu time : 12406.1 secs   av.it.:  16.8
      thresh= 3.005E-06 alpha_mix =  0.700 |ddv_scf|^2 =  1.201E-09

     Pert. #  1: Fermi energy shift (Ry) =    -1.0750E-04    -1.2925E-26

      iter #   4 total cpu time : 12454.4 secs   av.it.:  15.2
      thresh= 3.465E-06 alpha_mix =  0.700 |ddv_scf|^2 =  1.692E-11

     Pert. #  1: Fermi energy shift (Ry) =     4.8211E-04    -1.2925E-26

      iter #   5 total cpu time : 12506.6 secs   av.it.:  17.1
      thresh= 4.113E-07 alpha_mix =  0.700 |ddv_scf|^2 =  8.506E-12

     Pert. #  1: Fermi energy shift (Ry) =    -2.0498E-04    -1.2925E-26

      iter #   6 total cpu time : 12557.9 secs   av.it.:  16.8
      thresh= 2.917E-07 alpha_mix =  0.700 |ddv_scf|^2 =  3.669E-12

     Pert. #  1: Fermi energy shift (Ry) =     5.2346E-05    -1.2925E-26

      iter #   7 total cpu time : 12607.3 secs   av.it.:  15.8
      thresh= 1.915E-07 alpha_mix =  0.700 |ddv_scf|^2 =  1.955E-13

     Pert. #  1: Fermi energy shift (Ry) =     1.0446E-04    -1.2925E-26

      iter #   8 total cpu time : 12661.0 secs   av.it.:  17.6
      thresh= 4.422E-08 alpha_mix =  0.700 |ddv_scf|^2 =  2.996E-14

     Pert. #  1: Fermi energy shift (Ry) =     5.4521E-05    -1.2925E-26

      iter #   9 total cpu time : 12714.8 secs   av.it.:  17.8
      thresh= 1.731E-08 alpha_mix =  0.700 |ddv_scf|^2 =  6.707E-15

     End of self-consistent calculation

     Convergence has been achieved 


     Representation #  23 mode #  23

     Self-consistent Calculation

     Pert. #  1: Fermi energy shift (Ry) =    -7.6667E-03     0.0000E+00

      iter #   1 total cpu time : 12744.1 secs   av.it.:   3.2
      thresh= 1.000E-02 alpha_mix =  0.700 |ddv_scf|^2 =  6.157E-09

     Pert. #  1: Fermi energy shift (Ry) =    -8.1395E-03     0.0000E+00

      iter #   2 total cpu time : 12794.9 secs   av.it.:  16.6
      thresh= 7.847E-06 alpha_mix =  0.700 |ddv_scf|^2 =  3.520E-09

     Pert. #  1: Fermi energy shift (Ry) =     4.3139E-03     0.0000E+00

      iter #   3 total cpu time : 12846.5 secs   av.it.:  16.9
      thresh= 5.933E-06 alpha_mix =  0.700 |ddv_scf|^2 =  3.457E-09

     Pert. #  1: Fermi energy shift (Ry) =    -5.6054E-03     0.0000E+00

      iter #   4 total cpu time : 12895.0 secs   av.it.:  15.4
      thresh= 5.880E-06 alpha_mix =  0.700 |ddv_scf|^2 =  3.245E-11

     Pert. #  1: Fermi energy shift (Ry) =    -3.8664E-03     0.0000E+00

      iter #   5 total cpu time : 12948.1 secs   av.it.:  17.8
      thresh= 5.696E-07 alpha_mix =  0.700 |ddv_scf|^2 =  1.447E-11

     Pert. #  1: Fermi energy shift (Ry) =    -5.0749E-03     0.0000E+00

      iter #   6 total cpu time : 12999.7 secs   av.it.:  16.9
      thresh= 3.804E-07 alpha_mix =  0.700 |ddv_scf|^2 =  4.416E-12

     Pert. #  1: Fermi energy shift (Ry) =    -4.8457E-03     0.0000E+00

      iter #   7 total cpu time : 13049.3 secs   av.it.:  16.5
      thresh= 2.101E-07 alpha_mix =  0.700 |ddv_scf|^2 =  1.200E-12

     Pert. #  1: Fermi energy shift (Ry) =    -4.7151E-03     0.0000E+00

      iter #   8 total cpu time : 13100.7 secs   av.it.:  16.6
      thresh= 1.096E-07 alpha_mix =  0.700 |ddv_scf|^2 =  1.280E-13

     Pert. #  1: Fermi energy shift (Ry) =    -4.7753E-03     0.0000E+00

      iter #   9 total cpu time : 13153.2 secs   av.it.:  17.1
      thresh= 3.577E-08 alpha_mix =  0.700 |ddv_scf|^2 =  1.983E-14

     Pert. #  1: Fermi energy shift (Ry) =    -4.7749E-03     0.0000E+00

      iter #  10 total cpu time : 13205.6 secs   av.it.:  17.2
      thresh= 1.408E-08 alpha_mix =  0.700 |ddv_scf|^2 =  3.398E-15

     End of self-consistent calculation

     Convergence has been achieved 


     Representation #  24 mode #  24

     Self-consistent Calculation

     Pert. #  1: Fermi energy shift (Ry) =     8.1464E-02     0.0000E+00

      iter #   1 total cpu time : 13237.7 secs   av.it.:   4.5
      thresh= 1.000E-02 alpha_mix =  0.700 |ddv_scf|^2 =  2.471E-07

     Pert. #  1: Fermi energy shift (Ry) =    -1.4064E-01     0.0000E+00

      iter #   2 total cpu time : 13290.7 secs   av.it.:  17.2
      thresh= 4.970E-05 alpha_mix =  0.700 |ddv_scf|^2 =  1.406E-06

     Pert. #  1: Fermi energy shift (Ry) =     2.0296E-02     0.0000E+00

      iter #   3 total cpu time : 13338.7 secs   av.it.:  14.8
      thresh= 1.186E-04 alpha_mix =  0.700 |ddv_scf|^2 =  3.222E-09

     Pert. #  1: Fermi energy shift (Ry) =     1.1838E-02     0.0000E+00

      iter #   4 total cpu time : 13391.4 secs   av.it.:  17.4
      thresh= 5.676E-06 alpha_mix =  0.700 |ddv_scf|^2 =  5.890E-10

     Pert. #  1: Fermi energy shift (Ry) =     1.8199E-02     0.0000E+00

      iter #   5 total cpu time : 13442.5 secs   av.it.:  16.5
      thresh= 2.427E-06 alpha_mix =  0.700 |ddv_scf|^2 =  2.271E-10

     Pert. #  1: Fermi energy shift (Ry) =     1.7741E-02     0.0000E+00

      iter #   6 total cpu time : 13491.0 secs   av.it.:  15.5
      thresh= 1.507E-06 alpha_mix =  0.700 |ddv_scf|^2 =  8.669E-12

     Pert. #  1: Fermi energy shift (Ry) =     1.6782E-02     0.0000E+00

      iter #   7 total cpu time : 13545.6 secs   av.it.:  18.1
      thresh= 2.944E-07 alpha_mix =  0.700 |ddv_scf|^2 =  2.454E-12

     Pert. #  1: Fermi energy shift (Ry) =     1.7174E-02     0.0000E+00

      iter #   8 total cpu time : 13598.7 secs   av.it.:  17.2
      thresh= 1.567E-07 alpha_mix =  0.700 |ddv_scf|^2 =  6.412E-14

     Pert. #  1: Fermi energy shift (Ry) =     1.7177E-02     0.0000E+00

      iter #   9 total cpu time : 13653.1 secs   av.it.:  17.8
      thresh= 2.532E-08 alpha_mix =  0.700 |ddv_scf|^2 =  1.469E-14

     Pert. #  1: Fermi energy shift (Ry) =     1.7207E-02     0.0000E+00

      iter #  10 total cpu time : 13707.5 secs   av.it.:  17.8
      thresh= 1.212E-08 alpha_mix =  0.700 |ddv_scf|^2 =  4.839E-14

     Pert. #  1: Fermi energy shift (Ry) =     1.7179E-02     0.0000E+00

      iter #  11 total cpu time : 13755.9 secs   av.it.:  15.0
      thresh= 2.200E-08 alpha_mix =  0.700 |ddv_scf|^2 =  1.666E-15

     End of self-consistent calculation

     Convergence has been achieved 


     Representation #  25 mode #  25

     Self-consistent Calculation

     Pert. #  1: Fermi energy shift (Ry) =     7.0649E-03    -2.0680E-25

      iter #   1 total cpu time : 13784.2 secs   av.it.:   3.0
      thresh= 1.000E-02 alpha_mix =  0.700 |ddv_scf|^2 =  2.097E-09

     Pert. #  1: Fermi energy shift (Ry) =     1.3702E-02    -2.5849E-26

      iter #   2 total cpu time : 13834.7 secs   av.it.:  16.5
      thresh= 4.579E-06 alpha_mix =  0.700 |ddv_scf|^2 =  2.402E-10

     Pert. #  1: Fermi energy shift (Ry) =     1.0672E-02    -1.2925E-26

      iter #   3 total cpu time : 13886.3 secs   av.it.:  17.2
      thresh= 1.550E-06 alpha_mix =  0.700 |ddv_scf|^2 =  5.058E-11

     Pert. #  1: Fermi energy shift (Ry) =     1.1668E-02    -1.2925E-26

      iter #   4 total cpu time : 13937.2 secs   av.it.:  16.8
      thresh= 7.112E-07 alpha_mix =  0.700 |ddv_scf|^2 =  2.973E-11

     Pert. #  1: Fermi energy shift (Ry) =     1.0980E-02    -1.2925E-26

      iter #   5 total cpu time : 13985.9 secs   av.it.:  15.6
      thresh= 5.453E-07 alpha_mix =  0.700 |ddv_scf|^2 =  3.297E-12

     Pert. #  1: Fermi energy shift (Ry) =     1.1159E-02    -1.2925E-26

      iter #   6 total cpu time : 14034.9 secs   av.it.:  15.9
      thresh= 1.816E-07 alpha_mix =  0.700 |ddv_scf|^2 =  1.964E-13

     Pert. #  1: Fermi energy shift (Ry) =     1.1103E-02    -1.2925E-26

      iter #   7 total cpu time : 14087.1 secs   av.it.:  17.2
      thresh= 4.431E-08 alpha_mix =  0.700 |ddv_scf|^2 =  5.211E-14

     Pert. #  1: Fermi energy shift (Ry) =     1.1117E-02    -1.2925E-26

      iter #   8 total cpu time : 14138.1 secs   av.it.:  16.9
      thresh= 2.283E-08 alpha_mix =  0.700 |ddv_scf|^2 =  1.313E-14

     Pert. #  1: Fermi energy shift (Ry) =     1.1081E-02    -1.2925E-26

      iter #   9 total cpu time : 14190.4 secs   av.it.:  17.0
      thresh= 1.146E-08 alpha_mix =  0.700 |ddv_scf|^2 =  9.034E-15

     End of self-consistent calculation

     Convergence has been achieved 


     Representation #  26 mode #  26

     Self-consistent Calculation

     Pert. #  1: Fermi energy shift (Ry) =    -5.5917E-03     0.0000E+00

      iter #   1 total cpu time : 14218.9 secs   av.it.:   3.0
      thresh= 1.000E-02 alpha_mix =  0.700 |ddv_scf|^2 =  3.993E-09

     Pert. #  1: Fermi energy shift (Ry) =     6.3506E-03     0.0000E+00

      iter #   2 total cpu time : 14269.9 secs   av.it.:  16.5
      thresh= 6.319E-06 alpha_mix =  0.700 |ddv_scf|^2 =  3.014E-09

     Pert. #  1: Fermi energy shift (Ry) =     9.4249E-03     0.0000E+00

      iter #   3 total cpu time : 14321.1 secs   av.it.:  16.5
      thresh= 5.490E-06 alpha_mix =  0.700 |ddv_scf|^2 =  2.025E-09

     Pert. #  1: Fermi energy shift (Ry) =     2.9027E-03     0.0000E+00

      iter #   4 total cpu time : 14370.9 secs   av.it.:  15.5
      thresh= 4.500E-06 alpha_mix =  0.700 |ddv_scf|^2 =  5.658E-11

     Pert. #  1: Fermi energy shift (Ry) =     5.4078E-03     0.0000E+00

      iter #   5 total cpu time : 14423.0 secs   av.it.:  17.1
      thresh= 7.522E-07 alpha_mix =  0.700 |ddv_scf|^2 =  2.492E-11

     Pert. #  1: Fermi energy shift (Ry) =     4.2724E-03     0.0000E+00

      iter #   6 total cpu time : 14473.0 secs   av.it.:  15.9
      thresh= 4.992E-07 alpha_mix =  0.700 |ddv_scf|^2 =  2.760E-12

     Pert. #  1: Fermi energy shift (Ry) =     4.2447E-03     0.0000E+00

      iter #   7 total cpu time : 14523.4 secs   av.it.:  16.6
      thresh= 1.661E-07 alpha_mix =  0.700 |ddv_scf|^2 =  3.163E-13

     Pert. #  1: Fermi energy shift (Ry) =     4.3254E-03     0.0000E+00

      iter #   8 total cpu time : 14575.5 secs   av.it.:  17.2
      thresh= 5.624E-08 alpha_mix =  0.700 |ddv_scf|^2 =  5.165E-14

     Pert. #  1: Fermi energy shift (Ry) =     4.2776E-03     0.0000E+00

      iter #   9 total cpu time : 14628.4 secs   av.it.:  17.5
      thresh= 2.273E-08 alpha_mix =  0.700 |ddv_scf|^2 =  5.567E-15

     End of self-consistent calculation

     Convergence has been achieved 


     Representation #  27 mode #  27

     Self-consistent Calculation

     Pert. #  1: Fermi energy shift (Ry) =     3.7212E-02     0.0000E+00

      iter #   1 total cpu time : 14658.3 secs   av.it.:   3.5
      thresh= 1.000E-02 alpha_mix =  0.700 |ddv_scf|^2 =  5.671E-08

     Pert. #  1: Fermi energy shift (Ry) =    -8.7620E-02     0.0000E+00

      iter #   2 total cpu time : 14711.4 secs   av.it.:  17.5
      thresh= 2.381E-05 alpha_mix =  0.700 |ddv_scf|^2 =  2.928E-07

     Pert. #  1: Fermi energy shift (Ry) =     8.0743E-03     0.0000E+00

      iter #   3 total cpu time : 14760.0 secs   av.it.:  14.9
      thresh= 5.411E-05 alpha_mix =  0.700 |ddv_scf|^2 =  2.280E-09

     Pert. #  1: Fermi energy shift (Ry) =    -4.3372E-03     0.0000E+00

      iter #   4 total cpu time : 14812.2 secs   av.it.:  17.2
      thresh= 4.775E-06 alpha_mix =  0.700 |ddv_scf|^2 =  6.198E-10

     Pert. #  1: Fermi energy shift (Ry) =    -6.1043E-04     0.0000E+00

      iter #   5 total cpu time : 14861.9 secs   av.it.:  15.6
      thresh= 2.490E-06 alpha_mix =  0.700 |ddv_scf|^2 =  5.627E-11

     Pert. #  1: Fermi energy shift (Ry) =     2.2312E-04     0.0000E+00

      iter #   6 total cpu time : 14913.4 secs   av.it.:  16.9
      thresh= 7.501E-07 alpha_mix =  0.700 |ddv_scf|^2 =  3.358E-12

     Pert. #  1: Fermi energy shift (Ry) =    -2.5735E-04     0.0000E+00

      iter #   7 total cpu time : 14966.9 secs   av.it.:  17.8
      thresh= 1.832E-07 alpha_mix =  0.700 |ddv_scf|^2 =  3.836E-13

     Pert. #  1: Fermi energy shift (Ry) =    -9.5980E-05     0.0000E+00

      iter #   8 total cpu time : 15020.0 secs   av.it.:  17.6
      thresh= 6.193E-08 alpha_mix =  0.700 |ddv_scf|^2 =  2.238E-13

     Pert. #  1: Fermi energy shift (Ry) =    -1.4093E-04     0.0000E+00

      iter #   9 total cpu time : 15069.2 secs   av.it.:  16.2
      thresh= 4.731E-08 alpha_mix =  0.700 |ddv_scf|^2 =  2.431E-14

     Pert. #  1: Fermi energy shift (Ry) =    -1.0468E-04     0.0000E+00

      iter #  10 total cpu time : 15120.9 secs   av.it.:  17.2
      thresh= 1.559E-08 alpha_mix =  0.700 |ddv_scf|^2 =  2.617E-14

     Pert. #  1: Fermi energy shift (Ry) =    -1.2847E-04     0.0000E+00

      iter #  11 total cpu time : 15169.6 secs   av.it.:  15.5
      thresh= 1.618E-08 alpha_mix =  0.700 |ddv_scf|^2 =  2.144E-15

     End of self-consistent calculation

     Convergence has been achieved 


     Representation #  28 mode #  28

     Self-consistent Calculation

     Pert. #  1: Fermi energy shift (Ry) =     1.6932E-02     1.6544E-24

      iter #   1 total cpu time : 15197.8 secs   av.it.:   3.0
      thresh= 1.000E-02 alpha_mix =  0.700 |ddv_scf|^2 =  2.044E-09

     Pert. #  1: Fermi energy shift (Ry) =     2.0718E-02    -1.2925E-26

      iter #   2 total cpu time : 15249.2 secs   av.it.:  17.1
      thresh= 4.521E-06 alpha_mix =  0.700 |ddv_scf|^2 =  6.044E-10

     Pert. #  1: Fermi energy shift (Ry) =     1.0857E-02     2.5849E-26

      iter #   3 total cpu time : 15301.8 secs   av.it.:  17.6
      thresh= 2.458E-06 alpha_mix =  0.700 |ddv_scf|^2 =  1.216E-09

     Pert. #  1: Fermi energy shift (Ry) =     1.7683E-02    -1.2925E-26

      iter #   4 total cpu time : 15350.0 secs   av.it.:  15.5
      thresh= 3.487E-06 alpha_mix =  0.700 |ddv_scf|^2 =  1.241E-11

     Pert. #  1: Fermi energy shift (Ry) =     1.7146E-02    -1.2925E-26

      iter #   5 total cpu time : 15402.6 secs   av.it.:  17.4
      thresh= 3.523E-07 alpha_mix =  0.700 |ddv_scf|^2 =  8.118E-12

     Pert. #  1: Fermi energy shift (Ry) =     1.7133E-02    -1.2925E-26

      iter #   6 total cpu time : 15451.9 secs   av.it.:  15.6
      thresh= 2.849E-07 alpha_mix =  0.700 |ddv_scf|^2 =  1.081E-12

     Pert. #  1: Fermi energy shift (Ry) =     1.7249E-02    -1.2925E-26

      iter #   7 total cpu time : 15503.0 secs   av.it.:  16.8
      thresh= 1.040E-07 alpha_mix =  0.700 |ddv_scf|^2 =  1.170E-13

     Pert. #  1: Fermi energy shift (Ry) =     1.7167E-02    -1.2925E-26

      iter #   8 total cpu time : 15555.1 secs   av.it.:  17.4
      thresh= 3.420E-08 alpha_mix =  0.700 |ddv_scf|^2 =  1.724E-14

     Pert. #  1: Fermi energy shift (Ry) =     1.7207E-02    -1.2925E-26

      iter #   9 total cpu time : 15607.6 secs   av.it.:  17.4
      thresh= 1.313E-08 alpha_mix =  0.700 |ddv_scf|^2 =  8.052E-15

     End of self-consistent calculation

     Convergence has been achieved 


     Representation #  29 mode #  29

     Self-consistent Calculation

     Pert. #  1: Fermi energy shift (Ry) =     2.3531E-03     0.0000E+00

      iter #   1 total cpu time : 15636.2 secs   av.it.:   3.0
      thresh= 1.000E-02 alpha_mix =  0.700 |ddv_scf|^2 =  3.870E-09

     Pert. #  1: Fermi energy shift (Ry) =    -5.0056E-03     0.0000E+00

      iter #   2 total cpu time : 15688.1 secs   av.it.:  17.2
      thresh= 6.221E-06 alpha_mix =  0.700 |ddv_scf|^2 =  2.569E-09

     Pert. #  1: Fermi energy shift (Ry) =    -3.5555E-03     0.0000E+00

      iter #   3 total cpu time : 15739.2 secs   av.it.:  16.6
      thresh= 5.069E-06 alpha_mix =  0.700 |ddv_scf|^2 =  2.083E-09

     Pert. #  1: Fermi energy shift (Ry) =    -8.2216E-04     0.0000E+00

      iter #   4 total cpu time : 15788.0 secs   av.it.:  15.4
      thresh= 4.564E-06 alpha_mix =  0.700 |ddv_scf|^2 =  3.279E-11

     Pert. #  1: Fermi energy shift (Ry) =    -2.9471E-03     0.0000E+00

      iter #   5 total cpu time : 15840.8 secs   av.it.:  17.1
      thresh= 5.726E-07 alpha_mix =  0.700 |ddv_scf|^2 =  3.214E-11

     Pert. #  1: Fermi energy shift (Ry) =    -1.7010E-03     0.0000E+00

      iter #   6 total cpu time : 15890.0 secs   av.it.:  15.6
      thresh= 5.670E-07 alpha_mix =  0.700 |ddv_scf|^2 =  1.442E-12

     Pert. #  1: Fermi energy shift (Ry) =    -1.7792E-03     0.0000E+00

      iter #   7 total cpu time : 15941.1 secs   av.it.:  16.9
      thresh= 1.201E-07 alpha_mix =  0.700 |ddv_scf|^2 =  1.105E-13

     Pert. #  1: Fermi energy shift (Ry) =    -1.8279E-03     0.0000E+00

      iter #   8 total cpu time : 15994.7 secs   av.it.:  17.8
      thresh= 3.325E-08 alpha_mix =  0.700 |ddv_scf|^2 =  3.830E-14

     Pert. #  1: Fermi energy shift (Ry) =    -1.7811E-03     0.0000E+00

      iter #   9 total cpu time : 16047.8 secs   av.it.:  17.5
      thresh= 1.957E-08 alpha_mix =  0.700 |ddv_scf|^2 =  1.772E-14

     Pert. #  1: Fermi energy shift (Ry) =    -1.7847E-03     0.0000E+00

      iter #  10 total cpu time : 16097.2 secs   av.it.:  15.8
      thresh= 1.331E-08 alpha_mix =  0.700 |ddv_scf|^2 =  2.719E-15

     End of self-consistent calculation

     Convergence has been achieved 


     Representation #  30 mode #  30

     Self-consistent Calculation

     Pert. #  1: Fermi energy shift (Ry) =     3.2616E-02     0.0000E+00

      iter #   1 total cpu time : 16127.2 secs   av.it.:   3.5
      thresh= 1.000E-02 alpha_mix =  0.700 |ddv_scf|^2 =  5.855E-08

     Pert. #  1: Fermi energy shift (Ry) =    -1.0221E-01     0.0000E+00

      iter #   2 total cpu time : 16180.4 secs   av.it.:  17.5
      thresh= 2.420E-05 alpha_mix =  0.700 |ddv_scf|^2 =  3.176E-07

     Pert. #  1: Fermi energy shift (Ry) =     3.9026E-03     0.0000E+00

      iter #   3 total cpu time : 16228.6 secs   av.it.:  14.9
      thresh= 5.636E-05 alpha_mix =  0.700 |ddv_scf|^2 =  2.598E-09

     Pert. #  1: Fermi energy shift (Ry) =    -9.8179E-03     0.0000E+00

      iter #   4 total cpu time : 16281.0 secs   av.it.:  17.1
      thresh= 5.097E-06 alpha_mix =  0.700 |ddv_scf|^2 =  7.921E-10

     Pert. #  1: Fermi energy shift (Ry) =    -6.9698E-03     0.0000E+00

      iter #   5 total cpu time : 16329.9 secs   av.it.:  15.5
      thresh= 2.814E-06 alpha_mix =  0.700 |ddv_scf|^2 =  5.413E-11

     Pert. #  1: Fermi energy shift (Ry) =    -5.6347E-03     0.0000E+00

      iter #   6 total cpu time : 16381.7 secs   av.it.:  17.0
      thresh= 7.357E-07 alpha_mix =  0.700 |ddv_scf|^2 =  3.725E-12

     Pert. #  1: Fermi energy shift (Ry) =    -6.1289E-03     0.0000E+00

      iter #   7 total cpu time : 16434.8 secs   av.it.:  17.6
      thresh= 1.930E-07 alpha_mix =  0.700 |ddv_scf|^2 =  4.885E-13

     Pert. #  1: Fermi energy shift (Ry) =    -5.9578E-03     0.0000E+00

      iter #   8 total cpu time : 16486.9 secs   av.it.:  17.2
      thresh= 6.989E-08 alpha_mix =  0.700 |ddv_scf|^2 =  2.830E-13

     Pert. #  1: Fermi energy shift (Ry) =    -5.9863E-03     0.0000E+00

      iter #   9 total cpu time : 16536.5 secs   av.it.:  16.2
      thresh= 5.320E-08 alpha_mix =  0.700 |ddv_scf|^2 =  1.683E-14

     Pert. #  1: Fermi energy shift (Ry) =    -5.9589E-03     0.0000E+00

      iter #  10 total cpu time : 16589.2 secs   av.it.:  17.4
      thresh= 1.297E-08 alpha_mix =  0.700 |ddv_scf|^2 =  1.122E-14

     Pert. #  1: Fermi energy shift (Ry) =    -5.9717E-03     0.0000E+00

      iter #  11 total cpu time : 16639.2 secs   av.it.:  16.4
      thresh= 1.059E-08 alpha_mix =  0.700 |ddv_scf|^2 =  1.485E-15

     End of self-consistent calculation

     Convergence has been achieved 


     Representation #  31 mode #  31

     Self-consistent Calculation

     Pert. #  1: Fermi energy shift (Ry) =    -7.2169E-03     2.5849E-26

      iter #   1 total cpu time : 16667.8 secs   av.it.:   3.0
      thresh= 1.000E-02 alpha_mix =  0.700 |ddv_scf|^2 =  2.859E-09

     Pert. #  1: Fermi energy shift (Ry) =     1.6747E-02     5.1699E-26

      iter #   2 total cpu time : 16722.1 secs   av.it.:  18.2
      thresh= 5.347E-06 alpha_mix =  0.700 |ddv_scf|^2 =  8.089E-09

     Pert. #  1: Fermi energy shift (Ry) =    -8.7001E-03    -1.2925E-26

      iter #   3 total cpu time : 16772.0 secs   av.it.:  16.0
      thresh= 8.994E-06 alpha_mix =  0.700 |ddv_scf|^2 =  1.789E-09

     Pert. #  1: Fermi energy shift (Ry) =    -4.5367E-03    -1.2925E-26

      iter #   4 total cpu time : 16820.4 secs   av.it.:  15.5
      thresh= 4.229E-06 alpha_mix =  0.700 |ddv_scf|^2 =  1.055E-10

     Pert. #  1: Fermi energy shift (Ry) =    -1.5947E-03    -1.2925E-26

      iter #   5 total cpu time : 16872.5 secs   av.it.:  17.4
      thresh= 1.027E-06 alpha_mix =  0.700 |ddv_scf|^2 =  8.562E-12

     Pert. #  1: Fermi energy shift (Ry) =    -2.0596E-03    -1.2925E-26

      iter #   6 total cpu time : 16923.0 secs   av.it.:  16.5
      thresh= 2.926E-07 alpha_mix =  0.700 |ddv_scf|^2 =  5.302E-12

     Pert. #  1: Fermi energy shift (Ry) =    -2.1725E-03    -1.2925E-26

      iter #   7 total cpu time : 16972.7 secs   av.it.:  15.9
      thresh= 2.303E-07 alpha_mix =  0.700 |ddv_scf|^2 =  2.301E-13

     Pert. #  1: Fermi energy shift (Ry) =    -2.1611E-03    -1.2925E-26

      iter #   8 total cpu time : 17024.4 secs   av.it.:  17.1
      thresh= 4.797E-08 alpha_mix =  0.700 |ddv_scf|^2 =  1.723E-14

     Pert. #  1: Fermi energy shift (Ry) =    -2.1369E-03    -1.2925E-26

      iter #   9 total cpu time : 17077.1 secs   av.it.:  17.8
      thresh= 1.313E-08 alpha_mix =  0.700 |ddv_scf|^2 =  7.482E-15

     End of self-consistent calculation

     Convergence has been achieved 


     Representation #  32 mode #  32

     Self-consistent Calculation

     Pert. #  1: Fermi energy shift (Ry) =    -1.4699E-02     0.0000E+00

      iter #   1 total cpu time : 17106.2 secs   av.it.:   3.0
      thresh= 1.000E-02 alpha_mix =  0.700 |ddv_scf|^2 =  5.601E-09

     Pert. #  1: Fermi energy shift (Ry) =     2.0291E-02     0.0000E+00

      iter #   2 total cpu time : 17160.6 secs   av.it.:  18.0
      thresh= 7.484E-06 alpha_mix =  0.700 |ddv_scf|^2 =  1.420E-08

     Pert. #  1: Fermi energy shift (Ry) =    -1.6667E-02     0.0000E+00

      iter #   3 total cpu time : 17211.2 secs   av.it.:  16.5
      thresh= 1.192E-05 alpha_mix =  0.700 |ddv_scf|^2 =  4.930E-09

     Pert. #  1: Fermi energy shift (Ry) =    -8.7579E-03     0.0000E+00

      iter #   4 total cpu time : 17259.0 secs   av.it.:  15.2
      thresh= 7.021E-06 alpha_mix =  0.700 |ddv_scf|^2 =  1.462E-10

     Pert. #  1: Fermi energy shift (Ry) =    -5.1161E-03     0.0000E+00

      iter #   5 total cpu time : 17311.4 secs   av.it.:  17.4
      thresh= 1.209E-06 alpha_mix =  0.700 |ddv_scf|^2 =  1.128E-11

     Pert. #  1: Fermi energy shift (Ry) =    -5.7088E-03     0.0000E+00

      iter #   6 total cpu time : 17362.7 secs   av.it.:  16.8
      thresh= 3.358E-07 alpha_mix =  0.700 |ddv_scf|^2 =  5.937E-12

     Pert. #  1: Fermi energy shift (Ry) =    -5.7514E-03     0.0000E+00

      iter #   7 total cpu time : 17412.0 secs   av.it.:  15.9
      thresh= 2.437E-07 alpha_mix =  0.700 |ddv_scf|^2 =  4.378E-13

     Pert. #  1: Fermi energy shift (Ry) =    -5.7590E-03     0.0000E+00

      iter #   8 total cpu time : 17463.0 secs   av.it.:  16.8
      thresh= 6.617E-08 alpha_mix =  0.700 |ddv_scf|^2 =  2.864E-14

     Pert. #  1: Fermi energy shift (Ry) =    -5.7196E-03     0.0000E+00

      iter #   9 total cpu time : 17516.2 secs   av.it.:  17.8
      thresh= 1.692E-08 alpha_mix =  0.700 |ddv_scf|^2 =  1.189E-14

     Pert. #  1: Fermi energy shift (Ry) =    -5.7105E-03     0.0000E+00

      iter #  10 total cpu time : 17568.8 secs   av.it.:  17.5
      thresh= 1.091E-08 alpha_mix =  0.700 |ddv_scf|^2 =  5.366E-15

     End of self-consistent calculation

     Convergence has been achieved 


     Representation #  33 mode #  33

     Self-consistent Calculation

     Pert. #  1: Fermi energy shift (Ry) =    -4.3245E-02     0.0000E+00

      iter #   1 total cpu time : 17599.0 secs   av.it.:   3.8
      thresh= 1.000E-02 alpha_mix =  0.700 |ddv_scf|^2 =  7.298E-08

     Pert. #  1: Fermi energy shift (Ry) =     1.4396E-01     0.0000E+00

      iter #   2 total cpu time : 17652.3 secs   av.it.:  17.6
      thresh= 2.701E-05 alpha_mix =  0.700 |ddv_scf|^2 =  5.288E-07

     Pert. #  1: Fermi energy shift (Ry) =     2.2890E-03     0.0000E+00

      iter #   3 total cpu time : 17700.4 secs   av.it.:  15.0
      thresh= 7.272E-05 alpha_mix =  0.700 |ddv_scf|^2 =  2.319E-09

     Pert. #  1: Fermi energy shift (Ry) =     4.6447E-03     0.0000E+00

      iter #   4 total cpu time : 17751.1 secs   av.it.:  16.5
      thresh= 4.816E-06 alpha_mix =  0.700 |ddv_scf|^2 =  6.279E-10

     Pert. #  1: Fermi energy shift (Ry) =     4.2805E-03     0.0000E+00

      iter #   5 total cpu time : 17800.3 secs   av.it.:  15.8
      thresh= 2.506E-06 alpha_mix =  0.700 |ddv_scf|^2 =  2.541E-11

     Pert. #  1: Fermi energy shift (Ry) =     4.6497E-03     0.0000E+00

      iter #   6 total cpu time : 17852.4 secs   av.it.:  17.0
      thresh= 5.041E-07 alpha_mix =  0.700 |ddv_scf|^2 =  2.797E-12

     Pert. #  1: Fermi energy shift (Ry) =     4.2561E-03     0.0000E+00

      iter #   7 total cpu time : 17905.7 secs   av.it.:  17.2
      thresh= 1.672E-07 alpha_mix =  0.700 |ddv_scf|^2 =  1.797E-13

     Pert. #  1: Fermi energy shift (Ry) =     4.3602E-03     0.0000E+00

      iter #   8 total cpu time : 17962.1 secs   av.it.:  18.6
      thresh= 4.239E-08 alpha_mix =  0.700 |ddv_scf|^2 =  1.098E-13

     Pert. #  1: Fermi energy shift (Ry) =     4.2997E-03     0.0000E+00

      iter #   9 total cpu time : 18016.4 secs   av.it.:  17.5
      thresh= 3.314E-08 alpha_mix =  0.700 |ddv_scf|^2 =  4.361E-15

     End of self-consistent calculation

     Convergence has been achieved 


     Representation #  34 mode #  34

     Self-consistent Calculation

     Pert. #  1: Fermi energy shift (Ry) =     1.3353E-02     1.6544E-24

      iter #   1 total cpu time : 18045.5 secs   av.it.:   3.0
      thresh= 1.000E-02 alpha_mix =  0.700 |ddv_scf|^2 =  3.076E-09

     Pert. #  1: Fermi energy shift (Ry) =    -1.9772E-02    -5.1699E-26

      iter #   2 total cpu time : 18100.2 secs   av.it.:  18.1
      thresh= 5.546E-06 alpha_mix =  0.700 |ddv_scf|^2 =  1.209E-08

     Pert. #  1: Fermi energy shift (Ry) =     2.7819E-03     1.0340E-25

      iter #   3 total cpu time : 18149.8 secs   av.it.:  15.6
      thresh= 1.100E-05 alpha_mix =  0.700 |ddv_scf|^2 =  9.562E-10

     Pert. #  1: Fermi energy shift (Ry) =     8.3075E-04     2.5849E-26

      iter #   4 total cpu time : 18199.7 secs   av.it.:  16.0
      thresh= 3.092E-06 alpha_mix =  0.700 |ddv_scf|^2 =  8.727E-11

     Pert. #  1: Fermi energy shift (Ry) =    -5.8328E-04     1.2925E-26

      iter #   5 total cpu time : 18252.1 secs   av.it.:  17.0
      thresh= 9.342E-07 alpha_mix =  0.700 |ddv_scf|^2 =  1.183E-11

     Pert. #  1: Fermi energy shift (Ry) =    -9.3864E-04     2.5849E-26

      iter #   6 total cpu time : 18302.7 secs   av.it.:  16.5
      thresh= 3.439E-07 alpha_mix =  0.700 |ddv_scf|^2 =  4.264E-12

     Pert. #  1: Fermi energy shift (Ry) =    -3.9686E-04     2.5849E-26

      iter #   7 total cpu time : 18354.2 secs   av.it.:  16.6
      thresh= 2.065E-07 alpha_mix =  0.700 |ddv_scf|^2 =  2.849E-13

     Pert. #  1: Fermi energy shift (Ry) =    -4.8422E-04     2.5849E-26

      iter #   8 total cpu time : 18407.2 secs   av.it.:  17.2
      thresh= 5.338E-08 alpha_mix =  0.700 |ddv_scf|^2 =  2.892E-14

     Pert. #  1: Fermi energy shift (Ry) =    -4.6647E-04     2.5849E-26

      iter #   9 total cpu time : 18460.0 secs   av.it.:  17.5
      thresh= 1.701E-08 alpha_mix =  0.700 |ddv_scf|^2 =  4.293E-15

     End of self-consistent calculation

     Convergence has been achieved 


     Representation #  35 mode #  35

     Self-consistent Calculation

     Pert. #  1: Fermi energy shift (Ry) =     7.1745E-04     0.0000E+00

      iter #   1 total cpu time : 18488.5 secs   av.it.:   3.0
      thresh= 1.000E-02 alpha_mix =  0.700 |ddv_scf|^2 =  3.901E-09

     Pert. #  1: Fermi energy shift (Ry) =    -1.1911E-03     0.0000E+00

      iter #   2 total cpu time : 18540.4 secs   av.it.:  16.9
      thresh= 6.246E-06 alpha_mix =  0.700 |ddv_scf|^2 =  3.350E-09

     Pert. #  1: Fermi energy shift (Ry) =     9.3449E-03     0.0000E+00

      iter #   3 total cpu time : 18591.7 secs   av.it.:  16.5
      thresh= 5.788E-06 alpha_mix =  0.700 |ddv_scf|^2 =  1.750E-09

     Pert. #  1: Fermi energy shift (Ry) =     2.4543E-03     0.0000E+00

      iter #   4 total cpu time : 18640.5 secs   av.it.:  15.5
      thresh= 4.183E-06 alpha_mix =  0.700 |ddv_scf|^2 =  3.611E-11

     Pert. #  1: Fermi energy shift (Ry) =     3.6236E-03     0.0000E+00

      iter #   5 total cpu time : 18692.0 secs   av.it.:  16.8
      thresh= 6.009E-07 alpha_mix =  0.700 |ddv_scf|^2 =  1.683E-11

     Pert. #  1: Fermi energy shift (Ry) =     2.9734E-03     0.0000E+00

      iter #   6 total cpu time : 18741.4 secs   av.it.:  16.0
      thresh= 4.103E-07 alpha_mix =  0.700 |ddv_scf|^2 =  2.511E-12

     Pert. #  1: Fermi energy shift (Ry) =     3.2983E-03     0.0000E+00

      iter #   7 total cpu time : 18792.7 secs   av.it.:  16.6
      thresh= 1.585E-07 alpha_mix =  0.700 |ddv_scf|^2 =  3.411E-13

     Pert. #  1: Fermi energy shift (Ry) =     3.1481E-03     0.0000E+00

      iter #   8 total cpu time : 18845.6 secs   av.it.:  17.5
      thresh= 5.841E-08 alpha_mix =  0.700 |ddv_scf|^2 =  4.168E-14

     Pert. #  1: Fermi energy shift (Ry) =     3.1809E-03     0.0000E+00

      iter #   9 total cpu time : 18899.4 secs   av.it.:  17.5
      thresh= 2.042E-08 alpha_mix =  0.700 |ddv_scf|^2 =  1.670E-14

     Pert. #  1: Fermi energy shift (Ry) =     3.1928E-03     0.0000E+00

      iter #  10 total cpu time : 18950.6 secs   av.it.:  16.5
      thresh= 1.292E-08 alpha_mix =  0.700 |ddv_scf|^2 =  1.210E-14

     Pert. #  1: Fermi energy shift (Ry) =     3.1757E-03     0.0000E+00

      iter #  11 total cpu time : 18999.8 secs   av.it.:  15.6
      thresh= 1.100E-08 alpha_mix =  0.700 |ddv_scf|^2 =  6.289E-16

     End of self-consistent calculation

     Convergence has been achieved 


     Representation #  36 mode #  36

     Self-consistent Calculation

     Pert. #  1: Fermi energy shift (Ry) =    -5.5972E-02     0.0000E+00

      iter #   1 total cpu time : 19030.3 secs   av.it.:   4.0
      thresh= 1.000E-02 alpha_mix =  0.700 |ddv_scf|^2 =  8.318E-08

     Pert. #  1: Fermi energy shift (Ry) =     1.5294E-01     0.0000E+00

      iter #   2 total cpu time : 19084.4 secs   av.it.:  17.6
      thresh= 2.884E-05 alpha_mix =  0.700 |ddv_scf|^2 =  6.195E-07

     Pert. #  1: Fermi energy shift (Ry) =    -7.9482E-04     0.0000E+00

      iter #   3 total cpu time : 19132.9 secs   av.it.:  15.1
      thresh= 7.871E-05 alpha_mix =  0.700 |ddv_scf|^2 =  2.728E-09

     Pert. #  1: Fermi energy shift (Ry) =     8.7523E-05     0.0000E+00

      iter #   4 total cpu time : 19183.6 secs   av.it.:  16.5
      thresh= 5.223E-06 alpha_mix =  0.700 |ddv_scf|^2 =  5.722E-10

     Pert. #  1: Fermi energy shift (Ry) =    -4.3988E-04     0.0000E+00

      iter #   5 total cpu time : 19233.1 secs   av.it.:  16.0
      thresh= 2.392E-06 alpha_mix =  0.700 |ddv_scf|^2 =  4.258E-11

     Pert. #  1: Fermi energy shift (Ry) =     2.0036E-04     0.0000E+00

      iter #   6 total cpu time : 19284.6 secs   av.it.:  17.0
      thresh= 6.526E-07 alpha_mix =  0.700 |ddv_scf|^2 =  6.943E-12

     Pert. #  1: Fermi energy shift (Ry) =    -4.5415E-04     0.0000E+00

      iter #   7 total cpu time : 19336.8 secs   av.it.:  17.1
      thresh= 2.635E-07 alpha_mix =  0.700 |ddv_scf|^2 =  2.464E-13

     Pert. #  1: Fermi energy shift (Ry) =    -3.6841E-04     0.0000E+00

      iter #   8 total cpu time : 19392.8 secs   av.it.:  18.8
      thresh= 4.964E-08 alpha_mix =  0.700 |ddv_scf|^2 =  1.269E-13

     Pert. #  1: Fermi energy shift (Ry) =    -3.9727E-04     0.0000E+00

      iter #   9 total cpu time : 19445.9 secs   av.it.:  17.5
      thresh= 3.563E-08 alpha_mix =  0.700 |ddv_scf|^2 =  5.749E-15

     End of self-consistent calculation

     Convergence has been achieved 


     Representation #  37 mode #  37

     Self-consistent Calculation

     Pert. #  1: Fermi energy shift (Ry) =     1.1506E-03     8.2718E-25

      iter #   1 total cpu time : 19474.4 secs   av.it.:   3.0
      thresh= 1.000E-02 alpha_mix =  0.700 |ddv_scf|^2 =  2.349E-09

     Pert. #  1: Fermi energy shift (Ry) =    -1.0001E-03    -1.2925E-26

      iter #   2 total cpu time : 19524.5 secs   av.it.:  16.4
      thresh= 4.846E-06 alpha_mix =  0.700 |ddv_scf|^2 =  7.345E-10

     Pert. #  1: Fermi energy shift (Ry) =     1.6227E-03    -2.5849E-26

      iter #   3 total cpu time : 19575.7 secs   av.it.:  17.0
      thresh= 2.710E-06 alpha_mix =  0.700 |ddv_scf|^2 =  7.738E-10

     Pert. #  1: Fermi energy shift (Ry) =    -5.8794E-04    -2.5849E-26

      iter #   4 total cpu time : 19623.5 secs   av.it.:  15.2
      thresh= 2.782E-06 alpha_mix =  0.700 |ddv_scf|^2 =  2.424E-11

     Pert. #  1: Fermi energy shift (Ry) =    -3.8891E-04    -1.2925E-26

      iter #   5 total cpu time : 19674.2 secs   av.it.:  16.5
      thresh= 4.923E-07 alpha_mix =  0.700 |ddv_scf|^2 =  1.705E-12

     Pert. #  1: Fermi energy shift (Ry) =    -4.3473E-05    -1.2925E-26

      iter #   6 total cpu time : 19728.0 secs   av.it.:  17.8
      thresh= 1.306E-07 alpha_mix =  0.700 |ddv_scf|^2 =  1.908E-12

     Pert. #  1: Fermi energy shift (Ry) =    -3.9564E-04    -2.5849E-26

      iter #   7 total cpu time : 19777.6 secs   av.it.:  15.8
      thresh= 1.381E-07 alpha_mix =  0.700 |ddv_scf|^2 =  2.641E-13

     Pert. #  1: Fermi energy shift (Ry) =    -3.6226E-04    -2.5849E-26

      iter #   8 total cpu time : 19827.5 secs   av.it.:  16.1
      thresh= 5.139E-08 alpha_mix =  0.700 |ddv_scf|^2 =  1.536E-14

     Pert. #  1: Fermi energy shift (Ry) =    -3.3914E-04    -2.5849E-26

      iter #   9 total cpu time : 19880.9 secs   av.it.:  17.8
      thresh= 1.239E-08 alpha_mix =  0.700 |ddv_scf|^2 =  4.265E-15

     End of self-consistent calculation

     Convergence has been achieved 


     Representation #  38 mode #  38

     Self-consistent Calculation

     Pert. #  1: Fermi energy shift (Ry) =    -5.6788E-03     0.0000E+00

      iter #   1 total cpu time : 19909.5 secs   av.it.:   3.0
      thresh= 1.000E-02 alpha_mix =  0.700 |ddv_scf|^2 =  3.780E-09

     Pert. #  1: Fermi energy shift (Ry) =    -3.4167E-03     0.0000E+00

      iter #   2 total cpu time : 19961.0 secs   av.it.:  16.8
      thresh= 6.148E-06 alpha_mix =  0.700 |ddv_scf|^2 =  2.002E-09

     Pert. #  1: Fermi energy shift (Ry) =     7.2386E-03     0.0000E+00

      iter #   3 total cpu time : 20013.2 secs   av.it.:  16.9
      thresh= 4.475E-06 alpha_mix =  0.700 |ddv_scf|^2 =  1.838E-09

     Pert. #  1: Fermi energy shift (Ry) =    -1.1819E-03     0.0000E+00

      iter #   4 total cpu time : 20061.7 secs   av.it.:  15.5
      thresh= 4.287E-06 alpha_mix =  0.700 |ddv_scf|^2 =  3.414E-11

     Pert. #  1: Fermi energy shift (Ry) =    -1.9229E-04     0.0000E+00

      iter #   5 total cpu time : 20113.1 secs   av.it.:  16.8
      thresh= 5.843E-07 alpha_mix =  0.700 |ddv_scf|^2 =  2.258E-11

     Pert. #  1: Fermi energy shift (Ry) =    -7.2281E-04     0.0000E+00

      iter #   6 total cpu time : 20162.3 secs   av.it.:  15.8
      thresh= 4.751E-07 alpha_mix =  0.700 |ddv_scf|^2 =  2.413E-12

     Pert. #  1: Fermi energy shift (Ry) =    -4.3222E-04     0.0000E+00

      iter #   7 total cpu time : 20213.4 secs   av.it.:  16.8
      thresh= 1.553E-07 alpha_mix =  0.700 |ddv_scf|^2 =  2.591E-13

     Pert. #  1: Fermi energy shift (Ry) =    -5.6610E-04     0.0000E+00

      iter #   8 total cpu time : 20266.0 secs   av.it.:  17.5
      thresh= 5.090E-08 alpha_mix =  0.700 |ddv_scf|^2 =  4.311E-14

     Pert. #  1: Fermi energy shift (Ry) =    -5.2215E-04     0.0000E+00

      iter #   9 total cpu time : 20318.7 secs   av.it.:  17.5
      thresh= 2.076E-08 alpha_mix =  0.700 |ddv_scf|^2 =  5.796E-15

     End of self-consistent calculation

     Convergence has been achieved 


     Representation #  39 mode #  39

     Self-consistent Calculation

     Pert. #  1: Fermi energy shift (Ry) =    -1.8881E-02     0.0000E+00

      iter #   1 total cpu time : 20348.6 secs   av.it.:   3.5
      thresh= 1.000E-02 alpha_mix =  0.700 |ddv_scf|^2 =  5.825E-08

     Pert. #  1: Fermi energy shift (Ry) =     5.4443E-02     0.0000E+00

      iter #   2 total cpu time : 20401.8 secs   av.it.:  17.5
      thresh= 2.413E-05 alpha_mix =  0.700 |ddv_scf|^2 =  3.176E-07

     Pert. #  1: Fermi energy shift (Ry) =    -6.1847E-03     0.0000E+00

      iter #   3 total cpu time : 20449.9 secs   av.it.:  15.0
      thresh= 5.636E-05 alpha_mix =  0.700 |ddv_scf|^2 =  3.473E-09

     Pert. #  1: Fermi energy shift (Ry) =     5.8615E-03     0.0000E+00

      iter #   4 total cpu time : 20501.4 secs   av.it.:  16.9
      thresh= 5.894E-06 alpha_mix =  0.700 |ddv_scf|^2 =  4.747E-10

     Pert. #  1: Fermi energy shift (Ry) =     8.9090E-05     0.0000E+00

      iter #   5 total cpu time : 20551.8 secs   av.it.:  16.1
      thresh= 2.179E-06 alpha_mix =  0.700 |ddv_scf|^2 =  9.551E-11

     Pert. #  1: Fermi energy shift (Ry) =     6.5593E-04     0.0000E+00

      iter #   6 total cpu time : 20601.3 secs   av.it.:  15.8
      thresh= 9.773E-07 alpha_mix =  0.700 |ddv_scf|^2 =  3.389E-12

     Pert. #  1: Fermi energy shift (Ry) =     1.0599E-03     0.0000E+00

      iter #   7 total cpu time : 20655.2 secs   av.it.:  17.9
      thresh= 1.841E-07 alpha_mix =  0.700 |ddv_scf|^2 =  6.077E-13

     Pert. #  1: Fermi energy shift (Ry) =     9.2069E-04     0.0000E+00

      iter #   8 total cpu time : 20707.2 secs   av.it.:  17.1
      thresh= 7.796E-08 alpha_mix =  0.700 |ddv_scf|^2 =  2.172E-13

     Pert. #  1: Fermi energy shift (Ry) =     9.0105E-04     0.0000E+00

      iter #   9 total cpu time : 20758.0 secs   av.it.:  16.8
      thresh= 4.661E-08 alpha_mix =  0.700 |ddv_scf|^2 =  1.450E-14

     Pert. #  1: Fermi energy shift (Ry) =     8.9797E-04     0.0000E+00

      iter #  10 total cpu time : 20810.8 secs   av.it.:  17.8
      thresh= 1.204E-08 alpha_mix =  0.700 |ddv_scf|^2 =  7.191E-15

     End of self-consistent calculation

     Convergence has been achieved 


     Representation #  40 mode #  40

     Self-consistent Calculation

     Pert. #  1: Fermi energy shift (Ry) =    -4.6916E-03     2.0680E-25

      iter #   1 total cpu time : 20840.0 secs   av.it.:   3.0
      thresh= 1.000E-02 alpha_mix =  0.700 |ddv_scf|^2 =  3.429E-09

     Pert. #  1: Fermi energy shift (Ry) =    -2.3551E-02     6.4623E-27

      iter #   2 total cpu time : 20894.0 secs   av.it.:  17.9
      thresh= 5.856E-06 alpha_mix =  0.700 |ddv_scf|^2 =  5.867E-09

     Pert. #  1: Fermi energy shift (Ry) =     3.4586E-03    -1.0340E-25

      iter #   3 total cpu time : 20945.3 secs   av.it.:  16.6
      thresh= 7.659E-06 alpha_mix =  0.700 |ddv_scf|^2 =  3.847E-09

     Pert. #  1: Fermi energy shift (Ry) =    -4.6634E-03    -1.2925E-26

      iter #   4 total cpu time : 20992.7 secs   av.it.:  15.0
      thresh= 6.202E-06 alpha_mix =  0.700 |ddv_scf|^2 =  1.111E-10

     Pert. #  1: Fermi energy shift (Ry) =    -7.6102E-03    -5.1699E-26

      iter #   5 total cpu time : 21045.1 secs   av.it.:  17.2
      thresh= 1.054E-06 alpha_mix =  0.700 |ddv_scf|^2 =  5.136E-12

     Pert. #  1: Fermi energy shift (Ry) =    -7.1403E-03    -2.5849E-26

      iter #   6 total cpu time : 21097.4 secs   av.it.:  17.4
      thresh= 2.266E-07 alpha_mix =  0.700 |ddv_scf|^2 =  1.990E-12

     Pert. #  1: Fermi energy shift (Ry) =    -7.1863E-03    -2.5849E-26

      iter #   7 total cpu time : 21147.3 secs   av.it.:  15.9
      thresh= 1.411E-07 alpha_mix =  0.700 |ddv_scf|^2 =  4.515E-13

     Pert. #  1: Fermi energy shift (Ry) =    -7.1353E-03    -2.5849E-26

      iter #   8 total cpu time : 21197.1 secs   av.it.:  16.0
      thresh= 6.719E-08 alpha_mix =  0.700 |ddv_scf|^2 =  2.081E-14

     Pert. #  1: Fermi energy shift (Ry) =    -7.1619E-03    -2.5849E-26

      iter #   9 total cpu time : 21250.5 secs   av.it.:  18.0
      thresh= 1.442E-08 alpha_mix =  0.700 |ddv_scf|^2 =  7.598E-15

     End of self-consistent calculation

     Convergence has been achieved 


     Representation #  41 mode #  41

     Self-consistent Calculation

     Pert. #  1: Fermi energy shift (Ry) =     7.0778E-04     0.0000E+00

      iter #   1 total cpu time : 21279.7 secs   av.it.:   3.1
      thresh= 1.000E-02 alpha_mix =  0.700 |ddv_scf|^2 =  5.372E-09

     Pert. #  1: Fermi energy shift (Ry) =     2.8405E-02     0.0000E+00

      iter #   2 total cpu time : 21334.2 secs   av.it.:  18.0
      thresh= 7.329E-06 alpha_mix =  0.700 |ddv_scf|^2 =  1.160E-08

     Pert. #  1: Fermi energy shift (Ry) =    -8.3746E-03     0.0000E+00

      iter #   3 total cpu time : 21386.0 secs   av.it.:  16.6
      thresh= 1.077E-05 alpha_mix =  0.700 |ddv_scf|^2 =  5.863E-09

     Pert. #  1: Fermi energy shift (Ry) =     1.2266E-04     0.0000E+00

      iter #   4 total cpu time : 21433.5 secs   av.it.:  14.6
      thresh= 7.657E-06 alpha_mix =  0.700 |ddv_scf|^2 =  2.013E-10

     Pert. #  1: Fermi energy shift (Ry) =     4.1266E-03     0.0000E+00

      iter #   5 total cpu time : 21485.8 secs   av.it.:  16.9
      thresh= 1.419E-06 alpha_mix =  0.700 |ddv_scf|^2 =  8.754E-12

     Pert. #  1: Fermi energy shift (Ry) =     3.8327E-03     0.0000E+00

      iter #   6 total cpu time : 21537.8 secs   av.it.:  17.1
      thresh= 2.959E-07 alpha_mix =  0.700 |ddv_scf|^2 =  2.539E-12

     Pert. #  1: Fermi energy shift (Ry) =     3.8308E-03     0.0000E+00

      iter #   7 total cpu time : 21587.9 secs   av.it.:  16.1
      thresh= 1.593E-07 alpha_mix =  0.700 |ddv_scf|^2 =  6.093E-13

     Pert. #  1: Fermi energy shift (Ry) =     3.7474E-03     0.0000E+00

      iter #   8 total cpu time : 21637.8 secs   av.it.:  15.6
      thresh= 7.805E-08 alpha_mix =  0.700 |ddv_scf|^2 =  2.368E-14

     Pert. #  1: Fermi energy shift (Ry) =     3.7864E-03     0.0000E+00

      iter #   9 total cpu time : 21692.9 secs   av.it.:  17.9
      thresh= 1.539E-08 alpha_mix =  0.700 |ddv_scf|^2 =  3.589E-15

     End of self-consistent calculation

     Convergence has been achieved 


     Representation #  42 mode #  42

     Self-consistent Calculation

     Pert. #  1: Fermi energy shift (Ry) =    -1.5540E-02     0.0000E+00

      iter #   1 total cpu time : 21722.8 secs   av.it.:   3.5
      thresh= 1.000E-02 alpha_mix =  0.700 |ddv_scf|^2 =  6.674E-08

     Pert. #  1: Fermi energy shift (Ry) =     5.5973E-02     0.0000E+00

      iter #   2 total cpu time : 21775.2 secs   av.it.:  17.2
      thresh= 2.583E-05 alpha_mix =  0.700 |ddv_scf|^2 =  4.182E-07

     Pert. #  1: Fermi energy shift (Ry) =     5.7413E-03     0.0000E+00

      iter #   3 total cpu time : 21822.1 secs   av.it.:  14.6
      thresh= 6.467E-05 alpha_mix =  0.700 |ddv_scf|^2 =  3.530E-10

     Pert. #  1: Fermi energy shift (Ry) =     3.6252E-03     0.0000E+00

      iter #   4 total cpu time : 21875.4 secs   av.it.:  17.8
      thresh= 1.879E-06 alpha_mix =  0.700 |ddv_scf|^2 =  1.154E-10

     Pert. #  1: Fermi energy shift (Ry) =     7.0872E-03     0.0000E+00

      iter #   5 total cpu time : 21927.1 secs   av.it.:  16.6
      thresh= 1.074E-06 alpha_mix =  0.700 |ddv_scf|^2 =  8.497E-11

     Pert. #  1: Fermi energy shift (Ry) =     5.6773E-03     0.0000E+00

      iter #   6 total cpu time : 21976.0 secs   av.it.:  15.5
      thresh= 9.218E-07 alpha_mix =  0.700 |ddv_scf|^2 =  1.256E-12

     Pert. #  1: Fermi energy shift (Ry) =     5.4388E-03     0.0000E+00

      iter #   7 total cpu time : 22030.4 secs   av.it.:  17.9
      thresh= 1.121E-07 alpha_mix =  0.700 |ddv_scf|^2 =  3.840E-13

     Pert. #  1: Fermi energy shift (Ry) =     5.5492E-03     0.0000E+00

      iter #   8 total cpu time : 22082.8 secs   av.it.:  17.1
      thresh= 6.197E-08 alpha_mix =  0.700 |ddv_scf|^2 =  1.271E-13

     Pert. #  1: Fermi energy shift (Ry) =     5.5373E-03     0.0000E+00

      iter #   9 total cpu time : 22133.0 secs   av.it.:  16.0
      thresh= 3.566E-08 alpha_mix =  0.700 |ddv_scf|^2 =  1.405E-14

     Pert. #  1: Fermi energy shift (Ry) =     5.5177E-03     0.0000E+00

      iter #  10 total cpu time : 22185.5 secs   av.it.:  17.1
      thresh= 1.185E-08 alpha_mix =  0.700 |ddv_scf|^2 =  2.733E-15

     End of self-consistent calculation

     Convergence has been achieved 


     Representation #  43 mode #  43

     Self-consistent Calculation

     Pert. #  1: Fermi energy shift (Ry) =     9.2677E-03     4.1359E-25

      iter #   1 total cpu time : 22214.3 secs   av.it.:   3.0
      thresh= 1.000E-02 alpha_mix =  0.700 |ddv_scf|^2 =  2.825E-09

     Pert. #  1: Fermi energy shift (Ry) =    -1.4437E-02    -2.5849E-26

      iter #   2 total cpu time : 22268.5 secs   av.it.:  17.8
      thresh= 5.315E-06 alpha_mix =  0.700 |ddv_scf|^2 =  7.551E-09

     Pert. #  1: Fermi energy shift (Ry) =     8.7453E-03     1.0340E-25

      iter #   3 total cpu time : 22319.0 secs   av.it.:  16.0
      thresh= 8.690E-06 alpha_mix =  0.700 |ddv_scf|^2 =  1.439E-09

     Pert. #  1: Fermi energy shift (Ry) =     3.8049E-03    -1.2925E-26

      iter #   4 total cpu time : 22367.8 secs   av.it.:  15.5
      thresh= 3.793E-06 alpha_mix =  0.700 |ddv_scf|^2 =  4.701E-11

     Pert. #  1: Fermi energy shift (Ry) =     2.0060E-03    -1.2925E-26

      iter #   5 total cpu time : 22420.9 secs   av.it.:  17.4
      thresh= 6.857E-07 alpha_mix =  0.700 |ddv_scf|^2 =  1.888E-11

     Pert. #  1: Fermi energy shift (Ry) =     2.4110E-03    -1.2925E-26

      iter #   6 total cpu time : 22469.5 secs   av.it.:  15.6
      thresh= 4.345E-07 alpha_mix =  0.700 |ddv_scf|^2 =  2.875E-12

     Pert. #  1: Fermi energy shift (Ry) =     2.6698E-03    -1.2925E-26

      iter #   7 total cpu time : 22521.2 secs   av.it.:  16.9
      thresh= 1.696E-07 alpha_mix =  0.700 |ddv_scf|^2 =  2.397E-13

     Pert. #  1: Fermi energy shift (Ry) =     2.5964E-03    -1.2925E-26

      iter #   8 total cpu time : 22573.8 secs   av.it.:  17.1
      thresh= 4.896E-08 alpha_mix =  0.700 |ddv_scf|^2 =  1.801E-14

     Pert. #  1: Fermi energy shift (Ry) =     2.6049E-03    -1.2925E-26

      iter #   9 total cpu time : 22626.9 secs   av.it.:  17.5
      thresh= 1.342E-08 alpha_mix =  0.700 |ddv_scf|^2 =  2.466E-15

     End of self-consistent calculation

     Convergence has been achieved 


     Representation #  44 mode #  44

     Self-consistent Calculation

     Pert. #  1: Fermi energy shift (Ry) =     2.2231E-02     0.0000E+00

      iter #   1 total cpu time : 22655.9 secs   av.it.:   3.1
      thresh= 1.000E-02 alpha_mix =  0.700 |ddv_scf|^2 =  4.712E-09

     Pert. #  1: Fermi energy shift (Ry) =    -2.8707E-02     0.0000E+00

      iter #   2 total cpu time : 22710.3 secs   av.it.:  18.0
      thresh= 6.865E-06 alpha_mix =  0.700 |ddv_scf|^2 =  1.299E-08

     Pert. #  1: Fermi energy shift (Ry) =     6.9772E-03     0.0000E+00

      iter #   3 total cpu time : 22761.1 secs   av.it.:  16.1
      thresh= 1.140E-05 alpha_mix =  0.700 |ddv_scf|^2 =  2.969E-09

     Pert. #  1: Fermi energy shift (Ry) =     2.4362E-03     0.0000E+00

      iter #   4 total cpu time : 22809.3 secs   av.it.:  15.5
      thresh= 5.449E-06 alpha_mix =  0.700 |ddv_scf|^2 =  1.097E-10

     Pert. #  1: Fermi energy shift (Ry) =     1.5353E-04     0.0000E+00

      iter #   5 total cpu time : 22861.1 secs   av.it.:  16.8
      thresh= 1.047E-06 alpha_mix =  0.700 |ddv_scf|^2 =  2.110E-11

     Pert. #  1: Fermi energy shift (Ry) =     3.5589E-04     0.0000E+00

      iter #   6 total cpu time : 22911.3 secs   av.it.:  16.2
      thresh= 4.594E-07 alpha_mix =  0.700 |ddv_scf|^2 =  6.764E-12

     Pert. #  1: Fermi energy shift (Ry) =     6.5355E-04     0.0000E+00

      iter #   7 total cpu time : 22962.2 secs   av.it.:  16.6
      thresh= 2.601E-07 alpha_mix =  0.700 |ddv_scf|^2 =  3.866E-13

     Pert. #  1: Fermi energy shift (Ry) =     6.2515E-04     0.0000E+00

      iter #   8 total cpu time : 23013.9 secs   av.it.:  17.1
      thresh= 6.218E-08 alpha_mix =  0.700 |ddv_scf|^2 =  2.190E-14

     Pert. #  1: Fermi energy shift (Ry) =     6.3323E-04     0.0000E+00

      iter #   9 total cpu time : 23066.4 secs   av.it.:  17.5
      thresh= 1.480E-08 alpha_mix =  0.700 |ddv_scf|^2 =  3.596E-15

     End of self-consistent calculation

     Convergence has been achieved 


     Representation #  45 mode #  45

     Self-consistent Calculation

     Pert. #  1: Fermi energy shift (Ry) =     1.4238E-02     0.0000E+00

      iter #   1 total cpu time : 23097.1 secs   av.it.:   4.0
      thresh= 1.000E-02 alpha_mix =  0.700 |ddv_scf|^2 =  8.830E-08

     Pert. #  1: Fermi energy shift (Ry) =    -1.0163E-01     0.0000E+00

      iter #   2 total cpu time : 23151.2 secs   av.it.:  17.8
      thresh= 2.972E-05 alpha_mix =  0.700 |ddv_scf|^2 =  6.962E-07

     Pert. #  1: Fermi energy shift (Ry) =    -1.2857E-03     0.0000E+00

      iter #   3 total cpu time : 23199.0 secs   av.it.:  15.0
      thresh= 8.344E-05 alpha_mix =  0.700 |ddv_scf|^2 =  1.656E-09

     Pert. #  1: Fermi energy shift (Ry) =    -1.1433E-02     0.0000E+00

      iter #   4 total cpu time : 23251.1 secs   av.it.:  16.9
      thresh= 4.070E-06 alpha_mix =  0.700 |ddv_scf|^2 =  5.611E-10

     Pert. #  1: Fermi energy shift (Ry) =    -7.3666E-03     0.0000E+00

      iter #   5 total cpu time : 23300.2 secs   av.it.:  15.6
      thresh= 2.369E-06 alpha_mix =  0.700 |ddv_scf|^2 =  3.524E-11

     Pert. #  1: Fermi energy shift (Ry) =    -8.1419E-03     0.0000E+00

      iter #   6 total cpu time : 23351.2 secs   av.it.:  16.9
      thresh= 5.936E-07 alpha_mix =  0.700 |ddv_scf|^2 =  2.559E-12

     Pert. #  1: Fermi energy shift (Ry) =    -7.7970E-03     0.0000E+00

      iter #   7 total cpu time : 23404.4 secs   av.it.:  17.4
      thresh= 1.600E-07 alpha_mix =  0.700 |ddv_scf|^2 =  1.471E-13

     Pert. #  1: Fermi energy shift (Ry) =    -7.9087E-03     0.0000E+00

      iter #   8 total cpu time : 23460.4 secs   av.it.:  18.5
      thresh= 3.836E-08 alpha_mix =  0.700 |ddv_scf|^2 =  9.729E-14

     Pert. #  1: Fermi energy shift (Ry) =    -7.8334E-03     0.0000E+00

      iter #   9 total cpu time : 23513.9 secs   av.it.:  17.5
      thresh= 3.119E-08 alpha_mix =  0.700 |ddv_scf|^2 =  3.973E-15

     End of self-consistent calculation

     Convergence has been achieved 


     Representation #  46 mode #  46

     Self-consistent Calculation

     Pert. #  1: Fermi energy shift (Ry) =     1.9327E-03     1.6544E-24

      iter #   1 total cpu time : 23542.4 secs   av.it.:   3.0
      thresh= 1.000E-02 alpha_mix =  0.700 |ddv_scf|^2 =  2.361E-09

     Pert. #  1: Fermi energy shift (Ry) =     1.1171E-03     1.2925E-26

      iter #   2 total cpu time : 23592.4 secs   av.it.:  16.0
      thresh= 4.859E-06 alpha_mix =  0.700 |ddv_scf|^2 =  5.532E-10

     Pert. #  1: Fermi energy shift (Ry) =    -3.0138E-03     1.2925E-26

      iter #   3 total cpu time : 23645.1 secs   av.it.:  17.2
      thresh= 2.352E-06 alpha_mix =  0.700 |ddv_scf|^2 =  6.873E-10

     Pert. #  1: Fermi energy shift (Ry) =     1.2067E-03     1.2925E-26

      iter #   4 total cpu time : 23693.9 secs   av.it.:  15.5
      thresh= 2.622E-06 alpha_mix =  0.700 |ddv_scf|^2 =  3.277E-11

     Pert. #  1: Fermi energy shift (Ry) =    -2.2996E-04     6.4623E-27

      iter #   5 total cpu time : 23745.4 secs   av.it.:  16.8
      thresh= 5.725E-07 alpha_mix =  0.700 |ddv_scf|^2 =  4.704E-12

     Pert. #  1: Fermi energy shift (Ry) =     4.4527E-04     1.2925E-26

      iter #   6 total cpu time : 23797.1 secs   av.it.:  17.0
      thresh= 2.169E-07 alpha_mix =  0.700 |ddv_scf|^2 =  1.127E-12

     Pert. #  1: Fermi energy shift (Ry) =     2.8787E-04     1.2925E-26

      iter #   7 total cpu time : 23846.6 secs   av.it.:  15.9
      thresh= 1.062E-07 alpha_mix =  0.700 |ddv_scf|^2 =  3.504E-13

     Pert. #  1: Fermi energy shift (Ry) =     2.4862E-04     1.2925E-26

      iter #   8 total cpu time : 23897.0 secs   av.it.:  16.5
      thresh= 5.919E-08 alpha_mix =  0.700 |ddv_scf|^2 =  2.266E-14

     Pert. #  1: Fermi energy shift (Ry) =     2.7966E-04     1.2925E-26

      iter #   9 total cpu time : 23949.8 secs   av.it.:  17.5
      thresh= 1.505E-08 alpha_mix =  0.700 |ddv_scf|^2 =  2.820E-15

     End of self-consistent calculation

     Convergence has been achieved 


     Representation #  47 mode #  47

     Self-consistent Calculation

     Pert. #  1: Fermi energy shift (Ry) =    -1.8450E-04     0.0000E+00

      iter #   1 total cpu time : 23978.3 secs   av.it.:   3.0
      thresh= 1.000E-02 alpha_mix =  0.700 |ddv_scf|^2 =  3.749E-09

     Pert. #  1: Fermi energy shift (Ry) =     2.1343E-03     0.0000E+00

      iter #   2 total cpu time : 24028.0 secs   av.it.:  16.0
      thresh= 6.123E-06 alpha_mix =  0.700 |ddv_scf|^2 =  1.561E-09

     Pert. #  1: Fermi energy shift (Ry) =     5.7487E-03     0.0000E+00

      iter #   3 total cpu time : 24079.3 secs   av.it.:  16.6
      thresh= 3.951E-06 alpha_mix =  0.700 |ddv_scf|^2 =  1.267E-09

     Pert. #  1: Fermi energy shift (Ry) =     7.4902E-04     0.0000E+00

      iter #   4 total cpu time : 24127.7 secs   av.it.:  15.5
      thresh= 3.560E-06 alpha_mix =  0.700 |ddv_scf|^2 =  4.239E-11

     Pert. #  1: Fermi energy shift (Ry) =     2.6331E-03     0.0000E+00

      iter #   5 total cpu time : 24179.7 secs   av.it.:  17.2
      thresh= 6.511E-07 alpha_mix =  0.700 |ddv_scf|^2 =  1.371E-11

     Pert. #  1: Fermi energy shift (Ry) =     1.5575E-03     0.0000E+00

      iter #   6 total cpu time : 24230.5 secs   av.it.:  16.6
      thresh= 3.703E-07 alpha_mix =  0.700 |ddv_scf|^2 =  2.936E-12

     Pert. #  1: Fermi energy shift (Ry) =     1.7198E-03     0.0000E+00

      iter #   7 total cpu time : 24279.2 secs   av.it.:  15.5
      thresh= 1.713E-07 alpha_mix =  0.700 |ddv_scf|^2 =  3.619E-13

     Pert. #  1: Fermi energy shift (Ry) =     1.7887E-03     0.0000E+00

      iter #   8 total cpu time : 24331.8 secs   av.it.:  17.2
      thresh= 6.016E-08 alpha_mix =  0.700 |ddv_scf|^2 =  3.537E-14

     Pert. #  1: Fermi energy shift (Ry) =     1.7476E-03     0.0000E+00

      iter #   9 total cpu time : 24384.9 secs   av.it.:  17.6
      thresh= 1.881E-08 alpha_mix =  0.700 |ddv_scf|^2 =  3.296E-15

     End of self-consistent calculation

     Convergence has been achieved 


     Representation #  48 mode #  48

     Self-consistent Calculation

     Pert. #  1: Fermi energy shift (Ry) =     1.4516E-02     0.0000E+00

      iter #   1 total cpu time : 24414.6 secs   av.it.:   3.5
      thresh= 1.000E-02 alpha_mix =  0.700 |ddv_scf|^2 =  5.606E-08

     Pert. #  1: Fermi energy shift (Ry) =    -4.0405E-02     0.0000E+00

      iter #   2 total cpu time : 24466.8 secs   av.it.:  17.2
      thresh= 2.368E-05 alpha_mix =  0.700 |ddv_scf|^2 =  2.783E-07

     Pert. #  1: Fermi energy shift (Ry) =    -4.4488E-03     0.0000E+00

      iter #   3 total cpu time : 24514.3 secs   av.it.:  15.0
      thresh= 5.275E-05 alpha_mix =  0.700 |ddv_scf|^2 =  1.961E-09

     Pert. #  1: Fermi energy shift (Ry) =    -1.0253E-03     0.0000E+00

      iter #   4 total cpu time : 24565.1 secs   av.it.:  16.6
      thresh= 4.428E-06 alpha_mix =  0.700 |ddv_scf|^2 =  1.928E-10

     Pert. #  1: Fermi energy shift (Ry) =    -5.1776E-03     0.0000E+00

      iter #   5 total cpu time : 24616.0 secs   av.it.:  16.6
      thresh= 1.388E-06 alpha_mix =  0.700 |ddv_scf|^2 =  1.104E-10

     Pert. #  1: Fermi energy shift (Ry) =    -3.3440E-03     0.0000E+00

      iter #   6 total cpu time : 24664.5 secs   av.it.:  15.5
      thresh= 1.051E-06 alpha_mix =  0.700 |ddv_scf|^2 =  9.188E-13

     Pert. #  1: Fermi energy shift (Ry) =    -3.0962E-03     0.0000E+00

      iter #   7 total cpu time : 24719.5 secs   av.it.:  18.6
      thresh= 9.585E-08 alpha_mix =  0.700 |ddv_scf|^2 =  4.119E-13

     Pert. #  1: Fermi energy shift (Ry) =    -3.2430E-03     0.0000E+00

      iter #   8 total cpu time : 24773.4 secs   av.it.:  17.9
      thresh= 6.418E-08 alpha_mix =  0.700 |ddv_scf|^2 =  2.627E-13

     Pert. #  1: Fermi energy shift (Ry) =    -3.2000E-03     0.0000E+00

      iter #   9 total cpu time : 24824.8 secs   av.it.:  16.8
      thresh= 5.125E-08 alpha_mix =  0.700 |ddv_scf|^2 =  1.481E-14

     Pert. #  1: Fermi energy shift (Ry) =    -3.1747E-03     0.0000E+00

      iter #  10 total cpu time : 24877.2 secs   av.it.:  17.2
      thresh= 1.217E-08 alpha_mix =  0.700 |ddv_scf|^2 =  7.713E-15

     End of self-consistent calculation

     Convergence has been achieved 


     Representation #  49 mode #  49

     Self-consistent Calculation

     Pert. #  1: Fermi energy shift (Ry) =     1.4966E-03    -8.2718E-25

      iter #   1 total cpu time : 24905.8 secs   av.it.:   3.0
      thresh= 1.000E-02 alpha_mix =  0.700 |ddv_scf|^2 =  2.298E-09

     Pert. #  1: Fermi energy shift (Ry) =     2.5906E-03     1.2925E-26

      iter #   2 total cpu time : 24956.1 secs   av.it.:  16.4
      thresh= 4.794E-06 alpha_mix =  0.700 |ddv_scf|^2 =  4.303E-10

     Pert. #  1: Fermi energy shift (Ry) =     4.2350E-03    -6.4623E-27

      iter #   3 total cpu time : 25007.9 secs   av.it.:  16.9
      thresh= 2.074E-06 alpha_mix =  0.700 |ddv_scf|^2 =  3.030E-10

     Pert. #  1: Fermi energy shift (Ry) =     2.2750E-03    -2.0195E-28

      iter #   4 total cpu time : 25056.4 secs   av.it.:  15.2
      thresh= 1.741E-06 alpha_mix =  0.700 |ddv_scf|^2 =  3.566E-11

     Pert. #  1: Fermi energy shift (Ry) =     2.8470E-03     1.6156E-27

      iter #   5 total cpu time : 25105.9 secs   av.it.:  15.9
      thresh= 5.972E-07 alpha_mix =  0.700 |ddv_scf|^2 =  1.038E-12

     Pert. #  1: Fermi energy shift (Ry) =     2.8059E-03    -8.0779E-28

      iter #   6 total cpu time : 25158.4 secs   av.it.:  17.4
      thresh= 1.019E-07 alpha_mix =  0.700 |ddv_scf|^2 =  1.012E-13

     Pert. #  1: Fermi energy shift (Ry) =     2.6349E-03     8.0779E-28

      iter #   7 total cpu time : 25214.2 secs   av.it.:  18.9
      thresh= 3.181E-08 alpha_mix =  0.700 |ddv_scf|^2 =  3.400E-13

     Pert. #  1: Fermi energy shift (Ry) =     2.7574E-03     2.0195E-28

      iter #   8 total cpu time : 25263.9 secs   av.it.:  15.6
      thresh= 5.831E-08 alpha_mix =  0.700 |ddv_scf|^2 =  1.343E-14

     Pert. #  1: Fermi energy shift (Ry) =     2.7569E-03     1.0097E-28

      iter #   9 total cpu time : 25317.9 secs   av.it.:  17.5
      thresh= 1.159E-08 alpha_mix =  0.700 |ddv_scf|^2 =  2.230E-15

     End of self-consistent calculation

     Convergence has been achieved 


     Representation #  50 mode #  50

     Self-consistent Calculation

     Pert. #  1: Fermi energy shift (Ry) =     3.6842E-03     0.0000E+00

      iter #   1 total cpu time : 25346.5 secs   av.it.:   2.9
      thresh= 1.000E-02 alpha_mix =  0.700 |ddv_scf|^2 =  3.854E-09

     Pert. #  1: Fermi energy shift (Ry) =    -1.7945E-03     0.0000E+00

      iter #   2 total cpu time : 25397.3 secs   av.it.:  16.5
      thresh= 6.208E-06 alpha_mix =  0.700 |ddv_scf|^2 =  2.012E-09

     Pert. #  1: Fermi energy shift (Ry) =    -8.5393E-03     0.0000E+00

      iter #   3 total cpu time : 25449.2 secs   av.it.:  16.9
      thresh= 4.485E-06 alpha_mix =  0.700 |ddv_scf|^2 =  1.556E-09

     Pert. #  1: Fermi energy shift (Ry) =    -2.1367E-03     0.0000E+00

      iter #   4 total cpu time : 25497.7 secs   av.it.:  15.4
      thresh= 3.944E-06 alpha_mix =  0.700 |ddv_scf|^2 =  3.037E-11

     Pert. #  1: Fermi energy shift (Ry) =    -3.1276E-03     0.0000E+00

      iter #   5 total cpu time : 25548.6 secs   av.it.:  16.5
      thresh= 5.511E-07 alpha_mix =  0.700 |ddv_scf|^2 =  1.139E-11

     Pert. #  1: Fermi energy shift (Ry) =    -2.5307E-03     0.0000E+00

      iter #   6 total cpu time : 25598.2 secs   av.it.:  16.0
      thresh= 3.375E-07 alpha_mix =  0.700 |ddv_scf|^2 =  3.043E-12

     Pert. #  1: Fermi energy shift (Ry) =    -2.8762E-03     0.0000E+00

      iter #   7 total cpu time : 25649.4 secs   av.it.:  16.6
      thresh= 1.744E-07 alpha_mix =  0.700 |ddv_scf|^2 =  3.372E-13

     Pert. #  1: Fermi energy shift (Ry) =    -2.7200E-03     0.0000E+00

      iter #   8 total cpu time : 25702.1 secs   av.it.:  17.4
      thresh= 5.807E-08 alpha_mix =  0.700 |ddv_scf|^2 =  5.329E-14

     Pert. #  1: Fermi energy shift (Ry) =    -2.7665E-03     0.0000E+00

      iter #   9 total cpu time : 25755.3 secs   av.it.:  17.6
      thresh= 2.308E-08 alpha_mix =  0.700 |ddv_scf|^2 =  7.757E-15

     End of self-consistent calculation

     Convergence has been achieved 


     Representation #  51 mode #  51

     Self-consistent Calculation

     Pert. #  1: Fermi energy shift (Ry) =    -1.5929E-02     0.0000E+00

      iter #   1 total cpu time : 25785.0 secs   av.it.:   3.2
      thresh= 1.000E-02 alpha_mix =  0.700 |ddv_scf|^2 =  5.470E-08

     Pert. #  1: Fermi energy shift (Ry) =     6.5098E-02     0.0000E+00

      iter #   2 total cpu time : 25838.6 secs   av.it.:  17.5
      thresh= 2.339E-05 alpha_mix =  0.700 |ddv_scf|^2 =  2.847E-07

     Pert. #  1: Fermi energy shift (Ry) =     1.2164E-03     0.0000E+00

      iter #   3 total cpu time : 25887.1 secs   av.it.:  15.2
      thresh= 5.336E-05 alpha_mix =  0.700 |ddv_scf|^2 =  3.829E-09

     Pert. #  1: Fermi energy shift (Ry) =     1.3130E-02     0.0000E+00

      iter #   4 total cpu time : 25938.9 secs   av.it.:  16.6
      thresh= 6.188E-06 alpha_mix =  0.700 |ddv_scf|^2 =  3.559E-10

     Pert. #  1: Fermi energy shift (Ry) =     7.4213E-03     0.0000E+00

      iter #   5 total cpu time : 25990.0 secs   av.it.:  16.5
      thresh= 1.887E-06 alpha_mix =  0.700 |ddv_scf|^2 =  1.064E-10

     Pert. #  1: Fermi energy shift (Ry) =     8.2400E-03     0.0000E+00

      iter #   6 total cpu time : 26039.1 secs   av.it.:  15.6
      thresh= 1.031E-06 alpha_mix =  0.700 |ddv_scf|^2 =  3.685E-12

     Pert. #  1: Fermi energy shift (Ry) =     8.6215E-03     0.0000E+00

      iter #   7 total cpu time : 26092.5 secs   av.it.:  17.6
      thresh= 1.920E-07 alpha_mix =  0.700 |ddv_scf|^2 =  6.145E-13

     Pert. #  1: Fermi energy shift (Ry) =     8.5074E-03     0.0000E+00

      iter #   8 total cpu time : 26144.5 secs   av.it.:  17.1
      thresh= 7.839E-08 alpha_mix =  0.700 |ddv_scf|^2 =  1.739E-13

     Pert. #  1: Fermi energy shift (Ry) =     8.4496E-03     0.0000E+00

      iter #   9 total cpu time : 26196.3 secs   av.it.:  17.0
      thresh= 4.170E-08 alpha_mix =  0.700 |ddv_scf|^2 =  1.370E-14

     Pert. #  1: Fermi energy shift (Ry) =     8.4273E-03     0.0000E+00

      iter #  10 total cpu time : 26249.7 secs   av.it.:  17.8
      thresh= 1.170E-08 alpha_mix =  0.700 |ddv_scf|^2 =  1.193E-14

     Pert. #  1: Fermi energy shift (Ry) =     8.4482E-03     0.0000E+00

      iter #  11 total cpu time : 26300.0 secs   av.it.:  16.2
      thresh= 1.092E-08 alpha_mix =  0.700 |ddv_scf|^2 =  1.333E-15

     End of self-consistent calculation

     Convergence has been achieved 


     Representation #  52 mode #  52

     Self-consistent Calculation

     Pert. #  1: Fermi energy shift (Ry) =    -4.6438E-03    -1.6544E-24

      iter #   1 total cpu time : 26328.7 secs   av.it.:   3.0
      thresh= 1.000E-02 alpha_mix =  0.700 |ddv_scf|^2 =  2.961E-09

     Pert. #  1: Fermi energy shift (Ry) =     1.8975E-02     5.1699E-26

      iter #   2 total cpu time : 26382.9 secs   av.it.:  17.6
      thresh= 5.442E-06 alpha_mix =  0.700 |ddv_scf|^2 =  8.823E-09

     Pert. #  1: Fermi energy shift (Ry) =    -3.2986E-03     5.1699E-26

      iter #   3 total cpu time : 26432.8 secs   av.it.:  15.8
      thresh= 9.393E-06 alpha_mix =  0.700 |ddv_scf|^2 =  1.310E-09

     Pert. #  1: Fermi energy shift (Ry) =     2.0261E-03     5.1699E-26

      iter #   4 total cpu time : 26481.7 secs   av.it.:  15.6
      thresh= 3.619E-06 alpha_mix =  0.700 |ddv_scf|^2 =  2.717E-11

     Pert. #  1: Fermi energy shift (Ry) =     3.3366E-03     5.1699E-26

      iter #   5 total cpu time : 26534.8 secs   av.it.:  17.4
      thresh= 5.213E-07 alpha_mix =  0.700 |ddv_scf|^2 =  1.316E-11

     Pert. #  1: Fermi energy shift (Ry) =     2.7539E-03     5.1699E-26

      iter #   6 total cpu time : 26585.2 secs   av.it.:  16.0
      thresh= 3.627E-07 alpha_mix =  0.700 |ddv_scf|^2 =  2.057E-12

     Pert. #  1: Fermi energy shift (Ry) =     2.6311E-03     5.1699E-26

      iter #   7 total cpu time : 26637.1 secs   av.it.:  16.6
      thresh= 1.434E-07 alpha_mix =  0.700 |ddv_scf|^2 =  2.300E-13

     Pert. #  1: Fermi energy shift (Ry) =     2.7144E-03     5.1699E-26

      iter #   8 total cpu time : 26690.2 secs   av.it.:  17.2
      thresh= 4.796E-08 alpha_mix =  0.700 |ddv_scf|^2 =  1.907E-14

     Pert. #  1: Fermi energy shift (Ry) =     2.6775E-03     5.1699E-26

      iter #   9 total cpu time : 26745.0 secs   av.it.:  18.0
      thresh= 1.381E-08 alpha_mix =  0.700 |ddv_scf|^2 =  3.048E-15

     End of self-consistent calculation

     Convergence has been achieved 


     Representation #  53 mode #  53

     Self-consistent Calculation

     Pert. #  1: Fermi energy shift (Ry) =    -1.6297E-02     0.0000E+00

      iter #   1 total cpu time : 26774.1 secs   av.it.:   3.0
      thresh= 1.000E-02 alpha_mix =  0.700 |ddv_scf|^2 =  5.714E-09

     Pert. #  1: Fermi energy shift (Ry) =    -2.8594E-02     0.0000E+00

      iter #   2 total cpu time : 26828.2 secs   av.it.:  17.9
      thresh= 7.559E-06 alpha_mix =  0.700 |ddv_scf|^2 =  7.093E-09

     Pert. #  1: Fermi energy shift (Ry) =     3.3726E-03     0.0000E+00

      iter #   3 total cpu time : 26880.6 secs   av.it.:  17.0
      thresh= 8.422E-06 alpha_mix =  0.700 |ddv_scf|^2 =  5.154E-09

     Pert. #  1: Fermi energy shift (Ry) =    -7.6913E-03     0.0000E+00

      iter #   4 total cpu time : 26927.9 secs   av.it.:  14.6
      thresh= 7.179E-06 alpha_mix =  0.700 |ddv_scf|^2 =  1.471E-10

     Pert. #  1: Fermi energy shift (Ry) =    -1.1184E-02     0.0000E+00

      iter #   5 total cpu time : 26979.9 secs   av.it.:  17.1
      thresh= 1.213E-06 alpha_mix =  0.700 |ddv_scf|^2 =  8.966E-12

     Pert. #  1: Fermi energy shift (Ry) =    -1.1111E-02     0.0000E+00

      iter #   6 total cpu time : 27031.9 secs   av.it.:  16.9
      thresh= 2.994E-07 alpha_mix =  0.700 |ddv_scf|^2 =  5.140E-12
