
     Program PHONON v.6.7MaX starts on 28Feb2026 at 20:30:11 

     This program is part of the open-source Quantum ESPRESSO suite
     for quantum simulation of materials; please cite
         "P. Giannozzi et al., J. Phys.:Condens. Matter 21 395502 (2009);
         "P. Giannozzi et al., J. Phys.:Condens. Matter 29 465901 (2017);
          URL http://www.quantum-espresso.org", 
     in publications or presentations arising from this work. More details at
     http://www.quantum-espresso.org/quote

     Parallel version (MPI), running on     1 processors

     MPI processes distributed on     1 nodes
     Waiting for input...
     Reading input from standard input

     Reading xml data from directory:

     ./tmp/Mg4ZrGa3H20.save/
     Message from routine read_pp_mesh:
     mismatch in mesh size, discarding the one in header
     file Ga.UPF: wavefunction(s)  4S renormalized
     file H.UPF: wavefunction(s)  1S renormalized

     IMPORTANT: XC functional enforced from input :
     Exchange-correlation= PBE
                           (   1   4   3   4   0   0   0)
     Any further DFT definition will be discarded
     Please, verify this is what you really want


     G-vector sticks info
     --------------------
     sticks:   dense  smooth     PW     G-vecs:    dense   smooth      PW
     Sum        5161    2585    727               324595   114835   17017


     negative rho (up, down):  1.321E+02 0.000E+00
     Reading collected, re-writing distributed wavefunctions


     Dynamical matrices for ( 1, 1, 1)  uniform grid of q-points
     (   1 q-points):
       N         xq(1)         xq(2)         xq(3) 
       1   0.000000000   0.000000000   0.000000000

     Calculation of q =    0.0000000   0.0000000   0.0000000

     Phonons                                                                    

     bravais-lattice index     =            0
     lattice parameter (alat)  =      14.0156  a.u.
     unit-cell volume          =    2403.6928 (a.u.)^3
     number of atoms/cell      =           28
     number of atomic types    =            4
     kinetic-energy cut-off    =      50.0000  Ry
     charge density cut-off    =     400.0000  Ry
     convergence threshold     =      1.0E-14
     beta                      =       0.7000
     number of iterations used =            4
     Exchange-correlation= PBE
                           (   1   4   3   4   0   0   0)


     celldm(1)=   14.01558  celldm(2)=    0.00000  celldm(3)=    0.00000
     celldm(4)=    0.00000  celldm(5)=    0.00000  celldm(6)=    0.00000

     crystal axes: (cart. coord. in units of alat)
               a(1) = (  0.9795  0.0387 -0.0099 )  
               a(2) = (  0.0361  0.8433  0.0474 )  
               a(3) = (  0.0242  0.8932  1.1091 )  

     reciprocal axes: (cart. coord. in units 2 pi/alat)
               b(1) = (  1.0228 -0.0446  0.0135 )  
               b(2) = ( -0.0594  1.2446 -1.0011 )  
               b(3) = (  0.0117 -0.0535  0.9445 )  


     Atoms inside the unit cell: 

     Cartesian axes

     site n.  atom      mass           positions (alat units)
        1     Mg   1.0000   tau(    1) = (    0.40216    1.06063    0.87296  )
        2     Mg   1.0000   tau(    2) = (    0.63271    0.70646    0.29243  )
        3     Mg   1.0000   tau(    3) = (    0.91927    1.10991    0.85323  )
        4     Mg   1.0000   tau(    4) = (    0.14352    0.68963    0.28520  )
        5     Ga   1.0000   tau(    5) = (    0.39902    1.46246    0.98549  )
        6     Zr   1.0000   tau(    6) = (    0.63999    0.29629    0.08733  )
        7     Ga   1.0000   tau(    7) = (    0.86340    0.69938    0.67133  )
        8     Ga   1.0000   tau(    8) = (    0.17433    1.09710    0.47864  )
        9     H    1.0000   tau(    9) = (    0.06291    0.68449    0.56444  )
       10     H    1.0000   tau(   10) = (    0.97421    1.15350    0.58974  )
       11     H    1.0000   tau(   11) = (    0.57249    1.43800    1.13851  )
       12     H    1.0000   tau(   12) = (    0.41139    0.19275    0.02042  )
       13     H    1.0000   tau(   13) = (    0.33767    1.32330    0.82953  )
       14     H    1.0000   tau(   14) = (    0.68028    0.44964    0.30034  )
       15     H    1.0000   tau(   15) = (    0.83236    0.86691    0.80359  )
       16     H    1.0000   tau(   16) = (    0.13068    0.94693    0.33144  )
       17     H    1.0000   tau(   17) = (    0.91814    1.37744    0.85500  )
       18     H    1.0000   tau(   18) = (    0.15461    0.42960    0.30728  )
       19     H    1.0000   tau(   19) = (    0.45491    0.78760    0.83448  )
       20     H    1.0000   tau(   20) = (    0.61998    0.97204    0.32594  )
       21     H    1.0000   tau(   21) = (    0.16800    1.00110    0.90224  )
       22     H    1.0000   tau(   22) = (    0.87833    0.75043    0.20089  )
       23     H    1.0000   tau(   23) = (    0.65429    1.14218    0.91835  )
       24     H    1.0000   tau(   24) = (    0.38479    0.69034    0.34083  )
       25     H    1.0000   tau(   25) = (    0.35516    1.06366    0.59411  )
       26     H    1.0000   tau(   26) = (    0.68249    0.68146    0.55842  )
       27     H    1.0000   tau(   27) = (    0.90227    1.15629    1.10527  )
       28     H    1.0000   tau(   28) = (    0.20946    0.62430    0.00314  )

     Computing dynamical matrix for 
                    q = (   0.0000000   0.0000000   0.0000000 )

      2 Sym.Ops. (with q -> -q+G )


     G cutoff = 1990.3169  ( 324595 G-vectors)     FFT grid: ( 90, 75,125)
     G cutoff =  995.1585  ( 114835 G-vectors)  smooth grid: ( 64, 54, 90)

     number of k points=     8  Methfessel-Paxton smearing, width (Ry)=  0.0200

     PseudoPot. # 1 for Ga read from file:
     /home/marco/ZOS_Cloud_Compute/pseudo/Ga.UPF
     MD5 check sum: 79e63b61437c88080bf469cc04ca4be8
     Pseudo is Projector augmented-wave + core cor, Zval = 13.0
     Generated using "atomic" code by A. Dal Corso  v.5.1.2
     Shape of augmentation charge: PSQ
     Using radial grid of 1205 points,  6 beta functions with: 
                l(1) =   0
                l(2) =   0
                l(3) =   1
                l(4) =   1
                l(5) =   2
                l(6) =   2
     Q(r) pseudized with 0 coefficients 


     PseudoPot. # 2 for H  read from file:
     /home/marco/ZOS_Cloud_Compute/pseudo/H.UPF
     MD5 check sum: 850d63dcbcc06c5de8b44e0ab9f952da
     Pseudo is Projector augmented-wave, Zval =  1.0
     Generated using "atomic" code by A. Dal Corso  v.5.1.2
     Shape of augmentation charge: PSQ
     Using radial grid of  929 points,  2 beta functions with: 
                l(1) =   0
                l(2) =   0
     Q(r) pseudized with 0 coefficients 


     PseudoPot. # 3 for Mg read from file:
     /home/marco/ZOS_Cloud_Compute/pseudo/Mg.UPF
     MD5 check sum: a77e51077e70c6c73445c6cac60d158f
     Pseudo is Projector augmented-wave + core cor, Zval = 10.0
     Generated using ATOMPAW code
     Shape of augmentation charge: BESSEL
     Using radial grid of 1171 points,  6 beta functions with: 
                l(1) =   0
                l(2) =   0
                l(3) =   0
                l(4) =   0
                l(5) =   1
                l(6) =   1
     Q(r) pseudized with 0 coefficients 


     PseudoPot. # 4 for Zr read from file:
     /home/marco/ZOS_Cloud_Compute/pseudo/Zr.UPF
     MD5 check sum: 56bebf6edcd38415d7dd1a973c3f3403
     Pseudo is Ultrasoft + core correction, Zval = 12.0
     Generated by new atomic code, or converted to UPF format
     Using radial grid of  887 points,  6 beta functions with: 
                l(1) =   0
                l(2) =   0
                l(3) =   1
                l(4) =   1
                l(5) =   2
                l(6) =   2
     Q(r) pseudized with  6 coefficients,  rinner =    1.200   1.200   1.200
                                                       1.200   1.200


     Atomic displacements:
     There are   84 irreducible representations

     Representation     1      1 modes -  To be done

     Representation     2      1 modes -  To be done

     Representation     3      1 modes -  To be done

     Representation     4      1 modes -  To be done

     Representation     5      1 modes -  To be done

     Representation     6      1 modes -  To be done

     Representation     7      1 modes -  To be done

     Representation     8      1 modes -  To be done

     Representation     9      1 modes -  To be done

     Representation    10      1 modes -  To be done

     Representation    11      1 modes -  To be done

     Representation    12      1 modes -  To be done

     Representation    13      1 modes -  To be done

     Representation    14      1 modes -  To be done

     Representation    15      1 modes -  To be done

     Representation    16      1 modes -  To be done

     Representation    17      1 modes -  To be done

     Representation    18      1 modes -  To be done

     Representation    19      1 modes -  To be done

     Representation    20      1 modes -  To be done

     Representation    21      1 modes -  To be done

     Representation    22      1 modes -  To be done

     Representation    23      1 modes -  To be done

     Representation    24      1 modes -  To be done

     Representation    25      1 modes -  To be done

     Representation    26      1 modes -  To be done

     Representation    27      1 modes -  To be done

     Representation    28      1 modes -  To be done

     Representation    29      1 modes -  To be done

     Representation    30      1 modes -  To be done

     Representation    31      1 modes -  To be done

     Representation    32      1 modes -  To be done

     Representation    33      1 modes -  To be done

     Representation    34      1 modes -  To be done

     Representation    35      1 modes -  To be done

     Representation    36      1 modes -  To be done

     Representation    37      1 modes -  To be done

     Representation    38      1 modes -  To be done

     Representation    39      1 modes -  To be done

     Representation    40      1 modes -  To be done

     Representation    41      1 modes -  To be done

     Representation    42      1 modes -  To be done

     Representation    43      1 modes -  To be done

     Representation    44      1 modes -  To be done

     Representation    45      1 modes -  To be done

     Representation    46      1 modes -  To be done

     Representation    47      1 modes -  To be done

     Representation    48      1 modes -  To be done

     Representation    49      1 modes -  To be done

     Representation    50      1 modes -  To be done

     Representation    51      1 modes -  To be done

     Representation    52      1 modes -  To be done

     Representation    53      1 modes -  To be done

     Representation    54      1 modes -  To be done

     Representation    55      1 modes -  To be done

     Representation    56      1 modes -  To be done

     Representation    57      1 modes -  To be done

     Representation    58      1 modes -  To be done

     Representation    59      1 modes -  To be done

     Representation    60      1 modes -  To be done

     Representation    61      1 modes -  To be done

     Representation    62      1 modes -  To be done

     Representation    63      1 modes -  To be done

     Representation    64      1 modes -  To be done

     Representation    65      1 modes -  To be done

     Representation    66      1 modes -  To be done

     Representation    67      1 modes -  To be done

     Representation    68      1 modes -  To be done

     Representation    69      1 modes -  To be done

     Representation    70      1 modes -  To be done

     Representation    71      1 modes -  To be done

     Representation    72      1 modes -  To be done

     Representation    73      1 modes -  To be done

     Representation    74      1 modes -  To be done

     Representation    75      1 modes -  To be done

     Representation    76      1 modes -  To be done

     Representation    77      1 modes -  To be done

     Representation    78      1 modes -  To be done

     Representation    79      1 modes -  To be done

     Representation    80      1 modes -  To be done

     Representation    81      1 modes -  To be done

     Representation    82      1 modes -  To be done

     Representation    83      1 modes -  To be done

     Representation    84      1 modes -  To be done



     Alpha used in Ewald sum =   2.8000

     negative rho (up, down):  1.321E+02 0.000E+00
     PHONON       :  20m38.76s CPU  17m37.95s WALL



     Representation #   1 mode #   1

     Self-consistent Calculation
     kpoint   1 ibnd**** solve_linter: root not converged  2.633E-01
     kpoint   2 ibnd**** solve_linter: root not converged  2.117E-01
     kpoint   3 ibnd**** solve_linter: root not converged  1.894E-01
     kpoint   4 ibnd**** solve_linter: root not converged  4.211E-01
     kpoint   5 ibnd**** solve_linter: root not converged  3.009E+00
     kpoint   6 ibnd**** solve_linter: root not converged  6.203E+00
     kpoint   7 ibnd**** solve_linter: root not converged  1.077E-01
     kpoint   8 ibnd**** solve_linter: root not converged  1.664E-01

     Pert. #  1: Fermi energy shift (Ry) =    -9.0042E-03     0.0000E+00

      iter #   1 total cpu time :  2669.7 secs   av.it.: 380.4
      thresh= 1.000E-02 alpha_mix =  0.700 |ddv_scf|^2 =  1.366E-05
     kpoint   1 ibnd  58 solve_linter: root not converged  1.508E-01
     kpoint   2 ibnd  58 solve_linter: root not converged  6.410E-02
     kpoint   3 ibnd  58 solve_linter: root not converged  7.245E-02
     kpoint   4 ibnd  58 solve_linter: root not converged  8.685E-01
     kpoint   5 ibnd  58 solve_linter: root not converged  4.026E-01
     kpoint   6 ibnd  58 solve_linter: root not converged  5.658E-01
     kpoint   7 ibnd  58 solve_linter: root not converged  2.875E-02
     kpoint   8 ibnd  57 solve_linter: root not converged  7.089E-01

     Pert. #  1: Fermi energy shift (Ry) =     4.8845E-01     0.0000E+00

      iter #   2 total cpu time :  4330.2 secs   av.it.: 390.1
      thresh= 3.696E-04 alpha_mix =  0.700 |ddv_scf|^2 =  5.945E-05
     kpoint   1 ibnd  58 solve_linter: root not converged  1.164E+00
     kpoint   2 ibnd  58 solve_linter: root not converged  6.101E-02
     kpoint   3 ibnd  58 solve_linter: root not converged  2.661E-01
     kpoint   4 ibnd  58 solve_linter: root not converged  1.874E-01
     kpoint   5 ibnd  58 solve_linter: root not converged  2.620E-02
     kpoint   6 ibnd  58 solve_linter: root not converged  1.379E-01
     kpoint   7 ibnd  58 solve_linter: root not converged  1.472E-02
     kpoint   8 ibnd  57 solve_linter: root not converged  5.174E-02

     Pert. #  1: Fermi energy shift (Ry) =    -1.4321E-02     0.0000E+00

      iter #   3 total cpu time :  5958.5 secs   av.it.: 388.2
      thresh= 7.710E-04 alpha_mix =  0.700 |ddv_scf|^2 =  4.473E-04
     kpoint   1 ibnd  58 solve_linter: root not converged  1.719E-02
     kpoint   2 ibnd  58 solve_linter: root not converged  1.143E-02
     kpoint   3 ibnd  58 solve_linter: root not converged  3.432E-02
     kpoint   4 ibnd  58 solve_linter: root not converged  4.289E-01
     kpoint   5 ibnd  58 solve_linter: root not converged  3.103E-02
     kpoint   6 ibnd  58 solve_linter: root not converged  1.156E-01
     kpoint   7 ibnd  58 solve_linter: root not converged  9.289E-02
     kpoint   8 ibnd  57 solve_linter: root not converged  1.600E-02

     Pert. #  1: Fermi energy shift (Ry) =    -7.6649E+00     0.0000E+00

      iter #   4 total cpu time :  7570.7 secs   av.it.: 383.8
      thresh= 2.115E-03 alpha_mix =  0.700 |ddv_scf|^2 =  1.229E-02
     kpoint   1 ibnd  58 solve_linter: root not converged  3.068E-01
     kpoint   2 ibnd  58 solve_linter: root not converged  1.120E+01
     kpoint   3 ibnd  58 solve_linter: root not converged  5.108E-02
     kpoint   4 ibnd  58 solve_linter: root not converged  1.406E-02
     kpoint   5 ibnd  58 solve_linter: root not converged  9.290E-01
     kpoint   6 ibnd  58 solve_linter: root not converged  3.117E-02
     kpoint   7 ibnd  58 solve_linter: root not converged  2.133E+00
     kpoint   8 ibnd  57 solve_linter: root not converged  1.503E-02

     Pert. #  1: Fermi energy shift (Ry) =    -1.4962E+00     0.0000E+00

      iter #   5 total cpu time :  9064.2 secs   av.it.: 354.5
      thresh= 1.000E-02 alpha_mix =  0.700 |ddv_scf|^2 =  8.310E-02
     kpoint   1 ibnd  58 solve_linter: root not converged  3.760E-01
     kpoint   2 ibnd  58 solve_linter: root not converged  1.770E-02
     kpoint   3 ibnd  58 solve_linter: root not converged  1.195E-02
     kpoint   4 ibnd  58 solve_linter: root not converged  6.693E-02
     kpoint   5 ibnd  58 solve_linter: root not converged  1.905E-02
     kpoint   6 ibnd  58 solve_linter: root not converged  3.776E-01
     kpoint   7 ibnd  58 solve_linter: root not converged  8.975E-02
     kpoint   8 ibnd  57 solve_linter: root not converged  2.233E-01

     Pert. #  1: Fermi energy shift (Ry) =    -1.0973E+01     0.0000E+00

      iter #   6 total cpu time : 10638.1 secs   av.it.: 369.8
      thresh= 1.000E-02 alpha_mix =  0.700 |ddv_scf|^2 =  2.054E-02
     kpoint   1 ibnd  58 solve_linter: root not converged  3.970E-01
     kpoint   2 ibnd  58 solve_linter: root not converged  4.066E-01
     kpoint   3 ibnd  58 solve_linter: root not converged  1.057E+00
     kpoint   4 ibnd  58 solve_linter: root not converged  1.258E+00
     kpoint   5 ibnd  58 solve_linter: root not converged  9.285E-02
     kpoint   6 ibnd  58 solve_linter: root not converged  2.130E+00
     kpoint   7 ibnd  58 solve_linter: root not converged  1.533E-01
     kpoint   8 ibnd  57 solve_linter: root not converged  8.017E-02

     Pert. #  1: Fermi energy shift (Ry) =     4.5851E-01     0.0000E+00

      iter #   7 total cpu time : 12276.3 secs   av.it.: 385.1
      thresh= 1.000E-02 alpha_mix =  0.700 |ddv_scf|^2 =  7.511E-02
     kpoint   1 ibnd  58 solve_linter: root not converged  6.823E-01
     kpoint   2 ibnd  58 solve_linter: root not converged  1.971E+00
     kpoint   3 ibnd  58 solve_linter: root not converged  6.720E-01
     kpoint   4 ibnd  58 solve_linter: root not converged  5.171E-01
     kpoint   5 ibnd  58 solve_linter: root not converged  2.212E-01
     kpoint   6 ibnd  58 solve_linter: root not converged  1.127E+00
     kpoint   7 ibnd  58 solve_linter: root not converged  5.928E-01
     kpoint   8 ibnd  57 solve_linter: root not converged  2.543E+00

     Pert. #  1: Fermi energy shift (Ry) =     2.4053E+01     0.0000E+00

      iter #   8 total cpu time : 13910.3 secs   av.it.: 387.0
      thresh= 1.000E-02 alpha_mix =  0.700 |ddv_scf|^2 =  7.693E-01
     kpoint   1 ibnd  58 solve_linter: root not converged  1.124E+00
     kpoint   2 ibnd  58 solve_linter: root not converged  4.909E-01
     kpoint   3 ibnd  58 solve_linter: root not converged  1.635E+00
     kpoint   4 ibnd  58 solve_linter: root not converged  3.014E+01
     kpoint   5 ibnd  58 solve_linter: root not converged  7.727E+00
     kpoint   6 ibnd  58 solve_linter: root not converged  4.474E+01
     kpoint   7 ibnd  58 solve_linter: root not converged  2.767E+00
     kpoint   8 ibnd  57 solve_linter: root not converged  9.015E-01

     Pert. #  1: Fermi energy shift (Ry) =     5.9062E+01     0.0000E+00

      iter #   9 total cpu time : 15550.7 secs   av.it.: 389.6
      thresh= 1.000E-02 alpha_mix =  0.700 |ddv_scf|^2 =  4.560E-01
     kpoint   1 ibnd  58 solve_linter: root not converged  2.091E+00
     kpoint   2 ibnd  58 solve_linter: root not converged  1.695E+00
     kpoint   3 ibnd  58 solve_linter: root not converged  2.892E+00
     kpoint   4 ibnd  58 solve_linter: root not converged  5.921E+00
     kpoint   5 ibnd  58 solve_linter: root not converged  3.968E+01
     kpoint   6 ibnd  58 solve_linter: root not converged  7.158E+00
     kpoint   7 ibnd  58 solve_linter: root not converged  1.745E+00
     kpoint   8 ibnd  57 solve_linter: root not converged  7.001E-01

     Pert. #  1: Fermi energy shift (Ry) =     7.6148E+01     0.0000E+00

      iter #  10 total cpu time : 17148.2 secs   av.it.: 390.1
      thresh= 1.000E-02 alpha_mix =  0.700 |ddv_scf|^2 =  4.550E-01
     kpoint   1 ibnd  58 solve_linter: root not converged  2.316E-01
     kpoint   2 ibnd  58 solve_linter: root not converged  3.399E+00
     kpoint   3 ibnd  58 solve_linter: root not converged  1.253E-01
     kpoint   4 ibnd  58 solve_linter: root not converged  3.945E+01
     kpoint   5 ibnd  58 solve_linter: root not converged  1.011E+00
     kpoint   6 ibnd  58 solve_linter: root not converged  6.919E+00
     kpoint   7 ibnd  58 solve_linter: root not converged  4.453E-01
     kpoint   8 ibnd  57 solve_linter: root not converged  2.874E-01

     Pert. #  1: Fermi energy shift (Ry) =    -2.2895E+01     0.0000E+00

      iter #  11 total cpu time : 18674.5 secs   av.it.: 387.8
      thresh= 1.000E-02 alpha_mix =  0.700 |ddv_scf|^2 =  9.459E+00
     kpoint   1 ibnd  58 solve_linter: root not converged  3.901E+01
     kpoint   2 ibnd  58 solve_linter: root not converged  3.172E+00
     kpoint   3 ibnd  58 solve_linter: root not converged  2.884E+00
     kpoint   4 ibnd  58 solve_linter: root not converged  1.049E+02
     kpoint   5 ibnd  58 solve_linter: root not converged  6.602E+00
     kpoint   6 ibnd  58 solve_linter: root not converged  6.710E+01

     Program PHONON v.6.7MaX starts on  1Mar2026 at  2:18:26 

     This program is part of the open-source Quantum ESPRESSO suite
     for quantum simulation of materials; please cite
         "P. Giannozzi et al., J. Phys.:Condens. Matter 21 395502 (2009);
         "P. Giannozzi et al., J. Phys.:Condens. Matter 29 465901 (2017);
          URL http://www.quantum-espresso.org", 
     in publications or presentations arising from this work. More details at
     http://www.quantum-espresso.org/quote

     Parallel version (MPI), running on     1 processors

     MPI processes distributed on     1 nodes
     Waiting for input...
     Reading input from standard input

     Reading xml data from directory:

     ./tmp/Mg4ZrGa3H20.save/
     Message from routine read_pp_mesh:
     mismatch in mesh size, discarding the one in header
     file Ga.UPF: wavefunction(s)  4S renormalized
     file H.UPF: wavefunction(s)  1S renormalized

     IMPORTANT: XC functional enforced from input :
     Exchange-correlation= PBE
                           (   1   4   3   4   0   0   0)
     Any further DFT definition will be discarded
     Please, verify this is what you really want


     G-vector sticks info
     --------------------
     sticks:   dense  smooth     PW     G-vecs:    dense   smooth      PW
     Sum        5161    2585    727               324595   114835   17017


     negative rho (up, down):  1.321E+02 0.000E+00
     Reading collected, re-writing distributed wavefunctions
        1 /   1 q-points for this run, from  1 to  1:
       N       xq(1)         xq(2)         xq(3) 
       1   0.000000000   0.000000000   0.000000000


     Calculation of q =    0.0000000   0.0000000   0.0000000
     Message from routine ph_restart_set_filename :
     cannot open file for reading or writing
 end of file reached, closing tag not found
warning: file closed at level 1 with tag Root open
     Message from routine ph_restart_set_filename :
     cannot open file for reading or writing
     Message from routine ph_restart_set_filename :
     cannot open file for reading or writing
     Message from routine ph_restart_set_filename :
     cannot open file for reading or writing
     Message from routine ph_restart_set_filename :
     cannot open file for reading or writing
     Message from routine ph_restart_set_filename :
     cannot open file for reading or writing
     Message from routine ph_restart_set_filename :
     cannot open file for reading or writing
     Message from routine ph_restart_set_filename :
     cannot open file for reading or writing
     Message from routine ph_restart_set_filename :
     cannot open file for reading or writing
     Message from routine ph_restart_set_filename :
     cannot open file for reading or writing
     Message from routine ph_restart_set_filename :
     cannot open file for reading or writing
     Message from routine ph_restart_set_filename :
     cannot open file for reading or writing
     Message from routine ph_restart_set_filename :
     cannot open file for reading or writing
     Message from routine ph_restart_set_filename :
     cannot open file for reading or writing
     Message from routine ph_restart_set_filename :
     cannot open file for reading or writing
     Message from routine ph_restart_set_filename :
     cannot open file for reading or writing
     Message from routine ph_restart_set_filename :
     cannot open file for reading or writing
     Message from routine ph_restart_set_filename :
     cannot open file for reading or writing
     Message from routine ph_restart_set_filename :
     cannot open file for reading or writing
     Message from routine ph_restart_set_filename :
     cannot open file for reading or writing
     Message from routine ph_restart_set_filename :
     cannot open file for reading or writing
     Message from routine ph_restart_set_filename :
     cannot open file for reading or writing
     Message from routine ph_restart_set_filename :
     cannot open file for reading or writing
     Message from routine ph_restart_set_filename :
     cannot open file for reading or writing
     Message from routine ph_restart_set_filename :
     cannot open file for reading or writing
     Message from routine ph_restart_set_filename :
     cannot open file for reading or writing
     Message from routine ph_restart_set_filename :
     cannot open file for reading or writing
     Message from routine ph_restart_set_filename :
     cannot open file for reading or writing
     Message from routine ph_restart_set_filename :
     cannot open file for reading or writing
     Message from routine ph_restart_set_filename :
     cannot open file for reading or writing
     Message from routine ph_restart_set_filename :
     cannot open file for reading or writing
     Message from routine ph_restart_set_filename :
     cannot open file for reading or writing
     Message from routine ph_restart_set_filename :
     cannot open file for reading or writing
     Message from routine ph_restart_set_filename :
     cannot open file for reading or writing
     Message from routine ph_restart_set_filename :
     cannot open file for reading or writing
     Message from routine ph_restart_set_filename :
     cannot open file for reading or writing
     Message from routine ph_restart_set_filename :
     cannot open file for reading or writing
     Message from routine ph_restart_set_filename :
     cannot open file for reading or writing
     Message from routine ph_restart_set_filename :
     cannot open file for reading or writing
     Message from routine ph_restart_set_filename :
     cannot open file for reading or writing
     Message from routine ph_restart_set_filename :
     cannot open file for reading or writing
     Message from routine ph_restart_set_filename :
     cannot open file for reading or writing
     Message from routine ph_restart_set_filename :
     cannot open file for reading or writing
     Message from routine ph_restart_set_filename :
     cannot open file for reading or writing
     Message from routine ph_restart_set_filename :
     cannot open file for reading or writing
     Message from routine ph_restart_set_filename :
     cannot open file for reading or writing
     Message from routine ph_restart_set_filename :
     cannot open file for reading or writing
     Message from routine ph_restart_set_filename :
     cannot open file for reading or writing
     Message from routine ph_restart_set_filename :
     cannot open file for reading or writing
     Message from routine ph_restart_set_filename :
     cannot open file for reading or writing
     Message from routine ph_restart_set_filename :
     cannot open file for reading or writing
     Message from routine ph_restart_set_filename :
     cannot open file for reading or writing
     Message from routine ph_restart_set_filename :
     cannot open file for reading or writing
     Message from routine ph_restart_set_filename :
     cannot open file for reading or writing
     Message from routine ph_restart_set_filename :
     cannot open file for reading or writing
     Message from routine ph_restart_set_filename :
     cannot open file for reading or writing
     Message from routine ph_restart_set_filename :
     cannot open file for reading or writing
     Message from routine ph_restart_set_filename :
     cannot open file for reading or writing
     Message from routine ph_restart_set_filename :
     cannot open file for reading or writing
     Message from routine ph_restart_set_filename :
     cannot open file for reading or writing
     Message from routine ph_restart_set_filename :
     cannot open file for reading or writing
     Message from routine ph_restart_set_filename :
     cannot open file for reading or writing
     Message from routine ph_restart_set_filename :
     cannot open file for reading or writing
     Message from routine ph_restart_set_filename :
     cannot open file for reading or writing
     Message from routine ph_restart_set_filename :
     cannot open file for reading or writing
     Message from routine ph_restart_set_filename :
     cannot open file for reading or writing
     Message from routine ph_restart_set_filename :
     cannot open file for reading or writing
     Message from routine ph_restart_set_filename :
     cannot open file for reading or writing
     Message from routine ph_restart_set_filename :
     cannot open file for reading or writing
     Message from routine ph_restart_set_filename :
     cannot open file for reading or writing
     Message from routine ph_restart_set_filename :
     cannot open file for reading or writing
     Message from routine ph_restart_set_filename :
     cannot open file for reading or writing
     Message from routine ph_restart_set_filename :
     cannot open file for reading or writing
     Message from routine ph_restart_set_filename :
     cannot open file for reading or writing
     Message from routine ph_restart_set_filename :
     cannot open file for reading or writing
     Message from routine ph_restart_set_filename :
     cannot open file for reading or writing
     Message from routine ph_restart_set_filename :
     cannot open file for reading or writing
     Message from routine ph_restart_set_filename :
     cannot open file for reading or writing
     Message from routine ph_restart_set_filename :
     cannot open file for reading or writing
     Message from routine ph_restart_set_filename :
     cannot open file for reading or writing
     Message from routine ph_restart_set_filename :
     cannot open file for reading or writing
     Message from routine ph_restart_set_filename :
     cannot open file for reading or writing
     Message from routine ph_restart_set_filename :
     cannot open file for reading or writing
     Message from routine ph_restart_set_filename :
     cannot open file for reading or writing
     Message from routine ph_restart_set_filename :
     cannot open file for reading or writing

     Restart in Phonon calculation

     Phonons                                                                    

     bravais-lattice index     =            0
     lattice parameter (alat)  =      14.0156  a.u.
     unit-cell volume          =    2403.6928 (a.u.)^3
     number of atoms/cell      =           28
     number of atomic types    =            4
     kinetic-energy cut-off    =      50.0000  Ry
     charge density cut-off    =     400.0000  Ry
     convergence threshold     =      1.0E-14
     beta                      =       0.7000
     number of iterations used =            4
     Exchange-correlation= PBE
                           (   1   4   3   4   0   0   0)


     celldm(1)=   14.01558  celldm(2)=    0.00000  celldm(3)=    0.00000
     celldm(4)=    0.00000  celldm(5)=    0.00000  celldm(6)=    0.00000

     crystal axes: (cart. coord. in units of alat)
               a(1) = (  0.9795  0.0387 -0.0099 )  
               a(2) = (  0.0361  0.8433  0.0474 )  
               a(3) = (  0.0242  0.8932  1.1091 )  

     reciprocal axes: (cart. coord. in units 2 pi/alat)
               b(1) = (  1.0228 -0.0446  0.0135 )  
               b(2) = ( -0.0594  1.2446 -1.0011 )  
               b(3) = (  0.0117 -0.0535  0.9445 )  


     Atoms inside the unit cell: 

     Cartesian axes

     site n.  atom      mass           positions (alat units)
        1     Mg   1.0000   tau(    1) = (    0.40216    1.06063    0.87296  )
        2     Mg   1.0000   tau(    2) = (    0.63271    0.70646    0.29243  )
        3     Mg   1.0000   tau(    3) = (    0.91927    1.10991    0.85323  )
        4     Mg   1.0000   tau(    4) = (    0.14352    0.68963    0.28520  )
        5     Ga   1.0000   tau(    5) = (    0.39902    1.46246    0.98549  )
        6     Zr   1.0000   tau(    6) = (    0.63999    0.29629    0.08733  )
        7     Ga   1.0000   tau(    7) = (    0.86340    0.69938    0.67133  )
        8     Ga   1.0000   tau(    8) = (    0.17433    1.09710    0.47864  )
        9     H    1.0000   tau(    9) = (    0.06291    0.68449    0.56444  )
       10     H    1.0000   tau(   10) = (    0.97421    1.15350    0.58974  )
       11     H    1.0000   tau(   11) = (    0.57249    1.43800    1.13851  )
       12     H    1.0000   tau(   12) = (    0.41139    0.19275    0.02042  )
       13     H    1.0000   tau(   13) = (    0.33767    1.32330    0.82953  )
       14     H    1.0000   tau(   14) = (    0.68028    0.44964    0.30034  )
       15     H    1.0000   tau(   15) = (    0.83236    0.86691    0.80359  )
       16     H    1.0000   tau(   16) = (    0.13068    0.94693    0.33144  )
       17     H    1.0000   tau(   17) = (    0.91814    1.37744    0.85500  )
       18     H    1.0000   tau(   18) = (    0.15461    0.42960    0.30728  )
       19     H    1.0000   tau(   19) = (    0.45491    0.78760    0.83448  )
       20     H    1.0000   tau(   20) = (    0.61998    0.97204    0.32594  )
       21     H    1.0000   tau(   21) = (    0.16800    1.00110    0.90224  )
       22     H    1.0000   tau(   22) = (    0.87833    0.75043    0.20089  )
       23     H    1.0000   tau(   23) = (    0.65429    1.14218    0.91835  )
       24     H    1.0000   tau(   24) = (    0.38479    0.69034    0.34083  )
       25     H    1.0000   tau(   25) = (    0.35516    1.06366    0.59411  )
       26     H    1.0000   tau(   26) = (    0.68249    0.68146    0.55842  )
       27     H    1.0000   tau(   27) = (    0.90227    1.15629    1.10527  )
       28     H    1.0000   tau(   28) = (    0.20946    0.62430    0.00314  )

     Computing dynamical matrix for 
                    q = (   0.0000000   0.0000000   0.0000000 )

      2 Sym.Ops. (with q -> -q+G )


     G cutoff = 1990.3169  ( 324595 G-vectors)     FFT grid: ( 90, 75,125)
     G cutoff =  995.1585  ( 114835 G-vectors)  smooth grid: ( 64, 54, 90)

     number of k points=     8  Methfessel-Paxton smearing, width (Ry)=  0.0200

     PseudoPot. # 1 for Ga read from file:
     /home/marco/ZOS_Cloud_Compute/pseudo/Ga.UPF
     MD5 check sum: 79e63b61437c88080bf469cc04ca4be8
     Pseudo is Projector augmented-wave + core cor, Zval = 13.0
     Generated using "atomic" code by A. Dal Corso  v.5.1.2
     Shape of augmentation charge: PSQ
     Using radial grid of 1205 points,  6 beta functions with: 
                l(1) =   0
                l(2) =   0
                l(3) =   1
                l(4) =   1
                l(5) =   2
                l(6) =   2
     Q(r) pseudized with 0 coefficients 


     PseudoPot. # 2 for H  read from file:
     /home/marco/ZOS_Cloud_Compute/pseudo/H.UPF
     MD5 check sum: 850d63dcbcc06c5de8b44e0ab9f952da
     Pseudo is Projector augmented-wave, Zval =  1.0
     Generated using "atomic" code by A. Dal Corso  v.5.1.2
     Shape of augmentation charge: PSQ
     Using radial grid of  929 points,  2 beta functions with: 
                l(1) =   0
                l(2) =   0
     Q(r) pseudized with 0 coefficients 


     PseudoPot. # 3 for Mg read from file:
     /home/marco/ZOS_Cloud_Compute/pseudo/Mg.UPF
     MD5 check sum: a77e51077e70c6c73445c6cac60d158f
     Pseudo is Projector augmented-wave + core cor, Zval = 10.0
     Generated using ATOMPAW code
     Shape of augmentation charge: BESSEL
     Using radial grid of 1171 points,  6 beta functions with: 
                l(1) =   0
                l(2) =   0
                l(3) =   0
                l(4) =   0
                l(5) =   1
                l(6) =   1
     Q(r) pseudized with 0 coefficients 


     PseudoPot. # 4 for Zr read from file:
     /home/marco/ZOS_Cloud_Compute/pseudo/Zr.UPF
     MD5 check sum: 56bebf6edcd38415d7dd1a973c3f3403
     Pseudo is Ultrasoft + core correction, Zval = 12.0
     Generated by new atomic code, or converted to UPF format
     Using radial grid of  887 points,  6 beta functions with: 
                l(1) =   0
                l(2) =   0
                l(3) =   1
                l(4) =   1
                l(5) =   2
                l(6) =   2
     Q(r) pseudized with  6 coefficients,  rinner =    1.200   1.200   1.200
                                                       1.200   1.200


     Atomic displacements:
     There are   84 irreducible representations

     Representation     1      1 modes -  To be done

     Representation     2      1 modes -  To be done

     Representation     3      1 modes -  To be done

     Representation     4      1 modes -  To be done

     Representation     5      1 modes -  To be done

     Representation     6      1 modes -  To be done

     Representation     7      1 modes -  To be done

     Representation     8      1 modes -  To be done

     Representation     9      1 modes -  To be done

     Representation    10      1 modes -  To be done

     Representation    11      1 modes -  To be done

     Representation    12      1 modes -  To be done

     Representation    13      1 modes -  To be done

     Representation    14      1 modes -  To be done

     Representation    15      1 modes -  To be done

     Representation    16      1 modes -  To be done

     Representation    17      1 modes -  To be done

     Representation    18      1 modes -  To be done

     Representation    19      1 modes -  To be done

     Representation    20      1 modes -  To be done

     Representation    21      1 modes -  To be done

     Representation    22      1 modes -  To be done

     Representation    23      1 modes -  To be done

     Representation    24      1 modes -  To be done

     Representation    25      1 modes -  To be done

     Representation    26      1 modes -  To be done

     Representation    27      1 modes -  To be done

     Representation    28      1 modes -  To be done

     Representation    29      1 modes -  To be done

     Representation    30      1 modes -  To be done

     Representation    31      1 modes -  To be done

     Representation    32      1 modes -  To be done

     Representation    33      1 modes -  To be done

     Representation    34      1 modes -  To be done

     Representation    35      1 modes -  To be done

     Representation    36      1 modes -  To be done

     Representation    37      1 modes -  To be done

     Representation    38      1 modes -  To be done

     Representation    39      1 modes -  To be done

     Representation    40      1 modes -  To be done

     Representation    41      1 modes -  To be done

     Representation    42      1 modes -  To be done

     Representation    43      1 modes -  To be done

     Representation    44      1 modes -  To be done

     Representation    45      1 modes -  To be done

     Representation    46      1 modes -  To be done

     Representation    47      1 modes -  To be done

     Representation    48      1 modes -  To be done

     Representation    49      1 modes -  To be done

     Representation    50      1 modes -  To be done

     Representation    51      1 modes -  To be done

     Representation    52      1 modes -  To be done

     Representation    53      1 modes -  To be done

     Representation    54      1 modes -  To be done

     Representation    55      1 modes -  To be done

     Representation    56      1 modes -  To be done

     Representation    57      1 modes -  To be done

     Representation    58      1 modes -  To be done

     Representation    59      1 modes -  To be done

     Representation    60      1 modes -  To be done

     Representation    61      1 modes -  To be done

     Representation    62      1 modes -  To be done

     Representation    63      1 modes -  To be done

     Representation    64      1 modes -  To be done

     Representation    65      1 modes -  To be done

     Representation    66      1 modes -  To be done

     Representation    67      1 modes -  To be done

     Representation    68      1 modes -  To be done

     Representation    69      1 modes -  To be done

     Representation    70      1 modes -  To be done

     Representation    71      1 modes -  To be done

     Representation    72      1 modes -  To be done

     Representation    73      1 modes -  To be done

     Representation    74      1 modes -  To be done

     Representation    75      1 modes -  To be done

     Representation    76      1 modes -  To be done

     Representation    77      1 modes -  To be done

     Representation    78      1 modes -  To be done

     Representation    79      1 modes -  To be done

     Representation    80      1 modes -  To be done

     Representation    81      1 modes -  To be done

     Representation    82      1 modes -  To be done

     Representation    83      1 modes -  To be done

     Representation    84      1 modes -  To be done


     PHONON       :  15m41.09s CPU  12m26.28s WALL



     Representation #   1 mode #   1

     Self-consistent Calculation
     kpoint   1 ibnd  58 solve_linter: root not converged  6.803E-01
     kpoint   2 ibnd  58 solve_linter: root not converged  4.292E-01
     kpoint   3 ibnd  58 solve_linter: root not converged  1.486E-01
     kpoint   4 ibnd  58 solve_linter: root not converged  6.926E-01
     kpoint   5 ibnd  58 solve_linter: root not converged  2.368E-01
     kpoint   6 ibnd  58 solve_linter: root not converged  1.456E+01
     kpoint   7 ibnd  58 solve_linter: root not converged  2.420E+00
     kpoint   8 ibnd  57 solve_linter: root not converged  7.031E+00

     Pert. #  1: Fermi energy shift (Ry) =    -6.9346E+02     0.0000E+00

      iter #  12 total cpu time :  2435.3 secs   av.it.: 375.2
      thresh= 1.000E-02 alpha_mix =  0.700 |ddv_scf|^2 =  1.398E+02
     kpoint   1 ibnd  58 solve_linter: root not converged  3.020E+01
     kpoint   2 ibnd  58 solve_linter: root not converged  8.564E+02
     kpoint   3 ibnd  58 solve_linter: root not converged  1.889E+01

     Program PHONON v.6.7MaX starts on  1Mar2026 at  3:18:33 

     This program is part of the open-source Quantum ESPRESSO suite
     for quantum simulation of materials; please cite
         "P. Giannozzi et al., J. Phys.:Condens. Matter 21 395502 (2009);
         "P. Giannozzi et al., J. Phys.:Condens. Matter 29 465901 (2017);
          URL http://www.quantum-espresso.org", 
     in publications or presentations arising from this work. More details at
     http://www.quantum-espresso.org/quote

     Parallel version (MPI), running on     1 processors

     MPI processes distributed on     1 nodes
     Waiting for input...
     Reading input from standard input

     Reading xml data from directory:

     ./tmp/Mg4ZrGa3H20.save/
     Message from routine read_pp_mesh:
     mismatch in mesh size, discarding the one in header
     file Ga.UPF: wavefunction(s)  4S renormalized
     file H.UPF: wavefunction(s)  1S renormalized

     IMPORTANT: XC functional enforced from input :
     Exchange-correlation= PBE
                           (   1   4   3   4   0   0   0)
     Any further DFT definition will be discarded
     Please, verify this is what you really want


     G-vector sticks info
     --------------------
     sticks:   dense  smooth     PW     G-vecs:    dense   smooth      PW
     Sum        5161    2585    727               324595   114835   17017


     negative rho (up, down):  1.321E+02 0.000E+00
     Reading collected, re-writing distributed wavefunctions
 end of file reached, closing tag not found
warning: file closed at level 1 with tag Root open
        1 /   1 q-points for this run, from  1 to  1:
       N       xq(1)         xq(2)         xq(3) 
       1   0.000000000   0.000000000   0.000000000


     Calculation of q =    0.0000000   0.0000000   0.0000000
     Message from routine ph_restart_set_filename :
     cannot open file for reading or writing
 end of file reached, closing tag not found
warning: file closed at level 1 with tag Root open
     Message from routine ph_restart_set_filename :
     cannot open file for reading or writing
     Message from routine ph_restart_set_filename :
     cannot open file for reading or writing
     Message from routine ph_restart_set_filename :
     cannot open file for reading or writing
     Message from routine ph_restart_set_filename :
     cannot open file for reading or writing
     Message from routine ph_restart_set_filename :
     cannot open file for reading or writing
     Message from routine ph_restart_set_filename :
     cannot open file for reading or writing
     Message from routine ph_restart_set_filename :
     cannot open file for reading or writing
     Message from routine ph_restart_set_filename :
     cannot open file for reading or writing
     Message from routine ph_restart_set_filename :
     cannot open file for reading or writing
     Message from routine ph_restart_set_filename :
     cannot open file for reading or writing
     Message from routine ph_restart_set_filename :
     cannot open file for reading or writing
     Message from routine ph_restart_set_filename :
     cannot open file for reading or writing
     Message from routine ph_restart_set_filename :
     cannot open file for reading or writing
     Message from routine ph_restart_set_filename :
     cannot open file for reading or writing
     Message from routine ph_restart_set_filename :
     cannot open file for reading or writing
     Message from routine ph_restart_set_filename :
     cannot open file for reading or writing
     Message from routine ph_restart_set_filename :
     cannot open file for reading or writing
     Message from routine ph_restart_set_filename :
     cannot open file for reading or writing
     Message from routine ph_restart_set_filename :
     cannot open file for reading or writing
     Message from routine ph_restart_set_filename :
     cannot open file for reading or writing
     Message from routine ph_restart_set_filename :
     cannot open file for reading or writing
     Message from routine ph_restart_set_filename :
     cannot open file for reading or writing
     Message from routine ph_restart_set_filename :
     cannot open file for reading or writing
     Message from routine ph_restart_set_filename :
     cannot open file for reading or writing
     Message from routine ph_restart_set_filename :
     cannot open file for reading or writing
     Message from routine ph_restart_set_filename :
     cannot open file for reading or writing
     Message from routine ph_restart_set_filename :
     cannot open file for reading or writing
     Message from routine ph_restart_set_filename :
     cannot open file for reading or writing
     Message from routine ph_restart_set_filename :
     cannot open file for reading or writing
     Message from routine ph_restart_set_filename :
     cannot open file for reading or writing
     Message from routine ph_restart_set_filename :
     cannot open file for reading or writing
     Message from routine ph_restart_set_filename :
     cannot open file for reading or writing
     Message from routine ph_restart_set_filename :
     cannot open file for reading or writing
     Message from routine ph_restart_set_filename :
     cannot open file for reading or writing
     Message from routine ph_restart_set_filename :
     cannot open file for reading or writing
     Message from routine ph_restart_set_filename :
     cannot open file for reading or writing
     Message from routine ph_restart_set_filename :
     cannot open file for reading or writing
     Message from routine ph_restart_set_filename :
     cannot open file for reading or writing
     Message from routine ph_restart_set_filename :
     cannot open file for reading or writing
     Message from routine ph_restart_set_filename :
     cannot open file for reading or writing
     Message from routine ph_restart_set_filename :
     cannot open file for reading or writing
     Message from routine ph_restart_set_filename :
     cannot open file for reading or writing
     Message from routine ph_restart_set_filename :
     cannot open file for reading or writing
     Message from routine ph_restart_set_filename :
     cannot open file for reading or writing
     Message from routine ph_restart_set_filename :
     cannot open file for reading or writing
     Message from routine ph_restart_set_filename :
     cannot open file for reading or writing
     Message from routine ph_restart_set_filename :
     cannot open file for reading or writing
     Message from routine ph_restart_set_filename :
     cannot open file for reading or writing
     Message from routine ph_restart_set_filename :
     cannot open file for reading or writing
     Message from routine ph_restart_set_filename :
     cannot open file for reading or writing
     Message from routine ph_restart_set_filename :
     cannot open file for reading or writing
     Message from routine ph_restart_set_filename :
     cannot open file for reading or writing
     Message from routine ph_restart_set_filename :
     cannot open file for reading or writing
     Message from routine ph_restart_set_filename :
     cannot open file for reading or writing
     Message from routine ph_restart_set_filename :
     cannot open file for reading or writing
     Message from routine ph_restart_set_filename :
     cannot open file for reading or writing
     Message from routine ph_restart_set_filename :
     cannot open file for reading or writing
     Message from routine ph_restart_set_filename :
     cannot open file for reading or writing
     Message from routine ph_restart_set_filename :
     cannot open file for reading or writing
     Message from routine ph_restart_set_filename :
     cannot open file for reading or writing
     Message from routine ph_restart_set_filename :
     cannot open file for reading or writing
     Message from routine ph_restart_set_filename :
     cannot open file for reading or writing
     Message from routine ph_restart_set_filename :
     cannot open file for reading or writing
     Message from routine ph_restart_set_filename :
     cannot open file for reading or writing
     Message from routine ph_restart_set_filename :
     cannot open file for reading or writing
     Message from routine ph_restart_set_filename :
     cannot open file for reading or writing
     Message from routine ph_restart_set_filename :
     cannot open file for reading or writing
     Message from routine ph_restart_set_filename :
     cannot open file for reading or writing
     Message from routine ph_restart_set_filename :
     cannot open file for reading or writing
     Message from routine ph_restart_set_filename :
     cannot open file for reading or writing
     Message from routine ph_restart_set_filename :
     cannot open file for reading or writing
     Message from routine ph_restart_set_filename :
     cannot open file for reading or writing
     Message from routine ph_restart_set_filename :
     cannot open file for reading or writing
     Message from routine ph_restart_set_filename :
     cannot open file for reading or writing
     Message from routine ph_restart_set_filename :
     cannot open file for reading or writing
     Message from routine ph_restart_set_filename :
     cannot open file for reading or writing
     Message from routine ph_restart_set_filename :
     cannot open file for reading or writing
     Message from routine ph_restart_set_filename :
     cannot open file for reading or writing
     Message from routine ph_restart_set_filename :
     cannot open file for reading or writing
     Message from routine ph_restart_set_filename :
     cannot open file for reading or writing
     Message from routine ph_restart_set_filename :
     cannot open file for reading or writing
     Message from routine ph_restart_set_filename :
     cannot open file for reading or writing
     Message from routine ph_restart_set_filename :
     cannot open file for reading or writing
     Message from routine ph_restart_set_filename :
     cannot open file for reading or writing

     Restart in Phonon calculation

     Phonons                                                                    

     bravais-lattice index     =            0
     lattice parameter (alat)  =      14.0156  a.u.
     unit-cell volume          =    2403.6928 (a.u.)^3
     number of atoms/cell      =           28
     number of atomic types    =            4
     kinetic-energy cut-off    =      50.0000  Ry
     charge density cut-off    =     400.0000  Ry
     convergence threshold     =      1.0E-14
     beta                      =       0.7000
     number of iterations used =            4
     Exchange-correlation= PBE
                           (   1   4   3   4   0   0   0)


     celldm(1)=   14.01558  celldm(2)=    0.00000  celldm(3)=    0.00000
     celldm(4)=    0.00000  celldm(5)=    0.00000  celldm(6)=    0.00000

     crystal axes: (cart. coord. in units of alat)
               a(1) = (  0.9795  0.0387 -0.0099 )  
               a(2) = (  0.0361  0.8433  0.0474 )  
               a(3) = (  0.0242  0.8932  1.1091 )  

     reciprocal axes: (cart. coord. in units 2 pi/alat)
               b(1) = (  1.0228 -0.0446  0.0135 )  
               b(2) = ( -0.0594  1.2446 -1.0011 )  
               b(3) = (  0.0117 -0.0535  0.9445 )  


     Atoms inside the unit cell: 

     Cartesian axes

     site n.  atom      mass           positions (alat units)
        1     Mg   1.0000   tau(    1) = (    0.40216    1.06063    0.87296  )
        2     Mg   1.0000   tau(    2) = (    0.63271    0.70646    0.29243  )
        3     Mg   1.0000   tau(    3) = (    0.91927    1.10991    0.85323  )
        4     Mg   1.0000   tau(    4) = (    0.14352    0.68963    0.28520  )
        5     Ga   1.0000   tau(    5) = (    0.39902    1.46246    0.98549  )
        6     Zr   1.0000   tau(    6) = (    0.63999    0.29629    0.08733  )
        7     Ga   1.0000   tau(    7) = (    0.86340    0.69938    0.67133  )
        8     Ga   1.0000   tau(    8) = (    0.17433    1.09710    0.47864  )
        9     H    1.0000   tau(    9) = (    0.06291    0.68449    0.56444  )
       10     H    1.0000   tau(   10) = (    0.97421    1.15350    0.58974  )
       11     H    1.0000   tau(   11) = (    0.57249    1.43800    1.13851  )
       12     H    1.0000   tau(   12) = (    0.41139    0.19275    0.02042  )
       13     H    1.0000   tau(   13) = (    0.33767    1.32330    0.82953  )
       14     H    1.0000   tau(   14) = (    0.68028    0.44964    0.30034  )
       15     H    1.0000   tau(   15) = (    0.83236    0.86691    0.80359  )
       16     H    1.0000   tau(   16) = (    0.13068    0.94693    0.33144  )
       17     H    1.0000   tau(   17) = (    0.91814    1.37744    0.85500  )
       18     H    1.0000   tau(   18) = (    0.15461    0.42960    0.30728  )
       19     H    1.0000   tau(   19) = (    0.45491    0.78760    0.83448  )
       20     H    1.0000   tau(   20) = (    0.61998    0.97204    0.32594  )
       21     H    1.0000   tau(   21) = (    0.16800    1.00110    0.90224  )
       22     H    1.0000   tau(   22) = (    0.87833    0.75043    0.20089  )
       23     H    1.0000   tau(   23) = (    0.65429    1.14218    0.91835  )
       24     H    1.0000   tau(   24) = (    0.38479    0.69034    0.34083  )
       25     H    1.0000   tau(   25) = (    0.35516    1.06366    0.59411  )
       26     H    1.0000   tau(   26) = (    0.68249    0.68146    0.55842  )
       27     H    1.0000   tau(   27) = (    0.90227    1.15629    1.10527  )
       28     H    1.0000   tau(   28) = (    0.20946    0.62430    0.00314  )

     Computing dynamical matrix for 
                    q = (   0.0000000   0.0000000   0.0000000 )

      2 Sym.Ops. (with q -> -q+G )


     G cutoff = 1990.3169  ( 324595 G-vectors)     FFT grid: ( 90, 75,125)
     G cutoff =  995.1585  ( 114835 G-vectors)  smooth grid: ( 64, 54, 90)

     number of k points=     8  Methfessel-Paxton smearing, width (Ry)=  0.0200

     PseudoPot. # 1 for Ga read from file:
     /home/marco/ZOS_Cloud_Compute/pseudo/Ga.UPF
     MD5 check sum: 79e63b61437c88080bf469cc04ca4be8
     Pseudo is Projector augmented-wave + core cor, Zval = 13.0
     Generated using "atomic" code by A. Dal Corso  v.5.1.2
     Shape of augmentation charge: PSQ
     Using radial grid of 1205 points,  6 beta functions with: 
                l(1) =   0
                l(2) =   0
                l(3) =   1
                l(4) =   1
                l(5) =   2
                l(6) =   2
     Q(r) pseudized with 0 coefficients 


     PseudoPot. # 2 for H  read from file:
     /home/marco/ZOS_Cloud_Compute/pseudo/H.UPF
     MD5 check sum: 850d63dcbcc06c5de8b44e0ab9f952da
     Pseudo is Projector augmented-wave, Zval =  1.0
     Generated using "atomic" code by A. Dal Corso  v.5.1.2
     Shape of augmentation charge: PSQ
     Using radial grid of  929 points,  2 beta functions with: 
                l(1) =   0
                l(2) =   0
     Q(r) pseudized with 0 coefficients 


     PseudoPot. # 3 for Mg read from file:
     /home/marco/ZOS_Cloud_Compute/pseudo/Mg.UPF
     MD5 check sum: a77e51077e70c6c73445c6cac60d158f
     Pseudo is Projector augmented-wave + core cor, Zval = 10.0
     Generated using ATOMPAW code
     Shape of augmentation charge: BESSEL
     Using radial grid of 1171 points,  6 beta functions with: 
                l(1) =   0
                l(2) =   0
                l(3) =   0
                l(4) =   0
                l(5) =   1
                l(6) =   1
     Q(r) pseudized with 0 coefficients 


     PseudoPot. # 4 for Zr read from file:
     /home/marco/ZOS_Cloud_Compute/pseudo/Zr.UPF
     MD5 check sum: 56bebf6edcd38415d7dd1a973c3f3403
     Pseudo is Ultrasoft + core correction, Zval = 12.0
     Generated by new atomic code, or converted to UPF format
     Using radial grid of  887 points,  6 beta functions with: 
                l(1) =   0
                l(2) =   0
                l(3) =   1
                l(4) =   1
                l(5) =   2
                l(6) =   2
     Q(r) pseudized with  6 coefficients,  rinner =    1.200   1.200   1.200
                                                       1.200   1.200


     Atomic displacements:
     There are   84 irreducible representations

     Representation     1      1 modes -  To be done

     Representation     2      1 modes -  To be done

     Representation     3      1 modes -  To be done

     Representation     4      1 modes -  To be done

     Representation     5      1 modes -  To be done

     Representation     6      1 modes -  To be done

     Representation     7      1 modes -  To be done

     Representation     8      1 modes -  To be done

     Representation     9      1 modes -  To be done

     Representation    10      1 modes -  To be done

     Representation    11      1 modes -  To be done

     Representation    12      1 modes -  To be done

     Representation    13      1 modes -  To be done

     Representation    14      1 modes -  To be done

     Representation    15      1 modes -  To be done

     Representation    16      1 modes -  To be done

     Representation    17      1 modes -  To be done

     Representation    18      1 modes -  To be done

     Representation    19      1 modes -  To be done

     Representation    20      1 modes -  To be done

     Representation    21      1 modes -  To be done

     Representation    22      1 modes -  To be done

     Representation    23      1 modes -  To be done

     Representation    24      1 modes -  To be done

     Representation    25      1 modes -  To be done

     Representation    26      1 modes -  To be done

     Representation    27      1 modes -  To be done

     Representation    28      1 modes -  To be done

     Representation    29      1 modes -  To be done

     Representation    30      1 modes -  To be done

     Representation    31      1 modes -  To be done

     Representation    32      1 modes -  To be done

     Representation    33      1 modes -  To be done

     Representation    34      1 modes -  To be done

     Representation    35      1 modes -  To be done

     Representation    36      1 modes -  To be done

     Representation    37      1 modes -  To be done

     Representation    38      1 modes -  To be done

     Representation    39      1 modes -  To be done

     Representation    40      1 modes -  To be done

     Representation    41      1 modes -  To be done

     Representation    42      1 modes -  To be done

     Representation    43      1 modes -  To be done

     Representation    44      1 modes -  To be done

     Representation    45      1 modes -  To be done

     Representation    46      1 modes -  To be done

     Representation    47      1 modes -  To be done

     Representation    48      1 modes -  To be done

     Representation    49      1 modes -  To be done

     Representation    50      1 modes -  To be done

     Representation    51      1 modes -  To be done

     Representation    52      1 modes -  To be done

     Representation    53      1 modes -  To be done

     Representation    54      1 modes -  To be done

     Representation    55      1 modes -  To be done

     Representation    56      1 modes -  To be done

     Representation    57      1 modes -  To be done

     Representation    58      1 modes -  To be done

     Representation    59      1 modes -  To be done

     Representation    60      1 modes -  To be done

     Representation    61      1 modes -  To be done

     Representation    62      1 modes -  To be done

     Representation    63      1 modes -  To be done

     Representation    64      1 modes -  To be done

     Representation    65      1 modes -  To be done

     Representation    66      1 modes -  To be done

     Representation    67      1 modes -  To be done

     Representation    68      1 modes -  To be done

     Representation    69      1 modes -  To be done

     Representation    70      1 modes -  To be done

     Representation    71      1 modes -  To be done

     Representation    72      1 modes -  To be done

     Representation    73      1 modes -  To be done

     Representation    74      1 modes -  To be done

     Representation    75      1 modes -  To be done

     Representation    76      1 modes -  To be done

     Representation    77      1 modes -  To be done

     Representation    78      1 modes -  To be done

     Representation    79      1 modes -  To be done

     Representation    80      1 modes -  To be done

     Representation    81      1 modes -  To be done

     Representation    82      1 modes -  To be done

     Representation    83      1 modes -  To be done

     Representation    84      1 modes -  To be done


     PHONON       :  13m41.32s CPU  11m15.81s WALL



     Representation #   1 mode #   1

     Self-consistent Calculation
     kpoint   1 ibnd  58 solve_linter: root not converged  1.158E+00
     kpoint   2 ibnd  58 solve_linter: root not converged  6.631E-01
     kpoint   3 ibnd  58 solve_linter: root not converged  5.654E-02
     kpoint   4 ibnd  58 solve_linter: root not converged  2.343E+01
     kpoint   5 ibnd  58 solve_linter: root not converged  9.123E+00
     kpoint   6 ibnd  58 solve_linter: root not converged  1.565E+02
     kpoint   7 ibnd  58 solve_linter: root not converged  1.627E+01
     kpoint   8 ibnd  57 solve_linter: root not converged  1.418E+00

     Pert. #  1: Fermi energy shift (Ry) =    -5.8348E+03     0.0000E+00

      iter #  13 total cpu time :  2312.2 secs   av.it.: 384.5
      thresh= 1.000E-02 alpha_mix =  0.700 |ddv_scf|^2 =  1.527E+05
     kpoint   1 ibnd  58 solve_linter: root not converged  4.038E+00
     kpoint   2 ibnd  58 solve_linter: root not converged  1.292E+01
     kpoint   3 ibnd  58 solve_linter: root not converged  5.053E+00
     kpoint   4 ibnd  58 solve_linter: root not converged  1.263E+02
     kpoint   5 ibnd  58 solve_linter: root not converged  6.006E+01
     kpoint   6 ibnd  58 solve_linter: root not converged  1.400E+02
     kpoint   7 ibnd  58 solve_linter: root not converged  2.123E+01
     kpoint   8 ibnd  57 solve_linter: root not converged  1.227E+01

     Pert. #  1: Fermi energy shift (Ry) =    -1.2672E+04     0.0000E+00

      iter #  14 total cpu time :  3936.7 secs   av.it.: 391.8
      thresh= 1.000E-02 alpha_mix =  0.700 |ddv_scf|^2 =  7.331E+04
     kpoint   1 ibnd  58 solve_linter: root not converged  4.311E+01
     kpoint   2 ibnd  58 solve_linter: root not converged  4.509E+01
     kpoint   3 ibnd  58 solve_linter: root not converged  1.269E+01
     kpoint   4 ibnd  58 solve_linter: root not converged  8.498E+00
     kpoint   5 ibnd  58 solve_linter: root not converged  7.276E+02
     kpoint   6 ibnd  58 solve_linter: root not converged  4.822E+02
     kpoint   7 ibnd  58 solve_linter: root not converged  1.141E+01
     kpoint   8 ibnd  57 solve_linter: root not converged  3.374E+00

     Pert. #  1: Fermi energy shift (Ry) =     3.6400E+03     0.0000E+00

      iter #  15 total cpu time :  5592.8 secs   av.it.: 391.1
      thresh= 1.000E-02 alpha_mix =  0.700 |ddv_scf|^2 =  1.674E+05
     kpoint   1 ibnd  58 solve_linter: root not converged  1.369E+01
     kpoint   2 ibnd  58 solve_linter: root not converged  8.691E+00
     kpoint   3 ibnd  58 solve_linter: root not converged  5.624E+01
     kpoint   4 ibnd  58 solve_linter: root not converged  2.660E+02
     kpoint   5 ibnd  58 solve_linter: root not converged  1.090E+02
     kpoint   6 ibnd  58 solve_linter: root not converged  6.531E+02
     kpoint   7 ibnd  58 solve_linter: root not converged  1.525E+02
     kpoint   8 ibnd  57 solve_linter: root not converged  5.563E+02

     Pert. #  1: Fermi energy shift (Ry) =    -7.2456E+04     0.0000E+00

      iter #  16 total cpu time :  7258.0 secs   av.it.: 394.0
      thresh= 1.000E-02 alpha_mix =  0.700 |ddv_scf|^2 =  6.285E+06
     kpoint   1 ibnd  58 solve_linter: root not converged  2.919E-02
     kpoint   2 ibnd  58 solve_linter: root not converged  3.417E-01
     kpoint   3 ibnd  58 solve_linter: root not converged  3.300E+02
     kpoint   4 ibnd  58 solve_linter: root not converged  2.332E-02
     kpoint   5 ibnd  58 solve_linter: root not converged  3.382E+03
     kpoint   6 ibnd  58 solve_linter: root not converged  1.207E-02
     kpoint   7 ibnd  58 solve_linter: root not converged  5.185E-02
     kpoint   8 ibnd  57 solve_linter: root not converged  1.394E-01

     Pert. #  1: Fermi energy shift (Ry) =    -6.4756E+03     0.0000E+00

      iter #  17 total cpu time :  8932.7 secs   av.it.: 396.8
      thresh= 1.000E-02 alpha_mix =  0.700 |ddv_scf|^2 =  3.608E+06
     kpoint   1 ibnd  58 solve_linter: root not converged  1.803E-02
     kpoint   2 ibnd  58 solve_linter: root not converged  3.451E-02
     kpoint   3 ibnd  58 solve_linter: root not converged  4.212E-02
     kpoint   4 ibnd  58 solve_linter: root not converged  2.111E-02
     kpoint   5 ibnd  58 solve_linter: root not converged  6.842E-01
     kpoint   6 ibnd  58 solve_linter: root not converged  1.142E-01
     kpoint   7 ibnd  58 solve_linter: root not converged  1.170E-01
     kpoint   8 ibnd  57 solve_linter: root not converged  5.791E-02

     Pert. #  1: Fermi energy shift (Ry) =     2.0272E+05     0.0000E+00

      iter #  18 total cpu time : 10636.0 secs   av.it.: 399.1
      thresh= 1.000E-02 alpha_mix =  0.700 |ddv_scf|^2 =  2.677E+07
     kpoint   1 ibnd  58 solve_linter: root not converged  1.416E-02
     kpoint   2 ibnd  58 solve_linter: root not converged  1.635E-02
     kpoint   3 ibnd  58 solve_linter: root not converged  4.336E-02
     kpoint   4 ibnd  58 solve_linter: root not converged  3.176E-01
     kpoint   5 ibnd  58 solve_linter: root not converged  4.072E-02
     kpoint   6 ibnd  58 solve_linter: root not converged  4.418E-02
     kpoint   7 ibnd  58 solve_linter: root not converged  1.998E-02
     kpoint   8 ibnd  57 solve_linter: root not converged  4.790E-02

     Pert. #  1: Fermi energy shift (Ry) =     4.1149E+04     0.0000E+00

      iter #  19 total cpu time : 12299.4 secs   av.it.: 399.0
      thresh= 1.000E-02 alpha_mix =  0.700 |ddv_scf|^2 =  1.247E+07
     kpoint   1 ibnd  58 solve_linter: root not converged  1.963E+00
     kpoint   2 ibnd  58 solve_linter: root not converged  6.518E-01
     kpoint   3 ibnd  58 solve_linter: root not converged  2.414E-02
     kpoint   4 ibnd  58 solve_linter: root not converged  1.253E+00
     kpoint   5 ibnd  58 solve_linter: root not converged  1.637E-02
     kpoint   6 ibnd  58 solve_linter: root not converged  8.960E-02
     kpoint   7 ibnd  58 solve_linter: root not converged  2.050E-02
     kpoint   8 ibnd  57 solve_linter: root not converged  1.865E-01

     Pert. #  1: Fermi energy shift (Ry) =    -9.6896E+04     0.0000E+00

      iter #  20 total cpu time : 13963.2 secs   av.it.: 398.8
      thresh= 1.000E-02 alpha_mix =  0.700 |ddv_scf|^2 =  4.424E+07
     kpoint   1 ibnd  58 solve_linter: root not converged  5.928E-02
     kpoint   2 ibnd  58 solve_linter: root not converged  3.941E-02
     kpoint   3 ibnd  58 solve_linter: root not converged  9.982E-03
     kpoint   4 ibnd  58 solve_linter: root not converged  2.309E-01
     kpoint   5 ibnd  58 solve_linter: root not converged  6.138E-02
     kpoint   6 ibnd  58 solve_linter: root not converged  6.289E-02
     kpoint   7 ibnd  58 solve_linter: root not converged  7.366E-02
     kpoint   8 ibnd  57 solve_linter: root not converged  7.031E-02

     Pert. #  1: Fermi energy shift (Ry) =    -2.5232E+06     0.0000E+00

      iter #  21 total cpu time : 15616.7 secs   av.it.: 399.6
      thresh= 1.000E-02 alpha_mix =  0.700 |ddv_scf|^2 =  4.009E+08
     kpoint   1 ibnd  58 solve_linter: root not converged  1.075E-01
     kpoint   2 ibnd  58 solve_linter: root not converged  3.729E-02
     kpoint   3 ibnd  58 solve_linter: root not converged  2.708E-02
     kpoint   4 ibnd  58 solve_linter: root not converged  1.094E-01
     kpoint   5 ibnd  58 solve_linter: root not converged  2.888E-02
     kpoint   6 ibnd  58 solve_linter: root not converged  2.085E-01
     kpoint   7 ibnd  58 solve_linter: root not converged  1.167E-01
     kpoint   8 ibnd  57 solve_linter: root not converged  2.214E-02

     Pert. #  1: Fermi energy shift (Ry) =    -2.9602E+06     0.0000E+00

      iter #  22 total cpu time : 17298.6 secs   av.it.: 399.8
      thresh= 1.000E-02 alpha_mix =  0.700 |ddv_scf|^2 =  1.409E+09
     kpoint   1 ibnd  58 solve_linter: root not converged  1.469E-01
     kpoint   2 ibnd  58 solve_linter: root not converged  4.833E-02
     kpoint   3 ibnd  58 solve_linter: root not converged  1.245E-01
     kpoint   4 ibnd  58 solve_linter: root not converged  7.441E-02
     kpoint   5 ibnd  58 solve_linter: root not converged  1.560E-01
     kpoint   6 ibnd  58 solve_linter: root not converged  3.280E-01
     kpoint   7 ibnd  58 solve_linter: root not converged  1.182E-01
     kpoint   8 ibnd  57 solve_linter: root not converged  1.228E-01

     Pert. #  1: Fermi energy shift (Ry) =     2.4287E+05     0.0000E+00

      iter #  23 total cpu time : 18976.1 secs   av.it.: 400.0
      thresh= 1.000E-02 alpha_mix =  0.700 |ddv_scf|^2 =  2.023E+09
     kpoint   1 ibnd  58 solve_linter: root not converged  2.585E-01
     kpoint   2 ibnd  58 solve_linter: root not converged  2.304E-01
     kpoint   3 ibnd  58 solve_linter: root not converged  2.499E-02
     kpoint   4 ibnd  58 solve_linter: root not converged  2.014E-01
     kpoint   5 ibnd  58 solve_linter: root not converged  9.498E-02
     kpoint   6 ibnd  58 solve_linter: root not converged  4.084E-01
     kpoint   7 ibnd  58 solve_linter: root not converged  7.521E-02
     kpoint   8 ibnd  57 solve_linter: root not converged  6.569E-02

     Pert. #  1: Fermi energy shift (Ry) =    -2.7298E+06     0.0000E+00

      iter #  24 total cpu time : 20659.2 secs   av.it.: 400.0
      thresh= 1.000E-02 alpha_mix =  0.700 |ddv_scf|^2 =  8.065E+09
     kpoint   1 ibnd  58 solve_linter: root not converged  4.238E-01
     kpoint   2 ibnd  58 solve_linter: root not converged  2.853E-02
     kpoint   3 ibnd  58 solve_linter: root not converged  2.288E-01
     kpoint   4 ibnd  58 solve_linter: root not converged  9.348E-02
     kpoint   5 ibnd  58 solve_linter: root not converged  6.507E-01
     kpoint   6 ibnd  58 solve_linter: root not converged  8.198E-01
     kpoint   7 ibnd  58 solve_linter: root not converged  1.569E-01
     kpoint   8 ibnd  57 solve_linter: root not converged  4.009E-02

     Pert. #  1: Fermi energy shift (Ry) =    -2.2493E+06     0.0000E+00

      iter #  25 total cpu time : 22324.7 secs   av.it.: 400.0
      thresh= 1.000E-02 alpha_mix =  0.700 |ddv_scf|^2 =  8.306E+09
     kpoint   1 ibnd  58 solve_linter: root not converged  1.816E-01
     kpoint   2 ibnd  58 solve_linter: root not converged  4.526E-01
     kpoint   3 ibnd  58 solve_linter: root not converged  3.934E-01
     kpoint   4 ibnd  58 solve_linter: root not converged  1.939E-01
     kpoint   5 ibnd  58 solve_linter: root not converged  2.443E+00
     kpoint   6 ibnd  58 solve_linter: root not converged  2.155E+00
     kpoint   7 ibnd  58 solve_linter: root not converged  2.317E+00
     kpoint   8 ibnd  57 solve_linter: root not converged  1.110E+00

     Pert. #  1: Fermi energy shift (Ry) =    -8.4122E+06     0.0000E+00

      iter #  26 total cpu time : 23995.2 secs   av.it.: 400.0
      thresh= 1.000E-02 alpha_mix =  0.700 |ddv_scf|^2 =  2.680E+10
     kpoint   1 ibnd  58 solve_linter: root not converged  1.706E+00
     kpoint   2 ibnd  58 solve_linter: root not converged  4.315E-01
     kpoint   3 ibnd  58 solve_linter: root not converged  4.903E-01
     kpoint   4 ibnd  58 solve_linter: root not converged  3.505E-01
     kpoint   5 ibnd  58 solve_linter: root not converged  9.263E-01
     kpoint   6 ibnd  58 solve_linter: root not converged  1.424E+00
     kpoint   7 ibnd  58 solve_linter: root not converged  1.880E-01
     kpoint   8 ibnd  57 solve_linter: root not converged  2.238E-01

     Pert. #  1: Fermi energy shift (Ry) =     7.1478E+06     0.0000E+00

      iter #  27 total cpu time : 25672.7 secs   av.it.: 400.0
      thresh= 1.000E-02 alpha_mix =  0.700 |ddv_scf|^2 =  9.501E+11
     kpoint   1 ibnd  58 solve_linter: root not converged  2.414E-01
     kpoint   2 ibnd  58 solve_linter: root not converged  2.747E+00
     kpoint   3 ibnd  58 solve_linter: root not converged  1.940E-01
     kpoint   4 ibnd  58 solve_linter: root not converged  2.683E-01
     kpoint   5 ibnd  58 solve_linter: root not converged  7.538E+01
     kpoint   6 ibnd  58 solve_linter: root not converged  2.221E+00
     kpoint   7 ibnd  58 solve_linter: root not converged  4.077E+00
     kpoint   8 ibnd  57 solve_linter: root not converged  9.719E-01

     Pert. #  1: Fermi energy shift (Ry) =    -1.4827E+06     0.0000E+00

      iter #  28 total cpu time : 27337.8 secs   av.it.: 400.0
      thresh= 1.000E-02 alpha_mix =  0.700 |ddv_scf|^2 =  1.426E+14
     kpoint   1 ibnd  58 solve_linter: root not converged  1.648E+01
     kpoint   2 ibnd  58 solve_linter: root not converged  1.286E+00
     kpoint   3 ibnd  58 solve_linter: root not converged  5.446E-01
     kpoint   4 ibnd  58 solve_linter: root not converged  8.978E+00
     kpoint   5 ibnd  58 solve_linter: root not converged  1.842E+02
     kpoint   6 ibnd  58 solve_linter: root not converged  1.055E+01
     kpoint   7 ibnd  58 solve_linter: root not converged  1.649E+01
     kpoint   8 ibnd  57 solve_linter: root not converged  8.612E+00

     Pert. #  1: Fermi energy shift (Ry) =     2.4065E+08     0.0000E+00

      iter #  29 total cpu time : 29008.4 secs   av.it.: 400.0
      thresh= 1.000E-02 alpha_mix =  0.700 |ddv_scf|^2 =  1.198E+14
     kpoint   1 ibnd  58 solve_linter: root not converged  4.458E+00
     kpoint   2 ibnd  58 solve_linter: root not converged  6.510E+00
     kpoint   3 ibnd  58 solve_linter: root not converged  8.866E-01
     kpoint   4 ibnd  58 solve_linter: root not converged  3.942E+00
     kpoint   5 ibnd  58 solve_linter: root not converged  3.302E+00
     kpoint   6 ibnd  58 solve_linter: root not converged  1.245E+02
     kpoint   7 ibnd  58 solve_linter: root not converged  8.957E-01
     kpoint   8 ibnd  57 solve_linter: root not converged  1.446E+00

     Pert. #  1: Fermi energy shift (Ry) =     3.0631E+07     0.0000E+00

      iter #  30 total cpu time : 30669.8 secs   av.it.: 400.0
      thresh= 1.000E-02 alpha_mix =  0.700 |ddv_scf|^2 =  1.466E+14
     kpoint   1 ibnd  58 solve_linter: root not converged  9.749E+00
     kpoint   2 ibnd  58 solve_linter: root not converged  1.549E+01
     kpoint   3 ibnd  58 solve_linter: root not converged  4.620E+00
     kpoint   4 ibnd  58 solve_linter: root not converged  3.871E+00
     kpoint   5 ibnd  58 solve_linter: root not converged  4.765E+01
     kpoint   6 ibnd  58 solve_linter: root not converged  1.074E+01
     kpoint   7 ibnd  58 solve_linter: root not converged  3.939E+01
     kpoint   8 ibnd  57 solve_linter: root not converged  7.296E+00

     Pert. #  1: Fermi energy shift (Ry) =     7.3623E+07     0.0000E+00

      iter #  31 total cpu time : 32371.7 secs   av.it.: 400.0
      thresh= 1.000E-02 alpha_mix =  0.700 |ddv_scf|^2 =  1.878E+14
     kpoint   1 ibnd  58 solve_linter: root not converged  2.439E+01
     kpoint   2 ibnd  58 solve_linter: root not converged  3.607E+01
     kpoint   3 ibnd  58 solve_linter: root not converged  1.895E+02
     kpoint   4 ibnd  58 solve_linter: root not converged  1.860E+01
     kpoint   5 ibnd  58 solve_linter: root not converged  3.559E+02
     kpoint   6 ibnd  58 solve_linter: root not converged  7.531E+02
     kpoint   7 ibnd  58 solve_linter: root not converged  3.426E+01
     kpoint   8 ibnd  57 solve_linter: root not converged  3.576E+01

     Pert. #  1: Fermi energy shift (Ry) =    -2.7470E+08     0.0000E+00

      iter #  32 total cpu time : 34055.6 secs   av.it.: 400.0
      thresh= 1.000E-02 alpha_mix =  0.700 |ddv_scf|^2 =  3.090E+14
     kpoint   1 ibnd  58 solve_linter: root not converged  5.147E+01
     kpoint   2 ibnd  58 solve_linter: root not converged  4.171E+01
     kpoint   3 ibnd  58 solve_linter: root not converged  4.734E+01
     kpoint   4 ibnd  58 solve_linter: root not converged  4.286E+02
     kpoint   5 ibnd  58 solve_linter: root not converged  3.533E+03
     kpoint   6 ibnd  58 solve_linter: root not converged  2.127E+02
     kpoint   7 ibnd  58 solve_linter: root not converged  7.061E+01
     kpoint   8 ibnd  57 solve_linter: root not converged  1.010E+02

     Pert. #  1: Fermi energy shift (Ry) =    -4.4228E+08     0.0000E+00

      iter #  33 total cpu time : 35717.5 secs   av.it.: 400.0
      thresh= 1.000E-02 alpha_mix =  0.700 |ddv_scf|^2 =  1.095E+15
     kpoint   1 ibnd  58 solve_linter: root not converged  4.350E+01
     kpoint   2 ibnd  58 solve_linter: root not converged  5.204E+04
     kpoint   3 ibnd  58 solve_linter: root not converged  4.637E+01
     kpoint   4 ibnd  58 solve_linter: root not converged  8.206E+01
     kpoint   5 ibnd  58 solve_linter: root not converged  2.034E+02
     kpoint   6 ibnd  58 solve_linter: root not converged  2.942E+02
     kpoint   7 ibnd  58 solve_linter: root not converged  5.794E+02
     kpoint   8 ibnd  57 solve_linter: root not converged  4.161E+02

     Pert. #  1: Fermi energy shift (Ry) =    -1.7918E+09     0.0000E+00

      iter #  34 total cpu time : 37384.8 secs   av.it.: 400.0
      thresh= 1.000E-02 alpha_mix =  0.700 |ddv_scf|^2 =  5.734E+15
     kpoint   1 ibnd  58 solve_linter: root not converged  6.327E+01
     kpoint   2 ibnd  58 solve_linter: root not converged  3.710E+02
     kpoint   3 ibnd  58 solve_linter: root not converged  3.805E+01
     kpoint   4 ibnd  58 solve_linter: root not converged  8.295E+01
     kpoint   5 ibnd  58 solve_linter: root not converged  1.442E+02
     kpoint   6 ibnd  58 solve_linter: root not converged  1.729E+03
     kpoint   7 ibnd  58 solve_linter: root not converged  8.502E+01
     kpoint   8 ibnd  57 solve_linter: root not converged  7.359E+01

     Pert. #  1: Fermi energy shift (Ry) =     1.9499E+09     0.0000E+00

      iter #  35 total cpu time : 39055.0 secs   av.it.: 400.0
      thresh= 1.000E-02 alpha_mix =  0.700 |ddv_scf|^2 =  1.130E+16
     kpoint   1 ibnd  58 solve_linter: root not converged  1.052E+03
     kpoint   2 ibnd  58 solve_linter: root not converged  2.102E+03
     kpoint   3 ibnd  58 solve_linter: root not converged  1.926E+02
     kpoint   4 ibnd  58 solve_linter: root not converged  1.332E+03
     kpoint   5 ibnd  58 solve_linter: root not converged  3.716E+04
     kpoint   6 ibnd  58 solve_linter: root not converged  1.846E+03
     kpoint   7 ibnd  58 solve_linter: root not converged  1.715E+02
     kpoint   8 ibnd  57 solve_linter: root not converged  1.012E+04

     Pert. #  1: Fermi energy shift (Ry) =    -6.2634E+09     0.0000E+00

      iter #  36 total cpu time : 40738.1 secs   av.it.: 400.0
      thresh= 1.000E-02 alpha_mix =  0.700 |ddv_scf|^2 =  6.321E+15
     kpoint   1 ibnd  58 solve_linter: root not converged  5.883E+02
     kpoint   2 ibnd  58 solve_linter: root not converged  1.501E+03
     kpoint   3 ibnd  58 solve_linter: root not converged  4.356E+02
     kpoint   4 ibnd  58 solve_linter: root not converged  8.475E+02
     kpoint   5 ibnd  58 solve_linter: root not converged  1.038E+05
     kpoint   6 ibnd  58 solve_linter: root not converged  8.939E+03
     kpoint   7 ibnd  58 solve_linter: root not converged  1.829E+03
     kpoint   8 ibnd  57 solve_linter: root not converged  6.411E+02

     Pert. #  1: Fermi energy shift (Ry) =     5.2385E+09     0.0000E+00

      iter #  37 total cpu time : 42408.1 secs   av.it.: 400.0
      thresh= 1.000E-02 alpha_mix =  0.700 |ddv_scf|^2 =  5.353E+16
     kpoint   1 ibnd  58 solve_linter: root not converged  2.376E+03
     kpoint   2 ibnd  58 solve_linter: root not converged  6.888E+03
     kpoint   3 ibnd  58 solve_linter: root not converged  2.037E+03
     kpoint   4 ibnd  58 solve_linter: root not converged  2.807E+03
     kpoint   5 ibnd  58 solve_linter: root not converged  5.946E+02
     kpoint   6 ibnd  58 solve_linter: root not converged  1.122E+04
     kpoint   7 ibnd  58 solve_linter: root not converged  6.208E+02
     kpoint   8 ibnd  57 solve_linter: root not converged  8.034E+02

     Pert. #  1: Fermi energy shift (Ry) =    -4.3014E+09     0.0000E+00

      iter #  38 total cpu time : 44104.2 secs   av.it.: 400.0
      thresh= 1.000E-02 alpha_mix =  0.700 |ddv_scf|^2 =  5.059E+17
     kpoint   1 ibnd  58 solve_linter: root not converged  1.265E+04
     kpoint   2 ibnd  58 solve_linter: root not converged  2.696E+03
     kpoint   3 ibnd  58 solve_linter: root not converged  7.970E+02
     kpoint   4 ibnd  58 solve_linter: root not converged  5.313E+02
     kpoint   5 ibnd  58 solve_linter: root not converged  2.781E+03
     kpoint   6 ibnd  58 solve_linter: root not converged  1.748E+03
     kpoint   7 ibnd  58 solve_linter: root not converged  1.988E+03

     Program PHONON v.6.7MaX starts on  3Mar2026 at  0:37: 7 

     This program is part of the open-source Quantum ESPRESSO suite
     for quantum simulation of materials; please cite
         "P. Giannozzi et al., J. Phys.:Condens. Matter 21 395502 (2009);
         "P. Giannozzi et al., J. Phys.:Condens. Matter 29 465901 (2017);
          URL http://www.quantum-espresso.org", 
     in publications or presentations arising from this work. More details at
     http://www.quantum-espresso.org/quote

     Parallel version (MPI), running on     2 processors

     MPI processes distributed on     1 nodes
     R & G space division:  proc/nbgrp/npool/nimage =       2
     Waiting for input...
     Reading input from standard input

     Reading xml data from directory:

     ./tmp/Mg4ZrGa3H20.save/
     Message from routine read_pp_mesh:
     mismatch in mesh size, discarding the one in header
     file Ga.UPF: wavefunction(s)  4S renormalized
     file H.UPF: wavefunction(s)  1S renormalized

     IMPORTANT: XC functional enforced from input :
     Exchange-correlation= PBE
                           (   1   4   3   4   0   0   0)
     Any further DFT definition will be discarded
     Please, verify this is what you really want


     Parallelization info
     --------------------
     sticks:   dense  smooth     PW     G-vecs:    dense   smooth      PW
     Min        2580    1292    363               162297    57417    8508
     Max        2581    1293    364               162298    57418    8509
     Sum        5161    2585    727               324595   114835   17017


     negative rho (up, down):  1.321E+02 0.000E+00
     Reading collected, re-writing distributed wavefunctions
 end of file reached, closing tag not found
warning: file closed at level 1 with tag Root open
        1 /   1 q-points for this run, from  1 to  1:
       N       xq(1)         xq(2)         xq(3) 
       1   0.000000000   0.000000000   0.000000000


     Calculation of q =    0.0000000   0.0000000   0.0000000
     Message from routine ph_restart_set_filename :
     cannot open file for reading or writing
 end of file reached, closing tag not found
warning: file closed at level 1 with tag Root open
     Message from routine ph_restart_set_filename :
     cannot open file for reading or writing
     Message from routine ph_restart_set_filename :
     cannot open file for reading or writing
     Message from routine ph_restart_set_filename :
     cannot open file for reading or writing
     Message from routine ph_restart_set_filename :
     cannot open file for reading or writing
     Message from routine ph_restart_set_filename :
     cannot open file for reading or writing
     Message from routine ph_restart_set_filename :
     cannot open file for reading or writing
     Message from routine ph_restart_set_filename :
     cannot open file for reading or writing
     Message from routine ph_restart_set_filename :
     cannot open file for reading or writing
     Message from routine ph_restart_set_filename :
     cannot open file for reading or writing
     Message from routine ph_restart_set_filename :
     cannot open file for reading or writing
     Message from routine ph_restart_set_filename :
     cannot open file for reading or writing
     Message from routine ph_restart_set_filename :
     cannot open file for reading or writing
     Message from routine ph_restart_set_filename :
     cannot open file for reading or writing
     Message from routine ph_restart_set_filename :
     cannot open file for reading or writing
     Message from routine ph_restart_set_filename :
     cannot open file for reading or writing
     Message from routine ph_restart_set_filename :
     cannot open file for reading or writing
     Message from routine ph_restart_set_filename :
     cannot open file for reading or writing
     Message from routine ph_restart_set_filename :
     cannot open file for reading or writing
     Message from routine ph_restart_set_filename :
     cannot open file for reading or writing
     Message from routine ph_restart_set_filename :
     cannot open file for reading or writing
     Message from routine ph_restart_set_filename :
     cannot open file for reading or writing
     Message from routine ph_restart_set_filename :
     cannot open file for reading or writing
     Message from routine ph_restart_set_filename :
     cannot open file for reading or writing
     Message from routine ph_restart_set_filename :
     cannot open file for reading or writing
     Message from routine ph_restart_set_filename :
     cannot open file for reading or writing
     Message from routine ph_restart_set_filename :
     cannot open file for reading or writing
     Message from routine ph_restart_set_filename :
     cannot open file for reading or writing
     Message from routine ph_restart_set_filename :
     cannot open file for reading or writing
     Message from routine ph_restart_set_filename :
     cannot open file for reading or writing
     Message from routine ph_restart_set_filename :
     cannot open file for reading or writing
     Message from routine ph_restart_set_filename :
     cannot open file for reading or writing
     Message from routine ph_restart_set_filename :
     cannot open file for reading or writing
     Message from routine ph_restart_set_filename :
     cannot open file for reading or writing
     Message from routine ph_restart_set_filename :
     cannot open file for reading or writing
     Message from routine ph_restart_set_filename :
     cannot open file for reading or writing
     Message from routine ph_restart_set_filename :
     cannot open file for reading or writing
     Message from routine ph_restart_set_filename :
     cannot open file for reading or writing
     Message from routine ph_restart_set_filename :
     cannot open file for reading or writing
     Message from routine ph_restart_set_filename :
     cannot open file for reading or writing
     Message from routine ph_restart_set_filename :
     cannot open file for reading or writing
     Message from routine ph_restart_set_filename :
     cannot open file for reading or writing
     Message from routine ph_restart_set_filename :
     cannot open file for reading or writing
     Message from routine ph_restart_set_filename :
     cannot open file for reading or writing
     Message from routine ph_restart_set_filename :
     cannot open file for reading or writing
     Message from routine ph_restart_set_filename :
     cannot open file for reading or writing
     Message from routine ph_restart_set_filename :
     cannot open file for reading or writing
     Message from routine ph_restart_set_filename :
     cannot open file for reading or writing
     Message from routine ph_restart_set_filename :
     cannot open file for reading or writing
     Message from routine ph_restart_set_filename :
     cannot open file for reading or writing
     Message from routine ph_restart_set_filename :
     cannot open file for reading or writing
     Message from routine ph_restart_set_filename :
     cannot open file for reading or writing
     Message from routine ph_restart_set_filename :
     cannot open file for reading or writing
     Message from routine ph_restart_set_filename :
     cannot open file for reading or writing
     Message from routine ph_restart_set_filename :
     cannot open file for reading or writing
     Message from routine ph_restart_set_filename :
     cannot open file for reading or writing
     Message from routine ph_restart_set_filename :
     cannot open file for reading or writing
     Message from routine ph_restart_set_filename :
     cannot open file for reading or writing
     Message from routine ph_restart_set_filename :
     cannot open file for reading or writing
     Message from routine ph_restart_set_filename :
     cannot open file for reading or writing
     Message from routine ph_restart_set_filename :
     cannot open file for reading or writing
     Message from routine ph_restart_set_filename :
     cannot open file for reading or writing
     Message from routine ph_restart_set_filename :
     cannot open file for reading or writing
     Message from routine ph_restart_set_filename :
     cannot open file for reading or writing
     Message from routine ph_restart_set_filename :
     cannot open file for reading or writing
     Message from routine ph_restart_set_filename :
     cannot open file for reading or writing
     Message from routine ph_restart_set_filename :
     cannot open file for reading or writing
     Message from routine ph_restart_set_filename :
     cannot open file for reading or writing
     Message from routine ph_restart_set_filename :
     cannot open file for reading or writing
     Message from routine ph_restart_set_filename :
     cannot open file for reading or writing
     Message from routine ph_restart_set_filename :
     cannot open file for reading or writing
     Message from routine ph_restart_set_filename :
     cannot open file for reading or writing
     Message from routine ph_restart_set_filename :
     cannot open file for reading or writing
     Message from routine ph_restart_set_filename :
     cannot open file for reading or writing
     Message from routine ph_restart_set_filename :
     cannot open file for reading or writing
     Message from routine ph_restart_set_filename :
     cannot open file for reading or writing
     Message from routine ph_restart_set_filename :
     cannot open file for reading or writing
     Message from routine ph_restart_set_filename :
     cannot open file for reading or writing
     Message from routine ph_restart_set_filename :
     cannot open file for reading or writing
     Message from routine ph_restart_set_filename :
     cannot open file for reading or writing
     Message from routine ph_restart_set_filename :
     cannot open file for reading or writing
     Message from routine ph_restart_set_filename :
     cannot open file for reading or writing
     Message from routine ph_restart_set_filename :
     cannot open file for reading or writing
     Message from routine ph_restart_set_filename :
     cannot open file for reading or writing
     Message from routine ph_restart_set_filename :
     cannot open file for reading or writing

     Restart in Phonon calculation

     Phonons                                                                    

     bravais-lattice index     =            0
     lattice parameter (alat)  =      14.0156  a.u.
     unit-cell volume          =    2403.6928 (a.u.)^3
     number of atoms/cell      =           28
     number of atomic types    =            4
     kinetic-energy cut-off    =      50.0000  Ry
     charge density cut-off    =     400.0000  Ry
     convergence threshold     =      1.0E-14
     beta                      =       0.7000
     number of iterations used =            4
     Exchange-correlation= PBE
                           (   1   4   3   4   0   0   0)


     celldm(1)=   14.01558  celldm(2)=    0.00000  celldm(3)=    0.00000
     celldm(4)=    0.00000  celldm(5)=    0.00000  celldm(6)=    0.00000

     crystal axes: (cart. coord. in units of alat)
               a(1) = (  0.9795  0.0387 -0.0099 )  
               a(2) = (  0.0361  0.8433  0.0474 )  
               a(3) = (  0.0242  0.8932  1.1091 )  

     reciprocal axes: (cart. coord. in units 2 pi/alat)
               b(1) = (  1.0228 -0.0446  0.0135 )  
               b(2) = ( -0.0594  1.2446 -1.0011 )  
               b(3) = (  0.0117 -0.0535  0.9445 )  


     Atoms inside the unit cell: 

     Cartesian axes

     site n.  atom      mass           positions (alat units)
        1     Mg   1.0000   tau(    1) = (    0.40216    1.06063    0.87296  )
        2     Mg   1.0000   tau(    2) = (    0.63271    0.70646    0.29243  )
        3     Mg   1.0000   tau(    3) = (    0.91927    1.10991    0.85323  )
        4     Mg   1.0000   tau(    4) = (    0.14352    0.68963    0.28520  )
        5     Ga   1.0000   tau(    5) = (    0.39902    1.46246    0.98549  )
        6     Zr   1.0000   tau(    6) = (    0.63999    0.29629    0.08733  )
        7     Ga   1.0000   tau(    7) = (    0.86340    0.69938    0.67133  )
        8     Ga   1.0000   tau(    8) = (    0.17433    1.09710    0.47864  )
        9     H    1.0000   tau(    9) = (    0.06291    0.68449    0.56444  )
       10     H    1.0000   tau(   10) = (    0.97421    1.15350    0.58974  )
       11     H    1.0000   tau(   11) = (    0.57249    1.43800    1.13851  )
       12     H    1.0000   tau(   12) = (    0.41139    0.19275    0.02042  )
       13     H    1.0000   tau(   13) = (    0.33767    1.32330    0.82953  )
       14     H    1.0000   tau(   14) = (    0.68028    0.44964    0.30034  )
       15     H    1.0000   tau(   15) = (    0.83236    0.86691    0.80359  )
       16     H    1.0000   tau(   16) = (    0.13068    0.94693    0.33144  )
       17     H    1.0000   tau(   17) = (    0.91814    1.37744    0.85500  )
       18     H    1.0000   tau(   18) = (    0.15461    0.42960    0.30728  )
       19     H    1.0000   tau(   19) = (    0.45491    0.78760    0.83448  )
       20     H    1.0000   tau(   20) = (    0.61998    0.97204    0.32594  )
       21     H    1.0000   tau(   21) = (    0.16800    1.00110    0.90224  )
       22     H    1.0000   tau(   22) = (    0.87833    0.75043    0.20089  )
       23     H    1.0000   tau(   23) = (    0.65429    1.14218    0.91835  )
       24     H    1.0000   tau(   24) = (    0.38479    0.69034    0.34083  )
       25     H    1.0000   tau(   25) = (    0.35516    1.06366    0.59411  )
       26     H    1.0000   tau(   26) = (    0.68249    0.68146    0.55842  )
       27     H    1.0000   tau(   27) = (    0.90227    1.15629    1.10527  )
       28     H    1.0000   tau(   28) = (    0.20946    0.62430    0.00314  )

     Computing dynamical matrix for 
                    q = (   0.0000000   0.0000000   0.0000000 )

      2 Sym.Ops. (with q -> -q+G )


     G cutoff = 1990.3169  ( 162298 G-vectors)     FFT grid: ( 90, 75,125)
     G cutoff =  995.1585  (  57417 G-vectors)  smooth grid: ( 64, 54, 90)

     number of k points=     8  Methfessel-Paxton smearing, width (Ry)=  0.0200

     PseudoPot. # 1 for Ga read from file:
     /home/marco/ZOS_Cloud_Compute/pseudo/Ga.UPF
     MD5 check sum: 79e63b61437c88080bf469cc04ca4be8
     Pseudo is Projector augmented-wave + core cor, Zval = 13.0
     Generated using "atomic" code by A. Dal Corso  v.5.1.2
     Shape of augmentation charge: PSQ
     Using radial grid of 1205 points,  6 beta functions with: 
                l(1) =   0
                l(2) =   0
                l(3) =   1
                l(4) =   1
                l(5) =   2
                l(6) =   2
     Q(r) pseudized with 0 coefficients 


     PseudoPot. # 2 for H  read from file:
     /home/marco/ZOS_Cloud_Compute/pseudo/H.UPF
     MD5 check sum: 850d63dcbcc06c5de8b44e0ab9f952da
     Pseudo is Projector augmented-wave, Zval =  1.0
     Generated using "atomic" code by A. Dal Corso  v.5.1.2
     Shape of augmentation charge: PSQ
     Using radial grid of  929 points,  2 beta functions with: 
                l(1) =   0
                l(2) =   0
     Q(r) pseudized with 0 coefficients 


     PseudoPot. # 3 for Mg read from file:
     /home/marco/ZOS_Cloud_Compute/pseudo/Mg.UPF
     MD5 check sum: a77e51077e70c6c73445c6cac60d158f
     Pseudo is Projector augmented-wave + core cor, Zval = 10.0
     Generated using ATOMPAW code
     Shape of augmentation charge: BESSEL
     Using radial grid of 1171 points,  6 beta functions with: 
                l(1) =   0
                l(2) =   0
                l(3) =   0
                l(4) =   0
                l(5) =   1
                l(6) =   1
     Q(r) pseudized with 0 coefficients 


     PseudoPot. # 4 for Zr read from file:
     /home/marco/ZOS_Cloud_Compute/pseudo/Zr.UPF
     MD5 check sum: 56bebf6edcd38415d7dd1a973c3f3403
     Pseudo is Ultrasoft + core correction, Zval = 12.0
     Generated by new atomic code, or converted to UPF format
     Using radial grid of  887 points,  6 beta functions with: 
                l(1) =   0
                l(2) =   0
                l(3) =   1
                l(4) =   1
                l(5) =   2
                l(6) =   2
     Q(r) pseudized with  6 coefficients,  rinner =    1.200   1.200   1.200
                                                       1.200   1.200


     Atomic displacements:
     There are   84 irreducible representations

     Representation     1      1 modes -  To be done

     Representation     2      1 modes -  To be done

     Representation     3      1 modes -  To be done

     Representation     4      1 modes -  To be done

     Representation     5      1 modes -  To be done

     Representation     6      1 modes -  To be done

     Representation     7      1 modes -  To be done

     Representation     8      1 modes -  To be done

     Representation     9      1 modes -  To be done

     Representation    10      1 modes -  To be done

     Representation    11      1 modes -  To be done

     Representation    12      1 modes -  To be done

     Representation    13      1 modes -  To be done

     Representation    14      1 modes -  To be done

     Representation    15      1 modes -  To be done

     Representation    16      1 modes -  To be done

     Representation    17      1 modes -  To be done

     Representation    18      1 modes -  To be done

     Representation    19      1 modes -  To be done

     Representation    20      1 modes -  To be done

     Representation    21      1 modes -  To be done

     Representation    22      1 modes -  To be done

     Representation    23      1 modes -  To be done

     Representation    24      1 modes -  To be done

     Representation    25      1 modes -  To be done

     Representation    26      1 modes -  To be done

     Representation    27      1 modes -  To be done

     Representation    28      1 modes -  To be done

     Representation    29      1 modes -  To be done

     Representation    30      1 modes -  To be done

     Representation    31      1 modes -  To be done

     Representation    32      1 modes -  To be done

     Representation    33      1 modes -  To be done

     Representation    34      1 modes -  To be done

     Representation    35      1 modes -  To be done

     Representation    36      1 modes -  To be done

     Representation    37      1 modes -  To be done

     Representation    38      1 modes -  To be done

     Representation    39      1 modes -  To be done

     Representation    40      1 modes -  To be done

     Representation    41      1 modes -  To be done

     Representation    42      1 modes -  To be done

     Representation    43      1 modes -  To be done

     Representation    44      1 modes -  To be done

     Representation    45      1 modes -  To be done

     Representation    46      1 modes -  To be done

     Representation    47      1 modes -  To be done

     Representation    48      1 modes -  To be done

     Representation    49      1 modes -  To be done

     Representation    50      1 modes -  To be done

     Representation    51      1 modes -  To be done

     Representation    52      1 modes -  To be done

     Representation    53      1 modes -  To be done

     Representation    54      1 modes -  To be done

     Representation    55      1 modes -  To be done

     Representation    56      1 modes -  To be done

     Representation    57      1 modes -  To be done

     Representation    58      1 modes -  To be done

     Representation    59      1 modes -  To be done

     Representation    60      1 modes -  To be done

     Representation    61      1 modes -  To be done

     Representation    62      1 modes -  To be done

     Representation    63      1 modes -  To be done

     Representation    64      1 modes -  To be done

     Representation    65      1 modes -  To be done

     Representation    66      1 modes -  To be done

     Representation    67      1 modes -  To be done

     Representation    68      1 modes -  To be done

     Representation    69      1 modes -  To be done

     Representation    70      1 modes -  To be done

     Representation    71      1 modes -  To be done

     Representation    72      1 modes -  To be done

     Representation    73      1 modes -  To be done

     Representation    74      1 modes -  To be done

     Representation    75      1 modes -  To be done

     Representation    76      1 modes -  To be done

     Representation    77      1 modes -  To be done

     Representation    78      1 modes -  To be done

     Representation    79      1 modes -  To be done

     Representation    80      1 modes -  To be done

     Representation    81      1 modes -  To be done

     Representation    82      1 modes -  To be done

     Representation    83      1 modes -  To be done

     Representation    84      1 modes -  To be done


     PHONON       :   8m19.76s CPU  12m27.04s WALL



     Representation #   1 mode #   1

     Self-consistent Calculation
mpirun: Forwarding signal 18 to job

     Program PHONON v.6.7MaX starts on  3Mar2026 at  2:19:24 

     This program is part of the open-source Quantum ESPRESSO suite
     for quantum simulation of materials; please cite
         "P. Giannozzi et al., J. Phys.:Condens. Matter 21 395502 (2009);
         "P. Giannozzi et al., J. Phys.:Condens. Matter 29 465901 (2017);
          URL http://www.quantum-espresso.org", 
     in publications or presentations arising from this work. More details at
     http://www.quantum-espresso.org/quote

     Parallel version (MPI), running on     1 processors

     MPI processes distributed on     1 nodes
     Waiting for input...
     Reading input from standard input

     Reading xml data from directory:

     ./tmp/Mg4ZrGa3H20.save/
     Message from routine read_pp_mesh:
     mismatch in mesh size, discarding the one in header
     file Ga.UPF: wavefunction(s)  4S renormalized
     file H.UPF: wavefunction(s)  1S renormalized

     IMPORTANT: XC functional enforced from input :
     Exchange-correlation= PBE
                           (   1   4   3   4   0   0   0)
     Any further DFT definition will be discarded
     Please, verify this is what you really want


     G-vector sticks info
     --------------------
     sticks:   dense  smooth     PW     G-vecs:    dense   smooth      PW
     Sum        5161    2585    727               324595   114835   17017


     negative rho (up, down):  1.321E+02 0.000E+00
     Reading collected, re-writing distributed wavefunctions
 end of file reached, closing tag not found
warning: file closed at level 1 with tag Root open
        1 /   1 q-points for this run, from  1 to  1:
       N       xq(1)         xq(2)         xq(3) 
       1   0.000000000   0.000000000   0.000000000


     Calculation of q =    0.0000000   0.0000000   0.0000000
     Message from routine ph_restart_set_filename :
     cannot open file for reading or writing
 end of file reached, closing tag not found
warning: file closed at level 1 with tag Root open
     Message from routine ph_restart_set_filename :
     cannot open file for reading or writing
     Message from routine ph_restart_set_filename :
     cannot open file for reading or writing
     Message from routine ph_restart_set_filename :
     cannot open file for reading or writing
     Message from routine ph_restart_set_filename :
     cannot open file for reading or writing
     Message from routine ph_restart_set_filename :
     cannot open file for reading or writing
     Message from routine ph_restart_set_filename :
     cannot open file for reading or writing
     Message from routine ph_restart_set_filename :
     cannot open file for reading or writing
     Message from routine ph_restart_set_filename :
     cannot open file for reading or writing
     Message from routine ph_restart_set_filename :
     cannot open file for reading or writing
     Message from routine ph_restart_set_filename :
     cannot open file for reading or writing
     Message from routine ph_restart_set_filename :
     cannot open file for reading or writing
     Message from routine ph_restart_set_filename :
     cannot open file for reading or writing
     Message from routine ph_restart_set_filename :
     cannot open file for reading or writing
     Message from routine ph_restart_set_filename :
     cannot open file for reading or writing
     Message from routine ph_restart_set_filename :
     cannot open file for reading or writing
     Message from routine ph_restart_set_filename :
     cannot open file for reading or writing
     Message from routine ph_restart_set_filename :
     cannot open file for reading or writing
     Message from routine ph_restart_set_filename :
     cannot open file for reading or writing
     Message from routine ph_restart_set_filename :
     cannot open file for reading or writing
     Message from routine ph_restart_set_filename :
     cannot open file for reading or writing
     Message from routine ph_restart_set_filename :
     cannot open file for reading or writing
     Message from routine ph_restart_set_filename :
     cannot open file for reading or writing
     Message from routine ph_restart_set_filename :
     cannot open file for reading or writing
     Message from routine ph_restart_set_filename :
     cannot open file for reading or writing
     Message from routine ph_restart_set_filename :
     cannot open file for reading or writing
     Message from routine ph_restart_set_filename :
     cannot open file for reading or writing
     Message from routine ph_restart_set_filename :
     cannot open file for reading or writing
     Message from routine ph_restart_set_filename :
     cannot open file for reading or writing
     Message from routine ph_restart_set_filename :
     cannot open file for reading or writing
     Message from routine ph_restart_set_filename :
     cannot open file for reading or writing
     Message from routine ph_restart_set_filename :
     cannot open file for reading or writing
     Message from routine ph_restart_set_filename :
     cannot open file for reading or writing
     Message from routine ph_restart_set_filename :
     cannot open file for reading or writing
     Message from routine ph_restart_set_filename :
     cannot open file for reading or writing
     Message from routine ph_restart_set_filename :
     cannot open file for reading or writing
     Message from routine ph_restart_set_filename :
     cannot open file for reading or writing
     Message from routine ph_restart_set_filename :
     cannot open file for reading or writing
     Message from routine ph_restart_set_filename :
     cannot open file for reading or writing
     Message from routine ph_restart_set_filename :
     cannot open file for reading or writing
     Message from routine ph_restart_set_filename :
     cannot open file for reading or writing
     Message from routine ph_restart_set_filename :
     cannot open file for reading or writing
     Message from routine ph_restart_set_filename :
     cannot open file for reading or writing
     Message from routine ph_restart_set_filename :
     cannot open file for reading or writing
     Message from routine ph_restart_set_filename :
     cannot open file for reading or writing
     Message from routine ph_restart_set_filename :
     cannot open file for reading or writing
     Message from routine ph_restart_set_filename :
     cannot open file for reading or writing
     Message from routine ph_restart_set_filename :
     cannot open file for reading or writing
     Message from routine ph_restart_set_filename :
     cannot open file for reading or writing
     Message from routine ph_restart_set_filename :
     cannot open file for reading or writing
     Message from routine ph_restart_set_filename :
     cannot open file for reading or writing
     Message from routine ph_restart_set_filename :
     cannot open file for reading or writing
     Message from routine ph_restart_set_filename :
     cannot open file for reading or writing
     Message from routine ph_restart_set_filename :
     cannot open file for reading or writing
     Message from routine ph_restart_set_filename :
     cannot open file for reading or writing
     Message from routine ph_restart_set_filename :
     cannot open file for reading or writing
     Message from routine ph_restart_set_filename :
     cannot open file for reading or writing
     Message from routine ph_restart_set_filename :
     cannot open file for reading or writing
     Message from routine ph_restart_set_filename :
     cannot open file for reading or writing
     Message from routine ph_restart_set_filename :
     cannot open file for reading or writing
     Message from routine ph_restart_set_filename :
     cannot open file for reading or writing
     Message from routine ph_restart_set_filename :
     cannot open file for reading or writing
     Message from routine ph_restart_set_filename :
     cannot open file for reading or writing
     Message from routine ph_restart_set_filename :
     cannot open file for reading or writing
     Message from routine ph_restart_set_filename :
     cannot open file for reading or writing
     Message from routine ph_restart_set_filename :
     cannot open file for reading or writing
     Message from routine ph_restart_set_filename :
     cannot open file for reading or writing
     Message from routine ph_restart_set_filename :
     cannot open file for reading or writing
     Message from routine ph_restart_set_filename :
     cannot open file for reading or writing
     Message from routine ph_restart_set_filename :
     cannot open file for reading or writing
     Message from routine ph_restart_set_filename :
     cannot open file for reading or writing
     Message from routine ph_restart_set_filename :
     cannot open file for reading or writing
     Message from routine ph_restart_set_filename :
     cannot open file for reading or writing
     Message from routine ph_restart_set_filename :
     cannot open file for reading or writing
     Message from routine ph_restart_set_filename :
     cannot open file for reading or writing
     Message from routine ph_restart_set_filename :
     cannot open file for reading or writing
     Message from routine ph_restart_set_filename :
     cannot open file for reading or writing
     Message from routine ph_restart_set_filename :
     cannot open file for reading or writing
     Message from routine ph_restart_set_filename :
     cannot open file for reading or writing
     Message from routine ph_restart_set_filename :
     cannot open file for reading or writing
     Message from routine ph_restart_set_filename :
     cannot open file for reading or writing
     Message from routine ph_restart_set_filename :
     cannot open file for reading or writing
     Message from routine ph_restart_set_filename :
     cannot open file for reading or writing
     Message from routine ph_restart_set_filename :
     cannot open file for reading or writing
     Message from routine ph_restart_set_filename :
     cannot open file for reading or writing

     Modes are read from file 

     Phonons                                                                    

     bravais-lattice index     =            0
     lattice parameter (alat)  =      14.0156  a.u.
     unit-cell volume          =    2403.6928 (a.u.)^3
     number of atoms/cell      =           28
     number of atomic types    =            4
     kinetic-energy cut-off    =      50.0000  Ry
     charge density cut-off    =     400.0000  Ry
     convergence threshold     =      1.0E-14
     beta                      =       0.7000
     number of iterations used =            4
     Exchange-correlation= PBE
                           (   1   4   3   4   0   0   0)


     celldm(1)=   14.01558  celldm(2)=    0.00000  celldm(3)=    0.00000
     celldm(4)=    0.00000  celldm(5)=    0.00000  celldm(6)=    0.00000

     crystal axes: (cart. coord. in units of alat)
               a(1) = (  0.9795  0.0387 -0.0099 )  
               a(2) = (  0.0361  0.8433  0.0474 )  
               a(3) = (  0.0242  0.8932  1.1091 )  

     reciprocal axes: (cart. coord. in units 2 pi/alat)
               b(1) = (  1.0228 -0.0446  0.0135 )  
               b(2) = ( -0.0594  1.2446 -1.0011 )  
               b(3) = (  0.0117 -0.0535  0.9445 )  


     Atoms inside the unit cell: 

     Cartesian axes

     site n.  atom      mass           positions (alat units)
        1     Mg   1.0000   tau(    1) = (    0.40216    1.06063    0.87296  )
        2     Mg   1.0000   tau(    2) = (    0.63271    0.70646    0.29243  )
        3     Mg   1.0000   tau(    3) = (    0.91927    1.10991    0.85323  )
        4     Mg   1.0000   tau(    4) = (    0.14352    0.68963    0.28520  )
        5     Ga   1.0000   tau(    5) = (    0.39902    1.46246    0.98549  )
        6     Zr   1.0000   tau(    6) = (    0.63999    0.29629    0.08733  )
        7     Ga   1.0000   tau(    7) = (    0.86340    0.69938    0.67133  )
        8     Ga   1.0000   tau(    8) = (    0.17433    1.09710    0.47864  )
        9     H    1.0000   tau(    9) = (    0.06291    0.68449    0.56444  )
       10     H    1.0000   tau(   10) = (    0.97421    1.15350    0.58974  )
       11     H    1.0000   tau(   11) = (    0.57249    1.43800    1.13851  )
       12     H    1.0000   tau(   12) = (    0.41139    0.19275    0.02042  )
       13     H    1.0000   tau(   13) = (    0.33767    1.32330    0.82953  )
       14     H    1.0000   tau(   14) = (    0.68028    0.44964    0.30034  )
       15     H    1.0000   tau(   15) = (    0.83236    0.86691    0.80359  )
       16     H    1.0000   tau(   16) = (    0.13068    0.94693    0.33144  )
       17     H    1.0000   tau(   17) = (    0.91814    1.37744    0.85500  )
       18     H    1.0000   tau(   18) = (    0.15461    0.42960    0.30728  )
       19     H    1.0000   tau(   19) = (    0.45491    0.78760    0.83448  )
       20     H    1.0000   tau(   20) = (    0.61998    0.97204    0.32594  )
       21     H    1.0000   tau(   21) = (    0.16800    1.00110    0.90224  )
       22     H    1.0000   tau(   22) = (    0.87833    0.75043    0.20089  )
       23     H    1.0000   tau(   23) = (    0.65429    1.14218    0.91835  )
       24     H    1.0000   tau(   24) = (    0.38479    0.69034    0.34083  )
       25     H    1.0000   tau(   25) = (    0.35516    1.06366    0.59411  )
       26     H    1.0000   tau(   26) = (    0.68249    0.68146    0.55842  )
       27     H    1.0000   tau(   27) = (    0.90227    1.15629    1.10527  )
       28     H    1.0000   tau(   28) = (    0.20946    0.62430    0.00314  )

     Computing dynamical matrix for 
                    q = (   0.0000000   0.0000000   0.0000000 )

      2 Sym.Ops. (with q -> -q+G )


     G cutoff = 1990.3169  ( 324595 G-vectors)     FFT grid: ( 90, 75,125)
     G cutoff =  995.1585  ( 114835 G-vectors)  smooth grid: ( 64, 54, 90)

     number of k points=     8  Methfessel-Paxton smearing, width (Ry)=  0.0200

     PseudoPot. # 1 for Ga read from file:
     /home/marco/ZOS_Cloud_Compute/pseudo/Ga.UPF
     MD5 check sum: 79e63b61437c88080bf469cc04ca4be8
     Pseudo is Projector augmented-wave + core cor, Zval = 13.0
     Generated using "atomic" code by A. Dal Corso  v.5.1.2
     Shape of augmentation charge: PSQ
     Using radial grid of 1205 points,  6 beta functions with: 
                l(1) =   0
                l(2) =   0
                l(3) =   1
                l(4) =   1
                l(5) =   2
                l(6) =   2
     Q(r) pseudized with 0 coefficients 


     PseudoPot. # 2 for H  read from file:
     /home/marco/ZOS_Cloud_Compute/pseudo/H.UPF
     MD5 check sum: 850d63dcbcc06c5de8b44e0ab9f952da
     Pseudo is Projector augmented-wave, Zval =  1.0
     Generated using "atomic" code by A. Dal Corso  v.5.1.2
     Shape of augmentation charge: PSQ
     Using radial grid of  929 points,  2 beta functions with: 
                l(1) =   0
                l(2) =   0
     Q(r) pseudized with 0 coefficients 


     PseudoPot. # 3 for Mg read from file:
     /home/marco/ZOS_Cloud_Compute/pseudo/Mg.UPF
     MD5 check sum: a77e51077e70c6c73445c6cac60d158f
     Pseudo is Projector augmented-wave + core cor, Zval = 10.0
     Generated using ATOMPAW code
     Shape of augmentation charge: BESSEL
     Using radial grid of 1171 points,  6 beta functions with: 
                l(1) =   0
                l(2) =   0
                l(3) =   0
                l(4) =   0
                l(5) =   1
                l(6) =   1
     Q(r) pseudized with 0 coefficients 


     PseudoPot. # 4 for Zr read from file:
     /home/marco/ZOS_Cloud_Compute/pseudo/Zr.UPF
     MD5 check sum: 56bebf6edcd38415d7dd1a973c3f3403
     Pseudo is Ultrasoft + core correction, Zval = 12.0
     Generated by new atomic code, or converted to UPF format
     Using radial grid of  887 points,  6 beta functions with: 
                l(1) =   0
                l(2) =   0
                l(3) =   1
                l(4) =   1
                l(5) =   2
                l(6) =   2
     Q(r) pseudized with  6 coefficients,  rinner =    1.200   1.200   1.200
                                                       1.200   1.200


     Atomic displacements:
     There are   84 irreducible representations

     Representation     1      1 modes -  To be done

     Representation     2      1 modes -  To be done

     Representation     3      1 modes -  To be done

     Representation     4      1 modes -  To be done

     Representation     5      1 modes -  To be done

     Representation     6      1 modes -  To be done

     Representation     7      1 modes -  To be done

     Representation     8      1 modes -  To be done

     Representation     9      1 modes -  To be done

     Representation    10      1 modes -  To be done

     Representation    11      1 modes -  To be done

     Representation    12      1 modes -  To be done

     Representation    13      1 modes -  To be done

     Representation    14      1 modes -  To be done

     Representation    15      1 modes -  To be done

     Representation    16      1 modes -  To be done

     Representation    17      1 modes -  To be done

     Representation    18      1 modes -  To be done

     Representation    19      1 modes -  To be done

     Representation    20      1 modes -  To be done

     Representation    21      1 modes -  To be done

     Representation    22      1 modes -  To be done

     Representation    23      1 modes -  To be done

     Representation    24      1 modes -  To be done

     Representation    25      1 modes -  To be done

     Representation    26      1 modes -  To be done

     Representation    27      1 modes -  To be done

     Representation    28      1 modes -  To be done

     Representation    29      1 modes -  To be done

     Representation    30      1 modes -  To be done

     Representation    31      1 modes -  To be done

     Representation    32      1 modes -  To be done

     Representation    33      1 modes -  To be done

     Representation    34      1 modes -  To be done

     Representation    35      1 modes -  To be done

     Representation    36      1 modes -  To be done

     Representation    37      1 modes -  To be done

     Representation    38      1 modes -  To be done

     Representation    39      1 modes -  To be done

     Representation    40      1 modes -  To be done

     Representation    41      1 modes -  To be done

     Representation    42      1 modes -  To be done

     Representation    43      1 modes -  To be done

     Representation    44      1 modes -  To be done

     Representation    45      1 modes -  To be done

     Representation    46      1 modes -  To be done

     Representation    47      1 modes -  To be done

     Representation    48      1 modes -  To be done

     Representation    49      1 modes -  To be done

     Representation    50      1 modes -  To be done

     Representation    51      1 modes -  To be done

     Representation    52      1 modes -  To be done

     Representation    53      1 modes -  To be done

     Representation    54      1 modes -  To be done

     Representation    55      1 modes -  To be done

     Representation    56      1 modes -  To be done

     Representation    57      1 modes -  To be done

     Representation    58      1 modes -  To be done

     Representation    59      1 modes -  To be done

     Representation    60      1 modes -  To be done

     Representation    61      1 modes -  To be done

     Representation    62      1 modes -  To be done

     Representation    63      1 modes -  To be done

     Representation    64      1 modes -  To be done

     Representation    65      1 modes -  To be done

     Representation    66      1 modes -  To be done

     Representation    67      1 modes -  To be done

     Representation    68      1 modes -  To be done

     Representation    69      1 modes -  To be done

     Representation    70      1 modes -  To be done

     Representation    71      1 modes -  To be done

     Representation    72      1 modes -  To be done

     Representation    73      1 modes -  To be done

     Representation    74      1 modes -  To be done

     Representation    75      1 modes -  To be done

     Representation    76      1 modes -  To be done

     Representation    77      1 modes -  To be done

     Representation    78      1 modes -  To be done

     Representation    79      1 modes -  To be done

     Representation    80      1 modes -  To be done

     Representation    81      1 modes -  To be done

     Representation    82      1 modes -  To be done

     Representation    83      1 modes -  To be done

     Representation    84      1 modes -  To be done


     PHONON       :  19m 7.34s CPU  16m29.06s WALL



     Representation #   1 mode #   1

     Self-consistent Calculation
     kpoint   1 ibnd**** solve_linter: root not converged  2.633E-01
     kpoint   2 ibnd**** solve_linter: root not converged  2.117E-01
     kpoint   3 ibnd**** solve_linter: root not converged  1.894E-01
     kpoint   4 ibnd**** solve_linter: root not converged  4.211E-01
     kpoint   5 ibnd**** solve_linter: root not converged  3.009E+00
     kpoint   6 ibnd**** solve_linter: root not converged  6.203E+00
     kpoint   7 ibnd**** solve_linter: root not converged  1.077E-01
     kpoint   8 ibnd**** solve_linter: root not converged  1.664E-01

     Pert. #  1: Fermi energy shift (Ry) =    -9.0042E-03     0.0000E+00

      iter #   1 total cpu time :  2602.9 secs   av.it.: 380.4
      thresh= 1.000E-02 alpha_mix =  0.700 |ddv_scf|^2 =  1.366E-05
     kpoint   1 ibnd  58 solve_linter: root not converged  7.851E-01
     kpoint   2 ibnd  58 solve_linter: root not converged  3.785E-02
     kpoint   3 ibnd  58 solve_linter: root not converged  3.809E-01
     kpoint   4 ibnd  58 solve_linter: root not converged  1.045E+01
     kpoint   5 ibnd  58 solve_linter: root not converged  4.576E-01
     kpoint   6 ibnd  58 solve_linter: root not converged  2.333E-01
     kpoint   7 ibnd  58 solve_linter: root not converged  3.371E-01
     kpoint   8 ibnd  57 solve_linter: root not converged  1.016E+01

     Pert. #  1: Fermi energy shift (Ry) =    -6.2345E-01     0.0000E+00

      iter #   2 total cpu time :  4260.1 secs   av.it.: 390.2
      thresh= 3.696E-04 alpha_mix =  0.700 |ddv_scf|^2 =  7.799E-04
     kpoint   1 ibnd  58 solve_linter: root not converged  9.945E-02
     kpoint   2 ibnd  58 solve_linter: root not converged  6.417E-02
     kpoint   3 ibnd  58 solve_linter: root not converged  1.771E-02
     kpoint   4 ibnd  58 solve_linter: root not converged  5.084E-01
     kpoint   5 ibnd  58 solve_linter: root not converged  2.255E-01
     kpoint   6 ibnd  58 solve_linter: root not converged  3.407E-01
     kpoint   7 ibnd  58 solve_linter: root not converged  5.988E-02
     kpoint   8 ibnd  57 solve_linter: root not converged  4.513E-01

     Pert. #  1: Fermi energy shift (Ry) =    -1.5403E+00     0.0000E+00

      iter #   3 total cpu time :  5858.2 secs   av.it.: 374.4
      thresh= 2.793E-03 alpha_mix =  0.700 |ddv_scf|^2 =  2.184E-03
     kpoint   1 ibnd  58 solve_linter: root not converged  6.393E-01
     kpoint   2 ibnd  58 solve_linter: root not converged  4.908E-02
     kpoint   3 ibnd  58 solve_linter: root not converged  1.588E-02
     kpoint   4 ibnd  58 solve_linter: root not converged  5.748E-02
     kpoint   5 ibnd  58 solve_linter: root not converged  9.943E-02
     kpoint   6 ibnd  58 solve_linter: root not converged  8.830E-01

     Program PHONON v.6.7MaX starts on  3Mar2026 at  4:49:19 

     This program is part of the open-source Quantum ESPRESSO suite
     for quantum simulation of materials; please cite
         "P. Giannozzi et al., J. Phys.:Condens. Matter 21 395502 (2009);
         "P. Giannozzi et al., J. Phys.:Condens. Matter 29 465901 (2017);
          URL http://www.quantum-espresso.org", 
     in publications or presentations arising from this work. More details at
     http://www.quantum-espresso.org/quote

     Parallel version (MPI), running on     1 processors

     MPI processes distributed on     1 nodes
     Waiting for input...
     Reading input from standard input

     Reading xml data from directory:

     ./tmp/Mg4ZrGa3H20.save/
     Message from routine read_pp_mesh:
     mismatch in mesh size, discarding the one in header
     file Ga.UPF: wavefunction(s)  4S renormalized
     file H.UPF: wavefunction(s)  1S renormalized

     IMPORTANT: XC functional enforced from input :
     Exchange-correlation= PBE
                           (   1   4   3   4   0   0   0)
     Any further DFT definition will be discarded
     Please, verify this is what you really want


     G-vector sticks info
     --------------------
     sticks:   dense  smooth     PW     G-vecs:    dense   smooth      PW
     Sum        5161    2585    727               324595   114835   17017


     negative rho (up, down):  1.321E+02 0.000E+00
     Reading collected, re-writing distributed wavefunctions
 end of file reached, closing tag not found
warning: file closed at level 1 with tag Root open
        1 /   1 q-points for this run, from  1 to  1:
       N       xq(1)         xq(2)         xq(3) 
       1   0.000000000   0.000000000   0.000000000


     Calculation of q =    0.0000000   0.0000000   0.0000000
     Message from routine ph_restart_set_filename :
     cannot open file for reading or writing
 end of file reached, closing tag not found
warning: file closed at level 1 with tag Root open
     Message from routine ph_restart_set_filename :
     cannot open file for reading or writing
     Message from routine ph_restart_set_filename :
     cannot open file for reading or writing
     Message from routine ph_restart_set_filename :
     cannot open file for reading or writing
     Message from routine ph_restart_set_filename :
     cannot open file for reading or writing
     Message from routine ph_restart_set_filename :
     cannot open file for reading or writing
     Message from routine ph_restart_set_filename :
     cannot open file for reading or writing
     Message from routine ph_restart_set_filename :
     cannot open file for reading or writing
     Message from routine ph_restart_set_filename :
     cannot open file for reading or writing
     Message from routine ph_restart_set_filename :
     cannot open file for reading or writing
     Message from routine ph_restart_set_filename :
     cannot open file for reading or writing
     Message from routine ph_restart_set_filename :
     cannot open file for reading or writing
     Message from routine ph_restart_set_filename :
     cannot open file for reading or writing
     Message from routine ph_restart_set_filename :
     cannot open file for reading or writing
     Message from routine ph_restart_set_filename :
     cannot open file for reading or writing
     Message from routine ph_restart_set_filename :
     cannot open file for reading or writing
     Message from routine ph_restart_set_filename :
     cannot open file for reading or writing
     Message from routine ph_restart_set_filename :
     cannot open file for reading or writing
     Message from routine ph_restart_set_filename :
     cannot open file for reading or writing
     Message from routine ph_restart_set_filename :
     cannot open file for reading or writing
     Message from routine ph_restart_set_filename :
     cannot open file for reading or writing
     Message from routine ph_restart_set_filename :
     cannot open file for reading or writing
     Message from routine ph_restart_set_filename :
     cannot open file for reading or writing
     Message from routine ph_restart_set_filename :
     cannot open file for reading or writing
     Message from routine ph_restart_set_filename :
     cannot open file for reading or writing
     Message from routine ph_restart_set_filename :
     cannot open file for reading or writing
     Message from routine ph_restart_set_filename :
     cannot open file for reading or writing
     Message from routine ph_restart_set_filename :
     cannot open file for reading or writing
     Message from routine ph_restart_set_filename :
     cannot open file for reading or writing
     Message from routine ph_restart_set_filename :
     cannot open file for reading or writing
     Message from routine ph_restart_set_filename :
     cannot open file for reading or writing
     Message from routine ph_restart_set_filename :
     cannot open file for reading or writing
     Message from routine ph_restart_set_filename :
     cannot open file for reading or writing
     Message from routine ph_restart_set_filename :
     cannot open file for reading or writing
     Message from routine ph_restart_set_filename :
     cannot open file for reading or writing
     Message from routine ph_restart_set_filename :
     cannot open file for reading or writing
     Message from routine ph_restart_set_filename :
     cannot open file for reading or writing
     Message from routine ph_restart_set_filename :
     cannot open file for reading or writing
     Message from routine ph_restart_set_filename :
     cannot open file for reading or writing
     Message from routine ph_restart_set_filename :
     cannot open file for reading or writing
     Message from routine ph_restart_set_filename :
     cannot open file for reading or writing
     Message from routine ph_restart_set_filename :
     cannot open file for reading or writing
     Message from routine ph_restart_set_filename :
     cannot open file for reading or writing
     Message from routine ph_restart_set_filename :
     cannot open file for reading or writing
     Message from routine ph_restart_set_filename :
     cannot open file for reading or writing
     Message from routine ph_restart_set_filename :
     cannot open file for reading or writing
     Message from routine ph_restart_set_filename :
     cannot open file for reading or writing
     Message from routine ph_restart_set_filename :
     cannot open file for reading or writing
     Message from routine ph_restart_set_filename :
     cannot open file for reading or writing
     Message from routine ph_restart_set_filename :
     cannot open file for reading or writing
     Message from routine ph_restart_set_filename :
     cannot open file for reading or writing
     Message from routine ph_restart_set_filename :
     cannot open file for reading or writing
     Message from routine ph_restart_set_filename :
     cannot open file for reading or writing
     Message from routine ph_restart_set_filename :
     cannot open file for reading or writing
     Message from routine ph_restart_set_filename :
     cannot open file for reading or writing
     Message from routine ph_restart_set_filename :
     cannot open file for reading or writing
     Message from routine ph_restart_set_filename :
     cannot open file for reading or writing
     Message from routine ph_restart_set_filename :
     cannot open file for reading or writing
     Message from routine ph_restart_set_filename :
     cannot open file for reading or writing
     Message from routine ph_restart_set_filename :
     cannot open file for reading or writing
     Message from routine ph_restart_set_filename :
     cannot open file for reading or writing
     Message from routine ph_restart_set_filename :
     cannot open file for reading or writing
     Message from routine ph_restart_set_filename :
     cannot open file for reading or writing
     Message from routine ph_restart_set_filename :
     cannot open file for reading or writing
     Message from routine ph_restart_set_filename :
     cannot open file for reading or writing
     Message from routine ph_restart_set_filename :
     cannot open file for reading or writing
     Message from routine ph_restart_set_filename :
     cannot open file for reading or writing
     Message from routine ph_restart_set_filename :
     cannot open file for reading or writing
     Message from routine ph_restart_set_filename :
     cannot open file for reading or writing
     Message from routine ph_restart_set_filename :
     cannot open file for reading or writing
     Message from routine ph_restart_set_filename :
     cannot open file for reading or writing
     Message from routine ph_restart_set_filename :
     cannot open file for reading or writing
     Message from routine ph_restart_set_filename :
     cannot open file for reading or writing
     Message from routine ph_restart_set_filename :
     cannot open file for reading or writing
     Message from routine ph_restart_set_filename :
     cannot open file for reading or writing
     Message from routine ph_restart_set_filename :
     cannot open file for reading or writing
     Message from routine ph_restart_set_filename :
     cannot open file for reading or writing
     Message from routine ph_restart_set_filename :
     cannot open file for reading or writing
     Message from routine ph_restart_set_filename :
     cannot open file for reading or writing
     Message from routine ph_restart_set_filename :
     cannot open file for reading or writing
     Message from routine ph_restart_set_filename :
     cannot open file for reading or writing
     Message from routine ph_restart_set_filename :
     cannot open file for reading or writing
     Message from routine ph_restart_set_filename :
     cannot open file for reading or writing
     Message from routine ph_restart_set_filename :
     cannot open file for reading or writing
     Message from routine ph_restart_set_filename :
     cannot open file for reading or writing

     Restart in Phonon calculation

     Phonons                                                                    

     bravais-lattice index     =            0
     lattice parameter (alat)  =      14.0156  a.u.
     unit-cell volume          =    2403.6928 (a.u.)^3
     number of atoms/cell      =           28
     number of atomic types    =            4
     kinetic-energy cut-off    =      50.0000  Ry
     charge density cut-off    =     400.0000  Ry
     convergence threshold     =      1.0E-14
     beta                      =       0.7000
     number of iterations used =            4
     Exchange-correlation= PBE
                           (   1   4   3   4   0   0   0)


     celldm(1)=   14.01558  celldm(2)=    0.00000  celldm(3)=    0.00000
     celldm(4)=    0.00000  celldm(5)=    0.00000  celldm(6)=    0.00000

     crystal axes: (cart. coord. in units of alat)
               a(1) = (  0.9795  0.0387 -0.0099 )  
               a(2) = (  0.0361  0.8433  0.0474 )  
               a(3) = (  0.0242  0.8932  1.1091 )  

     reciprocal axes: (cart. coord. in units 2 pi/alat)
               b(1) = (  1.0228 -0.0446  0.0135 )  
               b(2) = ( -0.0594  1.2446 -1.0011 )  
               b(3) = (  0.0117 -0.0535  0.9445 )  


     Atoms inside the unit cell: 

     Cartesian axes

     site n.  atom      mass           positions (alat units)
        1     Mg   1.0000   tau(    1) = (    0.40216    1.06063    0.87296  )
        2     Mg   1.0000   tau(    2) = (    0.63271    0.70646    0.29243  )
        3     Mg   1.0000   tau(    3) = (    0.91927    1.10991    0.85323  )
        4     Mg   1.0000   tau(    4) = (    0.14352    0.68963    0.28520  )
        5     Ga   1.0000   tau(    5) = (    0.39902    1.46246    0.98549  )
        6     Zr   1.0000   tau(    6) = (    0.63999    0.29629    0.08733  )
        7     Ga   1.0000   tau(    7) = (    0.86340    0.69938    0.67133  )
        8     Ga   1.0000   tau(    8) = (    0.17433    1.09710    0.47864  )
        9     H    1.0000   tau(    9) = (    0.06291    0.68449    0.56444  )
       10     H    1.0000   tau(   10) = (    0.97421    1.15350    0.58974  )
       11     H    1.0000   tau(   11) = (    0.57249    1.43800    1.13851  )
       12     H    1.0000   tau(   12) = (    0.41139    0.19275    0.02042  )
       13     H    1.0000   tau(   13) = (    0.33767    1.32330    0.82953  )
       14     H    1.0000   tau(   14) = (    0.68028    0.44964    0.30034  )
       15     H    1.0000   tau(   15) = (    0.83236    0.86691    0.80359  )
       16     H    1.0000   tau(   16) = (    0.13068    0.94693    0.33144  )
       17     H    1.0000   tau(   17) = (    0.91814    1.37744    0.85500  )
       18     H    1.0000   tau(   18) = (    0.15461    0.42960    0.30728  )
       19     H    1.0000   tau(   19) = (    0.45491    0.78760    0.83448  )
       20     H    1.0000   tau(   20) = (    0.61998    0.97204    0.32594  )
       21     H    1.0000   tau(   21) = (    0.16800    1.00110    0.90224  )
       22     H    1.0000   tau(   22) = (    0.87833    0.75043    0.20089  )
       23     H    1.0000   tau(   23) = (    0.65429    1.14218    0.91835  )
       24     H    1.0000   tau(   24) = (    0.38479    0.69034    0.34083  )
       25     H    1.0000   tau(   25) = (    0.35516    1.06366    0.59411  )
       26     H    1.0000   tau(   26) = (    0.68249    0.68146    0.55842  )
       27     H    1.0000   tau(   27) = (    0.90227    1.15629    1.10527  )
       28     H    1.0000   tau(   28) = (    0.20946    0.62430    0.00314  )

     Computing dynamical matrix for 
                    q = (   0.0000000   0.0000000   0.0000000 )

      2 Sym.Ops. (with q -> -q+G )


     G cutoff = 1990.3169  ( 324595 G-vectors)     FFT grid: ( 90, 75,125)
     G cutoff =  995.1585  ( 114835 G-vectors)  smooth grid: ( 64, 54, 90)

     number of k points=     8  Methfessel-Paxton smearing, width (Ry)=  0.0200

     PseudoPot. # 1 for Ga read from file:
     /home/marco/ZOS_Cloud_Compute/pseudo/Ga.UPF
     MD5 check sum: 79e63b61437c88080bf469cc04ca4be8
     Pseudo is Projector augmented-wave + core cor, Zval = 13.0
     Generated using "atomic" code by A. Dal Corso  v.5.1.2
     Shape of augmentation charge: PSQ
     Using radial grid of 1205 points,  6 beta functions with: 
                l(1) =   0
                l(2) =   0
                l(3) =   1
                l(4) =   1
                l(5) =   2
                l(6) =   2
     Q(r) pseudized with 0 coefficients 


     PseudoPot. # 2 for H  read from file:
     /home/marco/ZOS_Cloud_Compute/pseudo/H.UPF
     MD5 check sum: 850d63dcbcc06c5de8b44e0ab9f952da
     Pseudo is Projector augmented-wave, Zval =  1.0
     Generated using "atomic" code by A. Dal Corso  v.5.1.2
     Shape of augmentation charge: PSQ
     Using radial grid of  929 points,  2 beta functions with: 
                l(1) =   0
                l(2) =   0
     Q(r) pseudized with 0 coefficients 


     PseudoPot. # 3 for Mg read from file:
     /home/marco/ZOS_Cloud_Compute/pseudo/Mg.UPF
     MD5 check sum: a77e51077e70c6c73445c6cac60d158f
     Pseudo is Projector augmented-wave + core cor, Zval = 10.0
     Generated using ATOMPAW code
     Shape of augmentation charge: BESSEL
     Using radial grid of 1171 points,  6 beta functions with: 
                l(1) =   0
                l(2) =   0
                l(3) =   0
                l(4) =   0
                l(5) =   1
                l(6) =   1
     Q(r) pseudized with 0 coefficients 


     PseudoPot. # 4 for Zr read from file:
     /home/marco/ZOS_Cloud_Compute/pseudo/Zr.UPF
     MD5 check sum: 56bebf6edcd38415d7dd1a973c3f3403
     Pseudo is Ultrasoft + core correction, Zval = 12.0
     Generated by new atomic code, or converted to UPF format
     Using radial grid of  887 points,  6 beta functions with: 
                l(1) =   0
                l(2) =   0
                l(3) =   1
                l(4) =   1
                l(5) =   2
                l(6) =   2
     Q(r) pseudized with  6 coefficients,  rinner =    1.200   1.200   1.200
                                                       1.200   1.200


     Atomic displacements:
     There are   84 irreducible representations

     Representation     1      1 modes -  To be done

     Representation     2      1 modes -  To be done

     Representation     3      1 modes -  To be done

     Representation     4      1 modes -  To be done

     Representation     5      1 modes -  To be done

     Representation     6      1 modes -  To be done

     Representation     7      1 modes -  To be done

     Representation     8      1 modes -  To be done

     Representation     9      1 modes -  To be done

     Representation    10      1 modes -  To be done

     Representation    11      1 modes -  To be done

     Representation    12      1 modes -  To be done

     Representation    13      1 modes -  To be done

     Representation    14      1 modes -  To be done

     Representation    15      1 modes -  To be done

     Representation    16      1 modes -  To be done

     Representation    17      1 modes -  To be done

     Representation    18      1 modes -  To be done

     Representation    19      1 modes -  To be done

     Representation    20      1 modes -  To be done

     Representation    21      1 modes -  To be done

     Representation    22      1 modes -  To be done

     Representation    23      1 modes -  To be done

     Representation    24      1 modes -  To be done

     Representation    25      1 modes -  To be done

     Representation    26      1 modes -  To be done

     Representation    27      1 modes -  To be done

     Representation    28      1 modes -  To be done

     Representation    29      1 modes -  To be done

     Representation    30      1 modes -  To be done

     Representation    31      1 modes -  To be done

     Representation    32      1 modes -  To be done

     Representation    33      1 modes -  To be done

     Representation    34      1 modes -  To be done

     Representation    35      1 modes -  To be done

     Representation    36      1 modes -  To be done

     Representation    37      1 modes -  To be done

     Representation    38      1 modes -  To be done

     Representation    39      1 modes -  To be done

     Representation    40      1 modes -  To be done

     Representation    41      1 modes -  To be done

     Representation    42      1 modes -  To be done

     Representation    43      1 modes -  To be done

     Representation    44      1 modes -  To be done

     Representation    45      1 modes -  To be done

     Representation    46      1 modes -  To be done

     Representation    47      1 modes -  To be done

     Representation    48      1 modes -  To be done

     Representation    49      1 modes -  To be done

     Representation    50      1 modes -  To be done

     Representation    51      1 modes -  To be done

     Representation    52      1 modes -  To be done

     Representation    53      1 modes -  To be done

     Representation    54      1 modes -  To be done

     Representation    55      1 modes -  To be done

     Representation    56      1 modes -  To be done

     Representation    57      1 modes -  To be done

     Representation    58      1 modes -  To be done

     Representation    59      1 modes -  To be done

     Representation    60      1 modes -  To be done

     Representation    61      1 modes -  To be done

     Representation    62      1 modes -  To be done

     Representation    63      1 modes -  To be done

     Representation    64      1 modes -  To be done

     Representation    65      1 modes -  To be done

     Representation    66      1 modes -  To be done

     Representation    67      1 modes -  To be done

     Representation    68      1 modes -  To be done

     Representation    69      1 modes -  To be done

     Representation    70      1 modes -  To be done

     Representation    71      1 modes -  To be done

     Representation    72      1 modes -  To be done

     Representation    73      1 modes -  To be done

     Representation    74      1 modes -  To be done

     Representation    75      1 modes -  To be done

     Representation    76      1 modes -  To be done

     Representation    77      1 modes -  To be done

     Representation    78      1 modes -  To be done

     Representation    79      1 modes -  To be done

     Representation    80      1 modes -  To be done

     Representation    81      1 modes -  To be done

     Representation    82      1 modes -  To be done

     Representation    83      1 modes -  To be done

     Representation    84      1 modes -  To be done


     PHONON       :  17m16.36s CPU  13m34.53s WALL



     Representation #   1 mode #   1

     Self-consistent Calculation
     kpoint   1 ibnd  58 solve_linter: root not converged  1.338E-01
     kpoint   2 ibnd  58 solve_linter: root not converged  3.896E-01
     kpoint   3 ibnd  58 solve_linter: root not converged  1.005E-02
     kpoint   4 ibnd  58 solve_linter: root not converged  3.182E+04
     kpoint   5 ibnd  58 solve_linter: root not converged  9.686E-02
     kpoint   6 ibnd  58 solve_linter: root not converged  2.938E-01
     kpoint   7 ibnd  58 solve_linter: root not converged  1.612E-01
     kpoint   8 ibnd  57 solve_linter: root not converged  1.300E-01

     Pert. #  1: Fermi energy shift (Ry) =    -4.9233E+00     0.0000E+00

      iter #   4 total cpu time :  2509.0 secs   av.it.: 347.1
      thresh= 4.673E-03 alpha_mix =  0.700 |ddv_scf|^2 =  3.731E-02
     kpoint   1 ibnd  58 solve_linter: root not converged  5.145E-01
     kpoint   2 ibnd  58 solve_linter: root not converged  2.690E-02
     kpoint   3 ibnd  58 solve_linter: root not converged  2.497E-02
     kpoint   4 ibnd  58 solve_linter: root not converged  3.058E-02
     kpoint   5 ibnd  58 solve_linter: root not converged  1.039E-01
     kpoint   6 ibnd  58 solve_linter: root not converged  4.418E-01
     kpoint   7 ibnd  58 solve_linter: root not converged  7.721E-02
     kpoint   8 ibnd  57 solve_linter: root not converged  8.272E-02

     Pert. #  1: Fermi energy shift (Ry) =    -6.5315E+00     0.0000E+00

      iter #   5 total cpu time :  4441.2 secs   av.it.: 376.8
      thresh= 1.000E-02 alpha_mix =  0.700 |ddv_scf|^2 =  8.128E-01
     kpoint   1 ibnd  58 solve_linter: root not converged  5.023E-02
     kpoint   2 ibnd  58 solve_linter: root not converged  2.117E-02
     kpoint   3 ibnd  58 solve_linter: root not converged  7.960E-02
     kpoint   4 ibnd  58 solve_linter: root not converged  7.614E-01
     kpoint   5 ibnd  58 solve_linter: root not converged  1.058E-01
     kpoint   6 ibnd  58 solve_linter: root not converged  2.538E+00
     kpoint   7 ibnd  58 solve_linter: root not converged  6.487E-02
     kpoint   8 ibnd  57 solve_linter: root not converged  9.251E-02

     Pert. #  1: Fermi energy shift (Ry) =     3.1194E+00     0.0000E+00

      iter #   6 total cpu time :  6202.2 secs   av.it.: 372.2
      thresh= 1.000E-02 alpha_mix =  0.700 |ddv_scf|^2 =  9.205E-02
     kpoint   1 ibnd  58 solve_linter: root not converged  3.445E-01
     kpoint   2 ibnd  58 solve_linter: root not converged  1.313E-01
     kpoint   3 ibnd  58 solve_linter: root not converged  1.485E+00
     kpoint   4 ibnd  58 solve_linter: root not converged  1.163E+00
     kpoint   5 ibnd  58 solve_linter: root not converged  4.681E-01
     kpoint   6 ibnd  58 solve_linter: root not converged  2.852E+00
     kpoint   7 ibnd  58 solve_linter: root not converged  6.183E+01
     kpoint   8 ibnd  57 solve_linter: root not converged  6.591E-01

     Pert. #  1: Fermi energy shift (Ry) =     2.1191E+01     0.0000E+00

      iter #   7 total cpu time :  8057.5 secs   av.it.: 386.5
      thresh= 1.000E-02 alpha_mix =  0.700 |ddv_scf|^2 =  4.550E-01
     kpoint   1 ibnd  58 solve_linter: root not converged  3.674E-01
     kpoint   2 ibnd  58 solve_linter: root not converged  1.694E-01
     kpoint   3 ibnd  58 solve_linter: root not converged  7.059E-01
     kpoint   4 ibnd  58 solve_linter: root not converged  2.216E+00
     kpoint   5 ibnd  58 solve_linter: root not converged  2.137E-01
     kpoint   6 ibnd  58 solve_linter: root not converged  2.071E+00
     kpoint   7 ibnd  58 solve_linter: root not converged  1.123E+00
     kpoint   8 ibnd  57 solve_linter: root not converged  1.475E+00

     Pert. #  1: Fermi energy shift (Ry) =     1.7937E+01     0.0000E+00

      iter #   8 total cpu time :  9950.8 secs   av.it.: 387.1
      thresh= 1.000E-02 alpha_mix =  0.700 |ddv_scf|^2 =  9.484E+00
     kpoint   1 ibnd  58 solve_linter: root not converged  7.127E-01
     kpoint   2 ibnd  58 solve_linter: root not converged  9.903E-01
     kpoint   3 ibnd  58 solve_linter: root not converged  1.795E+00
     kpoint   4 ibnd  58 solve_linter: root not converged  2.065E+01
     kpoint   5 ibnd  58 solve_linter: root not converged  7.238E+00
     kpoint   6 ibnd  58 solve_linter: root not converged  1.343E+01
     kpoint   7 ibnd  58 solve_linter: root not converged  1.207E+01
     kpoint   8 ibnd  57 solve_linter: root not converged  1.465E+00

     Pert. #  1: Fermi energy shift (Ry) =     4.2915E+01     0.0000E+00

      iter #   9 total cpu time : 11824.2 secs   av.it.: 390.1
      thresh= 1.000E-02 alpha_mix =  0.700 |ddv_scf|^2 =  7.279E+00
     kpoint   1 ibnd  58 solve_linter: root not converged  1.189E+00
     kpoint   2 ibnd  58 solve_linter: root not converged  5.469E+00
     kpoint   3 ibnd  58 solve_linter: root not converged  3.623E+01
     kpoint   4 ibnd  58 solve_linter: root not converged  4.293E+02
     kpoint   5 ibnd  58 solve_linter: root not converged  3.390E+01
     kpoint   6 ibnd  58 solve_linter: root not converged  2.536E+01
     kpoint   7 ibnd  58 solve_linter: root not converged  2.641E+00
     kpoint   8 ibnd  57 solve_linter: root not converged  1.827E+01

     Pert. #  1: Fermi energy shift (Ry) =     6.3084E+00     0.0000E+00

      iter #  10 total cpu time : 13653.1 secs   av.it.: 390.8
      thresh= 1.000E-02 alpha_mix =  0.700 |ddv_scf|^2 =  2.634E+00

     Program PHONON v.6.7MaX starts on  3Mar2026 at  8:49:23 

     This program is part of the open-source Quantum ESPRESSO suite
     for quantum simulation of materials; please cite
         "P. Giannozzi et al., J. Phys.:Condens. Matter 21 395502 (2009);
         "P. Giannozzi et al., J. Phys.:Condens. Matter 29 465901 (2017);
          URL http://www.quantum-espresso.org", 
     in publications or presentations arising from this work. More details at
     http://www.quantum-espresso.org/quote

     Parallel version (MPI), running on     1 processors

     MPI processes distributed on     1 nodes
     Waiting for input...
     Reading input from standard input

     Reading xml data from directory:

     ./tmp/Mg4ZrGa3H20.save/
     Message from routine read_pp_mesh:
     mismatch in mesh size, discarding the one in header
     file Ga.UPF: wavefunction(s)  4S renormalized
     file H.UPF: wavefunction(s)  1S renormalized

     IMPORTANT: XC functional enforced from input :
     Exchange-correlation= PBE
                           (   1   4   3   4   0   0   0)
     Any further DFT definition will be discarded
     Please, verify this is what you really want


     G-vector sticks info
     --------------------
     sticks:   dense  smooth     PW     G-vecs:    dense   smooth      PW
     Sum        5161    2585    727               324595   114835   17017


     negative rho (up, down):  1.321E+02 0.000E+00
     Reading collected, re-writing distributed wavefunctions
 end of file reached, closing tag not found
warning: file closed at level 1 with tag Root open
        1 /   1 q-points for this run, from  1 to  1:
       N       xq(1)         xq(2)         xq(3) 
       1   0.000000000   0.000000000   0.000000000


     Calculation of q =    0.0000000   0.0000000   0.0000000
     Message from routine ph_restart_set_filename :
     cannot open file for reading or writing
 end of file reached, closing tag not found
warning: file closed at level 1 with tag Root open
     Message from routine ph_restart_set_filename :
     cannot open file for reading or writing
     Message from routine ph_restart_set_filename :
     cannot open file for reading or writing
     Message from routine ph_restart_set_filename :
     cannot open file for reading or writing
     Message from routine ph_restart_set_filename :
     cannot open file for reading or writing
     Message from routine ph_restart_set_filename :
     cannot open file for reading or writing
     Message from routine ph_restart_set_filename :
     cannot open file for reading or writing
     Message from routine ph_restart_set_filename :
     cannot open file for reading or writing
     Message from routine ph_restart_set_filename :
     cannot open file for reading or writing
     Message from routine ph_restart_set_filename :
     cannot open file for reading or writing
     Message from routine ph_restart_set_filename :
     cannot open file for reading or writing
     Message from routine ph_restart_set_filename :
     cannot open file for reading or writing
     Message from routine ph_restart_set_filename :
     cannot open file for reading or writing
     Message from routine ph_restart_set_filename :
     cannot open file for reading or writing
     Message from routine ph_restart_set_filename :
     cannot open file for reading or writing
     Message from routine ph_restart_set_filename :
     cannot open file for reading or writing
     Message from routine ph_restart_set_filename :
     cannot open file for reading or writing
     Message from routine ph_restart_set_filename :
     cannot open file for reading or writing
     Message from routine ph_restart_set_filename :
     cannot open file for reading or writing
     Message from routine ph_restart_set_filename :
     cannot open file for reading or writing
     Message from routine ph_restart_set_filename :
     cannot open file for reading or writing
     Message from routine ph_restart_set_filename :
     cannot open file for reading or writing
     Message from routine ph_restart_set_filename :
     cannot open file for reading or writing
     Message from routine ph_restart_set_filename :
     cannot open file for reading or writing
     Message from routine ph_restart_set_filename :
     cannot open file for reading or writing
     Message from routine ph_restart_set_filename :
     cannot open file for reading or writing
     Message from routine ph_restart_set_filename :
     cannot open file for reading or writing
     Message from routine ph_restart_set_filename :
     cannot open file for reading or writing
     Message from routine ph_restart_set_filename :
     cannot open file for reading or writing
     Message from routine ph_restart_set_filename :
     cannot open file for reading or writing
     Message from routine ph_restart_set_filename :
     cannot open file for reading or writing
     Message from routine ph_restart_set_filename :
     cannot open file for reading or writing
     Message from routine ph_restart_set_filename :
     cannot open file for reading or writing
     Message from routine ph_restart_set_filename :
     cannot open file for reading or writing
     Message from routine ph_restart_set_filename :
     cannot open file for reading or writing
     Message from routine ph_restart_set_filename :
     cannot open file for reading or writing
     Message from routine ph_restart_set_filename :
     cannot open file for reading or writing
     Message from routine ph_restart_set_filename :
     cannot open file for reading or writing
     Message from routine ph_restart_set_filename :
     cannot open file for reading or writing
     Message from routine ph_restart_set_filename :
     cannot open file for reading or writing
     Message from routine ph_restart_set_filename :
     cannot open file for reading or writing
     Message from routine ph_restart_set_filename :
     cannot open file for reading or writing
     Message from routine ph_restart_set_filename :
     cannot open file for reading or writing
     Message from routine ph_restart_set_filename :
     cannot open file for reading or writing
     Message from routine ph_restart_set_filename :
     cannot open file for reading or writing
     Message from routine ph_restart_set_filename :
     cannot open file for reading or writing
     Message from routine ph_restart_set_filename :
     cannot open file for reading or writing
     Message from routine ph_restart_set_filename :
     cannot open file for reading or writing
     Message from routine ph_restart_set_filename :
     cannot open file for reading or writing
     Message from routine ph_restart_set_filename :
     cannot open file for reading or writing
     Message from routine ph_restart_set_filename :
     cannot open file for reading or writing
     Message from routine ph_restart_set_filename :
     cannot open file for reading or writing
     Message from routine ph_restart_set_filename :
     cannot open file for reading or writing
     Message from routine ph_restart_set_filename :
     cannot open file for reading or writing
     Message from routine ph_restart_set_filename :
     cannot open file for reading or writing
     Message from routine ph_restart_set_filename :
     cannot open file for reading or writing
     Message from routine ph_restart_set_filename :
     cannot open file for reading or writing
     Message from routine ph_restart_set_filename :
     cannot open file for reading or writing
     Message from routine ph_restart_set_filename :
     cannot open file for reading or writing
     Message from routine ph_restart_set_filename :
     cannot open file for reading or writing
     Message from routine ph_restart_set_filename :
     cannot open file for reading or writing
     Message from routine ph_restart_set_filename :
     cannot open file for reading or writing
     Message from routine ph_restart_set_filename :
     cannot open file for reading or writing
     Message from routine ph_restart_set_filename :
     cannot open file for reading or writing
     Message from routine ph_restart_set_filename :
     cannot open file for reading or writing
     Message from routine ph_restart_set_filename :
     cannot open file for reading or writing
     Message from routine ph_restart_set_filename :
     cannot open file for reading or writing
     Message from routine ph_restart_set_filename :
     cannot open file for reading or writing
     Message from routine ph_restart_set_filename :
     cannot open file for reading or writing
     Message from routine ph_restart_set_filename :
     cannot open file for reading or writing
     Message from routine ph_restart_set_filename :
     cannot open file for reading or writing
     Message from routine ph_restart_set_filename :
     cannot open file for reading or writing
     Message from routine ph_restart_set_filename :
     cannot open file for reading or writing
     Message from routine ph_restart_set_filename :
     cannot open file for reading or writing
     Message from routine ph_restart_set_filename :
     cannot open file for reading or writing
     Message from routine ph_restart_set_filename :
     cannot open file for reading or writing
     Message from routine ph_restart_set_filename :
     cannot open file for reading or writing
     Message from routine ph_restart_set_filename :
     cannot open file for reading or writing
     Message from routine ph_restart_set_filename :
     cannot open file for reading or writing
     Message from routine ph_restart_set_filename :
     cannot open file for reading or writing
     Message from routine ph_restart_set_filename :
     cannot open file for reading or writing
     Message from routine ph_restart_set_filename :
     cannot open file for reading or writing
     Message from routine ph_restart_set_filename :
     cannot open file for reading or writing
     Message from routine ph_restart_set_filename :
     cannot open file for reading or writing
     Message from routine ph_restart_set_filename :
     cannot open file for reading or writing

     Restart in Phonon calculation

     Phonons                                                                    

     bravais-lattice index     =            0
     lattice parameter (alat)  =      14.0156  a.u.
     unit-cell volume          =    2403.6928 (a.u.)^3
     number of atoms/cell      =           28
     number of atomic types    =            4
     kinetic-energy cut-off    =      50.0000  Ry
     charge density cut-off    =     400.0000  Ry
     convergence threshold     =      1.0E-14
     beta                      =       0.7000
     number of iterations used =            4
     Exchange-correlation= PBE
                           (   1   4   3   4   0   0   0)


     celldm(1)=   14.01558  celldm(2)=    0.00000  celldm(3)=    0.00000
     celldm(4)=    0.00000  celldm(5)=    0.00000  celldm(6)=    0.00000

     crystal axes: (cart. coord. in units of alat)
               a(1) = (  0.9795  0.0387 -0.0099 )  
               a(2) = (  0.0361  0.8433  0.0474 )  
               a(3) = (  0.0242  0.8932  1.1091 )  

     reciprocal axes: (cart. coord. in units 2 pi/alat)
               b(1) = (  1.0228 -0.0446  0.0135 )  
               b(2) = ( -0.0594  1.2446 -1.0011 )  
               b(3) = (  0.0117 -0.0535  0.9445 )  


     Atoms inside the unit cell: 

     Cartesian axes

     site n.  atom      mass           positions (alat units)
        1     Mg   1.0000   tau(    1) = (    0.40216    1.06063    0.87296  )
        2     Mg   1.0000   tau(    2) = (    0.63271    0.70646    0.29243  )
        3     Mg   1.0000   tau(    3) = (    0.91927    1.10991    0.85323  )
        4     Mg   1.0000   tau(    4) = (    0.14352    0.68963    0.28520  )
        5     Ga   1.0000   tau(    5) = (    0.39902    1.46246    0.98549  )
        6     Zr   1.0000   tau(    6) = (    0.63999    0.29629    0.08733  )
        7     Ga   1.0000   tau(    7) = (    0.86340    0.69938    0.67133  )
        8     Ga   1.0000   tau(    8) = (    0.17433    1.09710    0.47864  )
        9     H    1.0000   tau(    9) = (    0.06291    0.68449    0.56444  )
       10     H    1.0000   tau(   10) = (    0.97421    1.15350    0.58974  )
       11     H    1.0000   tau(   11) = (    0.57249    1.43800    1.13851  )
       12     H    1.0000   tau(   12) = (    0.41139    0.19275    0.02042  )
       13     H    1.0000   tau(   13) = (    0.33767    1.32330    0.82953  )
       14     H    1.0000   tau(   14) = (    0.68028    0.44964    0.30034  )
       15     H    1.0000   tau(   15) = (    0.83236    0.86691    0.80359  )
       16     H    1.0000   tau(   16) = (    0.13068    0.94693    0.33144  )
       17     H    1.0000   tau(   17) = (    0.91814    1.37744    0.85500  )
       18     H    1.0000   tau(   18) = (    0.15461    0.42960    0.30728  )
       19     H    1.0000   tau(   19) = (    0.45491    0.78760    0.83448  )
       20     H    1.0000   tau(   20) = (    0.61998    0.97204    0.32594  )
       21     H    1.0000   tau(   21) = (    0.16800    1.00110    0.90224  )
       22     H    1.0000   tau(   22) = (    0.87833    0.75043    0.20089  )
       23     H    1.0000   tau(   23) = (    0.65429    1.14218    0.91835  )
       24     H    1.0000   tau(   24) = (    0.38479    0.69034    0.34083  )
       25     H    1.0000   tau(   25) = (    0.35516    1.06366    0.59411  )
       26     H    1.0000   tau(   26) = (    0.68249    0.68146    0.55842  )
       27     H    1.0000   tau(   27) = (    0.90227    1.15629    1.10527  )
       28     H    1.0000   tau(   28) = (    0.20946    0.62430    0.00314  )

     Computing dynamical matrix for 
                    q = (   0.0000000   0.0000000   0.0000000 )

      2 Sym.Ops. (with q -> -q+G )


     G cutoff = 1990.3169  ( 324595 G-vectors)     FFT grid: ( 90, 75,125)
     G cutoff =  995.1585  ( 114835 G-vectors)  smooth grid: ( 64, 54, 90)

     number of k points=     8  Methfessel-Paxton smearing, width (Ry)=  0.0200

     PseudoPot. # 1 for Ga read from file:
     /home/marco/ZOS_Cloud_Compute/pseudo/Ga.UPF
     MD5 check sum: 79e63b61437c88080bf469cc04ca4be8
     Pseudo is Projector augmented-wave + core cor, Zval = 13.0
     Generated using "atomic" code by A. Dal Corso  v.5.1.2
     Shape of augmentation charge: PSQ
     Using radial grid of 1205 points,  6 beta functions with: 
                l(1) =   0
                l(2) =   0
                l(3) =   1
                l(4) =   1
                l(5) =   2
                l(6) =   2
     Q(r) pseudized with 0 coefficients 


     PseudoPot. # 2 for H  read from file:
     /home/marco/ZOS_Cloud_Compute/pseudo/H.UPF
     MD5 check sum: 850d63dcbcc06c5de8b44e0ab9f952da
     Pseudo is Projector augmented-wave, Zval =  1.0
     Generated using "atomic" code by A. Dal Corso  v.5.1.2
     Shape of augmentation charge: PSQ
     Using radial grid of  929 points,  2 beta functions with: 
                l(1) =   0
                l(2) =   0
     Q(r) pseudized with 0 coefficients 


     PseudoPot. # 3 for Mg read from file:
     /home/marco/ZOS_Cloud_Compute/pseudo/Mg.UPF
     MD5 check sum: a77e51077e70c6c73445c6cac60d158f
     Pseudo is Projector augmented-wave + core cor, Zval = 10.0
     Generated using ATOMPAW code
     Shape of augmentation charge: BESSEL
     Using radial grid of 1171 points,  6 beta functions with: 
                l(1) =   0
                l(2) =   0
                l(3) =   0
                l(4) =   0
                l(5) =   1
                l(6) =   1
     Q(r) pseudized with 0 coefficients 


     PseudoPot. # 4 for Zr read from file:
     /home/marco/ZOS_Cloud_Compute/pseudo/Zr.UPF
     MD5 check sum: 56bebf6edcd38415d7dd1a973c3f3403
     Pseudo is Ultrasoft + core correction, Zval = 12.0
     Generated by new atomic code, or converted to UPF format
     Using radial grid of  887 points,  6 beta functions with: 
                l(1) =   0
                l(2) =   0
                l(3) =   1
                l(4) =   1
                l(5) =   2
                l(6) =   2
     Q(r) pseudized with  6 coefficients,  rinner =    1.200   1.200   1.200
                                                       1.200   1.200


     Atomic displacements:
     There are   84 irreducible representations

     Representation     1      1 modes -  To be done

     Representation     2      1 modes -  To be done

     Representation     3      1 modes -  To be done

     Representation     4      1 modes -  To be done

     Representation     5      1 modes -  To be done

     Representation     6      1 modes -  To be done

     Representation     7      1 modes -  To be done

     Representation     8      1 modes -  To be done

     Representation     9      1 modes -  To be done

     Representation    10      1 modes -  To be done

     Representation    11      1 modes -  To be done

     Representation    12      1 modes -  To be done

     Representation    13      1 modes -  To be done

     Representation    14      1 modes -  To be done

     Representation    15      1 modes -  To be done

     Representation    16      1 modes -  To be done

     Representation    17      1 modes -  To be done

     Representation    18      1 modes -  To be done

     Representation    19      1 modes -  To be done

     Representation    20      1 modes -  To be done

     Representation    21      1 modes -  To be done

     Representation    22      1 modes -  To be done

     Representation    23      1 modes -  To be done

     Representation    24      1 modes -  To be done

     Representation    25      1 modes -  To be done

     Representation    26      1 modes -  To be done

     Representation    27      1 modes -  To be done

     Representation    28      1 modes -  To be done

     Representation    29      1 modes -  To be done

     Representation    30      1 modes -  To be done

     Representation    31      1 modes -  To be done

     Representation    32      1 modes -  To be done

     Representation    33      1 modes -  To be done

     Representation    34      1 modes -  To be done

     Representation    35      1 modes -  To be done

     Representation    36      1 modes -  To be done

     Representation    37      1 modes -  To be done

     Representation    38      1 modes -  To be done

     Representation    39      1 modes -  To be done

     Representation    40      1 modes -  To be done

     Representation    41      1 modes -  To be done

     Representation    42      1 modes -  To be done

     Representation    43      1 modes -  To be done

     Representation    44      1 modes -  To be done

     Representation    45      1 modes -  To be done

     Representation    46      1 modes -  To be done

     Representation    47      1 modes -  To be done

     Representation    48      1 modes -  To be done

     Representation    49      1 modes -  To be done

     Representation    50      1 modes -  To be done

     Representation    51      1 modes -  To be done

     Representation    52      1 modes -  To be done

     Representation    53      1 modes -  To be done

     Representation    54      1 modes -  To be done

     Representation    55      1 modes -  To be done

     Representation    56      1 modes -  To be done

     Representation    57      1 modes -  To be done

     Representation    58      1 modes -  To be done

     Representation    59      1 modes -  To be done

     Representation    60      1 modes -  To be done

     Representation    61      1 modes -  To be done

     Representation    62      1 modes -  To be done

     Representation    63      1 modes -  To be done

     Representation    64      1 modes -  To be done

     Representation    65      1 modes -  To be done

     Representation    66      1 modes -  To be done

     Representation    67      1 modes -  To be done

     Representation    68      1 modes -  To be done

     Representation    69      1 modes -  To be done

     Representation    70      1 modes -  To be done

     Representation    71      1 modes -  To be done

     Representation    72      1 modes -  To be done

     Representation    73      1 modes -  To be done

     Representation    74      1 modes -  To be done

     Representation    75      1 modes -  To be done

     Representation    76      1 modes -  To be done

     Representation    77      1 modes -  To be done

     Representation    78      1 modes -  To be done

     Representation    79      1 modes -  To be done

     Representation    80      1 modes -  To be done

     Representation    81      1 modes -  To be done

     Representation    82      1 modes -  To be done

     Representation    83      1 modes -  To be done

     Representation    84      1 modes -  To be done


     PHONON       :  14m18.04s CPU  11m33.13s WALL



     Representation #   1 mode #   1

     Self-consistent Calculation
     kpoint   1 ibnd  58 solve_linter: root not converged  1.549E+00
     kpoint   2 ibnd  58 solve_linter: root not converged  1.128E+01
     kpoint   3 ibnd  58 solve_linter: root not converged  7.861E-01
     kpoint   4 ibnd  58 solve_linter: root not converged  5.950E+00
     kpoint   5 ibnd  58 solve_linter: root not converged  3.390E+00
     kpoint   6 ibnd  58 solve_linter: root not converged  4.847E+02
     kpoint   7 ibnd  58 solve_linter: root not converged  7.459E-01
     kpoint   8 ibnd  57 solve_linter: root not converged  1.515E+00

     Pert. #  1: Fermi energy shift (Ry) =    -4.8174E+01     0.0000E+00

      iter #  11 total cpu time :  2502.6 secs   av.it.: 390.2
      thresh= 1.000E-02 alpha_mix =  0.700 |ddv_scf|^2 =  1.259E+01
     kpoint   1 ibnd  58 solve_linter: root not converged  1.863E+01
     kpoint   2 ibnd  58 solve_linter: root not converged  2.947E+01
     kpoint   3 ibnd  58 solve_linter: root not converged  1.133E+01
     kpoint   4 ibnd  58 solve_linter: root not converged  4.992E+01
     kpoint   5 ibnd  58 solve_linter: root not converged  2.220E+01
     kpoint   6 ibnd  58 solve_linter: root not converged  1.302E+05
     kpoint   7 ibnd  58 solve_linter: root not converged  1.478E+01
     kpoint   8 ibnd  57 solve_linter: root not converged  1.647E+01

     Pert. #  1: Fermi energy shift (Ry) =    -7.4132E+02     0.0000E+00

      iter #  12 total cpu time :  4314.1 secs   av.it.: 392.1
      thresh= 1.000E-02 alpha_mix =  0.700 |ddv_scf|^2 =  7.374E+02
     kpoint   1 ibnd  58 solve_linter: root not converged  3.181E+01
     kpoint   2 ibnd  58 solve_linter: root not converged  1.542E+01
     kpoint   3 ibnd  58 solve_linter: root not converged  6.348E+01
     kpoint   4 ibnd  58 solve_linter: root not converged  3.954E+01
     kpoint   5 ibnd  58 solve_linter: root not converged  2.587E+01
     kpoint   6 ibnd  58 solve_linter: root not converged  2.575E+02
     kpoint   7 ibnd  58 solve_linter: root not converged  1.162E+02
     kpoint   8 ibnd  57 solve_linter: root not converged  6.834E+00

     Pert. #  1: Fermi energy shift (Ry) =     1.1805E+03     0.0000E+00

      iter #  13 total cpu time :  6129.3 secs   av.it.: 393.6
      thresh= 1.000E-02 alpha_mix =  0.700 |ddv_scf|^2 =  4.991E+03
     kpoint   1 ibnd  58 solve_linter: root not converged  1.139E+02
     kpoint   2 ibnd  58 solve_linter: root not converged  9.822E+00
     kpoint   3 ibnd  58 solve_linter: root not converged  1.590E+01
     kpoint   4 ibnd  58 solve_linter: root not converged  5.440E+01
     kpoint   5 ibnd  58 solve_linter: root not converged  1.277E+01
     kpoint   6 ibnd  58 solve_linter: root not converged  8.026E+01
     kpoint   7 ibnd  58 solve_linter: root not converged  6.787E+00
     kpoint   8 ibnd  57 solve_linter: root not converged  1.725E+01

     Pert. #  1: Fermi energy shift (Ry) =    -1.9067E+03     0.0000E+00

      iter #  14 total cpu time :  7949.6 secs   av.it.: 393.1
      thresh= 1.000E-02 alpha_mix =  0.700 |ddv_scf|^2 =  1.664E+04
     kpoint   1 ibnd  58 solve_linter: root not converged  1.921E+01
     kpoint   2 ibnd  58 solve_linter: root not converged  1.223E+01
     kpoint   3 ibnd  58 solve_linter: root not converged  9.496E+00
     kpoint   4 ibnd  58 solve_linter: root not converged  4.406E+01
     kpoint   5 ibnd  58 solve_linter: root not converged  4.519E+01
     kpoint   6 ibnd  58 solve_linter: root not converged  4.745E+02
     kpoint   7 ibnd  58 solve_linter: root not converged  3.447E+01
     kpoint   8 ibnd  57 solve_linter: root not converged  2.227E+01

     Pert. #  1: Fermi energy shift (Ry) =     4.4065E+02     0.0000E+00

      iter #  15 total cpu time :  9765.9 secs   av.it.: 392.9
      thresh= 1.000E-02 alpha_mix =  0.700 |ddv_scf|^2 =  1.011E+04
     kpoint   1 ibnd  58 solve_linter: root not converged  3.894E+00
     kpoint   2 ibnd  58 solve_linter: root not converged  2.910E-02
     kpoint   3 ibnd  58 solve_linter: root not converged  6.271E+02
     kpoint   4 ibnd  58 solve_linter: root not converged  4.650E-02
     kpoint   5 ibnd  58 solve_linter: root not converged  2.242E+01
     kpoint   6 ibnd  58 solve_linter: root not converged  1.994E+03
     kpoint   7 ibnd  58 solve_linter: root not converged  1.559E+01
     kpoint   8 ibnd  57 solve_linter: root not converged  1.761E+02

     Pert. #  1: Fermi energy shift (Ry) =     1.8694E+03     0.0000E+00

      iter #  16 total cpu time : 11582.6 secs   av.it.: 394.1
      thresh= 1.000E-02 alpha_mix =  0.700 |ddv_scf|^2 =  7.987E+03
     kpoint   1 ibnd  58 solve_linter: root not converged  2.961E-02
     kpoint   2 ibnd  58 solve_linter: root not converged  2.451E-02
     kpoint   3 ibnd  58 solve_linter: root not converged  9.215E+03
     kpoint   4 ibnd  58 solve_linter: root not converged  1.625E-01
     kpoint   5 ibnd  58 solve_linter: root not converged  5.427E+03
     kpoint   6 ibnd  58 solve_linter: root not converged  4.766E+03
     kpoint   7 ibnd  58 solve_linter: root not converged  4.099E+02
     kpoint   8 ibnd  57 solve_linter: root not converged  1.142E+03

     Pert. #  1: Fermi energy shift (Ry) =    -1.7772E+03     0.0000E+00

      iter #  17 total cpu time : 13410.6 secs   av.it.: 396.8
      thresh= 1.000E-02 alpha_mix =  0.700 |ddv_scf|^2 =  7.259E+04
     kpoint   1 ibnd  58 solve_linter: root not converged  8.123E-02
     kpoint   2 ibnd  58 solve_linter: root not converged  1.232E-01
     kpoint   3 ibnd  58 solve_linter: root not converged  1.461E+02
     kpoint   4 ibnd  58 solve_linter: root not converged  1.239E-01
     kpoint   5 ibnd  58 solve_linter: root not converged  3.713E+03
     kpoint   6 ibnd  58 solve_linter: root not converged  2.534E-01
     kpoint   7 ibnd  58 solve_linter: root not converged  1.028E-01
     kpoint   8 ibnd  57 solve_linter: root not converged  1.118E-02

     Pert. #  1: Fermi energy shift (Ry) =     9.8680E+03     0.0000E+00

      iter #  18 total cpu time : 15239.9 secs   av.it.: 397.0
      thresh= 1.000E-02 alpha_mix =  0.700 |ddv_scf|^2 =  5.412E+04
     kpoint   1 ibnd  58 solve_linter: root not converged  1.720E-02
     kpoint   2 ibnd  58 solve_linter: root not converged  1.590E-01
     kpoint   3 ibnd  58 solve_linter: root not converged  2.101E-02
     kpoint   4 ibnd  58 solve_linter: root not converged  1.537E-01
     kpoint   5 ibnd  58 solve_linter: root not converged  2.862E-02
     kpoint   6 ibnd  58 solve_linter: root not converged  1.080E-01
     kpoint   7 ibnd  58 solve_linter: root not converged  1.781E-01
     kpoint   8 ibnd  57 solve_linter: root not converged  2.732E-02

     Pert. #  1: Fermi energy shift (Ry) =    -5.2278E+02     0.0000E+00

      iter #  19 total cpu time : 17079.0 secs   av.it.: 397.4
      thresh= 1.000E-02 alpha_mix =  0.700 |ddv_scf|^2 =  3.718E+05
     kpoint   1 ibnd  58 solve_linter: root not converged  2.618E-02
     kpoint   2 ibnd  58 solve_linter: root not converged  1.648E-01
     kpoint   3 ibnd  58 solve_linter: root not converged  8.515E-02
     kpoint   4 ibnd  58 solve_linter: root not converged  1.093E-01
     kpoint   5 ibnd  58 solve_linter: root not converged  1.567E+03
     kpoint   6 ibnd  58 solve_linter: root not converged  3.214E-02
     kpoint   7 ibnd  58 solve_linter: root not converged  6.100E-02
     kpoint   8 ibnd  57 solve_linter: root not converged  1.063E-02

     Pert. #  1: Fermi energy shift (Ry) =     1.0507E+05     0.0000E+00

      iter #  20 total cpu time : 18919.2 secs   av.it.: 397.6
      thresh= 1.000E-02 alpha_mix =  0.700 |ddv_scf|^2 =  2.998E+06
     kpoint   1 ibnd  58 solve_linter: root not converged  1.565E+02
     kpoint   2 ibnd  58 solve_linter: root not converged  6.368E-02
     kpoint   3 ibnd  58 solve_linter: root not converged  2.086E-02
     kpoint   4 ibnd  58 solve_linter: root not converged  1.570E-01
     kpoint   5 ibnd  58 solve_linter: root not converged  4.031E+02
     kpoint   6 ibnd  58 solve_linter: root not converged  4.414E-01
     kpoint   7 ibnd  58 solve_linter: root not converged  5.566E-02
     kpoint   8 ibnd  57 solve_linter: root not converged  1.122E-01

     Pert. #  1: Fermi energy shift (Ry) =    -1.3315E+07     0.0000E+00

      iter #  21 total cpu time : 20760.3 secs   av.it.: 397.4
      thresh= 1.000E-02 alpha_mix =  0.700 |ddv_scf|^2 =  1.468E+12
     kpoint   1 ibnd  58 solve_linter: root not converged  1.484E-02
     kpoint   2 ibnd  58 solve_linter: root not converged  9.633E-03
     kpoint   3 ibnd  58 solve_linter: root not converged  2.008E-01
     kpoint   4 ibnd  58 solve_linter: root not converged  1.399E-01
     kpoint   5 ibnd  58 solve_linter: root not converged  9.061E-02
     kpoint   6 ibnd  58 solve_linter: root not converged  1.058E-02
     kpoint   7 ibnd  58 solve_linter: root not converged  1.155E-02
     kpoint   8 ibnd  57 solve_linter: root not converged  1.782E-02

     Pert. #  1: Fermi energy shift (Ry) =    -5.8822E+06     0.0000E+00

      iter #  22 total cpu time : 22611.3 secs   av.it.: 399.4
      thresh= 1.000E-02 alpha_mix =  0.700 |ddv_scf|^2 =  8.879E+10
     kpoint   1 ibnd  58 solve_linter: root not converged  4.881E-02
     kpoint   2 ibnd  58 solve_linter: root not converged  5.277E-02
     kpoint   3 ibnd  58 solve_linter: root not converged  2.837E-01
     kpoint   4 ibnd  58 solve_linter: root not converged  4.677E-02
     kpoint   5 ibnd  58 solve_linter: root not converged  1.660E-01
     kpoint   6 ibnd  58 solve_linter: root not converged  2.326E-01
     kpoint   7 ibnd  58 solve_linter: root not converged  1.528E-02
     kpoint   8 ibnd  57 solve_linter: root not converged  5.571E-02

     Pert. #  1: Fermi energy shift (Ry) =     1.0382E+07     0.0000E+00

      iter #  23 total cpu time : 24453.8 secs   av.it.: 400.0
      thresh= 1.000E-02 alpha_mix =  0.700 |ddv_scf|^2 =  1.888E+10
     kpoint   1 ibnd  58 solve_linter: root not converged  5.973E-01
     kpoint   2 ibnd  58 solve_linter: root not converged  4.785E-01
     kpoint   3 ibnd  58 solve_linter: root not converged  2.067E-01
     kpoint   4 ibnd  58 solve_linter: root not converged  8.357E-01
     kpoint   5 ibnd  58 solve_linter: root not converged  3.984E-01
     kpoint   6 ibnd  58 solve_linter: root not converged  4.074E-01
     kpoint   7 ibnd  58 solve_linter: root not converged  1.119E-01
     kpoint   8 ibnd  57 solve_linter: root not converged  8.709E-02

     Pert. #  1: Fermi energy shift (Ry) =     1.0526E+07     0.0000E+00

      iter #  24 total cpu time : 26297.6 secs   av.it.: 400.0
      thresh= 1.000E-02 alpha_mix =  0.700 |ddv_scf|^2 =  3.795E+10
     kpoint   1 ibnd  58 solve_linter: root not converged  7.384E-02
     kpoint   2 ibnd  58 solve_linter: root not converged  3.666E-01
     kpoint   3 ibnd  58 solve_linter: root not converged  2.167E-02
     kpoint   4 ibnd  58 solve_linter: root not converged  1.123E-01
     kpoint   5 ibnd  58 solve_linter: root not converged  6.701E-01
     kpoint   6 ibnd  58 solve_linter: root not converged  2.298E-01
     kpoint   7 ibnd  58 solve_linter: root not converged  4.633E-02
     kpoint   8 ibnd  57 solve_linter: root not converged  9.171E+00

     Pert. #  1: Fermi energy shift (Ry) =     4.5197E+06     0.0000E+00

      iter #  25 total cpu time : 28145.4 secs   av.it.: 400.0
      thresh= 1.000E-02 alpha_mix =  0.700 |ddv_scf|^2 =  1.809E+10
     kpoint   1 ibnd  58 solve_linter: root not converged  3.333E+00
     kpoint   2 ibnd  58 solve_linter: root not converged  1.510E+00
     kpoint   3 ibnd  58 solve_linter: root not converged  1.948E+01
     kpoint   4 ibnd  58 solve_linter: root not converged  1.819E+00
     kpoint   5 ibnd  58 solve_linter: root not converged  4.061E+01
     kpoint   6 ibnd  58 solve_linter: root not converged  6.718E+00
     kpoint   7 ibnd  58 solve_linter: root not converged  3.606E+01
     kpoint   8 ibnd  57 solve_linter: root not converged  1.702E+00

     Pert. #  1: Fermi energy shift (Ry) =     2.6062E+08     0.0000E+00

      iter #  26 total cpu time : 29987.4 secs   av.it.: 400.0
      thresh= 1.000E-02 alpha_mix =  0.700 |ddv_scf|^2 =  1.574E+13
     kpoint   1 ibnd  58 solve_linter: root not converged  2.868E+00
     kpoint   2 ibnd  58 solve_linter: root not converged  5.830E+01
     kpoint   3 ibnd  58 solve_linter: root not converged  2.496E+00
     kpoint   4 ibnd  58 solve_linter: root not converged  6.337E-01
     kpoint   5 ibnd  58 solve_linter: root not converged  1.726E+00
     kpoint   6 ibnd  58 solve_linter: root not converged  2.193E+00
     kpoint   7 ibnd  58 solve_linter: root not converged  3.489E-01
     kpoint   8 ibnd  57 solve_linter: root not converged  4.737E-01

     Pert. #  1: Fermi energy shift (Ry) =     2.9086E+08     0.0000E+00

      iter #  27 total cpu time : 31814.5 secs   av.it.: 400.0
      thresh= 1.000E-02 alpha_mix =  0.700 |ddv_scf|^2 =  1.762E+13
     kpoint   1 ibnd  58 solve_linter: root not converged  6.237E-01
     kpoint   2 ibnd  58 solve_linter: root not converged  2.311E+00
     kpoint   3 ibnd  58 solve_linter: root not converged  1.823E+00
     kpoint   4 ibnd  58 solve_linter: root not converged  8.597E-01
     kpoint   5 ibnd  58 solve_linter: root not converged  3.214E+01
     kpoint   6 ibnd  58 solve_linter: root not converged  1.055E+01
     kpoint   7 ibnd  58 solve_linter: root not converged  2.981E+00
     kpoint   8 ibnd  57 solve_linter: root not converged  3.296E+00

     Pert. #  1: Fermi energy shift (Ry) =     1.7569E+08     0.0000E+00

      iter #  28 total cpu time : 33652.6 secs   av.it.: 400.0
      thresh= 1.000E-02 alpha_mix =  0.700 |ddv_scf|^2 =  8.221E+12
     kpoint   1 ibnd  58 solve_linter: root not converged  1.121E+01
     kpoint   2 ibnd  58 solve_linter: root not converged  1.326E+01
     kpoint   3 ibnd  58 solve_linter: root not converged  1.266E+00
     kpoint   4 ibnd  58 solve_linter: root not converged  8.967E+00
     kpoint   5 ibnd  58 solve_linter: root not converged  9.722E+00
     kpoint   6 ibnd  58 solve_linter: root not converged  1.773E+01
     kpoint   7 ibnd  58 solve_linter: root not converged  2.685E+00
     kpoint   8 ibnd  57 solve_linter: root not converged  4.998E+00

     Pert. #  1: Fermi energy shift (Ry) =    -1.4666E+08     0.0000E+00

      iter #  29 total cpu time : 35491.6 secs   av.it.: 400.0
      thresh= 1.000E-02 alpha_mix =  0.700 |ddv_scf|^2 =  1.189E+13
     kpoint   1 ibnd  58 solve_linter: root not converged  1.443E+01
     kpoint   2 ibnd  58 solve_linter: root not converged  1.187E+01
     kpoint   3 ibnd  58 solve_linter: root not converged  9.415E+00
     kpoint   4 ibnd  58 solve_linter: root not converged  2.521E+01
     kpoint   5 ibnd  58 solve_linter: root not converged  2.915E+02
     kpoint   6 ibnd  58 solve_linter: root not converged  3.963E+01
     kpoint   7 ibnd  58 solve_linter: root not converged  1.214E+02
     kpoint   8 ibnd  57 solve_linter: root not converged  3.595E+01

     Pert. #  1: Fermi energy shift (Ry) =    -8.2373E+06     0.0000E+00

      iter #  30 total cpu time : 37330.7 secs   av.it.: 400.0
      thresh= 1.000E-02 alpha_mix =  0.700 |ddv_scf|^2 =  1.776E+14
     kpoint   1 ibnd  58 solve_linter: root not converged  1.035E+02
     kpoint   2 ibnd  58 solve_linter: root not converged  2.513E+02
     kpoint   3 ibnd  58 solve_linter: root not converged  1.026E+02
     kpoint   4 ibnd  58 solve_linter: root not converged  2.905E+01
     kpoint   5 ibnd  58 solve_linter: root not converged  6.582E+02
     kpoint   6 ibnd  58 solve_linter: root not converged  1.074E+03
     kpoint   7 ibnd  58 solve_linter: root not converged  4.710E+01
     kpoint   8 ibnd  57 solve_linter: root not converged  2.900E+01

     Pert. #  1: Fermi energy shift (Ry) =    -4.2334E+08     0.0000E+00

      iter #  31 total cpu time : 39174.6 secs   av.it.: 400.0
      thresh= 1.000E-02 alpha_mix =  0.700 |ddv_scf|^2 =  1.680E+15
     kpoint   1 ibnd  58 solve_linter: root not converged  7.625E+01
     kpoint   2 ibnd  58 solve_linter: root not converged  1.367E+01
     kpoint   3 ibnd  58 solve_linter: root not converged  6.600E+00
     kpoint   4 ibnd  58 solve_linter: root not converged  3.925E+01
     kpoint   5 ibnd  58 solve_linter: root not converged  1.997E+01
     kpoint   6 ibnd  58 solve_linter: root not converged  2.949E+01
     kpoint   7 ibnd  58 solve_linter: root not converged  1.382E+02
     kpoint   8 ibnd  57 solve_linter: root not converged  2.356E+01

     Pert. #  1: Fermi energy shift (Ry) =    -3.9547E+08     0.0000E+00

      iter #  32 total cpu time : 41015.7 secs   av.it.: 400.0
      thresh= 1.000E-02 alpha_mix =  0.700 |ddv_scf|^2 =  2.282E+14
     kpoint   1 ibnd  58 solve_linter: root not converged  1.962E+02
     kpoint   2 ibnd  58 solve_linter: root not converged  4.350E+01
     kpoint   3 ibnd  58 solve_linter: root not converged  8.707E+02
     kpoint   4 ibnd  58 solve_linter: root not converged  3.741E+03
     kpoint   5 ibnd  58 solve_linter: root not converged  3.874E+01
     kpoint   6 ibnd  58 solve_linter: root not converged  5.273E+04
     kpoint   7 ibnd  58 solve_linter: root not converged  1.335E+01
     kpoint   8 ibnd  57 solve_linter: root not converged  4.051E+01

     Pert. #  1: Fermi energy shift (Ry) =     3.9560E+08     0.0000E+00

      iter #  33 total cpu time : 42857.4 secs   av.it.: 400.0
      thresh= 1.000E-02 alpha_mix =  0.700 |ddv_scf|^2 =  1.916E+14
     kpoint   1 ibnd  58 solve_linter: root not converged  2.881E+01
     kpoint   2 ibnd  58 solve_linter: root not converged  2.988E+02
     kpoint   3 ibnd  58 solve_linter: root not converged  4.807E+01
     kpoint   4 ibnd  58 solve_linter: root not converged  2.633E+02
     kpoint   5 ibnd  58 solve_linter: root not converged  3.466E+02
     kpoint   6 ibnd  58 solve_linter: root not converged  3.004E+02
     kpoint   7 ibnd  58 solve_linter: root not converged  6.178E+01
     kpoint   8 ibnd  57 solve_linter: root not converged  1.794E+02

     Pert. #  1: Fermi energy shift (Ry) =     2.0753E+09     0.0000E+00

      iter #  34 total cpu time : 44709.5 secs   av.it.: 400.0
      thresh= 1.000E-02 alpha_mix =  0.700 |ddv_scf|^2 =  4.798E+14
     kpoint   1 ibnd  58 solve_linter: root not converged  2.749E+02
     kpoint   2 ibnd  58 solve_linter: root not converged  1.326E+02
     kpoint   3 ibnd  58 solve_linter: root not converged  6.263E+02
     kpoint   4 ibnd  58 solve_linter: root not converged  9.593E+02
     kpoint   5 ibnd  58 solve_linter: root not converged  4.355E+02
     kpoint   6 ibnd  58 solve_linter: root not converged  8.052E+03
     kpoint   7 ibnd  58 solve_linter: root not converged  8.923E+02
     kpoint   8 ibnd  57 solve_linter: root not converged  2.922E+04

     Pert. #  1: Fermi energy shift (Ry) =    -1.1127E+10     0.0000E+00

      iter #  35 total cpu time : 46575.0 secs   av.it.: 400.0
      thresh= 1.000E-02 alpha_mix =  0.700 |ddv_scf|^2 =  2.574E+16
     kpoint   1 ibnd  58 solve_linter: root not converged  2.859E+02
     kpoint   2 ibnd  58 solve_linter: root not converged  4.250E+01
     kpoint   3 ibnd  58 solve_linter: root not converged  3.196E+01

     Program PHONON v.6.7MaX starts on  3Mar2026 at 22:19:38 

     This program is part of the open-source Quantum ESPRESSO suite
     for quantum simulation of materials; please cite
         "P. Giannozzi et al., J. Phys.:Condens. Matter 21 395502 (2009);
         "P. Giannozzi et al., J. Phys.:Condens. Matter 29 465901 (2017);
          URL http://www.quantum-espresso.org", 
     in publications or presentations arising from this work. More details at
     http://www.quantum-espresso.org/quote

     Parallel version (MPI), running on     1 processors

     MPI processes distributed on     1 nodes
     Waiting for input...
     Reading input from standard input

     Reading xml data from directory:

     ./tmp/Mg4ZrGa3H20.save/
     Message from routine read_pp_mesh:
     mismatch in mesh size, discarding the one in header
     file Ga.UPF: wavefunction(s)  4S renormalized
     file H.UPF: wavefunction(s)  1S renormalized

     IMPORTANT: XC functional enforced from input :
     Exchange-correlation= PBE
                           (   1   4   3   4   0   0   0)
     Any further DFT definition will be discarded
     Please, verify this is what you really want


     G-vector sticks info
     --------------------
     sticks:   dense  smooth     PW     G-vecs:    dense   smooth      PW
     Sum        5161    2585    727               324595   114835   17017


     negative rho (up, down):  1.321E+02 0.000E+00
     Reading collected, re-writing distributed wavefunctions
 end of file reached, closing tag not found
warning: file closed at level 1 with tag Root open
        1 /   1 q-points for this run, from  1 to  1:
       N       xq(1)         xq(2)         xq(3) 
       1   0.000000000   0.000000000   0.000000000


     Calculation of q =    0.0000000   0.0000000   0.0000000
     Message from routine ph_restart_set_filename :
     cannot open file for reading or writing
 end of file reached, closing tag not found
warning: file closed at level 1 with tag Root open
     Message from routine ph_restart_set_filename :
     cannot open file for reading or writing
     Message from routine ph_restart_set_filename :
     cannot open file for reading or writing
     Message from routine ph_restart_set_filename :
     cannot open file for reading or writing
     Message from routine ph_restart_set_filename :
     cannot open file for reading or writing
     Message from routine ph_restart_set_filename :
     cannot open file for reading or writing
     Message from routine ph_restart_set_filename :
     cannot open file for reading or writing
     Message from routine ph_restart_set_filename :
     cannot open file for reading or writing
     Message from routine ph_restart_set_filename :
     cannot open file for reading or writing
     Message from routine ph_restart_set_filename :
     cannot open file for reading or writing
     Message from routine ph_restart_set_filename :
     cannot open file for reading or writing
     Message from routine ph_restart_set_filename :
     cannot open file for reading or writing
     Message from routine ph_restart_set_filename :
     cannot open file for reading or writing
     Message from routine ph_restart_set_filename :
     cannot open file for reading or writing
     Message from routine ph_restart_set_filename :
     cannot open file for reading or writing
     Message from routine ph_restart_set_filename :
     cannot open file for reading or writing
     Message from routine ph_restart_set_filename :
     cannot open file for reading or writing
     Message from routine ph_restart_set_filename :
     cannot open file for reading or writing
     Message from routine ph_restart_set_filename :
     cannot open file for reading or writing
     Message from routine ph_restart_set_filename :
     cannot open file for reading or writing
     Message from routine ph_restart_set_filename :
     cannot open file for reading or writing
     Message from routine ph_restart_set_filename :
     cannot open file for reading or writing
     Message from routine ph_restart_set_filename :
     cannot open file for reading or writing
     Message from routine ph_restart_set_filename :
     cannot open file for reading or writing
     Message from routine ph_restart_set_filename :
     cannot open file for reading or writing
     Message from routine ph_restart_set_filename :
     cannot open file for reading or writing
     Message from routine ph_restart_set_filename :
     cannot open file for reading or writing
     Message from routine ph_restart_set_filename :
     cannot open file for reading or writing
     Message from routine ph_restart_set_filename :
     cannot open file for reading or writing
     Message from routine ph_restart_set_filename :
     cannot open file for reading or writing
     Message from routine ph_restart_set_filename :
     cannot open file for reading or writing
     Message from routine ph_restart_set_filename :
     cannot open file for reading or writing
     Message from routine ph_restart_set_filename :
     cannot open file for reading or writing
     Message from routine ph_restart_set_filename :
     cannot open file for reading or writing
     Message from routine ph_restart_set_filename :
     cannot open file for reading or writing
     Message from routine ph_restart_set_filename :
     cannot open file for reading or writing
     Message from routine ph_restart_set_filename :
     cannot open file for reading or writing
     Message from routine ph_restart_set_filename :
     cannot open file for reading or writing
     Message from routine ph_restart_set_filename :
     cannot open file for reading or writing
     Message from routine ph_restart_set_filename :
     cannot open file for reading or writing
     Message from routine ph_restart_set_filename :
     cannot open file for reading or writing
     Message from routine ph_restart_set_filename :
     cannot open file for reading or writing
     Message from routine ph_restart_set_filename :
     cannot open file for reading or writing
     Message from routine ph_restart_set_filename :
     cannot open file for reading or writing
     Message from routine ph_restart_set_filename :
     cannot open file for reading or writing
     Message from routine ph_restart_set_filename :
     cannot open file for reading or writing
     Message from routine ph_restart_set_filename :
     cannot open file for reading or writing
     Message from routine ph_restart_set_filename :
     cannot open file for reading or writing
     Message from routine ph_restart_set_filename :
     cannot open file for reading or writing
     Message from routine ph_restart_set_filename :
     cannot open file for reading or writing
     Message from routine ph_restart_set_filename :
     cannot open file for reading or writing
     Message from routine ph_restart_set_filename :
     cannot open file for reading or writing
     Message from routine ph_restart_set_filename :
     cannot open file for reading or writing
     Message from routine ph_restart_set_filename :
     cannot open file for reading or writing
     Message from routine ph_restart_set_filename :
     cannot open file for reading or writing
     Message from routine ph_restart_set_filename :
     cannot open file for reading or writing
     Message from routine ph_restart_set_filename :
     cannot open file for reading or writing
     Message from routine ph_restart_set_filename :
     cannot open file for reading or writing
     Message from routine ph_restart_set_filename :
     cannot open file for reading or writing
     Message from routine ph_restart_set_filename :
     cannot open file for reading or writing
     Message from routine ph_restart_set_filename :
     cannot open file for reading or writing
     Message from routine ph_restart_set_filename :
     cannot open file for reading or writing
     Message from routine ph_restart_set_filename :
     cannot open file for reading or writing
     Message from routine ph_restart_set_filename :
     cannot open file for reading or writing
     Message from routine ph_restart_set_filename :
     cannot open file for reading or writing
     Message from routine ph_restart_set_filename :
     cannot open file for reading or writing
     Message from routine ph_restart_set_filename :
     cannot open file for reading or writing
     Message from routine ph_restart_set_filename :
     cannot open file for reading or writing
     Message from routine ph_restart_set_filename :
     cannot open file for reading or writing
     Message from routine ph_restart_set_filename :
     cannot open file for reading or writing
     Message from routine ph_restart_set_filename :
     cannot open file for reading or writing
     Message from routine ph_restart_set_filename :
     cannot open file for reading or writing
     Message from routine ph_restart_set_filename :
     cannot open file for reading or writing
     Message from routine ph_restart_set_filename :
     cannot open file for reading or writing
     Message from routine ph_restart_set_filename :
     cannot open file for reading or writing
     Message from routine ph_restart_set_filename :
     cannot open file for reading or writing
     Message from routine ph_restart_set_filename :
     cannot open file for reading or writing
     Message from routine ph_restart_set_filename :
     cannot open file for reading or writing
     Message from routine ph_restart_set_filename :
     cannot open file for reading or writing
     Message from routine ph_restart_set_filename :
     cannot open file for reading or writing
     Message from routine ph_restart_set_filename :
     cannot open file for reading or writing
     Message from routine ph_restart_set_filename :
     cannot open file for reading or writing
     Message from routine ph_restart_set_filename :
     cannot open file for reading or writing
     Message from routine ph_restart_set_filename :
     cannot open file for reading or writing
     Message from routine ph_restart_set_filename :
     cannot open file for reading or writing

     Restart in Phonon calculation

     Phonons                                                                    

     bravais-lattice index     =            0
     lattice parameter (alat)  =      14.0156  a.u.
     unit-cell volume          =    2403.6928 (a.u.)^3
     number of atoms/cell      =           28
     number of atomic types    =            4
     kinetic-energy cut-off    =      50.0000  Ry
     charge density cut-off    =     400.0000  Ry
     convergence threshold     =      1.0E-14
     beta                      =       0.7000
     number of iterations used =            4
     Exchange-correlation= PBE
                           (   1   4   3   4   0   0   0)


     celldm(1)=   14.01558  celldm(2)=    0.00000  celldm(3)=    0.00000
     celldm(4)=    0.00000  celldm(5)=    0.00000  celldm(6)=    0.00000

     crystal axes: (cart. coord. in units of alat)
               a(1) = (  0.9795  0.0387 -0.0099 )  
               a(2) = (  0.0361  0.8433  0.0474 )  
               a(3) = (  0.0242  0.8932  1.1091 )  

     reciprocal axes: (cart. coord. in units 2 pi/alat)
               b(1) = (  1.0228 -0.0446  0.0135 )  
               b(2) = ( -0.0594  1.2446 -1.0011 )  
               b(3) = (  0.0117 -0.0535  0.9445 )  


     Atoms inside the unit cell: 

     Cartesian axes

     site n.  atom      mass           positions (alat units)
        1     Mg   1.0000   tau(    1) = (    0.40216    1.06063    0.87296  )
        2     Mg   1.0000   tau(    2) = (    0.63271    0.70646    0.29243  )
        3     Mg   1.0000   tau(    3) = (    0.91927    1.10991    0.85323  )
        4     Mg   1.0000   tau(    4) = (    0.14352    0.68963    0.28520  )
        5     Ga   1.0000   tau(    5) = (    0.39902    1.46246    0.98549  )
        6     Zr   1.0000   tau(    6) = (    0.63999    0.29629    0.08733  )
        7     Ga   1.0000   tau(    7) = (    0.86340    0.69938    0.67133  )
        8     Ga   1.0000   tau(    8) = (    0.17433    1.09710    0.47864  )
        9     H    1.0000   tau(    9) = (    0.06291    0.68449    0.56444  )
       10     H    1.0000   tau(   10) = (    0.97421    1.15350    0.58974  )
       11     H    1.0000   tau(   11) = (    0.57249    1.43800    1.13851  )
       12     H    1.0000   tau(   12) = (    0.41139    0.19275    0.02042  )
       13     H    1.0000   tau(   13) = (    0.33767    1.32330    0.82953  )
       14     H    1.0000   tau(   14) = (    0.68028    0.44964    0.30034  )
       15     H    1.0000   tau(   15) = (    0.83236    0.86691    0.80359  )
       16     H    1.0000   tau(   16) = (    0.13068    0.94693    0.33144  )
       17     H    1.0000   tau(   17) = (    0.91814    1.37744    0.85500  )
       18     H    1.0000   tau(   18) = (    0.15461    0.42960    0.30728  )
       19     H    1.0000   tau(   19) = (    0.45491    0.78760    0.83448  )
       20     H    1.0000   tau(   20) = (    0.61998    0.97204    0.32594  )
       21     H    1.0000   tau(   21) = (    0.16800    1.00110    0.90224  )
       22     H    1.0000   tau(   22) = (    0.87833    0.75043    0.20089  )
       23     H    1.0000   tau(   23) = (    0.65429    1.14218    0.91835  )
       24     H    1.0000   tau(   24) = (    0.38479    0.69034    0.34083  )
       25     H    1.0000   tau(   25) = (    0.35516    1.06366    0.59411  )
       26     H    1.0000   tau(   26) = (    0.68249    0.68146    0.55842  )
       27     H    1.0000   tau(   27) = (    0.90227    1.15629    1.10527  )
       28     H    1.0000   tau(   28) = (    0.20946    0.62430    0.00314  )

     Computing dynamical matrix for 
                    q = (   0.0000000   0.0000000   0.0000000 )

      2 Sym.Ops. (with q -> -q+G )


     G cutoff = 1990.3169  ( 324595 G-vectors)     FFT grid: ( 90, 75,125)
     G cutoff =  995.1585  ( 114835 G-vectors)  smooth grid: ( 64, 54, 90)

     number of k points=     8  Methfessel-Paxton smearing, width (Ry)=  0.0200

     PseudoPot. # 1 for Ga read from file:
     /home/marco/ZOS_Cloud_Compute/pseudo/Ga.UPF
     MD5 check sum: 79e63b61437c88080bf469cc04ca4be8
     Pseudo is Projector augmented-wave + core cor, Zval = 13.0
     Generated using "atomic" code by A. Dal Corso  v.5.1.2
     Shape of augmentation charge: PSQ
     Using radial grid of 1205 points,  6 beta functions with: 
                l(1) =   0
                l(2) =   0
                l(3) =   1
                l(4) =   1
                l(5) =   2
                l(6) =   2
     Q(r) pseudized with 0 coefficients 


     PseudoPot. # 2 for H  read from file:
     /home/marco/ZOS_Cloud_Compute/pseudo/H.UPF
     MD5 check sum: 850d63dcbcc06c5de8b44e0ab9f952da
     Pseudo is Projector augmented-wave, Zval =  1.0
     Generated using "atomic" code by A. Dal Corso  v.5.1.2
     Shape of augmentation charge: PSQ
     Using radial grid of  929 points,  2 beta functions with: 
                l(1) =   0
                l(2) =   0
     Q(r) pseudized with 0 coefficients 


     PseudoPot. # 3 for Mg read from file:
     /home/marco/ZOS_Cloud_Compute/pseudo/Mg.UPF
     MD5 check sum: a77e51077e70c6c73445c6cac60d158f
     Pseudo is Projector augmented-wave + core cor, Zval = 10.0
     Generated using ATOMPAW code
     Shape of augmentation charge: BESSEL
     Using radial grid of 1171 points,  6 beta functions with: 
                l(1) =   0
                l(2) =   0
                l(3) =   0
                l(4) =   0
                l(5) =   1
                l(6) =   1
     Q(r) pseudized with 0 coefficients 


     PseudoPot. # 4 for Zr read from file:
     /home/marco/ZOS_Cloud_Compute/pseudo/Zr.UPF
     MD5 check sum: 56bebf6edcd38415d7dd1a973c3f3403
     Pseudo is Ultrasoft + core correction, Zval = 12.0
     Generated by new atomic code, or converted to UPF format
     Using radial grid of  887 points,  6 beta functions with: 
                l(1) =   0
                l(2) =   0
                l(3) =   1
                l(4) =   1
                l(5) =   2
                l(6) =   2
     Q(r) pseudized with  6 coefficients,  rinner =    1.200   1.200   1.200
                                                       1.200   1.200


     Atomic displacements:
     There are   84 irreducible representations

     Representation     1      1 modes -  To be done

     Representation     2      1 modes -  To be done

     Representation     3      1 modes -  To be done

     Representation     4      1 modes -  To be done

     Representation     5      1 modes -  To be done

     Representation     6      1 modes -  To be done

     Representation     7      1 modes -  To be done

     Representation     8      1 modes -  To be done

     Representation     9      1 modes -  To be done

     Representation    10      1 modes -  To be done

     Representation    11      1 modes -  To be done

     Representation    12      1 modes -  To be done

     Representation    13      1 modes -  To be done

     Representation    14      1 modes -  To be done

     Representation    15      1 modes -  To be done

     Representation    16      1 modes -  To be done

     Representation    17      1 modes -  To be done

     Representation    18      1 modes -  To be done

     Representation    19      1 modes -  To be done

     Representation    20      1 modes -  To be done

     Representation    21      1 modes -  To be done

     Representation    22      1 modes -  To be done

     Representation    23      1 modes -  To be done

     Representation    24      1 modes -  To be done

     Representation    25      1 modes -  To be done

     Representation    26      1 modes -  To be done

     Representation    27      1 modes -  To be done

     Representation    28      1 modes -  To be done

     Representation    29      1 modes -  To be done

     Representation    30      1 modes -  To be done

     Representation    31      1 modes -  To be done

     Representation    32      1 modes -  To be done

     Representation    33      1 modes -  To be done

     Representation    34      1 modes -  To be done

     Representation    35      1 modes -  To be done

     Representation    36      1 modes -  To be done

     Representation    37      1 modes -  To be done

     Representation    38      1 modes -  To be done

     Representation    39      1 modes -  To be done

     Representation    40      1 modes -  To be done

     Representation    41      1 modes -  To be done

     Representation    42      1 modes -  To be done

     Representation    43      1 modes -  To be done

     Representation    44      1 modes -  To be done

     Representation    45      1 modes -  To be done

     Representation    46      1 modes -  To be done

     Representation    47      1 modes -  To be done

     Representation    48      1 modes -  To be done

     Representation    49      1 modes -  To be done

     Representation    50      1 modes -  To be done

     Representation    51      1 modes -  To be done

     Representation    52      1 modes -  To be done

     Representation    53      1 modes -  To be done

     Representation    54      1 modes -  To be done

     Representation    55      1 modes -  To be done

     Representation    56      1 modes -  To be done

     Representation    57      1 modes -  To be done

     Representation    58      1 modes -  To be done

     Representation    59      1 modes -  To be done

     Representation    60      1 modes -  To be done

     Representation    61      1 modes -  To be done

     Representation    62      1 modes -  To be done

     Representation    63      1 modes -  To be done

     Representation    64      1 modes -  To be done

     Representation    65      1 modes -  To be done

     Representation    66      1 modes -  To be done

     Representation    67      1 modes -  To be done

     Representation    68      1 modes -  To be done

     Representation    69      1 modes -  To be done

     Representation    70      1 modes -  To be done

     Representation    71      1 modes -  To be done

     Representation    72      1 modes -  To be done

     Representation    73      1 modes -  To be done

     Representation    74      1 modes -  To be done

     Representation    75      1 modes -  To be done

     Representation    76      1 modes -  To be done

     Representation    77      1 modes -  To be done

     Representation    78      1 modes -  To be done

     Representation    79      1 modes -  To be done

     Representation    80      1 modes -  To be done

     Representation    81      1 modes -  To be done

     Representation    82      1 modes -  To be done

     Representation    83      1 modes -  To be done

     Representation    84      1 modes -  To be done


     PHONON       :  13m44.33s CPU  11m16.37s WALL



     Representation #   1 mode #   1

     Self-consistent Calculation
     kpoint   1 ibnd  58 solve_linter: root not converged  1.370E+04
     kpoint   2 ibnd  58 solve_linter: root not converged  2.146E-01
     kpoint   3 ibnd  58 solve_linter: root not converged  2.449E+05
     kpoint   4 ibnd  58 solve_linter: root not converged  7.617E+02
     kpoint   5 ibnd  58 solve_linter: root not converged  3.822E+02
     kpoint   6 ibnd  58 solve_linter: root not converged  1.957E+03
     kpoint   7 ibnd  58 solve_linter: root not converged  4.028E+03
     kpoint   8 ibnd  57 solve_linter: root not converged  6.884E+01

     Pert. #  1: Fermi energy shift (Ry) =    -5.1362E+10     0.0000E+00

      iter #  36 total cpu time :  2298.4 secs   av.it.: 395.2
      thresh= 1.000E-02 alpha_mix =  0.700 |ddv_scf|^2 =  3.717E+19
     kpoint   1 ibnd  58 solve_linter: root not converged  5.022E+01
     kpoint   2 ibnd  58 solve_linter: root not converged  1.051E+02
     kpoint   3 ibnd  58 solve_linter: root not converged  1.555E+01
     kpoint   4 ibnd  58 solve_linter: root not converged  6.240E+01
     kpoint   5 ibnd  58 solve_linter: root not converged  1.651E+03
     kpoint   6 ibnd  58 solve_linter: root not converged  5.663E+02
     kpoint   7 ibnd  58 solve_linter: root not converged  6.460E+01
     kpoint   8 ibnd  57 solve_linter: root not converged  1.275E+02

     Pert. #  1: Fermi energy shift (Ry) =    -2.4215E+11     0.0000E+00

      iter #  37 total cpu time :  3926.6 secs   av.it.: 400.0
      thresh= 1.000E-02 alpha_mix =  0.700 |ddv_scf|^2 =  5.857E+19
     kpoint   1 ibnd  58 solve_linter: root not converged  1.311E+03
     kpoint   2 ibnd  58 solve_linter: root not converged  5.070E+02
     kpoint   3 ibnd  58 solve_linter: root not converged  6.287E+02
     kpoint   4 ibnd  58 solve_linter: root not converged  2.056E+02
     kpoint   5 ibnd  58 solve_linter: root not converged  1.015E+03
     kpoint   6 ibnd  58 solve_linter: root not converged  8.866E+03
     kpoint   7 ibnd  58 solve_linter: root not converged  2.064E+02
     kpoint   8 ibnd  57 solve_linter: root not converged  3.709E+02

     Pert. #  1: Fermi energy shift (Ry) =     2.0119E+11     0.0000E+00

      iter #  38 total cpu time :  5556.7 secs   av.it.: 400.0
      thresh= 1.000E-02 alpha_mix =  0.700 |ddv_scf|^2 =  2.185E+19
     kpoint   1 ibnd  58 solve_linter: root not converged  2.903E+03
     kpoint   2 ibnd  58 solve_linter: root not converged  1.675E+03
     kpoint   3 ibnd  58 solve_linter: root not converged  5.642E+02
     kpoint   4 ibnd  58 solve_linter: root not converged  3.628E+02
     kpoint   5 ibnd  58 solve_linter: root not converged  3.288E+03
     kpoint   6 ibnd  58 solve_linter: root not converged  3.122E+03
     kpoint   7 ibnd  58 solve_linter: root not converged  9.100E+02
     kpoint   8 ibnd  57 solve_linter: root not converged  4.806E+02

     Pert. #  1: Fermi energy shift (Ry) =     1.8524E+11     0.0000E+00

      iter #  39 total cpu time :  7184.7 secs   av.it.: 400.0
      thresh= 1.000E-02 alpha_mix =  0.700 |ddv_scf|^2 =  3.054E+19
     kpoint   1 ibnd  58 solve_linter: root not converged  1.958E+03
     kpoint   2 ibnd  58 solve_linter: root not converged  1.279E+03
     kpoint   3 ibnd  58 solve_linter: root not converged  2.358E+04
     kpoint   4 ibnd  58 solve_linter: root not converged  8.458E+02
     kpoint   5 ibnd  58 solve_linter: root not converged  8.952E+03
     kpoint   6 ibnd  58 solve_linter: root not converged  2.282E+04
     kpoint   7 ibnd  58 solve_linter: root not converged  2.033E+03
     kpoint   8 ibnd  57 solve_linter: root not converged  1.271E+03

     Pert. #  1: Fermi energy shift (Ry) =    -4.9894E+10     0.0000E+00

      iter #  40 total cpu time :  8814.3 secs   av.it.: 400.0
      thresh= 1.000E-02 alpha_mix =  0.700 |ddv_scf|^2 =  1.077E+19
     kpoint   1 ibnd  58 solve_linter: root not converged  6.453E+05
     kpoint   2 ibnd  58 solve_linter: root not converged  1.462E+06
     kpoint   3 ibnd  58 solve_linter: root not converged  3.102E+04
     kpoint   4 ibnd  58 solve_linter: root not converged  1.189E+05
     kpoint   5 ibnd  58 solve_linter: root not converged  7.327E+05
     kpoint   6 ibnd  58 solve_linter: root not converged  5.911E+07
     kpoint   7 ibnd  58 solve_linter: root not converged  2.678E+05
     kpoint   8 ibnd  57 solve_linter: root not converged  1.513E+05

     Pert. #  1: Fermi energy shift (Ry) =    -5.5949E+10     0.0000E+00

      iter #  41 total cpu time : 10441.9 secs   av.it.: 400.0
      thresh= 1.000E-02 alpha_mix =  0.700 |ddv_scf|^2 =  1.192E+19
     kpoint   1 ibnd  58 solve_linter: root not converged  9.545E+05
     kpoint   2 ibnd  58 solve_linter: root not converged  7.600E+04
     kpoint   3 ibnd  58 solve_linter: root not converged  4.329E+04
     kpoint   4 ibnd  58 solve_linter: root not converged  1.582E+05
     kpoint   5 ibnd  58 solve_linter: root not converged  1.086E+06
     kpoint   6 ibnd  58 solve_linter: root not converged  2.492E+05
     kpoint   7 ibnd  58 solve_linter: root not converged  2.713E+05
     kpoint   8 ibnd  57 solve_linter: root not converged  5.544E+04

     Pert. #  1: Fermi energy shift (Ry) =     2.5715E+11     0.0000E+00

      iter #  42 total cpu time : 12070.2 secs   av.it.: 400.0
      thresh= 1.000E-02 alpha_mix =  0.700 |ddv_scf|^2 =  7.532E+19
     kpoint   1 ibnd  58 solve_linter: root not converged  6.238E+04
     kpoint   2 ibnd  58 solve_linter: root not converged  8.402E+04
     kpoint   3 ibnd  58 solve_linter: root not converged  6.302E+03
     kpoint   4 ibnd  58 solve_linter: root not converged  1.564E+04
     kpoint   5 ibnd  58 solve_linter: root not converged  6.450E+05

     Program PHONON v.6.7MaX starts on  4Mar2026 at  2:19:44 

     This program is part of the open-source Quantum ESPRESSO suite
     for quantum simulation of materials; please cite
         "P. Giannozzi et al., J. Phys.:Condens. Matter 21 395502 (2009);
         "P. Giannozzi et al., J. Phys.:Condens. Matter 29 465901 (2017);
          URL http://www.quantum-espresso.org", 
     in publications or presentations arising from this work. More details at
     http://www.quantum-espresso.org/quote

     Parallel version (MPI), running on     1 processors

     MPI processes distributed on     1 nodes
     Waiting for input...
     Reading input from standard input

     Reading xml data from directory:

     ./tmp/Mg4ZrGa3H20.save/
     Message from routine read_pp_mesh:
     mismatch in mesh size, discarding the one in header
     file Ga.UPF: wavefunction(s)  4S renormalized
     file H.UPF: wavefunction(s)  1S renormalized

     IMPORTANT: XC functional enforced from input :
     Exchange-correlation= PBE
                           (   1   4   3   4   0   0   0)
     Any further DFT definition will be discarded
     Please, verify this is what you really want


     G-vector sticks info
     --------------------
     sticks:   dense  smooth     PW     G-vecs:    dense   smooth      PW
     Sum        5161    2585    727               324595   114835   17017


     negative rho (up, down):  1.321E+02 0.000E+00
     Reading collected, re-writing distributed wavefunctions
 end of file reached, closing tag not found
warning: file closed at level 1 with tag Root open
        1 /   1 q-points for this run, from  1 to  1:
       N       xq(1)         xq(2)         xq(3) 
       1   0.000000000   0.000000000   0.000000000


     Calculation of q =    0.0000000   0.0000000   0.0000000
     Message from routine ph_restart_set_filename :
     cannot open file for reading or writing
 end of file reached, closing tag not found
warning: file closed at level 1 with tag Root open
     Message from routine ph_restart_set_filename :
     cannot open file for reading or writing
     Message from routine ph_restart_set_filename :
     cannot open file for reading or writing
     Message from routine ph_restart_set_filename :
     cannot open file for reading or writing
     Message from routine ph_restart_set_filename :
     cannot open file for reading or writing
     Message from routine ph_restart_set_filename :
     cannot open file for reading or writing
     Message from routine ph_restart_set_filename :
     cannot open file for reading or writing
     Message from routine ph_restart_set_filename :
     cannot open file for reading or writing
     Message from routine ph_restart_set_filename :
     cannot open file for reading or writing
     Message from routine ph_restart_set_filename :
     cannot open file for reading or writing
     Message from routine ph_restart_set_filename :
     cannot open file for reading or writing
     Message from routine ph_restart_set_filename :
     cannot open file for reading or writing
     Message from routine ph_restart_set_filename :
     cannot open file for reading or writing
     Message from routine ph_restart_set_filename :
     cannot open file for reading or writing
     Message from routine ph_restart_set_filename :
     cannot open file for reading or writing
     Message from routine ph_restart_set_filename :
     cannot open file for reading or writing
     Message from routine ph_restart_set_filename :
     cannot open file for reading or writing
     Message from routine ph_restart_set_filename :
     cannot open file for reading or writing
     Message from routine ph_restart_set_filename :
     cannot open file for reading or writing
     Message from routine ph_restart_set_filename :
     cannot open file for reading or writing
     Message from routine ph_restart_set_filename :
     cannot open file for reading or writing
     Message from routine ph_restart_set_filename :
     cannot open file for reading or writing
     Message from routine ph_restart_set_filename :
     cannot open file for reading or writing
     Message from routine ph_restart_set_filename :
     cannot open file for reading or writing
     Message from routine ph_restart_set_filename :
     cannot open file for reading or writing
     Message from routine ph_restart_set_filename :
     cannot open file for reading or writing
     Message from routine ph_restart_set_filename :
     cannot open file for reading or writing
     Message from routine ph_restart_set_filename :
     cannot open file for reading or writing
     Message from routine ph_restart_set_filename :
     cannot open file for reading or writing
     Message from routine ph_restart_set_filename :
     cannot open file for reading or writing
     Message from routine ph_restart_set_filename :
     cannot open file for reading or writing
     Message from routine ph_restart_set_filename :
     cannot open file for reading or writing
     Message from routine ph_restart_set_filename :
     cannot open file for reading or writing
     Message from routine ph_restart_set_filename :
     cannot open file for reading or writing
     Message from routine ph_restart_set_filename :
     cannot open file for reading or writing
     Message from routine ph_restart_set_filename :
     cannot open file for reading or writing
     Message from routine ph_restart_set_filename :
     cannot open file for reading or writing
     Message from routine ph_restart_set_filename :
     cannot open file for reading or writing
     Message from routine ph_restart_set_filename :
     cannot open file for reading or writing
     Message from routine ph_restart_set_filename :
     cannot open file for reading or writing
     Message from routine ph_restart_set_filename :
     cannot open file for reading or writing
     Message from routine ph_restart_set_filename :
     cannot open file for reading or writing
     Message from routine ph_restart_set_filename :
     cannot open file for reading or writing
     Message from routine ph_restart_set_filename :
     cannot open file for reading or writing
     Message from routine ph_restart_set_filename :
     cannot open file for reading or writing
     Message from routine ph_restart_set_filename :
     cannot open file for reading or writing
     Message from routine ph_restart_set_filename :
     cannot open file for reading or writing
     Message from routine ph_restart_set_filename :
     cannot open file for reading or writing
     Message from routine ph_restart_set_filename :
     cannot open file for reading or writing
     Message from routine ph_restart_set_filename :
     cannot open file for reading or writing
     Message from routine ph_restart_set_filename :
     cannot open file for reading or writing
     Message from routine ph_restart_set_filename :
     cannot open file for reading or writing
     Message from routine ph_restart_set_filename :
     cannot open file for reading or writing
     Message from routine ph_restart_set_filename :
     cannot open file for reading or writing
     Message from routine ph_restart_set_filename :
     cannot open file for reading or writing
     Message from routine ph_restart_set_filename :
     cannot open file for reading or writing
     Message from routine ph_restart_set_filename :
     cannot open file for reading or writing
     Message from routine ph_restart_set_filename :
     cannot open file for reading or writing
     Message from routine ph_restart_set_filename :
     cannot open file for reading or writing
     Message from routine ph_restart_set_filename :
     cannot open file for reading or writing
     Message from routine ph_restart_set_filename :
     cannot open file for reading or writing
     Message from routine ph_restart_set_filename :
     cannot open file for reading or writing
     Message from routine ph_restart_set_filename :
     cannot open file for reading or writing
     Message from routine ph_restart_set_filename :
     cannot open file for reading or writing
     Message from routine ph_restart_set_filename :
     cannot open file for reading or writing
     Message from routine ph_restart_set_filename :
     cannot open file for reading or writing
     Message from routine ph_restart_set_filename :
     cannot open file for reading or writing
     Message from routine ph_restart_set_filename :
     cannot open file for reading or writing
     Message from routine ph_restart_set_filename :
     cannot open file for reading or writing
     Message from routine ph_restart_set_filename :
     cannot open file for reading or writing
     Message from routine ph_restart_set_filename :
     cannot open file for reading or writing
     Message from routine ph_restart_set_filename :
     cannot open file for reading or writing
     Message from routine ph_restart_set_filename :
     cannot open file for reading or writing
     Message from routine ph_restart_set_filename :
     cannot open file for reading or writing
     Message from routine ph_restart_set_filename :
     cannot open file for reading or writing
     Message from routine ph_restart_set_filename :
     cannot open file for reading or writing
     Message from routine ph_restart_set_filename :
     cannot open file for reading or writing
     Message from routine ph_restart_set_filename :
     cannot open file for reading or writing
     Message from routine ph_restart_set_filename :
     cannot open file for reading or writing
     Message from routine ph_restart_set_filename :
     cannot open file for reading or writing
     Message from routine ph_restart_set_filename :
     cannot open file for reading or writing
     Message from routine ph_restart_set_filename :
     cannot open file for reading or writing
     Message from routine ph_restart_set_filename :
     cannot open file for reading or writing
     Message from routine ph_restart_set_filename :
     cannot open file for reading or writing
     Message from routine ph_restart_set_filename :
     cannot open file for reading or writing

     Restart in Phonon calculation

     Phonons                                                                    

     bravais-lattice index     =            0
     lattice parameter (alat)  =      14.0156  a.u.
     unit-cell volume          =    2403.6928 (a.u.)^3
     number of atoms/cell      =           28
     number of atomic types    =            4
     kinetic-energy cut-off    =      50.0000  Ry
     charge density cut-off    =     400.0000  Ry
     convergence threshold     =      1.0E-14
     beta                      =       0.7000
     number of iterations used =            4
     Exchange-correlation= PBE
                           (   1   4   3   4   0   0   0)


     celldm(1)=   14.01558  celldm(2)=    0.00000  celldm(3)=    0.00000
     celldm(4)=    0.00000  celldm(5)=    0.00000  celldm(6)=    0.00000

     crystal axes: (cart. coord. in units of alat)
               a(1) = (  0.9795  0.0387 -0.0099 )  
               a(2) = (  0.0361  0.8433  0.0474 )  
               a(3) = (  0.0242  0.8932  1.1091 )  

     reciprocal axes: (cart. coord. in units 2 pi/alat)
               b(1) = (  1.0228 -0.0446  0.0135 )  
               b(2) = ( -0.0594  1.2446 -1.0011 )  
               b(3) = (  0.0117 -0.0535  0.9445 )  


     Atoms inside the unit cell: 

     Cartesian axes

     site n.  atom      mass           positions (alat units)
        1     Mg   1.0000   tau(    1) = (    0.40216    1.06063    0.87296  )
        2     Mg   1.0000   tau(    2) = (    0.63271    0.70646    0.29243  )
        3     Mg   1.0000   tau(    3) = (    0.91927    1.10991    0.85323  )
        4     Mg   1.0000   tau(    4) = (    0.14352    0.68963    0.28520  )
        5     Ga   1.0000   tau(    5) = (    0.39902    1.46246    0.98549  )
        6     Zr   1.0000   tau(    6) = (    0.63999    0.29629    0.08733  )
        7     Ga   1.0000   tau(    7) = (    0.86340    0.69938    0.67133  )
        8     Ga   1.0000   tau(    8) = (    0.17433    1.09710    0.47864  )
        9     H    1.0000   tau(    9) = (    0.06291    0.68449    0.56444  )
       10     H    1.0000   tau(   10) = (    0.97421    1.15350    0.58974  )
       11     H    1.0000   tau(   11) = (    0.57249    1.43800    1.13851  )
       12     H    1.0000   tau(   12) = (    0.41139    0.19275    0.02042  )
       13     H    1.0000   tau(   13) = (    0.33767    1.32330    0.82953  )
       14     H    1.0000   tau(   14) = (    0.68028    0.44964    0.30034  )
       15     H    1.0000   tau(   15) = (    0.83236    0.86691    0.80359  )
       16     H    1.0000   tau(   16) = (    0.13068    0.94693    0.33144  )
       17     H    1.0000   tau(   17) = (    0.91814    1.37744    0.85500  )
       18     H    1.0000   tau(   18) = (    0.15461    0.42960    0.30728  )
       19     H    1.0000   tau(   19) = (    0.45491    0.78760    0.83448  )
       20     H    1.0000   tau(   20) = (    0.61998    0.97204    0.32594  )
       21     H    1.0000   tau(   21) = (    0.16800    1.00110    0.90224  )
       22     H    1.0000   tau(   22) = (    0.87833    0.75043    0.20089  )
       23     H    1.0000   tau(   23) = (    0.65429    1.14218    0.91835  )
       24     H    1.0000   tau(   24) = (    0.38479    0.69034    0.34083  )
       25     H    1.0000   tau(   25) = (    0.35516    1.06366    0.59411  )
       26     H    1.0000   tau(   26) = (    0.68249    0.68146    0.55842  )
       27     H    1.0000   tau(   27) = (    0.90227    1.15629    1.10527  )
       28     H    1.0000   tau(   28) = (    0.20946    0.62430    0.00314  )

     Computing dynamical matrix for 
                    q = (   0.0000000   0.0000000   0.0000000 )

      2 Sym.Ops. (with q -> -q+G )


     G cutoff = 1990.3169  ( 324595 G-vectors)     FFT grid: ( 90, 75,125)
     G cutoff =  995.1585  ( 114835 G-vectors)  smooth grid: ( 64, 54, 90)

     number of k points=     8  Methfessel-Paxton smearing, width (Ry)=  0.0200

     PseudoPot. # 1 for Ga read from file:
     /home/marco/ZOS_Cloud_Compute/pseudo/Ga.UPF
     MD5 check sum: 79e63b61437c88080bf469cc04ca4be8
     Pseudo is Projector augmented-wave + core cor, Zval = 13.0
     Generated using "atomic" code by A. Dal Corso  v.5.1.2
     Shape of augmentation charge: PSQ
     Using radial grid of 1205 points,  6 beta functions with: 
                l(1) =   0
                l(2) =   0
                l(3) =   1
                l(4) =   1
                l(5) =   2
                l(6) =   2
     Q(r) pseudized with 0 coefficients 


     PseudoPot. # 2 for H  read from file:
     /home/marco/ZOS_Cloud_Compute/pseudo/H.UPF
     MD5 check sum: 850d63dcbcc06c5de8b44e0ab9f952da
     Pseudo is Projector augmented-wave, Zval =  1.0
     Generated using "atomic" code by A. Dal Corso  v.5.1.2
     Shape of augmentation charge: PSQ
     Using radial grid of  929 points,  2 beta functions with: 
                l(1) =   0
                l(2) =   0
     Q(r) pseudized with 0 coefficients 


     PseudoPot. # 3 for Mg read from file:
     /home/marco/ZOS_Cloud_Compute/pseudo/Mg.UPF
     MD5 check sum: a77e51077e70c6c73445c6cac60d158f
     Pseudo is Projector augmented-wave + core cor, Zval = 10.0
     Generated using ATOMPAW code
     Shape of augmentation charge: BESSEL
     Using radial grid of 1171 points,  6 beta functions with: 
                l(1) =   0
                l(2) =   0
                l(3) =   0
                l(4) =   0
                l(5) =   1
                l(6) =   1
     Q(r) pseudized with 0 coefficients 


     PseudoPot. # 4 for Zr read from file:
     /home/marco/ZOS_Cloud_Compute/pseudo/Zr.UPF
     MD5 check sum: 56bebf6edcd38415d7dd1a973c3f3403
     Pseudo is Ultrasoft + core correction, Zval = 12.0
     Generated by new atomic code, or converted to UPF format
     Using radial grid of  887 points,  6 beta functions with: 
                l(1) =   0
                l(2) =   0
                l(3) =   1
                l(4) =   1
                l(5) =   2
                l(6) =   2
     Q(r) pseudized with  6 coefficients,  rinner =    1.200   1.200   1.200
                                                       1.200   1.200


     Atomic displacements:
     There are   84 irreducible representations

     Representation     1      1 modes -  To be done

     Representation     2      1 modes -  To be done

     Representation     3      1 modes -  To be done

     Representation     4      1 modes -  To be done

     Representation     5      1 modes -  To be done

     Representation     6      1 modes -  To be done

     Representation     7      1 modes -  To be done

     Representation     8      1 modes -  To be done

     Representation     9      1 modes -  To be done

     Representation    10      1 modes -  To be done

     Representation    11      1 modes -  To be done

     Representation    12      1 modes -  To be done

     Representation    13      1 modes -  To be done

     Representation    14      1 modes -  To be done

     Representation    15      1 modes -  To be done

     Representation    16      1 modes -  To be done

     Representation    17      1 modes -  To be done

     Representation    18      1 modes -  To be done

     Representation    19      1 modes -  To be done

     Representation    20      1 modes -  To be done

     Representation    21      1 modes -  To be done

     Representation    22      1 modes -  To be done

     Representation    23      1 modes -  To be done

     Representation    24      1 modes -  To be done

     Representation    25      1 modes -  To be done

     Representation    26      1 modes -  To be done

     Representation    27      1 modes -  To be done

     Representation    28      1 modes -  To be done

     Representation    29      1 modes -  To be done

     Representation    30      1 modes -  To be done

     Representation    31      1 modes -  To be done

     Representation    32      1 modes -  To be done

     Representation    33      1 modes -  To be done

     Representation    34      1 modes -  To be done

     Representation    35      1 modes -  To be done

     Representation    36      1 modes -  To be done

     Representation    37      1 modes -  To be done

     Representation    38      1 modes -  To be done

     Representation    39      1 modes -  To be done

     Representation    40      1 modes -  To be done

     Representation    41      1 modes -  To be done

     Representation    42      1 modes -  To be done

     Representation    43      1 modes -  To be done

     Representation    44      1 modes -  To be done

     Representation    45      1 modes -  To be done

     Representation    46      1 modes -  To be done

     Representation    47      1 modes -  To be done

     Representation    48      1 modes -  To be done

     Representation    49      1 modes -  To be done

     Representation    50      1 modes -  To be done

     Representation    51      1 modes -  To be done

     Representation    52      1 modes -  To be done

     Representation    53      1 modes -  To be done

     Representation    54      1 modes -  To be done

     Representation    55      1 modes -  To be done

     Representation    56      1 modes -  To be done

     Representation    57      1 modes -  To be done

     Representation    58      1 modes -  To be done

     Representation    59      1 modes -  To be done

     Representation    60      1 modes -  To be done

     Representation    61      1 modes -  To be done

     Representation    62      1 modes -  To be done

     Representation    63      1 modes -  To be done

     Representation    64      1 modes -  To be done

     Representation    65      1 modes -  To be done

     Representation    66      1 modes -  To be done

     Representation    67      1 modes -  To be done

     Representation    68      1 modes -  To be done

     Representation    69      1 modes -  To be done

     Representation    70      1 modes -  To be done

     Representation    71      1 modes -  To be done

     Representation    72      1 modes -  To be done

     Representation    73      1 modes -  To be done

     Representation    74      1 modes -  To be done

     Representation    75      1 modes -  To be done

     Representation    76      1 modes -  To be done

     Representation    77      1 modes -  To be done

     Representation    78      1 modes -  To be done

     Representation    79      1 modes -  To be done

     Representation    80      1 modes -  To be done

     Representation    81      1 modes -  To be done

     Representation    82      1 modes -  To be done

     Representation    83      1 modes -  To be done

     Representation    84      1 modes -  To be done


     PHONON       :  13m54.85s CPU  11m21.40s WALL



     Representation #   1 mode #   1

     Self-consistent Calculation
     kpoint   1 ibnd  58 solve_linter: root not converged  2.622E-01
     kpoint   2 ibnd  58 solve_linter: root not converged  1.293E-01
     kpoint   3 ibnd  58 solve_linter: root not converged  3.396E-02
     kpoint   4 ibnd  58 solve_linter: root not converged  1.100E-01
     kpoint   5 ibnd  58 solve_linter: root not converged  2.700E-02
     kpoint   6 ibnd  58 solve_linter: root not converged  3.438E+05
     kpoint   7 ibnd  58 solve_linter: root not converged  3.186E+04
     kpoint   8 ibnd  57 solve_linter: root not converged  9.430E+03

     Pert. #  1: Fermi energy shift (Ry) =    -2.1236E+11     0.0000E+00

      iter #  43 total cpu time :  2307.0 secs   av.it.: 398.9
      thresh= 1.000E-02 alpha_mix =  0.700 |ddv_scf|^2 =  2.209E+22
     kpoint   1 ibnd  58 solve_linter: root not converged  2.284E+05
     kpoint   2 ibnd  58 solve_linter: root not converged  1.237E+05
     kpoint   3 ibnd  58 solve_linter: root not converged  1.157E+06
     kpoint   4 ibnd  58 solve_linter: root not converged  3.294E+04
     kpoint   5 ibnd  58 solve_linter: root not converged  1.126E+05
     kpoint   6 ibnd  58 solve_linter: root not converged  8.000E+05
     kpoint   7 ibnd  58 solve_linter: root not converged  5.531E+04
     kpoint   8 ibnd  57 solve_linter: root not converged  7.138E+04

     Pert. #  1: Fermi energy shift (Ry) =     2.1393E+12     0.0000E+00

      iter #  44 total cpu time :  3975.1 secs   av.it.: 400.0
      thresh= 1.000E-02 alpha_mix =  0.700 |ddv_scf|^2 =  1.595E+22
     kpoint   1 ibnd  58 solve_linter: root not converged  9.257E+04
     kpoint   2 ibnd  58 solve_linter: root not converged  6.830E+04
     kpoint   3 ibnd  58 solve_linter: root not converged  5.860E+03
     kpoint   4 ibnd  58 solve_linter: root not converged  1.396E+04
     kpoint   5 ibnd  58 solve_linter: root not converged  2.930E+04
     kpoint   6 ibnd  58 solve_linter: root not converged  5.519E+04
     kpoint   7 ibnd  58 solve_linter: root not converged  2.804E+04
     kpoint   8 ibnd  57 solve_linter: root not converged  6.337E+04

     Pert. #  1: Fermi energy shift (Ry) =    -3.1988E+12     0.0000E+00

      iter #  45 total cpu time :  5626.4 secs   av.it.: 400.0
      thresh= 1.000E-02 alpha_mix =  0.700 |ddv_scf|^2 =  1.105E+22
     kpoint   1 ibnd  58 solve_linter: root not converged  4.846E+04
     kpoint   2 ibnd  58 solve_linter: root not converged  2.462E+05
     kpoint   3 ibnd  58 solve_linter: root not converged  2.888E+04
     kpoint   4 ibnd  58 solve_linter: root not converged  3.452E+04
     kpoint   5 ibnd  58 solve_linter: root not converged  4.204E+04
     kpoint   6 ibnd  58 solve_linter: root not converged  3.423E+05
     kpoint   7 ibnd  58 solve_linter: root not converged  9.877E+07
     kpoint   8 ibnd  57 solve_linter: root not converged  1.039E+05

     Pert. #  1: Fermi energy shift (Ry) =    -1.4350E+13     0.0000E+00

      iter #  46 total cpu time :  7274.2 secs   av.it.: 400.0
      thresh= 1.000E-02 alpha_mix =  0.700 |ddv_scf|^2 =  2.382E+23
     kpoint   1 ibnd  58 solve_linter: root not converged  4.360E+05
     kpoint   2 ibnd  58 solve_linter: root not converged  1.102E+05
     kpoint   3 ibnd  58 solve_linter: root not converged  1.320E+05
     kpoint   4 ibnd  58 solve_linter: root not converged  9.132E+05
     kpoint   5 ibnd  58 solve_linter: root not converged  1.685E+05
     kpoint   6 ibnd  58 solve_linter: root not converged  1.631E+07
     kpoint   7 ibnd  58 solve_linter: root not converged  6.764E+05
     kpoint   8 ibnd  57 solve_linter: root not converged  8.352E+06

     Pert. #  1: Fermi energy shift (Ry) =    -1.7765E+13     0.0000E+00

      iter #  47 total cpu time :  8909.4 secs   av.it.: 400.0
      thresh= 1.000E-02 alpha_mix =  0.700 |ddv_scf|^2 =  1.321E+23
     kpoint   1 ibnd  58 solve_linter: root not converged  1.910E+06
     kpoint   2 ibnd  58 solve_linter: root not converged  1.303E+06
     kpoint   3 ibnd  58 solve_linter: root not converged  2.360E+06
     kpoint   4 ibnd  58 solve_linter: root not converged  1.539E+06
     kpoint   5 ibnd  58 solve_linter: root not converged  2.204E+06
     kpoint   6 ibnd  58 solve_linter: root not converged  3.163E+07
     kpoint   7 ibnd  58 solve_linter: root not converged  7.533E+06
     kpoint   8 ibnd  57 solve_linter: root not converged  8.710E+06

     Pert. #  1: Fermi energy shift (Ry) =     1.4597E+14     0.0000E+00

      iter #  48 total cpu time : 10558.2 secs   av.it.: 400.0
      thresh= 1.000E-02 alpha_mix =  0.700 |ddv_scf|^2 =  3.924E+24
     kpoint   1 ibnd  58 solve_linter: root not converged  2.230E+06
     kpoint   2 ibnd  58 solve_linter: root not converged  7.647E+05
     kpoint   3 ibnd  58 solve_linter: root not converged  1.585E+05
     kpoint   4 ibnd  58 solve_linter: root not converged  5.684E+05
     kpoint   5 ibnd  58 solve_linter: root not converged  6.407E+06
     kpoint   6 ibnd  58 solve_linter: root not converged  1.164E+07
     kpoint   7 ibnd  58 solve_linter: root not converged  3.096E+05
     kpoint   8 ibnd  57 solve_linter: root not converged  3.777E+06

     Pert. #  1: Fermi energy shift (Ry) =    -2.5683E+14     0.0000E+00

      iter #  49 total cpu time : 12149.9 secs   av.it.: 400.0
      thresh= 1.000E-02 alpha_mix =  0.700 |ddv_scf|^2 =  7.070E+25
     kpoint   1 ibnd  58 solve_linter: root not converged  4.319E+06
     kpoint   2 ibnd  58 solve_linter: root not converged  3.939E+06
     kpoint   3 ibnd  58 solve_linter: root not converged  1.306E+06
     kpoint   4 ibnd  58 solve_linter: root not converged  6.330E+06
     kpoint   5 ibnd  58 solve_linter: root not converged  1.170E+07
     kpoint   6 ibnd  58 solve_linter: root not converged  3.383E+07
     kpoint   7 ibnd  58 solve_linter: root not converged  1.311E+06
     kpoint   8 ibnd  57 solve_linter: root not converged  3.204E+06

     Pert. #  1: Fermi energy shift (Ry) =    -6.3417E+13     0.0000E+00

      iter #  50 total cpu time : 13747.9 secs   av.it.: 400.0
      thresh= 1.000E-02 alpha_mix =  0.700 |ddv_scf|^2 =  2.868E+27
     kpoint   1 ibnd  58 solve_linter: root not converged  6.394E+06
     kpoint   2 ibnd  58 solve_linter: root not converged  4.966E+07
     kpoint   3 ibnd  58 solve_linter: root not converged  3.232E+06
     kpoint   4 ibnd  58 solve_linter: root not converged  5.623E+06
     kpoint   5 ibnd  58 solve_linter: root not converged  6.280E+06
     kpoint   6 ibnd  58 solve_linter: root not converged  5.669E+08
     kpoint   7 ibnd  58 solve_linter: root not converged  2.850E+06
     kpoint   8 ibnd  57 solve_linter: root not converged  3.937E+07

     Pert. #  1: Fermi energy shift (Ry) =    -5.5325E+15     0.0000E+00

      iter #  51 total cpu time : 15367.8 secs   av.it.: 400.0
      thresh= 1.000E-02 alpha_mix =  0.700 |ddv_scf|^2 =  3.986E+27
     kpoint   1 ibnd  58 solve_linter: root not converged  6.568E+06
     kpoint   2 ibnd  58 solve_linter: root not converged  2.054E+07
     kpoint   3 ibnd  58 solve_linter: root not converged  4.031E+06
     kpoint   4 ibnd  58 solve_linter: root not converged  2.075E+07
     kpoint   5 ibnd  58 solve_linter: root not converged  1.433E+07
     kpoint   6 ibnd  58 solve_linter: root not converged  2.091E+07
     kpoint   7 ibnd  58 solve_linter: root not converged  9.571E+07
     kpoint   8 ibnd  57 solve_linter: root not converged  8.926E+07

     Pert. #  1: Fermi energy shift (Ry) =    -6.0007E+15     0.0000E+00

      iter #  52 total cpu time : 17006.9 secs   av.it.: 400.0
      thresh= 1.000E-02 alpha_mix =  0.700 |ddv_scf|^2 =  3.574E+29
     kpoint   1 ibnd  58 solve_linter: root not converged  1.009E+09
     kpoint   2 ibnd  58 solve_linter: root not converged  9.690E+07
     kpoint   3 ibnd  58 solve_linter: root not converged  1.075E+08
     kpoint   4 ibnd  58 solve_linter: root not converged  2.203E+07
     kpoint   5 ibnd  58 solve_linter: root not converged  1.114E+08
     kpoint   6 ibnd  58 solve_linter: root not converged  7.191E+07
     kpoint   7 ibnd  58 solve_linter: root not converged  1.495E+07
     kpoint   8 ibnd  57 solve_linter: root not converged  5.125E+07

     Pert. #  1: Fermi energy shift (Ry) =    -3.3063E+15     0.0000E+00

      iter #  53 total cpu time : 18608.8 secs   av.it.: 400.0
      thresh= 1.000E-02 alpha_mix =  0.700 |ddv_scf|^2 =  2.027E+28
     kpoint   1 ibnd  58 solve_linter: root not converged  2.547E+09
     kpoint   2 ibnd  58 solve_linter: root not converged  5.888E+08
     kpoint   3 ibnd  58 solve_linter: root not converged  8.058E+07
     kpoint   4 ibnd  58 solve_linter: root not converged  1.820E+08
     kpoint   5 ibnd  58 solve_linter: root not converged  8.938E+08
     kpoint   6 ibnd  58 solve_linter: root not converged  1.937E+09
     kpoint   7 ibnd  58 solve_linter: root not converged  4.564E+09
     kpoint   8 ibnd  57 solve_linter: root not converged  2.071E+08

     Pert. #  1: Fermi energy shift (Ry) =    -8.5320E+14     0.0000E+00

      iter #  54 total cpu time : 20268.9 secs   av.it.: 400.0
      thresh= 1.000E-02 alpha_mix =  0.700 |ddv_scf|^2 =  2.054E+28
     kpoint   1 ibnd  58 solve_linter: root not converged  1.899E+11
     kpoint   2 ibnd  58 solve_linter: root not converged  5.784E+09
     kpoint   3 ibnd  58 solve_linter: root not converged  6.142E+10
     kpoint   4 ibnd  58 solve_linter: root not converged  5.919E+08
     kpoint   5 ibnd  58 solve_linter: root not converged  3.259E+09
     kpoint   6 ibnd  58 solve_linter: root not converged  4.127E+09
     kpoint   7 ibnd  58 solve_linter: root not converged  5.815E+08
     kpoint   8 ibnd  57 solve_linter: root not converged  1.107E+09

     Pert. #  1: Fermi energy shift (Ry) =     3.7759E+14     0.0000E+00

      iter #  55 total cpu time : 21915.9 secs   av.it.: 400.0
      thresh= 1.000E-02 alpha_mix =  0.700 |ddv_scf|^2 =  2.682E+28
     kpoint   1 ibnd  58 solve_linter: root not converged  6.883E+08
     kpoint   2 ibnd  58 solve_linter: root not converged  1.826E+09
     kpoint   3 ibnd  58 solve_linter: root not converged  3.935E+08
     kpoint   4 ibnd  58 solve_linter: root not converged  1.127E+09
     kpoint   5 ibnd  58 solve_linter: root not converged  2.358E+10
     kpoint   6 ibnd  58 solve_linter: root not converged  7.228E+09

     Program PHONON v.6.7MaX starts on  4Mar2026 at  9:19:53 

     This program is part of the open-source Quantum ESPRESSO suite
     for quantum simulation of materials; please cite
         "P. Giannozzi et al., J. Phys.:Condens. Matter 21 395502 (2009);
         "P. Giannozzi et al., J. Phys.:Condens. Matter 29 465901 (2017);
          URL http://www.quantum-espresso.org", 
     in publications or presentations arising from this work. More details at
     http://www.quantum-espresso.org/quote

     Parallel version (MPI), running on     1 processors

     MPI processes distributed on     1 nodes
     Waiting for input...
     Reading input from standard input

     Reading xml data from directory:

     ./tmp/Mg4ZrGa3H20.save/
     Message from routine read_pp_mesh:
     mismatch in mesh size, discarding the one in header
     file Ga.UPF: wavefunction(s)  4S renormalized
     file H.UPF: wavefunction(s)  1S renormalized

     IMPORTANT: XC functional enforced from input :
     Exchange-correlation= PBE
                           (   1   4   3   4   0   0   0)
     Any further DFT definition will be discarded
     Please, verify this is what you really want


     G-vector sticks info
     --------------------
     sticks:   dense  smooth     PW     G-vecs:    dense   smooth      PW
     Sum        5161    2585    727               324595   114835   17017


     negative rho (up, down):  1.321E+02 0.000E+00
     Reading collected, re-writing distributed wavefunctions
 end of file reached, closing tag not found
warning: file closed at level 1 with tag Root open
        1 /   1 q-points for this run, from  1 to  1:
       N       xq(1)         xq(2)         xq(3) 
       1   0.000000000   0.000000000   0.000000000


     Calculation of q =    0.0000000   0.0000000   0.0000000
     Message from routine ph_restart_set_filename :
     cannot open file for reading or writing
 end of file reached, closing tag not found
warning: file closed at level 1 with tag Root open
     Message from routine ph_restart_set_filename :
     cannot open file for reading or writing
     Message from routine ph_restart_set_filename :
     cannot open file for reading or writing
     Message from routine ph_restart_set_filename :
     cannot open file for reading or writing
     Message from routine ph_restart_set_filename :
     cannot open file for reading or writing
     Message from routine ph_restart_set_filename :
     cannot open file for reading or writing
     Message from routine ph_restart_set_filename :
     cannot open file for reading or writing
     Message from routine ph_restart_set_filename :
     cannot open file for reading or writing
     Message from routine ph_restart_set_filename :
     cannot open file for reading or writing
     Message from routine ph_restart_set_filename :
     cannot open file for reading or writing
     Message from routine ph_restart_set_filename :
     cannot open file for reading or writing
     Message from routine ph_restart_set_filename :
     cannot open file for reading or writing
     Message from routine ph_restart_set_filename :
     cannot open file for reading or writing
     Message from routine ph_restart_set_filename :
     cannot open file for reading or writing
     Message from routine ph_restart_set_filename :
     cannot open file for reading or writing
     Message from routine ph_restart_set_filename :
     cannot open file for reading or writing
     Message from routine ph_restart_set_filename :
     cannot open file for reading or writing
     Message from routine ph_restart_set_filename :
     cannot open file for reading or writing
     Message from routine ph_restart_set_filename :
     cannot open file for reading or writing
     Message from routine ph_restart_set_filename :
     cannot open file for reading or writing
     Message from routine ph_restart_set_filename :
     cannot open file for reading or writing
     Message from routine ph_restart_set_filename :
     cannot open file for reading or writing
     Message from routine ph_restart_set_filename :
     cannot open file for reading or writing
     Message from routine ph_restart_set_filename :
     cannot open file for reading or writing
     Message from routine ph_restart_set_filename :
     cannot open file for reading or writing
     Message from routine ph_restart_set_filename :
     cannot open file for reading or writing
     Message from routine ph_restart_set_filename :
     cannot open file for reading or writing
     Message from routine ph_restart_set_filename :
     cannot open file for reading or writing
     Message from routine ph_restart_set_filename :
     cannot open file for reading or writing
     Message from routine ph_restart_set_filename :
     cannot open file for reading or writing
     Message from routine ph_restart_set_filename :
     cannot open file for reading or writing
     Message from routine ph_restart_set_filename :
     cannot open file for reading or writing
     Message from routine ph_restart_set_filename :
     cannot open file for reading or writing
     Message from routine ph_restart_set_filename :
     cannot open file for reading or writing
     Message from routine ph_restart_set_filename :
     cannot open file for reading or writing
     Message from routine ph_restart_set_filename :
     cannot open file for reading or writing
     Message from routine ph_restart_set_filename :
     cannot open file for reading or writing
     Message from routine ph_restart_set_filename :
     cannot open file for reading or writing
     Message from routine ph_restart_set_filename :
     cannot open file for reading or writing
     Message from routine ph_restart_set_filename :
     cannot open file for reading or writing
     Message from routine ph_restart_set_filename :
     cannot open file for reading or writing
     Message from routine ph_restart_set_filename :
     cannot open file for reading or writing
     Message from routine ph_restart_set_filename :
     cannot open file for reading or writing
     Message from routine ph_restart_set_filename :
     cannot open file for reading or writing
     Message from routine ph_restart_set_filename :
     cannot open file for reading or writing
     Message from routine ph_restart_set_filename :
     cannot open file for reading or writing
     Message from routine ph_restart_set_filename :
     cannot open file for reading or writing
     Message from routine ph_restart_set_filename :
     cannot open file for reading or writing
     Message from routine ph_restart_set_filename :
     cannot open file for reading or writing
     Message from routine ph_restart_set_filename :
     cannot open file for reading or writing
     Message from routine ph_restart_set_filename :
     cannot open file for reading or writing
     Message from routine ph_restart_set_filename :
     cannot open file for reading or writing
     Message from routine ph_restart_set_filename :
     cannot open file for reading or writing
     Message from routine ph_restart_set_filename :
     cannot open file for reading or writing
     Message from routine ph_restart_set_filename :
     cannot open file for reading or writing
     Message from routine ph_restart_set_filename :
     cannot open file for reading or writing
     Message from routine ph_restart_set_filename :
     cannot open file for reading or writing
     Message from routine ph_restart_set_filename :
     cannot open file for reading or writing
     Message from routine ph_restart_set_filename :
     cannot open file for reading or writing
     Message from routine ph_restart_set_filename :
     cannot open file for reading or writing
     Message from routine ph_restart_set_filename :
     cannot open file for reading or writing
     Message from routine ph_restart_set_filename :
     cannot open file for reading or writing
     Message from routine ph_restart_set_filename :
     cannot open file for reading or writing
     Message from routine ph_restart_set_filename :
     cannot open file for reading or writing
     Message from routine ph_restart_set_filename :
     cannot open file for reading or writing
     Message from routine ph_restart_set_filename :
     cannot open file for reading or writing
     Message from routine ph_restart_set_filename :
     cannot open file for reading or writing
     Message from routine ph_restart_set_filename :
     cannot open file for reading or writing
     Message from routine ph_restart_set_filename :
     cannot open file for reading or writing
     Message from routine ph_restart_set_filename :
     cannot open file for reading or writing
     Message from routine ph_restart_set_filename :
     cannot open file for reading or writing
     Message from routine ph_restart_set_filename :
     cannot open file for reading or writing
     Message from routine ph_restart_set_filename :
     cannot open file for reading or writing
     Message from routine ph_restart_set_filename :
     cannot open file for reading or writing
     Message from routine ph_restart_set_filename :
     cannot open file for reading or writing
     Message from routine ph_restart_set_filename :
     cannot open file for reading or writing
     Message from routine ph_restart_set_filename :
     cannot open file for reading or writing
     Message from routine ph_restart_set_filename :
     cannot open file for reading or writing
     Message from routine ph_restart_set_filename :
     cannot open file for reading or writing
     Message from routine ph_restart_set_filename :
     cannot open file for reading or writing
     Message from routine ph_restart_set_filename :
     cannot open file for reading or writing
     Message from routine ph_restart_set_filename :
     cannot open file for reading or writing
     Message from routine ph_restart_set_filename :
     cannot open file for reading or writing
     Message from routine ph_restart_set_filename :
     cannot open file for reading or writing
     Message from routine ph_restart_set_filename :
     cannot open file for reading or writing

     Restart in Phonon calculation

     Phonons                                                                    

     bravais-lattice index     =            0
     lattice parameter (alat)  =      14.0156  a.u.
     unit-cell volume          =    2403.6928 (a.u.)^3
     number of atoms/cell      =           28
     number of atomic types    =            4
     kinetic-energy cut-off    =      50.0000  Ry
     charge density cut-off    =     400.0000  Ry
     convergence threshold     =      1.0E-14
     beta                      =       0.7000
     number of iterations used =            4
     Exchange-correlation= PBE
                           (   1   4   3   4   0   0   0)


     celldm(1)=   14.01558  celldm(2)=    0.00000  celldm(3)=    0.00000
     celldm(4)=    0.00000  celldm(5)=    0.00000  celldm(6)=    0.00000

     crystal axes: (cart. coord. in units of alat)
               a(1) = (  0.9795  0.0387 -0.0099 )  
               a(2) = (  0.0361  0.8433  0.0474 )  
               a(3) = (  0.0242  0.8932  1.1091 )  

     reciprocal axes: (cart. coord. in units 2 pi/alat)
               b(1) = (  1.0228 -0.0446  0.0135 )  
               b(2) = ( -0.0594  1.2446 -1.0011 )  
               b(3) = (  0.0117 -0.0535  0.9445 )  


     Atoms inside the unit cell: 

     Cartesian axes

     site n.  atom      mass           positions (alat units)
        1     Mg   1.0000   tau(    1) = (    0.40216    1.06063    0.87296  )
        2     Mg   1.0000   tau(    2) = (    0.63271    0.70646    0.29243  )
        3     Mg   1.0000   tau(    3) = (    0.91927    1.10991    0.85323  )
        4     Mg   1.0000   tau(    4) = (    0.14352    0.68963    0.28520  )
        5     Ga   1.0000   tau(    5) = (    0.39902    1.46246    0.98549  )
        6     Zr   1.0000   tau(    6) = (    0.63999    0.29629    0.08733  )
        7     Ga   1.0000   tau(    7) = (    0.86340    0.69938    0.67133  )
        8     Ga   1.0000   tau(    8) = (    0.17433    1.09710    0.47864  )
        9     H    1.0000   tau(    9) = (    0.06291    0.68449    0.56444  )
       10     H    1.0000   tau(   10) = (    0.97421    1.15350    0.58974  )
       11     H    1.0000   tau(   11) = (    0.57249    1.43800    1.13851  )
       12     H    1.0000   tau(   12) = (    0.41139    0.19275    0.02042  )
       13     H    1.0000   tau(   13) = (    0.33767    1.32330    0.82953  )
       14     H    1.0000   tau(   14) = (    0.68028    0.44964    0.30034  )
       15     H    1.0000   tau(   15) = (    0.83236    0.86691    0.80359  )
       16     H    1.0000   tau(   16) = (    0.13068    0.94693    0.33144  )
       17     H    1.0000   tau(   17) = (    0.91814    1.37744    0.85500  )
       18     H    1.0000   tau(   18) = (    0.15461    0.42960    0.30728  )
       19     H    1.0000   tau(   19) = (    0.45491    0.78760    0.83448  )
       20     H    1.0000   tau(   20) = (    0.61998    0.97204    0.32594  )
       21     H    1.0000   tau(   21) = (    0.16800    1.00110    0.90224  )
       22     H    1.0000   tau(   22) = (    0.87833    0.75043    0.20089  )
       23     H    1.0000   tau(   23) = (    0.65429    1.14218    0.91835  )
       24     H    1.0000   tau(   24) = (    0.38479    0.69034    0.34083  )
       25     H    1.0000   tau(   25) = (    0.35516    1.06366    0.59411  )
       26     H    1.0000   tau(   26) = (    0.68249    0.68146    0.55842  )
       27     H    1.0000   tau(   27) = (    0.90227    1.15629    1.10527  )
       28     H    1.0000   tau(   28) = (    0.20946    0.62430    0.00314  )

     Computing dynamical matrix for 
                    q = (   0.0000000   0.0000000   0.0000000 )

      2 Sym.Ops. (with q -> -q+G )


     G cutoff = 1990.3169  ( 324595 G-vectors)     FFT grid: ( 90, 75,125)
     G cutoff =  995.1585  ( 114835 G-vectors)  smooth grid: ( 64, 54, 90)

     number of k points=     8  Methfessel-Paxton smearing, width (Ry)=  0.0200

     PseudoPot. # 1 for Ga read from file:
     /home/marco/ZOS_Cloud_Compute/pseudo/Ga.UPF
     MD5 check sum: 79e63b61437c88080bf469cc04ca4be8
     Pseudo is Projector augmented-wave + core cor, Zval = 13.0
     Generated using "atomic" code by A. Dal Corso  v.5.1.2
     Shape of augmentation charge: PSQ
     Using radial grid of 1205 points,  6 beta functions with: 
                l(1) =   0
                l(2) =   0
                l(3) =   1
                l(4) =   1
                l(5) =   2
                l(6) =   2
     Q(r) pseudized with 0 coefficients 


     PseudoPot. # 2 for H  read from file:
     /home/marco/ZOS_Cloud_Compute/pseudo/H.UPF
     MD5 check sum: 850d63dcbcc06c5de8b44e0ab9f952da
     Pseudo is Projector augmented-wave, Zval =  1.0
     Generated using "atomic" code by A. Dal Corso  v.5.1.2
     Shape of augmentation charge: PSQ
     Using radial grid of  929 points,  2 beta functions with: 
                l(1) =   0
                l(2) =   0
     Q(r) pseudized with 0 coefficients 


     PseudoPot. # 3 for Mg read from file:
     /home/marco/ZOS_Cloud_Compute/pseudo/Mg.UPF
     MD5 check sum: a77e51077e70c6c73445c6cac60d158f
     Pseudo is Projector augmented-wave + core cor, Zval = 10.0
     Generated using ATOMPAW code
     Shape of augmentation charge: BESSEL
     Using radial grid of 1171 points,  6 beta functions with: 
                l(1) =   0
                l(2) =   0
                l(3) =   0
                l(4) =   0
                l(5) =   1
                l(6) =   1
     Q(r) pseudized with 0 coefficients 


     PseudoPot. # 4 for Zr read from file:
     /home/marco/ZOS_Cloud_Compute/pseudo/Zr.UPF
     MD5 check sum: 56bebf6edcd38415d7dd1a973c3f3403
     Pseudo is Ultrasoft + core correction, Zval = 12.0
     Generated by new atomic code, or converted to UPF format
     Using radial grid of  887 points,  6 beta functions with: 
                l(1) =   0
                l(2) =   0
                l(3) =   1
                l(4) =   1
                l(5) =   2
                l(6) =   2
     Q(r) pseudized with  6 coefficients,  rinner =    1.200   1.200   1.200
                                                       1.200   1.200


     Atomic displacements:
     There are   84 irreducible representations

     Representation     1      1 modes -  To be done

     Representation     2      1 modes -  To be done

     Representation     3      1 modes -  To be done

     Representation     4      1 modes -  To be done

     Representation     5      1 modes -  To be done

     Representation     6      1 modes -  To be done

     Representation     7      1 modes -  To be done

     Representation     8      1 modes -  To be done

     Representation     9      1 modes -  To be done

     Representation    10      1 modes -  To be done

     Representation    11      1 modes -  To be done

     Representation    12      1 modes -  To be done

     Representation    13      1 modes -  To be done

     Representation    14      1 modes -  To be done

     Representation    15      1 modes -  To be done

     Representation    16      1 modes -  To be done

     Representation    17      1 modes -  To be done

     Representation    18      1 modes -  To be done

     Representation    19      1 modes -  To be done

     Representation    20      1 modes -  To be done

     Representation    21      1 modes -  To be done

     Representation    22      1 modes -  To be done

     Representation    23      1 modes -  To be done

     Representation    24      1 modes -  To be done

     Representation    25      1 modes -  To be done

     Representation    26      1 modes -  To be done

     Representation    27      1 modes -  To be done

     Representation    28      1 modes -  To be done

     Representation    29      1 modes -  To be done

     Representation    30      1 modes -  To be done

     Representation    31      1 modes -  To be done

     Representation    32      1 modes -  To be done

     Representation    33      1 modes -  To be done

     Representation    34      1 modes -  To be done

     Representation    35      1 modes -  To be done

     Representation    36      1 modes -  To be done

     Representation    37      1 modes -  To be done

     Representation    38      1 modes -  To be done

     Representation    39      1 modes -  To be done

     Representation    40      1 modes -  To be done

     Representation    41      1 modes -  To be done

     Representation    42      1 modes -  To be done

     Representation    43      1 modes -  To be done

     Representation    44      1 modes -  To be done

     Representation    45      1 modes -  To be done

     Representation    46      1 modes -  To be done

     Representation    47      1 modes -  To be done

     Representation    48      1 modes -  To be done

     Representation    49      1 modes -  To be done

     Representation    50      1 modes -  To be done

     Representation    51      1 modes -  To be done

     Representation    52      1 modes -  To be done

     Representation    53      1 modes -  To be done

     Representation    54      1 modes -  To be done

     Representation    55      1 modes -  To be done

     Representation    56      1 modes -  To be done

     Representation    57      1 modes -  To be done

     Representation    58      1 modes -  To be done

     Representation    59      1 modes -  To be done

     Representation    60      1 modes -  To be done

     Representation    61      1 modes -  To be done

     Representation    62      1 modes -  To be done

     Representation    63      1 modes -  To be done

     Representation    64      1 modes -  To be done

     Representation    65      1 modes -  To be done

     Representation    66      1 modes -  To be done

     Representation    67      1 modes -  To be done

     Representation    68      1 modes -  To be done

     Representation    69      1 modes -  To be done

     Representation    70      1 modes -  To be done

     Representation    71      1 modes -  To be done

     Representation    72      1 modes -  To be done

     Representation    73      1 modes -  To be done

     Representation    74      1 modes -  To be done

     Representation    75      1 modes -  To be done

     Representation    76      1 modes -  To be done

     Representation    77      1 modes -  To be done

     Representation    78      1 modes -  To be done

     Representation    79      1 modes -  To be done

     Representation    80      1 modes -  To be done

     Representation    81      1 modes -  To be done

     Representation    82      1 modes -  To be done

     Representation    83      1 modes -  To be done

     Representation    84      1 modes -  To be done


     PHONON       :  14m14.64s CPU  11m31.32s WALL



     Representation #   1 mode #   1

     Self-consistent Calculation
     kpoint   1 ibnd  58 solve_linter: root not converged  1.407E+02
     kpoint   2 ibnd  58 solve_linter: root not converged  1.168E+03
     kpoint   3 ibnd  58 solve_linter: root not converged  2.385E+01
     kpoint   4 ibnd  58 solve_linter: root not converged  3.067E+02
     kpoint   5 ibnd  58 solve_linter: root not converged  7.022E+03
     kpoint   6 ibnd  58 solve_linter: root not converged  1.724E+04
     kpoint   7 ibnd  58 solve_linter: root not converged  2.458E+11
     kpoint   8 ibnd  57 solve_linter: root not converged  1.539E+09

     Pert. #  1: Fermi energy shift (Ry) =     3.3453E+16     0.0000E+00

      iter #  56 total cpu time :  2398.4 secs   av.it.: 400.0
      thresh= 1.000E-02 alpha_mix =  0.700 |ddv_scf|^2 =  4.909E+29
     kpoint   1 ibnd  58 solve_linter: root not converged  2.690E+08
     kpoint   2 ibnd  58 solve_linter: root not converged  6.722E+07
     kpoint   3 ibnd  58 solve_linter: root not converged  5.146E+07
     kpoint   4 ibnd  58 solve_linter: root not converged  4.540E+07
     kpoint   5 ibnd  58 solve_linter: root not converged  7.116E+08
     kpoint   6 ibnd  58 solve_linter: root not converged  2.744E+08
     kpoint   7 ibnd  58 solve_linter: root not converged  1.673E+07
     kpoint   8 ibnd  57 solve_linter: root not converged  1.900E+08

     Pert. #  1: Fermi energy shift (Ry) =    -3.9874E+16     0.0000E+00

      iter #  57 total cpu time :  4047.9 secs   av.it.: 400.0
      thresh= 1.000E-02 alpha_mix =  0.700 |ddv_scf|^2 =  4.496E+30
     kpoint   1 ibnd  58 solve_linter: root not converged  2.015E+09
     kpoint   2 ibnd  58 solve_linter: root not converged  1.535E+09
     kpoint   3 ibnd  58 solve_linter: root not converged  5.060E+08
     kpoint   4 ibnd  58 solve_linter: root not converged  7.123E+08
     kpoint   5 ibnd  58 solve_linter: root not converged  4.069E+09
     kpoint   6 ibnd  58 solve_linter: root not converged  2.329E+10
     kpoint   7 ibnd  58 solve_linter: root not converged  2.585E+09
     kpoint   8 ibnd  57 solve_linter: root not converged  1.659E+09

     Pert. #  1: Fermi energy shift (Ry) =    -1.7907E+16     0.0000E+00

      iter #  58 total cpu time :  5687.0 secs   av.it.: 400.0
      thresh= 1.000E-02 alpha_mix =  0.700 |ddv_scf|^2 =  2.003E+30
     kpoint   1 ibnd  58 solve_linter: root not converged  7.790E+08
     kpoint   2 ibnd  58 solve_linter: root not converged  1.671E+10
     kpoint   3 ibnd  58 solve_linter: root not converged  4.645E+08
     kpoint   4 ibnd  58 solve_linter: root not converged  1.686E+08
     kpoint   5 ibnd  58 solve_linter: root not converged  9.791E+08
     kpoint   6 ibnd  58 solve_linter: root not converged  5.064E+09
     kpoint   7 ibnd  58 solve_linter: root not converged  2.951E+08
     kpoint   8 ibnd  57 solve_linter: root not converged  3.383E+08

     Pert. #  1: Fermi energy shift (Ry) =     4.8192E+16     0.0000E+00

      iter #  59 total cpu time :  7332.5 secs   av.it.: 400.0
      thresh= 1.000E-02 alpha_mix =  0.700 |ddv_scf|^2 =  3.006E+30
     kpoint   1 ibnd  58 solve_linter: root not converged  6.327E+09
     kpoint   2 ibnd  58 solve_linter: root not converged  8.083E+09
     kpoint   3 ibnd  58 solve_linter: root not converged  1.410E+10
     kpoint   4 ibnd  58 solve_linter: root not converged  5.806E+09
     kpoint   5 ibnd  58 solve_linter: root not converged  3.707E+10
     kpoint   6 ibnd  58 solve_linter: root not converged  1.689E+11
     kpoint   7 ibnd  58 solve_linter: root not converged  6.334E+10
     kpoint   8 ibnd  57 solve_linter: root not converged  4.526E+09

     Pert. #  1: Fermi energy shift (Ry) =    -1.8609E+16     0.0000E+00

      iter #  60 total cpu time :  8956.4 secs   av.it.: 400.0
      thresh= 1.000E-02 alpha_mix =  0.700 |ddv_scf|^2 =  1.162E+30
     kpoint   1 ibnd  58 solve_linter: root not converged  1.572E+10
     kpoint   2 ibnd  58 solve_linter: root not converged  6.396E+09
     kpoint   3 ibnd  58 solve_linter: root not converged  1.372E+10
     kpoint   4 ibnd  58 solve_linter: root not converged  1.190E+10
     kpoint   5 ibnd  58 solve_linter: root not converged  5.680E+10
     kpoint   6 ibnd  58 solve_linter: root not converged  3.271E+11
     kpoint   7 ibnd  58 solve_linter: root not converged  5.399E+09
     kpoint   8 ibnd  57 solve_linter: root not converged  4.688E+10

     Pert. #  1: Fermi energy shift (Ry) =    -1.2758E+15     0.0000E+00

      iter #  61 total cpu time : 10595.0 secs   av.it.: 400.0
      thresh= 1.000E-02 alpha_mix =  0.700 |ddv_scf|^2 =  4.590E+29
     kpoint   1 ibnd  58 solve_linter: root not converged  2.931E+11
     kpoint   2 ibnd  58 solve_linter: root not converged  2.201E+10
     kpoint   3 ibnd  58 solve_linter: root not converged  6.580E+10
     kpoint   4 ibnd  58 solve_linter: root not converged  1.177E+10
     kpoint   5 ibnd  58 solve_linter: root not converged  3.369E+10
     kpoint   6 ibnd  58 solve_linter: root not converged  1.591E+11
     kpoint   7 ibnd  58 solve_linter: root not converged  6.447E+09
     kpoint   8 ibnd  57 solve_linter: root not converged  2.743E+11

     Pert. #  1: Fermi energy shift (Ry) =     1.2527E+17     0.0000E+00

      iter #  62 total cpu time : 12271.3 secs   av.it.: 400.0
      thresh= 1.000E-02 alpha_mix =  0.700 |ddv_scf|^2 =  2.292E+30
     kpoint   1 ibnd  58 solve_linter: root not converged  6.270E+09
     kpoint   2 ibnd  58 solve_linter: root not converged  1.823E+10
     kpoint   3 ibnd  58 solve_linter: root not converged  7.681E+09
     kpoint   4 ibnd  58 solve_linter: root not converged  4.263E+09
     kpoint   5 ibnd  58 solve_linter: root not converged  2.778E+10
     kpoint   6 ibnd  58 solve_linter: root not converged  6.474E+11
     kpoint   7 ibnd  58 solve_linter: root not converged  1.454E+10
     kpoint   8 ibnd  57 solve_linter: root not converged  5.655E+10

     Pert. #  1: Fermi energy shift (Ry) =     1.6119E+17     0.0000E+00

      iter #  63 total cpu time : 13940.8 secs   av.it.: 400.0
      thresh= 1.000E-02 alpha_mix =  0.700 |ddv_scf|^2 =  1.027E+31
     kpoint   1 ibnd  58 solve_linter: root not converged  1.208E+10
     kpoint   2 ibnd  58 solve_linter: root not converged  5.150E+10
     kpoint   3 ibnd  58 solve_linter: root not converged  1.459E+10
     kpoint   4 ibnd  58 solve_linter: root not converged  4.505E+10
     kpoint   5 ibnd  58 solve_linter: root not converged  1.040E+10
     kpoint   6 ibnd  58 solve_linter: root not converged  3.864E+09
     kpoint   7 ibnd  58 solve_linter: root not converged  5.529E+09
     kpoint   8 ibnd  57 solve_linter: root not converged  2.533E+11

     Pert. #  1: Fermi energy shift (Ry) =     6.1932E+17     0.0000E+00

      iter #  64 total cpu time : 15624.6 secs   av.it.: 400.0
      thresh= 1.000E-02 alpha_mix =  0.700 |ddv_scf|^2 =  2.683E+31
     kpoint   1 ibnd  58 solve_linter: root not converged  1.194E+10
     kpoint   2 ibnd  58 solve_linter: root not converged  6.568E+09
     kpoint   3 ibnd  58 solve_linter: root not converged  1.484E+09
     kpoint   4 ibnd  58 solve_linter: root not converged  8.224E+09
     kpoint   5 ibnd  58 solve_linter: root not converged  3.453E+10
     kpoint   6 ibnd  58 solve_linter: root not converged  1.354E+10
     kpoint   7 ibnd  58 solve_linter: root not converged  3.795E+09
     kpoint   8 ibnd  57 solve_linter: root not converged  3.747E+09

     Pert. #  1: Fermi energy shift (Ry) =    -8.6953E+18     0.0000E+00

      iter #  65 total cpu time : 17277.7 secs   av.it.: 400.0
      thresh= 1.000E-02 alpha_mix =  0.700 |ddv_scf|^2 =  7.263E+33
     kpoint   1 ibnd  58 solve_linter: root not converged  2.508E+10
     kpoint   2 ibnd  58 solve_linter: root not converged  6.571E+09
     kpoint   3 ibnd  58 solve_linter: root not converged  2.298E+12
     kpoint   4 ibnd  58 solve_linter: root not converged  2.687E+10
     kpoint   5 ibnd  58 solve_linter: root not converged  5.205E+10
     kpoint   6 ibnd  58 solve_linter: root not converged  6.595E+10
     kpoint   7 ibnd  58 solve_linter: root not converged  1.586E+10
     kpoint   8 ibnd  57 solve_linter: root not converged  4.039E+10

     Pert. #  1: Fermi energy shift (Ry) =    -3.0194E+18     0.0000E+00

      iter #  66 total cpu time : 18971.0 secs   av.it.: 400.0
      thresh= 1.000E-02 alpha_mix =  0.700 |ddv_scf|^2 =  7.982E+33
     kpoint   1 ibnd  58 solve_linter: root not converged  1.878E+11
     kpoint   2 ibnd  58 solve_linter: root not converged  1.617E+11
     kpoint   3 ibnd  58 solve_linter: root not converged  1.036E+11
     kpoint   4 ibnd  58 solve_linter: root not converged  5.431E+10
     kpoint   5 ibnd  58 solve_linter: root not converged  8.474E+10
     kpoint   6 ibnd  58 solve_linter: root not converged  2.495E+11
     kpoint   7 ibnd  58 solve_linter: root not converged  1.209E+11
     kpoint   8 ibnd  57 solve_linter: root not converged  7.674E+10

     Pert. #  1: Fermi energy shift (Ry) =     7.2453E+17     0.0000E+00

      iter #  67 total cpu time : 20646.4 secs   av.it.: 400.0
      thresh= 1.000E-02 alpha_mix =  0.700 |ddv_scf|^2 =  1.561E+34
     kpoint   1 ibnd  58 solve_linter: root not converged  1.206E+11
     kpoint   2 ibnd  58 solve_linter: root not converged  1.073E+11
     kpoint   3 ibnd  58 solve_linter: root not converged  3.820E+12
     kpoint   4 ibnd  58 solve_linter: root not converged  1.152E+12
     kpoint   5 ibnd  58 solve_linter: root not converged  9.222E+10
     kpoint   6 ibnd  58 solve_linter: root not converged  4.441E+11
     kpoint   7 ibnd  58 solve_linter: root not converged  4.343E+11
     kpoint   8 ibnd  57 solve_linter: root not converged  5.960E+11

     Pert. #  1: Fermi energy shift (Ry) =    -3.2213E+18     0.0000E+00

      iter #  68 total cpu time : 22368.8 secs   av.it.: 400.0
      thresh= 1.000E-02 alpha_mix =  0.700 |ddv_scf|^2 =  2.467E+34
     kpoint   1 ibnd  58 solve_linter: root not converged  8.890E+10
     kpoint   2 ibnd  58 solve_linter: root not converged  6.663E+10
     kpoint   3 ibnd  58 solve_linter: root not converged  1.342E+11
     kpoint   4 ibnd  58 solve_linter: root not converged  1.806E+11
     kpoint   5 ibnd  58 solve_linter: root not converged  2.489E+11
     kpoint   6 ibnd  58 solve_linter: root not converged  2.928E+11
     kpoint   7 ibnd  58 solve_linter: root not converged  4.810E+10
     kpoint   8 ibnd  57 solve_linter: root not converged  8.780E+11

     Pert. #  1: Fermi energy shift (Ry) =     8.4069E+18     0.0000E+00

      iter #  69 total cpu time : 24079.4 secs   av.it.: 400.0
      thresh= 1.000E-02 alpha_mix =  0.700 |ddv_scf|^2 =  7.210E+34
     kpoint   1 ibnd  58 solve_linter: root not converged  1.838E+14
     kpoint   2 ibnd  58 solve_linter: root not converged  5.951E+12
     kpoint   3 ibnd  58 solve_linter: root not converged  9.570E+11
     kpoint   4 ibnd  58 solve_linter: root not converged  1.344E+12
     kpoint   5 ibnd  58 solve_linter: root not converged  4.314E+12
     kpoint   6 ibnd  58 solve_linter: root not converged  1.686E+13
     kpoint   7 ibnd  58 solve_linter: root not converged  5.937E+13
     kpoint   8 ibnd  57 solve_linter: root not converged  3.875E+12

     Pert. #  1: Fermi energy shift (Ry) =     5.1190E+17     0.0000E+00

      iter #  70 total cpu time : 25777.5 secs   av.it.: 400.0
      thresh= 1.000E-02 alpha_mix =  0.700 |ddv_scf|^2 =  1.376E+36
     kpoint   1 ibnd  58 solve_linter: root not converged  1.258E+12
     kpoint   2 ibnd  58 solve_linter: root not converged  1.378E+12
     kpoint   3 ibnd  58 solve_linter: root not converged  5.676E+11
     kpoint   4 ibnd  58 solve_linter: root not converged  1.407E+12
     kpoint   5 ibnd  58 solve_linter: root not converged  2.744E+12
     kpoint   6 ibnd  58 solve_linter: root not converged  8.757E+12
     kpoint   7 ibnd  58 solve_linter: root not converged  3.897E+11
     kpoint   8 ibnd  57 solve_linter: root not converged  4.204E+11

     Pert. #  1: Fermi energy shift (Ry) =     3.2017E+19     0.0000E+00

      iter #  71 total cpu time : 27473.3 secs   av.it.: 400.0
      thresh= 1.000E-02 alpha_mix =  0.700 |ddv_scf|^2 =  3.408E+36
     kpoint   1 ibnd  58 solve_linter: root not converged  4.862E+12
     kpoint   2 ibnd  58 solve_linter: root not converged  3.948E+12
     kpoint   3 ibnd  58 solve_linter: root not converged  3.242E+12
     kpoint   4 ibnd  58 solve_linter: root not converged  1.813E+12
     kpoint   5 ibnd  58 solve_linter: root not converged  1.732E+13
     kpoint   6 ibnd  58 solve_linter: root not converged  3.912E+13
     kpoint   7 ibnd  58 solve_linter: root not converged  1.294E+12
     kpoint   8 ibnd  57 solve_linter: root not converged  3.417E+12

     Pert. #  1: Fermi energy shift (Ry) =     2.1722E+19     0.0000E+00

      iter #  72 total cpu time : 29162.4 secs   av.it.: 400.0
      thresh= 1.000E-02 alpha_mix =  0.700 |ddv_scf|^2 =  5.167E+35
     kpoint   1 ibnd  58 solve_linter: root not converged  3.884E+12
     kpoint   2 ibnd  58 solve_linter: root not converged  1.061E+14
     kpoint   3 ibnd  58 solve_linter: root not converged  1.181E+13
     kpoint   4 ibnd  58 solve_linter: root not converged  1.180E+13
     kpoint   5 ibnd  58 solve_linter: root not converged  1.166E+13
     kpoint   6 ibnd  58 solve_linter: root not converged  1.151E+13
     kpoint   7 ibnd  58 solve_linter: root not converged  3.506E+12
     kpoint   8 ibnd  57 solve_linter: root not converged  1.824E+12

     Pert. #  1: Fermi energy shift (Ry) =     2.4633E+19     0.0000E+00

      iter #  73 total cpu time : 30843.0 secs   av.it.: 400.0
      thresh= 1.000E-02 alpha_mix =  0.700 |ddv_scf|^2 =  6.598E+35
     kpoint   1 ibnd  58 solve_linter: root not converged  9.130E+12
     kpoint   2 ibnd  58 solve_linter: root not converged  3.745E+12
     kpoint   3 ibnd  58 solve_linter: root not converged  3.185E+12
     kpoint   4 ibnd  58 solve_linter: root not converged  3.029E+12
     kpoint   5 ibnd  58 solve_linter: root not converged  1.906E+13
     kpoint   6 ibnd  58 solve_linter: root not converged  4.154E+13
     kpoint   7 ibnd  58 solve_linter: root not converged  2.583E+12
     kpoint   8 ibnd  57 solve_linter: root not converged  3.235E+12

     Pert. #  1: Fermi energy shift (Ry) =     1.4804E+20     0.0000E+00

      iter #  74 total cpu time : 32562.0 secs   av.it.: 400.0
      thresh= 1.000E-02 alpha_mix =  0.700 |ddv_scf|^2 =  1.253E+37
     kpoint   1 ibnd  58 solve_linter: root not converged  1.009E+15
     kpoint   2 ibnd  58 solve_linter: root not converged  2.057E+13
     kpoint   3 ibnd  58 solve_linter: root not converged  1.990E+13
     kpoint   4 ibnd  58 solve_linter: root not converged  8.347E+12
     kpoint   5 ibnd  58 solve_linter: root not converged  4.391E+13
     kpoint   6 ibnd  58 solve_linter: root not converged  1.990E+14
     kpoint   7 ibnd  58 solve_linter: root not converged  1.406E+13
     kpoint   8 ibnd  57 solve_linter: root not converged  2.697E+13

     Pert. #  1: Fermi energy shift (Ry) =     9.3837E+19     0.0000E+00

      iter #  75 total cpu time : 34296.6 secs   av.it.: 400.0
      thresh= 1.000E-02 alpha_mix =  0.700 |ddv_scf|^2 =  1.886E+37
     kpoint   1 ibnd  58 solve_linter: root not converged  6.830E+12
     kpoint   2 ibnd  58 solve_linter: root not converged  1.597E+13
     kpoint   3 ibnd  58 solve_linter: root not converged  2.450E+12
     kpoint   4 ibnd  58 solve_linter: root not converged  4.237E+13
     kpoint   5 ibnd  58 solve_linter: root not converged  1.465E+13
     kpoint   6 ibnd  58 solve_linter: root not converged  2.168E+13
     kpoint   7 ibnd  58 solve_linter: root not converged  1.537E+12
     kpoint   8 ibnd  57 solve_linter: root not converged  1.161E+13

     Pert. #  1: Fermi energy shift (Ry) =     6.8205E+19     0.0000E+00

      iter #  76 total cpu time : 36003.5 secs   av.it.: 400.0
      thresh= 1.000E-02 alpha_mix =  0.700 |ddv_scf|^2 =  4.657E+37
     kpoint   1 ibnd  58 solve_linter: root not converged  1.167E+14
     kpoint   2 ibnd  58 solve_linter: root not converged  1.066E+14
     kpoint   3 ibnd  58 solve_linter: root not converged  6.086E+12
     kpoint   4 ibnd  58 solve_linter: root not converged  6.970E+13
     kpoint   5 ibnd  58 solve_linter: root not converged  3.603E+14
     kpoint   6 ibnd  58 solve_linter: root not converged  2.054E+14
     kpoint   7 ibnd  58 solve_linter: root not converged  2.083E+13
     kpoint   8 ibnd  57 solve_linter: root not converged  2.144E+13

     Pert. #  1: Fermi energy shift (Ry) =     1.3975E+20     0.0000E+00

      iter #  77 total cpu time : 37707.9 secs   av.it.: 400.0
      thresh= 1.000E-02 alpha_mix =  0.700 |ddv_scf|^2 =  1.547E+38
     kpoint   1 ibnd  58 solve_linter: root not converged  2.160E+13
     kpoint   2 ibnd  58 solve_linter: root not converged  8.066E+13
     kpoint   3 ibnd  58 solve_linter: root not converged  8.934E+13
     kpoint   4 ibnd  58 solve_linter: root not converged  9.175E+12
     kpoint   5 ibnd  58 solve_linter: root not converged  1.023E+13
     kpoint   6 ibnd  58 solve_linter: root not converged  3.690E+15
     kpoint   7 ibnd  58 solve_linter: root not converged  3.160E+13
     kpoint   8 ibnd  57 solve_linter: root not converged  7.700E+12

     Pert. #  1: Fermi energy shift (Ry) =     1.2636E+22     0.0000E+00

      iter #  78 total cpu time : 39404.5 secs   av.it.: 400.0
      thresh= 1.000E-02 alpha_mix =  0.700 |ddv_scf|^2 =  3.400E+41
     kpoint   1 ibnd  58 solve_linter: root not converged  1.169E+15
     kpoint   2 ibnd  58 solve_linter: root not converged  2.806E+14
     kpoint   3 ibnd  58 solve_linter: root not converged  6.769E+13
     kpoint   4 ibnd  58 solve_linter: root not converged  2.062E+14
     kpoint   5 ibnd  58 solve_linter: root not converged  2.862E+14
     kpoint   6 ibnd  58 solve_linter: root not converged  2.696E+14
     kpoint   7 ibnd  58 solve_linter: root not converged  3.982E+13
     kpoint   8 ibnd  57 solve_linter: root not converged  1.143E+14

     Pert. #  1: Fermi energy shift (Ry) =    -1.9327E+23     0.0000E+00

      iter #  79 total cpu time : 41088.4 secs   av.it.: 400.0
      thresh= 1.000E-02 alpha_mix =  0.700 |ddv_scf|^2 =  5.443E+43
     kpoint   1 ibnd  58 solve_linter: root not converged  1.708E+14
     kpoint   2 ibnd  58 solve_linter: root not converged  5.885E+14
     kpoint   3 ibnd  58 solve_linter: root not converged  6.008E+13
     kpoint   4 ibnd  58 solve_linter: root not converged  3.917E+13
     kpoint   5 ibnd  58 solve_linter: root not converged  1.616E+15
     kpoint   6 ibnd  58 solve_linter: root not converged  6.074E+14
     kpoint   7 ibnd  58 solve_linter: root not converged  6.355E+13
     kpoint   8 ibnd  57 solve_linter: root not converged  2.898E+14

     Pert. #  1: Fermi energy shift (Ry) =     1.5587E+22     0.0000E+00

      iter #  80 total cpu time : 42748.4 secs   av.it.: 400.0
      thresh= 1.000E-02 alpha_mix =  0.700 |ddv_scf|^2 =  7.462E+43
     kpoint   1 ibnd  58 solve_linter: root not converged  1.290E+14
     kpoint   2 ibnd  58 solve_linter: root not converged  1.014E+14
     kpoint   3 ibnd  58 solve_linter: root not converged  2.184E+14
     kpoint   4 ibnd  58 solve_linter: root not converged  1.243E+14
     kpoint   5 ibnd  58 solve_linter: root not converged  9.231E+14
     kpoint   6 ibnd  58 solve_linter: root not converged  8.237E+14
     kpoint   7 ibnd  58 solve_linter: root not converged  5.641E+14
     kpoint   8 ibnd  57 solve_linter: root not converged  4.689E+14

     Pert. #  1: Fermi energy shift (Ry) =     1.3518E+24     0.0000E+00

      iter #  81 total cpu time : 44388.6 secs   av.it.: 400.0
      thresh= 1.000E-02 alpha_mix =  0.700 |ddv_scf|^2 =  5.008E+45
     kpoint   1 ibnd  58 solve_linter: root not converged  4.618E+15
     kpoint   2 ibnd  58 solve_linter: root not converged  4.173E+15
     kpoint   3 ibnd  58 solve_linter: root not converged  6.389E+14
     kpoint   4 ibnd  58 solve_linter: root not converged  2.613E+15
     kpoint   5 ibnd  58 solve_linter: root not converged  7.017E+15
     kpoint   6 ibnd  58 solve_linter: root not converged  2.837E+16
     kpoint   7 ibnd  58 solve_linter: root not converged  3.444E+14
     kpoint   8 ibnd  57 solve_linter: root not converged  7.433E+14

     Pert. #  1: Fermi energy shift (Ry) =    -5.2851E+23     0.0000E+00

      iter #  82 total cpu time : 46011.7 secs   av.it.: 400.0
      thresh= 1.000E-02 alpha_mix =  0.700 |ddv_scf|^2 =  1.599E+47
     kpoint   1 ibnd  58 solve_linter: root not converged  1.533E+16
     kpoint   2 ibnd  58 solve_linter: root not converged  7.919E+16
     kpoint   3 ibnd  58 solve_linter: root not converged  2.234E+16
     kpoint   4 ibnd  58 solve_linter: root not converged  1.265E+16
     kpoint   5 ibnd  58 solve_linter: root not converged  1.557E+17
     kpoint   6 ibnd  58 solve_linter: root not converged  9.654E+17
     kpoint   7 ibnd  58 solve_linter: root not converged  6.275E+15
     kpoint   8 ibnd  57 solve_linter: root not converged  2.193E+16

     Pert. #  1: Fermi energy shift (Ry) =     4.1346E+24     0.0000E+00

      iter #  83 total cpu time : 47633.7 secs   av.it.: 400.0
      thresh= 1.000E-02 alpha_mix =  0.700 |ddv_scf|^2 =  6.940E+46
     kpoint   1 ibnd  58 solve_linter: root not converged  1.525E+17
     kpoint   2 ibnd  58 solve_linter: root not converged  2.276E+17
     kpoint   3 ibnd  58 solve_linter: root not converged  1.498E+16
     kpoint   4 ibnd  58 solve_linter: root not converged  4.829E+17
     kpoint   5 ibnd  58 solve_linter: root not converged  1.470E+17
     kpoint   6 ibnd  58 solve_linter: root not converged  8.429E+16
     kpoint   7 ibnd  58 solve_linter: root not converged  1.191E+19
     kpoint   8 ibnd  57 solve_linter: root not converged  4.591E+16

     Pert. #  1: Fermi energy shift (Ry) =     1.6945E+24     0.0000E+00

      iter #  84 total cpu time : 49262.0 secs   av.it.: 400.0
      thresh= 1.000E-02 alpha_mix =  0.700 |ddv_scf|^2 =  7.175E+47
     kpoint   1 ibnd  58 solve_linter: root not converged  3.956E+16
     kpoint   2 ibnd  58 solve_linter: root not converged  1.889E+16
     kpoint   3 ibnd  58 solve_linter: root not converged  2.020E+16
     kpoint   4 ibnd  58 solve_linter: root not converged  3.014E+17
     kpoint   5 ibnd  58 solve_linter: root not converged  2.728E+17
     kpoint   6 ibnd  58 solve_linter: root not converged  2.218E+17
     kpoint   7 ibnd  58 solve_linter: root not converged  9.921E+16
     kpoint   8 ibnd  57 solve_linter: root not converged  1.015E+17

     Pert. #  1: Fermi energy shift (Ry) =    -3.5283E+24     0.0000E+00

      iter #  85 total cpu time : 50869.2 secs   av.it.: 400.0
      thresh= 1.000E-02 alpha_mix =  0.700 |ddv_scf|^2 =  5.410E+46
     kpoint   1 ibnd  58 solve_linter: root not converged  3.718E+18
     kpoint   2 ibnd  58 solve_linter: root not converged  3.407E+19
     kpoint   3 ibnd  58 solve_linter: root not converged  3.644E+17
     kpoint   4 ibnd  58 solve_linter: root not converged  3.697E+18
     kpoint   5 ibnd  58 solve_linter: root not converged  1.362E+19
     kpoint   6 ibnd  58 solve_linter: root not converged  2.640E+19
     kpoint   7 ibnd  58 solve_linter: root not converged  4.589E+17
     kpoint   8 ibnd  57 solve_linter: root not converged  3.358E+18

     Pert. #  1: Fermi energy shift (Ry) =    -2.5466E+25     0.0000E+00

      iter #  86 total cpu time : 52468.7 secs   av.it.: 400.0
      thresh= 1.000E-02 alpha_mix =  0.700 |ddv_scf|^2 =  2.042E+49
     kpoint   1 ibnd  58 solve_linter: root not converged  1.613E+18
     kpoint   2 ibnd  58 solve_linter: root not converged  9.597E+17
     kpoint   3 ibnd  58 solve_linter: root not converged  2.929E+17
     kpoint   4 ibnd  58 solve_linter: root not converged  1.101E+18
     kpoint   5 ibnd  58 solve_linter: root not converged  6.973E+19
     kpoint   6 ibnd  58 solve_linter: root not converged  6.034E+18
     kpoint   7 ibnd  58 solve_linter: root not converged  5.949E+17
     kpoint   8 ibnd  57 solve_linter: root not converged  8.971E+17

     Pert. #  1: Fermi energy shift (Ry) =    -2.3698E+26     0.0000E+00

      iter #  87 total cpu time : 54067.5 secs   av.it.: 400.0
      thresh= 1.000E-02 alpha_mix =  0.700 |ddv_scf|^2 =  3.110E+49
     kpoint   1 ibnd  58 solve_linter: root not converged  8.229E+18
     kpoint   2 ibnd  58 solve_linter: root not converged  1.009E+18
     kpoint   3 ibnd  58 solve_linter: root not converged  9.503E+18
     kpoint   4 ibnd  58 solve_linter: root not converged  4.407E+18
     kpoint   5 ibnd  58 solve_linter: root not converged  2.434E+20
     kpoint   6 ibnd  58 solve_linter: root not converged  1.750E+19
     kpoint   7 ibnd  58 solve_linter: root not converged  7.702E+17
     kpoint   8 ibnd  57 solve_linter: root not converged  4.073E+19

     Pert. #  1: Fermi energy shift (Ry) =    -3.3987E+25     0.0000E+00

      iter #  88 total cpu time : 55667.5 secs   av.it.: 400.0
      thresh= 1.000E-02 alpha_mix =  0.700 |ddv_scf|^2 =  4.117E+49
     kpoint   1 ibnd  58 solve_linter: root not converged  9.988E+19
     kpoint   2 ibnd  58 solve_linter: root not converged  4.884E+18
     kpoint   3 ibnd  58 solve_linter: root not converged  8.730E+17
     kpoint   4 ibnd  58 solve_linter: root not converged  2.432E+18
     kpoint   5 ibnd  58 solve_linter: root not converged  2.299E+19
     kpoint   6 ibnd  58 solve_linter: root not converged  2.796E+19
     kpoint   7 ibnd  58 solve_linter: root not converged  3.245E+18
     kpoint   8 ibnd  57 solve_linter: root not converged  1.196E+18

     Pert. #  1: Fermi energy shift (Ry) =    -1.9361E+26     0.0000E+00

      iter #  89 total cpu time : 57289.3 secs   av.it.: 400.0
      thresh= 1.000E-02 alpha_mix =  0.700 |ddv_scf|^2 =  3.847E+49
     kpoint   1 ibnd  58 solve_linter: root not converged  2.179E+19
     kpoint   2 ibnd  58 solve_linter: root not converged  1.885E+19
     kpoint   3 ibnd  58 solve_linter: root not converged  4.463E+19
     kpoint   4 ibnd  58 solve_linter: root not converged  3.169E+18
     kpoint   5 ibnd  58 solve_linter: root not converged  2.533E+19
     kpoint   6 ibnd  58 solve_linter: root not converged  1.517E+21
     kpoint   7 ibnd  58 solve_linter: root not converged  3.162E+18
     kpoint   8 ibnd  57 solve_linter: root not converged  4.391E+19

     Pert. #  1: Fermi energy shift (Ry) =    -1.0767E+26     0.0000E+00

      iter #  90 total cpu time : 58934.5 secs   av.it.: 400.0
      thresh= 1.000E-02 alpha_mix =  0.700 |ddv_scf|^2 =  6.071E+48
     kpoint   1 ibnd  58 solve_linter: root not converged  8.090E+18
     kpoint   2 ibnd  58 solve_linter: root not converged  1.835E+19
     kpoint   3 ibnd  58 solve_linter: root not converged  2.083E+19
     kpoint   4 ibnd  58 solve_linter: root not converged  2.869E+19
     kpoint   5 ibnd  58 solve_linter: root not converged  3.321E+19

     Program PHONON v.6.7MaX starts on  5Mar2026 at  2:20: 9 

     This program is part of the open-source Quantum ESPRESSO suite
     for quantum simulation of materials; please cite
         "P. Giannozzi et al., J. Phys.:Condens. Matter 21 395502 (2009);
         "P. Giannozzi et al., J. Phys.:Condens. Matter 29 465901 (2017);
          URL http://www.quantum-espresso.org", 
     in publications or presentations arising from this work. More details at
     http://www.quantum-espresso.org/quote

     Parallel version (MPI), running on     1 processors

     MPI processes distributed on     1 nodes
     Waiting for input...
     Reading input from standard input

     Reading xml data from directory:

     ./tmp/Mg4ZrGa3H20.save/
     Message from routine read_pp_mesh:
     mismatch in mesh size, discarding the one in header
     file Ga.UPF: wavefunction(s)  4S renormalized
     file H.UPF: wavefunction(s)  1S renormalized

     IMPORTANT: XC functional enforced from input :
     Exchange-correlation= PBE
                           (   1   4   3   4   0   0   0)
     Any further DFT definition will be discarded
     Please, verify this is what you really want


     G-vector sticks info
     --------------------
     sticks:   dense  smooth     PW     G-vecs:    dense   smooth      PW
     Sum        5161    2585    727               324595   114835   17017


     negative rho (up, down):  1.321E+02 0.000E+00
     Reading collected, re-writing distributed wavefunctions
 end of file reached, closing tag not found
warning: file closed at level 1 with tag Root open
        1 /   1 q-points for this run, from  1 to  1:
       N       xq(1)         xq(2)         xq(3) 
       1   0.000000000   0.000000000   0.000000000


     Calculation of q =    0.0000000   0.0000000   0.0000000
     Message from routine ph_restart_set_filename :
     cannot open file for reading or writing
 end of file reached, closing tag not found
warning: file closed at level 1 with tag Root open
     Message from routine ph_restart_set_filename :
     cannot open file for reading or writing
     Message from routine ph_restart_set_filename :
     cannot open file for reading or writing
     Message from routine ph_restart_set_filename :
     cannot open file for reading or writing
     Message from routine ph_restart_set_filename :
     cannot open file for reading or writing
     Message from routine ph_restart_set_filename :
     cannot open file for reading or writing
     Message from routine ph_restart_set_filename :
     cannot open file for reading or writing
     Message from routine ph_restart_set_filename :
     cannot open file for reading or writing
     Message from routine ph_restart_set_filename :
     cannot open file for reading or writing
     Message from routine ph_restart_set_filename :
     cannot open file for reading or writing
     Message from routine ph_restart_set_filename :
     cannot open file for reading or writing
     Message from routine ph_restart_set_filename :
     cannot open file for reading or writing
     Message from routine ph_restart_set_filename :
     cannot open file for reading or writing
     Message from routine ph_restart_set_filename :
     cannot open file for reading or writing
     Message from routine ph_restart_set_filename :
     cannot open file for reading or writing
     Message from routine ph_restart_set_filename :
     cannot open file for reading or writing
     Message from routine ph_restart_set_filename :
     cannot open file for reading or writing
     Message from routine ph_restart_set_filename :
     cannot open file for reading or writing
     Message from routine ph_restart_set_filename :
     cannot open file for reading or writing
     Message from routine ph_restart_set_filename :
     cannot open file for reading or writing
     Message from routine ph_restart_set_filename :
     cannot open file for reading or writing
     Message from routine ph_restart_set_filename :
     cannot open file for reading or writing
     Message from routine ph_restart_set_filename :
     cannot open file for reading or writing
     Message from routine ph_restart_set_filename :
     cannot open file for reading or writing
     Message from routine ph_restart_set_filename :
     cannot open file for reading or writing
     Message from routine ph_restart_set_filename :
     cannot open file for reading or writing
     Message from routine ph_restart_set_filename :
     cannot open file for reading or writing
     Message from routine ph_restart_set_filename :
     cannot open file for reading or writing
     Message from routine ph_restart_set_filename :
     cannot open file for reading or writing
     Message from routine ph_restart_set_filename :
     cannot open file for reading or writing
     Message from routine ph_restart_set_filename :
     cannot open file for reading or writing
     Message from routine ph_restart_set_filename :
     cannot open file for reading or writing
     Message from routine ph_restart_set_filename :
     cannot open file for reading or writing
     Message from routine ph_restart_set_filename :
     cannot open file for reading or writing
     Message from routine ph_restart_set_filename :
     cannot open file for reading or writing
     Message from routine ph_restart_set_filename :
     cannot open file for reading or writing
     Message from routine ph_restart_set_filename :
     cannot open file for reading or writing
     Message from routine ph_restart_set_filename :
     cannot open file for reading or writing
     Message from routine ph_restart_set_filename :
     cannot open file for reading or writing
     Message from routine ph_restart_set_filename :
     cannot open file for reading or writing
     Message from routine ph_restart_set_filename :
     cannot open file for reading or writing
     Message from routine ph_restart_set_filename :
     cannot open file for reading or writing
     Message from routine ph_restart_set_filename :
     cannot open file for reading or writing
     Message from routine ph_restart_set_filename :
     cannot open file for reading or writing
     Message from routine ph_restart_set_filename :
     cannot open file for reading or writing
     Message from routine ph_restart_set_filename :
     cannot open file for reading or writing
     Message from routine ph_restart_set_filename :
     cannot open file for reading or writing
     Message from routine ph_restart_set_filename :
     cannot open file for reading or writing
     Message from routine ph_restart_set_filename :
     cannot open file for reading or writing
     Message from routine ph_restart_set_filename :
     cannot open file for reading or writing
     Message from routine ph_restart_set_filename :
     cannot open file for reading or writing
     Message from routine ph_restart_set_filename :
     cannot open file for reading or writing
     Message from routine ph_restart_set_filename :
     cannot open file for reading or writing
     Message from routine ph_restart_set_filename :
     cannot open file for reading or writing
     Message from routine ph_restart_set_filename :
     cannot open file for reading or writing
     Message from routine ph_restart_set_filename :
     cannot open file for reading or writing
     Message from routine ph_restart_set_filename :
     cannot open file for reading or writing
     Message from routine ph_restart_set_filename :
     cannot open file for reading or writing
     Message from routine ph_restart_set_filename :
     cannot open file for reading or writing
     Message from routine ph_restart_set_filename :
     cannot open file for reading or writing
     Message from routine ph_restart_set_filename :
     cannot open file for reading or writing
     Message from routine ph_restart_set_filename :
     cannot open file for reading or writing
     Message from routine ph_restart_set_filename :
     cannot open file for reading or writing
     Message from routine ph_restart_set_filename :
     cannot open file for reading or writing
     Message from routine ph_restart_set_filename :
     cannot open file for reading or writing
     Message from routine ph_restart_set_filename :
     cannot open file for reading or writing
     Message from routine ph_restart_set_filename :
     cannot open file for reading or writing
     Message from routine ph_restart_set_filename :
     cannot open file for reading or writing
     Message from routine ph_restart_set_filename :
     cannot open file for reading or writing
     Message from routine ph_restart_set_filename :
     cannot open file for reading or writing
     Message from routine ph_restart_set_filename :
     cannot open file for reading or writing
     Message from routine ph_restart_set_filename :
     cannot open file for reading or writing
     Message from routine ph_restart_set_filename :
     cannot open file for reading or writing
     Message from routine ph_restart_set_filename :
     cannot open file for reading or writing
     Message from routine ph_restart_set_filename :
     cannot open file for reading or writing
     Message from routine ph_restart_set_filename :
     cannot open file for reading or writing
     Message from routine ph_restart_set_filename :
     cannot open file for reading or writing
     Message from routine ph_restart_set_filename :
     cannot open file for reading or writing
     Message from routine ph_restart_set_filename :
     cannot open file for reading or writing
     Message from routine ph_restart_set_filename :
     cannot open file for reading or writing
     Message from routine ph_restart_set_filename :
     cannot open file for reading or writing
     Message from routine ph_restart_set_filename :
     cannot open file for reading or writing
     Message from routine ph_restart_set_filename :
     cannot open file for reading or writing
     Message from routine ph_restart_set_filename :
     cannot open file for reading or writing
     Message from routine ph_restart_set_filename :
     cannot open file for reading or writing

     Restart in Phonon calculation

     Phonons                                                                    

     bravais-lattice index     =            0
     lattice parameter (alat)  =      14.0156  a.u.
     unit-cell volume          =    2403.6928 (a.u.)^3
     number of atoms/cell      =           28
     number of atomic types    =            4
     kinetic-energy cut-off    =      50.0000  Ry
     charge density cut-off    =     400.0000  Ry
     convergence threshold     =      1.0E-14
     beta                      =       0.7000
     number of iterations used =            4
     Exchange-correlation= PBE
                           (   1   4   3   4   0   0   0)


     celldm(1)=   14.01558  celldm(2)=    0.00000  celldm(3)=    0.00000
     celldm(4)=    0.00000  celldm(5)=    0.00000  celldm(6)=    0.00000

     crystal axes: (cart. coord. in units of alat)
               a(1) = (  0.9795  0.0387 -0.0099 )  
               a(2) = (  0.0361  0.8433  0.0474 )  
               a(3) = (  0.0242  0.8932  1.1091 )  

     reciprocal axes: (cart. coord. in units 2 pi/alat)
               b(1) = (  1.0228 -0.0446  0.0135 )  
               b(2) = ( -0.0594  1.2446 -1.0011 )  
               b(3) = (  0.0117 -0.0535  0.9445 )  


     Atoms inside the unit cell: 

     Cartesian axes

     site n.  atom      mass           positions (alat units)
        1     Mg   1.0000   tau(    1) = (    0.40216    1.06063    0.87296  )
        2     Mg   1.0000   tau(    2) = (    0.63271    0.70646    0.29243  )
        3     Mg   1.0000   tau(    3) = (    0.91927    1.10991    0.85323  )
        4     Mg   1.0000   tau(    4) = (    0.14352    0.68963    0.28520  )
        5     Ga   1.0000   tau(    5) = (    0.39902    1.46246    0.98549  )
        6     Zr   1.0000   tau(    6) = (    0.63999    0.29629    0.08733  )
        7     Ga   1.0000   tau(    7) = (    0.86340    0.69938    0.67133  )
        8     Ga   1.0000   tau(    8) = (    0.17433    1.09710    0.47864  )
        9     H    1.0000   tau(    9) = (    0.06291    0.68449    0.56444  )
       10     H    1.0000   tau(   10) = (    0.97421    1.15350    0.58974  )
       11     H    1.0000   tau(   11) = (    0.57249    1.43800    1.13851  )
       12     H    1.0000   tau(   12) = (    0.41139    0.19275    0.02042  )
       13     H    1.0000   tau(   13) = (    0.33767    1.32330    0.82953  )
       14     H    1.0000   tau(   14) = (    0.68028    0.44964    0.30034  )
       15     H    1.0000   tau(   15) = (    0.83236    0.86691    0.80359  )
       16     H    1.0000   tau(   16) = (    0.13068    0.94693    0.33144  )
       17     H    1.0000   tau(   17) = (    0.91814    1.37744    0.85500  )
       18     H    1.0000   tau(   18) = (    0.15461    0.42960    0.30728  )
       19     H    1.0000   tau(   19) = (    0.45491    0.78760    0.83448  )
       20     H    1.0000   tau(   20) = (    0.61998    0.97204    0.32594  )
       21     H    1.0000   tau(   21) = (    0.16800    1.00110    0.90224  )
       22     H    1.0000   tau(   22) = (    0.87833    0.75043    0.20089  )
       23     H    1.0000   tau(   23) = (    0.65429    1.14218    0.91835  )
       24     H    1.0000   tau(   24) = (    0.38479    0.69034    0.34083  )
       25     H    1.0000   tau(   25) = (    0.35516    1.06366    0.59411  )
       26     H    1.0000   tau(   26) = (    0.68249    0.68146    0.55842  )
       27     H    1.0000   tau(   27) = (    0.90227    1.15629    1.10527  )
       28     H    1.0000   tau(   28) = (    0.20946    0.62430    0.00314  )

     Computing dynamical matrix for 
                    q = (   0.0000000   0.0000000   0.0000000 )

      2 Sym.Ops. (with q -> -q+G )


     G cutoff = 1990.3169  ( 324595 G-vectors)     FFT grid: ( 90, 75,125)
     G cutoff =  995.1585  ( 114835 G-vectors)  smooth grid: ( 64, 54, 90)

     number of k points=     8  Methfessel-Paxton smearing, width (Ry)=  0.0200

     PseudoPot. # 1 for Ga read from file:
     /home/marco/ZOS_Cloud_Compute/pseudo/Ga.UPF
     MD5 check sum: 79e63b61437c88080bf469cc04ca4be8
     Pseudo is Projector augmented-wave + core cor, Zval = 13.0
     Generated using "atomic" code by A. Dal Corso  v.5.1.2
     Shape of augmentation charge: PSQ
     Using radial grid of 1205 points,  6 beta functions with: 
                l(1) =   0
                l(2) =   0
                l(3) =   1
                l(4) =   1
                l(5) =   2
                l(6) =   2
     Q(r) pseudized with 0 coefficients 


     PseudoPot. # 2 for H  read from file:
     /home/marco/ZOS_Cloud_Compute/pseudo/H.UPF
     MD5 check sum: 850d63dcbcc06c5de8b44e0ab9f952da
     Pseudo is Projector augmented-wave, Zval =  1.0
     Generated using "atomic" code by A. Dal Corso  v.5.1.2
     Shape of augmentation charge: PSQ
     Using radial grid of  929 points,  2 beta functions with: 
                l(1) =   0
                l(2) =   0
     Q(r) pseudized with 0 coefficients 


     PseudoPot. # 3 for Mg read from file:
     /home/marco/ZOS_Cloud_Compute/pseudo/Mg.UPF
     MD5 check sum: a77e51077e70c6c73445c6cac60d158f
     Pseudo is Projector augmented-wave + core cor, Zval = 10.0
     Generated using ATOMPAW code
     Shape of augmentation charge: BESSEL
     Using radial grid of 1171 points,  6 beta functions with: 
                l(1) =   0
                l(2) =   0
                l(3) =   0
                l(4) =   0
                l(5) =   1
                l(6) =   1
     Q(r) pseudized with 0 coefficients 


     PseudoPot. # 4 for Zr read from file:
     /home/marco/ZOS_Cloud_Compute/pseudo/Zr.UPF
     MD5 check sum: 56bebf6edcd38415d7dd1a973c3f3403
     Pseudo is Ultrasoft + core correction, Zval = 12.0
     Generated by new atomic code, or converted to UPF format
     Using radial grid of  887 points,  6 beta functions with: 
                l(1) =   0
                l(2) =   0
                l(3) =   1
                l(4) =   1
                l(5) =   2
                l(6) =   2
     Q(r) pseudized with  6 coefficients,  rinner =    1.200   1.200   1.200
                                                       1.200   1.200


     Atomic displacements:
     There are   84 irreducible representations

     Representation     1      1 modes -  To be done

     Representation     2      1 modes -  To be done

     Representation     3      1 modes -  To be done

     Representation     4      1 modes -  To be done

     Representation     5      1 modes -  To be done

     Representation     6      1 modes -  To be done

     Representation     7      1 modes -  To be done

     Representation     8      1 modes -  To be done

     Representation     9      1 modes -  To be done

     Representation    10      1 modes -  To be done

     Representation    11      1 modes -  To be done

     Representation    12      1 modes -  To be done

     Representation    13      1 modes -  To be done

     Representation    14      1 modes -  To be done

     Representation    15      1 modes -  To be done

     Representation    16      1 modes -  To be done

     Representation    17      1 modes -  To be done

     Representation    18      1 modes -  To be done

     Representation    19      1 modes -  To be done

     Representation    20      1 modes -  To be done

     Representation    21      1 modes -  To be done

     Representation    22      1 modes -  To be done

     Representation    23      1 modes -  To be done

     Representation    24      1 modes -  To be done

     Representation    25      1 modes -  To be done

     Representation    26      1 modes -  To be done

     Representation    27      1 modes -  To be done

     Representation    28      1 modes -  To be done

     Representation    29      1 modes -  To be done

     Representation    30      1 modes -  To be done

     Representation    31      1 modes -  To be done

     Representation    32      1 modes -  To be done

     Representation    33      1 modes -  To be done

     Representation    34      1 modes -  To be done

     Representation    35      1 modes -  To be done

     Representation    36      1 modes -  To be done

     Representation    37      1 modes -  To be done

     Representation    38      1 modes -  To be done

     Representation    39      1 modes -  To be done

     Representation    40      1 modes -  To be done

     Representation    41      1 modes -  To be done

     Representation    42      1 modes -  To be done

     Representation    43      1 modes -  To be done

     Representation    44      1 modes -  To be done

     Representation    45      1 modes -  To be done

     Representation    46      1 modes -  To be done

     Representation    47      1 modes -  To be done

     Representation    48      1 modes -  To be done

     Representation    49      1 modes -  To be done

     Representation    50      1 modes -  To be done

     Representation    51      1 modes -  To be done

     Representation    52      1 modes -  To be done

     Representation    53      1 modes -  To be done

     Representation    54      1 modes -  To be done

     Representation    55      1 modes -  To be done

     Representation    56      1 modes -  To be done

     Representation    57      1 modes -  To be done

     Representation    58      1 modes -  To be done

     Representation    59      1 modes -  To be done

     Representation    60      1 modes -  To be done

     Representation    61      1 modes -  To be done

     Representation    62      1 modes -  To be done

     Representation    63      1 modes -  To be done

     Representation    64      1 modes -  To be done

     Representation    65      1 modes -  To be done

     Representation    66      1 modes -  To be done

     Representation    67      1 modes -  To be done

     Representation    68      1 modes -  To be done

     Representation    69      1 modes -  To be done

     Representation    70      1 modes -  To be done

     Representation    71      1 modes -  To be done

     Representation    72      1 modes -  To be done

     Representation    73      1 modes -  To be done

     Representation    74      1 modes -  To be done

     Representation    75      1 modes -  To be done

     Representation    76      1 modes -  To be done

     Representation    77      1 modes -  To be done

     Representation    78      1 modes -  To be done

     Representation    79      1 modes -  To be done

     Representation    80      1 modes -  To be done

     Representation    81      1 modes -  To be done

     Representation    82      1 modes -  To be done

     Representation    83      1 modes -  To be done

     Representation    84      1 modes -  To be done


     PHONON       :  14m 7.95s CPU  11m26.24s WALL



     Representation #   1 mode #   1

     Self-consistent Calculation
     kpoint   1 ibnd  58 solve_linter: root not converged  6.271E+12
     kpoint   2 ibnd  58 solve_linter: root not converged  4.429E+13
     kpoint   3 ibnd  58 solve_linter: root not converged  1.013E+12
     kpoint   4 ibnd  58 solve_linter: root not converged  1.028E+13
     kpoint   5 ibnd  58 solve_linter: root not converged  8.350E+13
     kpoint   6 ibnd  58 solve_linter: root not converged  9.885E+19
     kpoint   7 ibnd  58 solve_linter: root not converged  6.020E+19
     kpoint   8 ibnd  57 solve_linter: root not converged  3.773E+19

     Pert. #  1: Fermi energy shift (Ry) =    -7.1287E+25     0.0000E+00

      iter #  91 total cpu time :  2381.0 secs   av.it.: 400.0
      thresh= 1.000E-02 alpha_mix =  0.700 |ddv_scf|^2 =  4.140E+49
     kpoint   1 ibnd  58 solve_linter: root not converged  5.246E+20
     kpoint   2 ibnd  58 solve_linter: root not converged  2.716E+19
     kpoint   3 ibnd  58 solve_linter: root not converged  1.687E+19
     kpoint   4 ibnd  58 solve_linter: root not converged  2.928E+19
     kpoint   5 ibnd  58 solve_linter: root not converged  1.262E+21
     kpoint   6 ibnd  58 solve_linter: root not converged  1.939E+20
     kpoint   7 ibnd  58 solve_linter: root not converged  2.852E+20
     kpoint   8 ibnd  57 solve_linter: root not converged  2.832E+19

     Pert. #  1: Fermi energy shift (Ry) =    -2.0706E+26     0.0000E+00

      iter #  92 total cpu time :  4071.4 secs   av.it.: 400.0
      thresh= 1.000E-02 alpha_mix =  0.700 |ddv_scf|^2 =  1.421E+50
     kpoint   1 ibnd  58 solve_linter: root not converged  4.344E+19
     kpoint   2 ibnd  58 solve_linter: root not converged  5.655E+20
     kpoint   3 ibnd  58 solve_linter: root not converged  7.392E+19
     kpoint   4 ibnd  58 solve_linter: root not converged  1.048E+20
     kpoint   5 ibnd  58 solve_linter: root not converged  2.624E+20
     kpoint   6 ibnd  58 solve_linter: root not converged  1.626E+20
     kpoint   7 ibnd  58 solve_linter: root not converged  8.994E+18
     kpoint   8 ibnd  57 solve_linter: root not converged  1.772E+19

     Pert. #  1: Fermi energy shift (Ry) =    -5.5820E+26     0.0000E+00

      iter #  93 total cpu time :  5755.3 secs   av.it.: 400.0
      thresh= 1.000E-02 alpha_mix =  0.700 |ddv_scf|^2 =  7.902E+50
     kpoint   1 ibnd  58 solve_linter: root not converged  1.464E+19
     kpoint   2 ibnd  58 solve_linter: root not converged  4.363E+19
     kpoint   3 ibnd  58 solve_linter: root not converged  7.956E+19
     kpoint   4 ibnd  58 solve_linter: root not converged  5.425E+20
     kpoint   5 ibnd  58 solve_linter: root not converged  6.647E+20
     kpoint   6 ibnd  58 solve_linter: root not converged  2.629E+19
     kpoint   7 ibnd  58 solve_linter: root not converged  3.371E+19
     kpoint   8 ibnd  57 solve_linter: root not converged  4.986E+19

     Pert. #  1: Fermi energy shift (Ry) =     2.3130E+27     0.0000E+00

      iter #  94 total cpu time :  7477.6 secs   av.it.: 400.0
      thresh= 1.000E-02 alpha_mix =  0.700 |ddv_scf|^2 =  1.714E+52
     kpoint   1 ibnd  58 solve_linter: root not converged  1.076E+21
     kpoint   2 ibnd  58 solve_linter: root not converged  1.850E+19
     kpoint   3 ibnd  58 solve_linter: root not converged  1.821E+19
     kpoint   4 ibnd  58 solve_linter: root not converged  1.329E+20
     kpoint   5 ibnd  58 solve_linter: root not converged  5.135E+19
     kpoint   6 ibnd  58 solve_linter: root not converged  2.436E+19
     kpoint   7 ibnd  58 solve_linter: root not converged  8.982E+18
     kpoint   8 ibnd  57 solve_linter: root not converged  2.124E+19

     Pert. #  1: Fermi energy shift (Ry) =     1.9386E+26     0.0000E+00

      iter #  95 total cpu time :  9132.2 secs   av.it.: 400.0
      thresh= 1.000E-02 alpha_mix =  0.700 |ddv_scf|^2 =  2.919E+52
     kpoint   1 ibnd  58 solve_linter: root not converged  8.618E+19
     kpoint   2 ibnd  58 solve_linter: root not converged  1.720E+20
     kpoint   3 ibnd  58 solve_linter: root not converged  4.255E+19
     kpoint   4 ibnd  58 solve_linter: root not converged  9.321E+20
     kpoint   5 ibnd  58 solve_linter: root not converged  7.411E+21
     kpoint   6 ibnd  58 solve_linter: root not converged  4.293E+20
     kpoint   7 ibnd  58 solve_linter: root not converged  1.100E+20
     kpoint   8 ibnd  57 solve_linter: root not converged  9.492E+20

     Pert. #  1: Fermi energy shift (Ry) =     6.4478E+26     0.0000E+00

      iter #  96 total cpu time : 10779.6 secs   av.it.: 400.0
      thresh= 1.000E-02 alpha_mix =  0.700 |ddv_scf|^2 =  8.250E+51
     kpoint   1 ibnd  58 solve_linter: root not converged  3.454E+21
     kpoint   2 ibnd  58 solve_linter: root not converged  4.592E+21
     kpoint   3 ibnd  58 solve_linter: root not converged  1.102E+20
     kpoint   4 ibnd  58 solve_linter: root not converged  4.141E+20
     kpoint   5 ibnd  58 solve_linter: root not converged  4.789E+22
     kpoint   6 ibnd  58 solve_linter: root not converged  1.131E+21
     kpoint   7 ibnd  58 solve_linter: root not converged  6.675E+19
     kpoint   8 ibnd  57 solve_linter: root not converged  1.044E+21

     Pert. #  1: Fermi energy shift (Ry) =     8.9392E+26     0.0000E+00

      iter #  97 total cpu time : 12424.7 secs   av.it.: 400.0
      thresh= 1.000E-02 alpha_mix =  0.700 |ddv_scf|^2 =  1.424E+52
     kpoint   1 ibnd  58 solve_linter: root not converged  9.545E+21
     kpoint   2 ibnd  58 solve_linter: root not converged  3.038E+20
     kpoint   3 ibnd  58 solve_linter: root not converged  2.886E+20
     kpoint   4 ibnd  58 solve_linter: root not converged  3.287E+20
     kpoint   5 ibnd  58 solve_linter: root not converged  6.412E+20
     kpoint   6 ibnd  58 solve_linter: root not converged  1.000E+21
     kpoint   7 ibnd  58 solve_linter: root not converged  6.247E+20
     kpoint   8 ibnd  57 solve_linter: root not converged  2.673E+20

     Pert. #  1: Fermi energy shift (Ry) =    -1.0223E+28     0.0000E+00

      iter #  98 total cpu time : 14072.2 secs   av.it.: 400.0
      thresh= 1.000E-02 alpha_mix =  0.700 |ddv_scf|^2 =  2.667E+53
     kpoint   1 ibnd  58 solve_linter: root not converged  2.443E+22
     kpoint   2 ibnd  58 solve_linter: root not converged  9.922E+21
     kpoint   3 ibnd  58 solve_linter: root not converged  7.759E+20
     kpoint   4 ibnd  58 solve_linter: root not converged  1.769E+22
     kpoint   5 ibnd  58 solve_linter: root not converged  2.218E+21
     kpoint   6 ibnd  58 solve_linter: root not converged  2.805E+21
     kpoint   7 ibnd  58 solve_linter: root not converged  1.321E+21
     kpoint   8 ibnd  57 solve_linter: root not converged  1.662E+22

     Pert. #  1: Fermi energy shift (Ry) =     2.7706E+28     0.0000E+00

      iter #  99 total cpu time : 15727.4 secs   av.it.: 400.0
      thresh= 1.000E-02 alpha_mix =  0.700 |ddv_scf|^2 =  1.006E+54
     kpoint   1 ibnd  58 solve_linter: root not converged  4.688E+21
     kpoint   2 ibnd  58 solve_linter: root not converged  3.444E+21
     kpoint   3 ibnd  58 solve_linter: root not converged  3.634E+20
     kpoint   4 ibnd  58 solve_linter: root not converged  5.369E+21
     kpoint   5 ibnd  58 solve_linter: root not converged  1.151E+21
     kpoint   6 ibnd  58 solve_linter: root not converged  2.316E+24
     kpoint   7 ibnd  58 solve_linter: root not converged  8.285E+20
     kpoint   8 ibnd  57 solve_linter: root not converged  6.723E+20

     Pert. #  1: Fermi energy shift (Ry) =    -8.8667E+28     0.0000E+00

      iter # 100 total cpu time : 17372.8 secs   av.it.: 400.0
      thresh= 1.000E-02 alpha_mix =  0.700 |ddv_scf|^2 =  1.017E+55
     kpoint   1 ibnd  58 solve_linter: root not converged  3.457E+21
     kpoint   2 ibnd  58 solve_linter: root not converged  3.086E+20
     kpoint   3 ibnd  58 solve_linter: root not converged  1.448E+21
     kpoint   4 ibnd  58 solve_linter: root not converged  7.207E+20
     kpoint   5 ibnd  58 solve_linter: root not converged  1.317E+21
     kpoint   6 ibnd  58 solve_linter: root not converged  8.994E+21
     kpoint   7 ibnd  58 solve_linter: root not converged  2.119E+20
     kpoint   8 ibnd  57 solve_linter: root not converged  4.357E+21

     Pert. #  1: Fermi energy shift (Ry) =     5.0206E+28     0.0000E+00

      iter # 101 total cpu time : 19059.7 secs   av.it.: 400.0
      thresh= 1.000E-02 alpha_mix =  0.700 |ddv_scf|^2 =  5.572E+54
     kpoint   1 ibnd  58 solve_linter: root not converged  3.641E+21
     kpoint   2 ibnd  58 solve_linter: root not converged  1.681E+23
     kpoint   3 ibnd  58 solve_linter: root not converged  8.206E+21
     kpoint   4 ibnd  58 solve_linter: root not converged  2.257E+21
     kpoint   5 ibnd  58 solve_linter: root not converged  2.576E+21
     kpoint   6 ibnd  58 solve_linter: root not converged  6.436E+21
     kpoint   7 ibnd  58 solve_linter: root not converged  4.859E+21
     kpoint   8 ibnd  57 solve_linter: root not converged  3.678E+21

     Pert. #  1: Fermi energy shift (Ry) =     2.5493E+28     0.0000E+00

      iter # 102 total cpu time : 20787.4 secs   av.it.: 400.0
      thresh= 1.000E-02 alpha_mix =  0.700 |ddv_scf|^2 =  1.570E+54
     kpoint   1 ibnd  58 solve_linter: root not converged  1.407E+22
     kpoint   2 ibnd  58 solve_linter: root not converged  2.963E+23
     kpoint   3 ibnd  58 solve_linter: root not converged  1.131E+22
     kpoint   4 ibnd  58 solve_linter: root not converged  6.888E+21
     kpoint   5 ibnd  58 solve_linter: root not converged  7.479E+22
     kpoint   6 ibnd  58 solve_linter: root not converged  1.521E+23
     kpoint   7 ibnd  58 solve_linter: root not converged  1.439E+22
     kpoint   8 ibnd  57 solve_linter: root not converged  6.711E+22

     Pert. #  1: Fermi energy shift (Ry) =     4.9917E+28     0.0000E+00

      iter # 103 total cpu time : 22508.0 secs   av.it.: 400.0
      thresh= 1.000E-02 alpha_mix =  0.700 |ddv_scf|^2 =  1.486E+55
     kpoint   1 ibnd  58 solve_linter: root not converged  1.670E+22
     kpoint   2 ibnd  58 solve_linter: root not converged  3.354E+23
     kpoint   3 ibnd  58 solve_linter: root not converged  1.278E+22
     kpoint   4 ibnd  58 solve_linter: root not converged  5.585E+22
     kpoint   5 ibnd  58 solve_linter: root not converged  2.631E+23
     kpoint   6 ibnd  58 solve_linter: root not converged  1.303E+23
     kpoint   7 ibnd  58 solve_linter: root not converged  2.951E+24
     kpoint   8 ibnd  57 solve_linter: root not converged  8.671E+22

     Pert. #  1: Fermi energy shift (Ry) =     2.4967E+28     0.0000E+00

      iter # 104 total cpu time : 24224.8 secs   av.it.: 400.0
      thresh= 1.000E-02 alpha_mix =  0.700 |ddv_scf|^2 =  8.554E+54
     kpoint   1 ibnd  58 solve_linter: root not converged  5.221E+23
     kpoint   2 ibnd  58 solve_linter: root not converged  2.928E+22
     kpoint   3 ibnd  58 solve_linter: root not converged  2.700E+22
     kpoint   4 ibnd  58 solve_linter: root not converged  1.285E+23
     kpoint   5 ibnd  58 solve_linter: root not converged  1.014E+23
     kpoint   6 ibnd  58 solve_linter: root not converged  3.297E+23
     kpoint   7 ibnd  58 solve_linter: root not converged  9.838E+21
     kpoint   8 ibnd  57 solve_linter: root not converged  2.512E+22

     Pert. #  1: Fermi energy shift (Ry) =     1.6252E+30     0.0000E+00

      iter # 105 total cpu time : 25957.9 secs   av.it.: 400.0
      thresh= 1.000E-02 alpha_mix =  0.700 |ddv_scf|^2 =  3.922E+56
     kpoint   1 ibnd  58 solve_linter: root not converged  5.796E+21
     kpoint   2 ibnd  58 solve_linter: root not converged  1.567E+22
     kpoint   3 ibnd  58 solve_linter: root not converged  1.115E+22
     kpoint   4 ibnd  58 solve_linter: root not converged  5.930E+23
     kpoint   5 ibnd  58 solve_linter: root not converged  1.471E+22
     kpoint   6 ibnd  58 solve_linter: root not converged  1.595E+22
     kpoint   7 ibnd  58 solve_linter: root not converged  1.283E+22
     kpoint   8 ibnd  57 solve_linter: root not converged  8.604E+21

     Pert. #  1: Fermi energy shift (Ry) =     6.6184E+29     0.0000E+00

      iter # 106 total cpu time : 27682.4 secs   av.it.: 400.0
      thresh= 1.000E-02 alpha_mix =  0.700 |ddv_scf|^2 =  2.496E+56
     kpoint   1 ibnd  58 solve_linter: root not converged  2.338E+21
     kpoint   2 ibnd  58 solve_linter: root not converged  9.821E+20
     kpoint   3 ibnd  58 solve_linter: root not converged  3.173E+20
     kpoint   4 ibnd  58 solve_linter: root not converged  1.398E+21
     kpoint   5 ibnd  58 solve_linter: root not converged  2.751E+21
     kpoint   6 ibnd  58 solve_linter: root not converged  6.927E+21
     kpoint   7 ibnd  58 solve_linter: root not converged  2.214E+22
     kpoint   8 ibnd  57 solve_linter: root not converged  3.749E+23

     Pert. #  1: Fermi energy shift (Ry) =     5.9866E+29     0.0000E+00

      iter # 107 total cpu time : 29382.2 secs   av.it.: 400.0
      thresh= 1.000E-02 alpha_mix =  0.700 |ddv_scf|^2 =  8.338E+56
     kpoint   1 ibnd  58 solve_linter: root not converged  4.407E+23
     kpoint   2 ibnd  58 solve_linter: root not converged  8.356E+22
     kpoint   3 ibnd  58 solve_linter: root not converged  2.664E+22
     kpoint   4 ibnd  58 solve_linter: root not converged  5.243E+22
     kpoint   5 ibnd  58 solve_linter: root not converged  4.738E+23
     kpoint   6 ibnd  58 solve_linter: root not converged  2.071E+23
     kpoint   7 ibnd  58 solve_linter: root not converged  2.709E+23
     kpoint   8 ibnd  57 solve_linter: root not converged  2.460E+24

     Pert. #  1: Fermi energy shift (Ry) =     2.2487E+30     0.0000E+00

      iter # 108 total cpu time : 31080.6 secs   av.it.: 400.0
      thresh= 1.000E-02 alpha_mix =  0.700 |ddv_scf|^2 =  1.317E+58
     kpoint   1 ibnd  58 solve_linter: root not converged  2.796E+22
     kpoint   2 ibnd  58 solve_linter: root not converged  5.479E+23
     kpoint   3 ibnd  58 solve_linter: root not converged  3.997E+22
     kpoint   4 ibnd  58 solve_linter: root not converged  3.927E+22
     kpoint   5 ibnd  58 solve_linter: root not converged  9.712E+22
     kpoint   6 ibnd  58 solve_linter: root not converged  1.211E+23
     kpoint   7 ibnd  58 solve_linter: root not converged  1.214E+22
     kpoint   8 ibnd  57 solve_linter: root not converged  2.846E+24

     Pert. #  1: Fermi energy shift (Ry) =     2.5654E+30     0.0000E+00

      iter # 109 total cpu time : 32782.4 secs   av.it.: 400.0
      thresh= 1.000E-02 alpha_mix =  0.700 |ddv_scf|^2 =  4.713E+57
     kpoint   1 ibnd  58 solve_linter: root not converged  1.738E+23
     kpoint   2 ibnd  58 solve_linter: root not converged  4.980E+23
     kpoint   3 ibnd  58 solve_linter: root not converged  3.262E+23
     kpoint   4 ibnd  58 solve_linter: root not converged  2.626E+23
     kpoint   5 ibnd  58 solve_linter: root not converged  4.100E+23
     kpoint   6 ibnd  58 solve_linter: root not converged  1.582E+24
     kpoint   7 ibnd  58 solve_linter: root not converged  6.520E+23
     kpoint   8 ibnd  57 solve_linter: root not converged  3.135E+23

     Pert. #  1: Fermi energy shift (Ry) =    -2.6524E+31     0.0000E+00

      iter # 110 total cpu time : 34487.9 secs   av.it.: 400.0
      thresh= 1.000E-02 alpha_mix =  0.700 |ddv_scf|^2 =  7.477E+58
     kpoint   1 ibnd  58 solve_linter: root not converged  3.253E+23
     kpoint   2 ibnd  58 solve_linter: root not converged  1.667E+23
     kpoint   3 ibnd  58 solve_linter: root not converged  2.054E+24
     kpoint   4 ibnd  58 solve_linter: root not converged  1.731E+23
     kpoint   5 ibnd  58 solve_linter: root not converged  8.629E+23
     kpoint   6 ibnd  58 solve_linter: root not converged  3.193E+24
     kpoint   7 ibnd  58 solve_linter: root not converged  1.270E+24
     kpoint   8 ibnd  57 solve_linter: root not converged  1.925E+23

     Pert. #  1: Fermi energy shift (Ry) =    -9.8683E+30     0.0000E+00

      iter # 111 total cpu time : 36200.2 secs   av.it.: 400.0
      thresh= 1.000E-02 alpha_mix =  0.700 |ddv_scf|^2 =  1.145E+59
     kpoint   1 ibnd  58 solve_linter: root not converged  5.336E+24
     kpoint   2 ibnd  58 solve_linter: root not converged  1.015E+25
     kpoint   3 ibnd  58 solve_linter: root not converged  4.464E+23
     kpoint   4 ibnd  58 solve_linter: root not converged  9.542E+24
     kpoint   5 ibnd  58 solve_linter: root not converged  7.715E+23
     kpoint   6 ibnd  58 solve_linter: root not converged  3.627E+24
     kpoint   7 ibnd  58 solve_linter: root not converged  2.908E+23
     kpoint   8 ibnd  57 solve_linter: root not converged  7.086E+24

     Pert. #  1: Fermi energy shift (Ry) =    -2.4380E+31     0.0000E+00

      iter # 112 total cpu time : 37912.0 secs   av.it.: 400.0
      thresh= 1.000E-02 alpha_mix =  0.700 |ddv_scf|^2 =  3.417E+59
     kpoint   1 ibnd  58 solve_linter: root not converged  1.678E+24
     kpoint   2 ibnd  58 solve_linter: root not converged  3.104E+26
     kpoint   3 ibnd  58 solve_linter: root not converged  1.817E+24
     kpoint   4 ibnd  58 solve_linter: root not converged  1.683E+24
     kpoint   5 ibnd  58 solve_linter: root not converged  5.142E+25
     kpoint   6 ibnd  58 solve_linter: root not converged  1.328E+25
     kpoint   7 ibnd  58 solve_linter: root not converged  1.597E+24
     kpoint   8 ibnd  57 solve_linter: root not converged  1.665E+24

     Pert. #  1: Fermi energy shift (Ry) =    -3.7557E+30     0.0000E+00

      iter # 113 total cpu time : 39624.9 secs   av.it.: 400.0
      thresh= 1.000E-02 alpha_mix =  0.700 |ddv_scf|^2 =  1.239E+61
     kpoint   1 ibnd  58 solve_linter: root not converged  3.654E+24
     kpoint   2 ibnd  58 solve_linter: root not converged  3.719E+24
     kpoint   3 ibnd  58 solve_linter: root not converged  1.747E+24
     kpoint   4 ibnd  58 solve_linter: root not converged  5.790E+23
     kpoint   5 ibnd  58 solve_linter: root not converged  2.000E+24
     kpoint   6 ibnd  58 solve_linter: root not converged  4.800E+25
     kpoint   7 ibnd  58 solve_linter: root not converged  4.896E+24
     kpoint   8 ibnd  57 solve_linter: root not converged  2.311E+24

     Pert. #  1: Fermi energy shift (Ry) =     2.2977E+31     0.0000E+00

      iter # 114 total cpu time : 41340.3 secs   av.it.: 400.0
      thresh= 1.000E-02 alpha_mix =  0.700 |ddv_scf|^2 =  1.079E+60
     kpoint   1 ibnd  58 solve_linter: root not converged  2.200E+25
     kpoint   2 ibnd  58 solve_linter: root not converged  9.923E+24
     kpoint   3 ibnd  58 solve_linter: root not converged  3.746E+24
     kpoint   4 ibnd  58 solve_linter: root not converged  2.241E+26
     kpoint   5 ibnd  58 solve_linter: root not converged  1.150E+26
     kpoint   6 ibnd  58 solve_linter: root not converged  2.192E+25
     kpoint   7 ibnd  58 solve_linter: root not converged  5.452E+24
     kpoint   8 ibnd  57 solve_linter: root not converged  1.404E+25

     Pert. #  1: Fermi energy shift (Ry) =    -6.6633E+31     0.0000E+00

      iter # 115 total cpu time : 43067.6 secs   av.it.: 400.0
      thresh= 1.000E-02 alpha_mix =  0.700 |ddv_scf|^2 =  2.015E+61
     kpoint   1 ibnd  58 solve_linter: root not converged  1.875E+26
     kpoint   2 ibnd  58 solve_linter: root not converged  8.097E+24
     kpoint   3 ibnd  58 solve_linter: root not converged  9.054E+24
     kpoint   4 ibnd  58 solve_linter: root not converged  7.999E+24
     kpoint   5 ibnd  58 solve_linter: root not converged  4.253E+25
     kpoint   6 ibnd  58 solve_linter: root not converged  3.922E+25
     kpoint   7 ibnd  58 solve_linter: root not converged  2.299E+25
     kpoint   8 ibnd  57 solve_linter: root not converged  1.418E+26

     Pert. #  1: Fermi energy shift (Ry) =    -3.1950E+30     0.0000E+00

      iter # 116 total cpu time : 44821.5 secs   av.it.: 400.0
      thresh= 1.000E-02 alpha_mix =  0.700 |ddv_scf|^2 =  9.080E+60
     kpoint   1 ibnd  58 solve_linter: root not converged  1.152E+25
     kpoint   2 ibnd  58 solve_linter: root not converged  7.354E+25
     kpoint   3 ibnd  58 solve_linter: root not converged  1.494E+25
     kpoint   4 ibnd  58 solve_linter: root not converged  2.396E+25
     kpoint   5 ibnd  58 solve_linter: root not converged  3.405E+25
     kpoint   6 ibnd  58 solve_linter: root not converged  3.149E+26
     kpoint   7 ibnd  58 solve_linter: root not converged  6.555E+24
     kpoint   8 ibnd  57 solve_linter: root not converged  1.304E+25

     Pert. #  1: Fermi energy shift (Ry) =     1.1734E+33     0.0000E+00

      iter # 117 total cpu time : 46522.8 secs   av.it.: 400.0
      thresh= 1.000E-02 alpha_mix =  0.700 |ddv_scf|^2 =  8.239E+62
     kpoint   1 ibnd  58 solve_linter: root not converged  3.232E+25
     kpoint   2 ibnd  58 solve_linter: root not converged  4.214E+26
     kpoint   3 ibnd  58 solve_linter: root not converged  1.832E+25
     kpoint   4 ibnd  58 solve_linter: root not converged  1.642E+25
     kpoint   5 ibnd  58 solve_linter: root not converged  1.342E+26
     kpoint   6 ibnd  58 solve_linter: root not converged  2.506E+25
     kpoint   7 ibnd  58 solve_linter: root not converged  2.098E+25
     kpoint   8 ibnd  57 solve_linter: root not converged  1.833E+25

     Pert. #  1: Fermi energy shift (Ry) =     9.4971E+32     0.0000E+00

      iter # 118 total cpu time : 48159.0 secs   av.it.: 400.0
      thresh= 1.000E-02 alpha_mix =  0.700 |ddv_scf|^2 =  6.676E+62
     kpoint   1 ibnd  58 solve_linter: root not converged  4.031E+26
     kpoint   2 ibnd  58 solve_linter: root not converged  1.517E+25
     kpoint   3 ibnd  58 solve_linter: root not converged  1.777E+25
     kpoint   4 ibnd  58 solve_linter: root not converged  1.842E+25
     kpoint   5 ibnd  58 solve_linter: root not converged  2.591E+25
     kpoint   6 ibnd  58 solve_linter: root not converged  2.547E+25
     kpoint   7 ibnd  58 solve_linter: root not converged  1.685E+25
     kpoint   8 ibnd  57 solve_linter: root not converged  5.218E+25

     Pert. #  1: Fermi energy shift (Ry) =    -6.9013E+32     0.0000E+00

      iter # 119 total cpu time : 49777.0 secs   av.it.: 400.0
      thresh= 1.000E-02 alpha_mix =  0.700 |ddv_scf|^2 =  1.937E+63
     kpoint   1 ibnd  58 solve_linter: root not converged  2.005E+26
     kpoint   2 ibnd  58 solve_linter: root not converged  4.309E+26
     kpoint   3 ibnd  58 solve_linter: root not converged  1.349E+26
     kpoint   4 ibnd  58 solve_linter: root not converged  3.707E+25
     kpoint   5 ibnd  58 solve_linter: root not converged  2.233E+26
     kpoint   6 ibnd  58 solve_linter: root not converged  2.503E+26
     kpoint   7 ibnd  58 solve_linter: root not converged  6.928E+26
     kpoint   8 ibnd  57 solve_linter: root not converged  3.291E+25

     Pert. #  1: Fermi energy shift (Ry) =    -4.7711E+32     0.0000E+00

      iter # 120 total cpu time : 51395.2 secs   av.it.: 400.0
      thresh= 1.000E-02 alpha_mix =  0.700 |ddv_scf|^2 =  8.168E+63
     kpoint   1 ibnd  58 solve_linter: root not converged  5.182E+25
     kpoint   2 ibnd  58 solve_linter: root not converged  1.051E+25
     kpoint   3 ibnd  58 solve_linter: root not converged  8.211E+25
     kpoint   4 ibnd  58 solve_linter: root not converged  6.367E+26
     kpoint   5 ibnd  58 solve_linter: root not converged  4.640E+25
     kpoint   6 ibnd  58 solve_linter: root not converged  1.035E+26
     kpoint   7 ibnd  58 solve_linter: root not converged  2.238E+24
     kpoint   8 ibnd  57 solve_linter: root not converged  4.107E+25

     Pert. #  1: Fermi energy shift (Ry) =    -1.0693E+32     0.0000E+00

      iter # 121 total cpu time : 53013.7 secs   av.it.: 400.0
      thresh= 1.000E-02 alpha_mix =  0.700 |ddv_scf|^2 =  1.423E+63
     kpoint   1 ibnd  58 solve_linter: root not converged  3.303E+26
     kpoint   2 ibnd  58 solve_linter: root not converged  3.924E+27
     kpoint   3 ibnd  58 solve_linter: root not converged  1.470E+27
     kpoint   4 ibnd  58 solve_linter: root not converged  4.172E+26
     kpoint   5 ibnd  58 solve_linter: root not converged  1.589E+28
     kpoint   6 ibnd  58 solve_linter: root not converged  3.695E+27
     kpoint   7 ibnd  58 solve_linter: root not converged  4.677E+26
     kpoint   8 ibnd  57 solve_linter: root not converged  1.790E+27

     Pert. #  1: Fermi energy shift (Ry) =    -3.5975E+31     0.0000E+00

      iter # 122 total cpu time : 54629.5 secs   av.it.: 400.0
      thresh= 1.000E-02 alpha_mix =  0.700 |ddv_scf|^2 =  3.715E+63
     kpoint   1 ibnd  58 solve_linter: root not converged  4.145E+26
     kpoint   2 ibnd  58 solve_linter: root not converged  3.873E+26
     kpoint   3 ibnd  58 solve_linter: root not converged  1.026E+26
     kpoint   4 ibnd  58 solve_linter: root not converged  1.442E+26
     kpoint   5 ibnd  58 solve_linter: root not converged  5.592E+26
     kpoint   6 ibnd  58 solve_linter: root not converged  1.635E+27
     kpoint   7 ibnd  58 solve_linter: root not converged  1.092E+28
     kpoint   8 ibnd  57 solve_linter: root not converged  3.764E+27

     Pert. #  1: Fermi energy shift (Ry) =     8.0721E+32     0.0000E+00

      iter # 123 total cpu time : 56247.5 secs   av.it.: 400.0
      thresh= 1.000E-02 alpha_mix =  0.700 |ddv_scf|^2 =  1.824E+64
     kpoint   1 ibnd  58 solve_linter: root not converged  1.149E+27
     kpoint   2 ibnd  58 solve_linter: root not converged  4.031E+26
     kpoint   3 ibnd  58 solve_linter: root not converged  2.984E+26
     kpoint   4 ibnd  58 solve_linter: root not converged  7.492E+26
     kpoint   5 ibnd  58 solve_linter: root not converged  3.303E+27
     kpoint   6 ibnd  58 solve_linter: root not converged  1.041E+27
     kpoint   7 ibnd  58 solve_linter: root not converged  6.736E+26
     kpoint   8 ibnd  57 solve_linter: root not converged  1.893E+28

     Pert. #  1: Fermi energy shift (Ry) =    -5.2250E+33     0.0000E+00

      iter # 124 total cpu time : 57865.2 secs   av.it.: 400.0
      thresh= 1.000E-02 alpha_mix =  0.700 |ddv_scf|^2 =  1.065E+66
     kpoint   1 ibnd  58 solve_linter: root not converged  1.401E+27
     kpoint   2 ibnd  58 solve_linter: root not converged  3.699E+27
     kpoint   3 ibnd  58 solve_linter: root not converged  4.691E+26
     kpoint   4 ibnd  58 solve_linter: root not converged  6.148E+27
     kpoint   5 ibnd  58 solve_linter: root not converged  9.998E+26
     kpoint   6 ibnd  58 solve_linter: root not converged  7.453E+27
     kpoint   7 ibnd  58 solve_linter: root not converged  1.328E+27
     kpoint   8 ibnd  57 solve_linter: root not converged  6.772E+27

     Pert. #  1: Fermi energy shift (Ry) =    -6.9028E+34     0.0000E+00

      iter # 125 total cpu time : 59482.2 secs   av.it.: 400.0
      thresh= 1.000E-02 alpha_mix =  0.700 |ddv_scf|^2 =  2.002E+66
     kpoint   1 ibnd  58 solve_linter: root not converged  6.425E+26
     kpoint   2 ibnd  58 solve_linter: root not converged  3.263E+26
     kpoint   3 ibnd  58 solve_linter: root not converged  3.730E+26
     kpoint   4 ibnd  58 solve_linter: root not converged  2.965E+26
     kpoint   5 ibnd  58 solve_linter: root not converged  3.939E+26
     kpoint   6 ibnd  58 solve_linter: root not converged  2.814E+27
     kpoint   7 ibnd  58 solve_linter: root not converged  7.452E+25
     kpoint   8 ibnd  57 solve_linter: root not converged  3.045E+26

     Pert. #  1: Fermi energy shift (Ry) =    -1.9664E+34     0.0000E+00

      iter # 126 total cpu time : 61098.4 secs   av.it.: 400.0
      thresh= 1.000E-02 alpha_mix =  0.700 |ddv_scf|^2 =  5.688E+65
     kpoint   1 ibnd  58 solve_linter: root not converged  1.460E+27
     kpoint   2 ibnd  58 solve_linter: root not converged  1.173E+27
     kpoint   3 ibnd  58 solve_linter: root not converged  1.397E+28
     kpoint   4 ibnd  58 solve_linter: root not converged  8.914E+26
     kpoint   5 ibnd  58 solve_linter: root not converged  1.395E+28
     kpoint   6 ibnd  58 solve_linter: root not converged  2.537E+28
     kpoint   7 ibnd  58 solve_linter: root not converged  9.211E+26
     kpoint   8 ibnd  57 solve_linter: root not converged  5.443E+27

     Pert. #  1: Fermi energy shift (Ry) =     3.5395E+33     0.0000E+00

      iter # 127 total cpu time : 62715.1 secs   av.it.: 400.0
      thresh= 1.000E-02 alpha_mix =  0.700 |ddv_scf|^2 =  1.678E+68
     kpoint   1 ibnd  58 solve_linter: root not converged  3.563E+28
     kpoint   2 ibnd  58 solve_linter: root not converged  2.063E+27
     kpoint   3 ibnd  58 solve_linter: root not converged  6.345E+27
     kpoint   4 ibnd  58 solve_linter: root not converged  3.843E+27
     kpoint   5 ibnd  58 solve_linter: root not converged  1.089E+28
     kpoint   6 ibnd  58 solve_linter: root not converged  3.617E+29
     kpoint   7 ibnd  58 solve_linter: root not converged  1.248E+27
     kpoint   8 ibnd  57 solve_linter: root not converged  4.262E+27

     Pert. #  1: Fermi energy shift (Ry) =     2.2514E+33     0.0000E+00

      iter # 128 total cpu time : 64330.3 secs   av.it.: 400.0
      thresh= 1.000E-02 alpha_mix =  0.700 |ddv_scf|^2 =  2.312E+67
     kpoint   1 ibnd  58 solve_linter: root not converged  2.210E+28
     kpoint   2 ibnd  58 solve_linter: root not converged  1.456E+29
     kpoint   3 ibnd  58 solve_linter: root not converged  2.082E+29
     kpoint   4 ibnd  58 solve_linter: root not converged  1.272E+30
     kpoint   5 ibnd  58 solve_linter: root not converged  1.431E+29
     kpoint   6 ibnd  58 solve_linter: root not converged  1.512E+28
     kpoint   7 ibnd  58 solve_linter: root not converged  8.400E+28
     kpoint   8 ibnd  57 solve_linter: root not converged  3.783E+28

     Pert. #  1: Fermi energy shift (Ry) =     2.0699E+35     0.0000E+00

      iter # 129 total cpu time : 65949.1 secs   av.it.: 400.0
      thresh= 1.000E-02 alpha_mix =  0.700 |ddv_scf|^2 =  8.265E+67
     kpoint   1 ibnd  58 solve_linter: root not converged  1.224E+28
     kpoint   2 ibnd  58 solve_linter: root not converged  4.309E+28
     kpoint   3 ibnd  58 solve_linter: root not converged  7.414E+27
     kpoint   4 ibnd  58 solve_linter: root not converged  2.168E+28
     kpoint   5 ibnd  58 solve_linter: root not converged  1.298E+30
     kpoint   6 ibnd  58 solve_linter: root not converged  1.490E+28
     kpoint   7 ibnd  58 solve_linter: root not converged  8.760E+27
     kpoint   8 ibnd  57 solve_linter: root not converged  9.647E+27

     Pert. #  1: Fermi energy shift (Ry) =    -9.3767E+35     0.0000E+00

      iter # 130 total cpu time : 67569.6 secs   av.it.: 400.0
      thresh= 1.000E-02 alpha_mix =  0.700 |ddv_scf|^2 =  3.024E+68
     kpoint   1 ibnd  58 solve_linter: root not converged  3.494E+28
     kpoint   2 ibnd  58 solve_linter: root not converged  7.512E+28
     kpoint   3 ibnd  58 solve_linter: root not converged  2.763E+27
     kpoint   4 ibnd  58 solve_linter: root not converged  1.566E+28
     kpoint   5 ibnd  58 solve_linter: root not converged  7.262E+27
     kpoint   6 ibnd  58 solve_linter: root not converged  2.144E+28
     kpoint   7 ibnd  58 solve_linter: root not converged  8.989E+28
     kpoint   8 ibnd  57 solve_linter: root not converged  1.231E+28

     Pert. #  1: Fermi energy shift (Ry) =    -2.6811E+35     0.0000E+00

      iter # 131 total cpu time : 69191.1 secs   av.it.: 400.0
      thresh= 1.000E-02 alpha_mix =  0.700 |ddv_scf|^2 =  4.929E+68
     kpoint   1 ibnd  58 solve_linter: root not converged  1.265E+30
     kpoint   2 ibnd  58 solve_linter: root not converged  5.105E+28
     kpoint   3 ibnd  58 solve_linter: root not converged  1.721E+29
     kpoint   4 ibnd  58 solve_linter: root not converged  1.683E+29
     kpoint   5 ibnd  58 solve_linter: root not converged  3.950E+29
     kpoint   6 ibnd  58 solve_linter: root not converged  1.020E+30
     kpoint   7 ibnd  58 solve_linter: root not converged  8.453E+28
     kpoint   8 ibnd  57 solve_linter: root not converged  3.213E+29

     Pert. #  1: Fermi energy shift (Ry) =     2.4657E+35     0.0000E+00

      iter # 132 total cpu time : 70812.2 secs   av.it.: 400.0
      thresh= 1.000E-02 alpha_mix =  0.700 |ddv_scf|^2 =  2.587E+68
     kpoint   1 ibnd  58 solve_linter: root not converged  1.581E+29
     kpoint   2 ibnd  58 solve_linter: root not converged  2.057E+29
     kpoint   3 ibnd  58 solve_linter: root not converged  1.035E+29
     kpoint   4 ibnd  58 solve_linter: root not converged  1.394E+30
     kpoint   5 ibnd  58 solve_linter: root not converged  3.357E+29
     kpoint   6 ibnd  58 solve_linter: root not converged  6.666E+30
     kpoint   7 ibnd  58 solve_linter: root not converged  3.118E+28
     kpoint   8 ibnd  57 solve_linter: root not converged  7.765E+28

     Pert. #  1: Fermi energy shift (Ry) =    -7.3366E+35     0.0000E+00

      iter # 133 total cpu time : 72463.1 secs   av.it.: 400.0
      thresh= 1.000E-02 alpha_mix =  0.700 |ddv_scf|^2 =  2.973E+68
     kpoint   1 ibnd  58 solve_linter: root not converged  1.060E+30
     kpoint   2 ibnd  58 solve_linter: root not converged  2.245E+29
     kpoint   3 ibnd  58 solve_linter: root not converged  3.139E+29
     kpoint   4 ibnd  58 solve_linter: root not converged  3.452E+29
     kpoint   5 ibnd  58 solve_linter: root not converged  7.068E+29
     kpoint   6 ibnd  58 solve_linter: root not converged  1.027E+30
     kpoint   7 ibnd  58 solve_linter: root not converged  1.344E+30
     kpoint   8 ibnd  57 solve_linter: root not converged  1.454E+29

     Pert. #  1: Fermi energy shift (Ry) =    -8.7465E+35     0.0000E+00

      iter # 134 total cpu time : 74094.3 secs   av.it.: 400.0
      thresh= 1.000E-02 alpha_mix =  0.700 |ddv_scf|^2 =  2.498E+69
     kpoint   1 ibnd  58 solve_linter: root not converged  7.488E+29
     kpoint   2 ibnd  58 solve_linter: root not converged  9.597E+28
     kpoint   3 ibnd  58 solve_linter: root not converged  2.530E+29
     kpoint   4 ibnd  58 solve_linter: root not converged  7.708E+29
     kpoint   5 ibnd  58 solve_linter: root not converged  9.532E+29
     kpoint   6 ibnd  58 solve_linter: root not converged  4.850E+29
     kpoint   7 ibnd  58 solve_linter: root not converged  3.004E+29
     kpoint   8 ibnd  57 solve_linter: root not converged  1.825E+29

     Pert. #  1: Fermi energy shift (Ry) =    -1.7829E+36     0.0000E+00

      iter # 135 total cpu time : 75759.5 secs   av.it.: 400.0
      thresh= 1.000E-02 alpha_mix =  0.700 |ddv_scf|^2 =  4.563E+68
     kpoint   1 ibnd  58 solve_linter: root not converged  2.731E+29
     kpoint   2 ibnd  58 solve_linter: root not converged  7.459E+30
     kpoint   3 ibnd  58 solve_linter: root not converged  1.117E+29
     kpoint   4 ibnd  58 solve_linter: root not converged  9.916E+29
     kpoint   5 ibnd  58 solve_linter: root not converged  1.283E+30
     kpoint   6 ibnd  58 solve_linter: root not converged  9.237E+29
     kpoint   7 ibnd  58 solve_linter: root not converged  5.197E+29
     kpoint   8 ibnd  57 solve_linter: root not converged  1.730E+29

     Pert. #  1: Fermi energy shift (Ry) =    -1.5206E+37     0.0000E+00

      iter # 136 total cpu time : 77386.8 secs   av.it.: 400.0
      thresh= 1.000E-02 alpha_mix =  0.700 |ddv_scf|^2 =  8.720E+70
     kpoint   1 ibnd  58 solve_linter: root not converged  1.086E+30
     kpoint   2 ibnd  58 solve_linter: root not converged  6.390E+29
     kpoint   3 ibnd  58 solve_linter: root not converged  2.308E+29
     kpoint   4 ibnd  58 solve_linter: root not converged  3.583E+29
     kpoint   5 ibnd  58 solve_linter: root not converged  1.378E+31
     kpoint   6 ibnd  58 solve_linter: root not converged  2.365E+31
     kpoint   7 ibnd  58 solve_linter: root not converged  8.698E+30
     kpoint   8 ibnd  57 solve_linter: root not converged  5.519E+29

     Pert. #  1: Fermi energy shift (Ry) =    -3.6768E+36     0.0000E+00

      iter # 137 total cpu time : 79006.9 secs   av.it.: 400.0
      thresh= 1.000E-02 alpha_mix =  0.700 |ddv_scf|^2 =  6.615E+70
     kpoint   1 ibnd  58 solve_linter: root not converged  4.188E+29
     kpoint   2 ibnd  58 solve_linter: root not converged  1.917E+29
     kpoint   3 ibnd  58 solve_linter: root not converged  2.089E+29
     kpoint   4 ibnd  58 solve_linter: root not converged  4.551E+29
     kpoint   5 ibnd  58 solve_linter: root not converged  4.991E+29
     kpoint   6 ibnd  58 solve_linter: root not converged  6.809E+29
     kpoint   7 ibnd  58 solve_linter: root not converged  1.480E+29
     kpoint   8 ibnd  57 solve_linter: root not converged  2.656E+29

     Pert. #  1: Fermi energy shift (Ry) =     3.4640E+36     0.0000E+00

      iter # 138 total cpu time : 80627.7 secs   av.it.: 400.0
      thresh= 1.000E-02 alpha_mix =  0.700 |ddv_scf|^2 =  3.791E+71
     kpoint   1 ibnd  58 solve_linter: root not converged  7.442E+29
     kpoint   2 ibnd  58 solve_linter: root not converged  3.928E+29
     kpoint   3 ibnd  58 solve_linter: root not converged  2.305E+29
     kpoint   4 ibnd  58 solve_linter: root not converged  2.425E+29
     kpoint   5 ibnd  58 solve_linter: root not converged  8.225E+30
     kpoint   6 ibnd  58 solve_linter: root not converged  7.808E+30
     kpoint   7 ibnd  58 solve_linter: root not converged  1.205E+30
     kpoint   8 ibnd  57 solve_linter: root not converged  2.439E+30

     Pert. #  1: Fermi energy shift (Ry) =     1.7636E+37     0.0000E+00

      iter # 139 total cpu time : 82249.5 secs   av.it.: 400.0
      thresh= 1.000E-02 alpha_mix =  0.700 |ddv_scf|^2 =  5.871E+70
     kpoint   1 ibnd  58 solve_linter: root not converged  3.161E+30
     kpoint   2 ibnd  58 solve_linter: root not converged  1.015E+29
     kpoint   3 ibnd  58 solve_linter: root not converged  2.249E+29
     kpoint   4 ibnd  58 solve_linter: root not converged  1.034E+29
     kpoint   5 ibnd  58 solve_linter: root not converged  1.411E+31
     kpoint   6 ibnd  58 solve_linter: root not converged  8.605E+31
     kpoint   7 ibnd  58 solve_linter: root not converged  1.478E+29
     kpoint   8 ibnd  57 solve_linter: root not converged  1.625E+30

     Pert. #  1: Fermi energy shift (Ry) =     3.3435E+37     0.0000E+00

      iter # 140 total cpu time : 83883.1 secs   av.it.: 400.0
      thresh= 1.000E-02 alpha_mix =  0.700 |ddv_scf|^2 =  1.667E+72
     kpoint   1 ibnd  58 solve_linter: root not converged  1.464E+31
     kpoint   2 ibnd  58 solve_linter: root not converged  2.377E+31
     kpoint   3 ibnd  58 solve_linter: root not converged  9.869E+29
     kpoint   4 ibnd  58 solve_linter: root not converged  2.217E+30
     kpoint   5 ibnd  58 solve_linter: root not converged  6.735E+30
     kpoint   6 ibnd  58 solve_linter: root not converged  3.554E+31

     Program PHONON v.6.7MaX starts on  6Mar2026 at  2:20:39 

     This program is part of the open-source Quantum ESPRESSO suite
     for quantum simulation of materials; please cite
         "P. Giannozzi et al., J. Phys.:Condens. Matter 21 395502 (2009);
         "P. Giannozzi et al., J. Phys.:Condens. Matter 29 465901 (2017);
          URL http://www.quantum-espresso.org", 
     in publications or presentations arising from this work. More details at
     http://www.quantum-espresso.org/quote

     Parallel version (MPI), running on     1 processors

     MPI processes distributed on     1 nodes
     Waiting for input...
     Reading input from standard input

     Reading xml data from directory:

     ./tmp/Mg4ZrGa3H20.save/
     Message from routine read_pp_mesh:
     mismatch in mesh size, discarding the one in header
     file Ga.UPF: wavefunction(s)  4S renormalized
     file H.UPF: wavefunction(s)  1S renormalized

     IMPORTANT: XC functional enforced from input :
     Exchange-correlation= PBE
                           (   1   4   3   4   0   0   0)
     Any further DFT definition will be discarded
     Please, verify this is what you really want


     G-vector sticks info
     --------------------
     sticks:   dense  smooth     PW     G-vecs:    dense   smooth      PW
     Sum        5161    2585    727               324595   114835   17017


     negative rho (up, down):  1.321E+02 0.000E+00
     Reading collected, re-writing distributed wavefunctions
 end of file reached, closing tag not found
warning: file closed at level 1 with tag Root open
        1 /   1 q-points for this run, from  1 to  1:
       N       xq(1)         xq(2)         xq(3) 
       1   0.000000000   0.000000000   0.000000000


     Calculation of q =    0.0000000   0.0000000   0.0000000
     Message from routine ph_restart_set_filename :
     cannot open file for reading or writing
 end of file reached, closing tag not found
warning: file closed at level 1 with tag Root open
     Message from routine ph_restart_set_filename :
     cannot open file for reading or writing
     Message from routine ph_restart_set_filename :
     cannot open file for reading or writing
     Message from routine ph_restart_set_filename :
     cannot open file for reading or writing
     Message from routine ph_restart_set_filename :
     cannot open file for reading or writing
     Message from routine ph_restart_set_filename :
     cannot open file for reading or writing
     Message from routine ph_restart_set_filename :
     cannot open file for reading or writing
     Message from routine ph_restart_set_filename :
     cannot open file for reading or writing
     Message from routine ph_restart_set_filename :
     cannot open file for reading or writing
     Message from routine ph_restart_set_filename :
     cannot open file for reading or writing
     Message from routine ph_restart_set_filename :
     cannot open file for reading or writing
     Message from routine ph_restart_set_filename :
     cannot open file for reading or writing
     Message from routine ph_restart_set_filename :
     cannot open file for reading or writing
     Message from routine ph_restart_set_filename :
     cannot open file for reading or writing
     Message from routine ph_restart_set_filename :
     cannot open file for reading or writing
     Message from routine ph_restart_set_filename :
     cannot open file for reading or writing
     Message from routine ph_restart_set_filename :
     cannot open file for reading or writing
     Message from routine ph_restart_set_filename :
     cannot open file for reading or writing
     Message from routine ph_restart_set_filename :
     cannot open file for reading or writing
     Message from routine ph_restart_set_filename :
     cannot open file for reading or writing
     Message from routine ph_restart_set_filename :
     cannot open file for reading or writing
     Message from routine ph_restart_set_filename :
     cannot open file for reading or writing
     Message from routine ph_restart_set_filename :
     cannot open file for reading or writing
     Message from routine ph_restart_set_filename :
     cannot open file for reading or writing
     Message from routine ph_restart_set_filename :
     cannot open file for reading or writing
     Message from routine ph_restart_set_filename :
     cannot open file for reading or writing
     Message from routine ph_restart_set_filename :
     cannot open file for reading or writing
     Message from routine ph_restart_set_filename :
     cannot open file for reading or writing
     Message from routine ph_restart_set_filename :
     cannot open file for reading or writing
     Message from routine ph_restart_set_filename :
     cannot open file for reading or writing
     Message from routine ph_restart_set_filename :
     cannot open file for reading or writing
     Message from routine ph_restart_set_filename :
     cannot open file for reading or writing
     Message from routine ph_restart_set_filename :
     cannot open file for reading or writing
     Message from routine ph_restart_set_filename :
     cannot open file for reading or writing
     Message from routine ph_restart_set_filename :
     cannot open file for reading or writing
     Message from routine ph_restart_set_filename :
     cannot open file for reading or writing
     Message from routine ph_restart_set_filename :
     cannot open file for reading or writing
     Message from routine ph_restart_set_filename :
     cannot open file for reading or writing
     Message from routine ph_restart_set_filename :
     cannot open file for reading or writing
     Message from routine ph_restart_set_filename :
     cannot open file for reading or writing
     Message from routine ph_restart_set_filename :
     cannot open file for reading or writing
     Message from routine ph_restart_set_filename :
     cannot open file for reading or writing
     Message from routine ph_restart_set_filename :
     cannot open file for reading or writing
     Message from routine ph_restart_set_filename :
     cannot open file for reading or writing
     Message from routine ph_restart_set_filename :
     cannot open file for reading or writing
     Message from routine ph_restart_set_filename :
     cannot open file for reading or writing
     Message from routine ph_restart_set_filename :
     cannot open file for reading or writing
     Message from routine ph_restart_set_filename :
     cannot open file for reading or writing
     Message from routine ph_restart_set_filename :
     cannot open file for reading or writing
     Message from routine ph_restart_set_filename :
     cannot open file for reading or writing
     Message from routine ph_restart_set_filename :
     cannot open file for reading or writing
     Message from routine ph_restart_set_filename :
     cannot open file for reading or writing
     Message from routine ph_restart_set_filename :
     cannot open file for reading or writing
     Message from routine ph_restart_set_filename :
     cannot open file for reading or writing
     Message from routine ph_restart_set_filename :
     cannot open file for reading or writing
     Message from routine ph_restart_set_filename :
     cannot open file for reading or writing
     Message from routine ph_restart_set_filename :
     cannot open file for reading or writing
     Message from routine ph_restart_set_filename :
     cannot open file for reading or writing
     Message from routine ph_restart_set_filename :
     cannot open file for reading or writing
     Message from routine ph_restart_set_filename :
     cannot open file for reading or writing
     Message from routine ph_restart_set_filename :
     cannot open file for reading or writing
     Message from routine ph_restart_set_filename :
     cannot open file for reading or writing
     Message from routine ph_restart_set_filename :
     cannot open file for reading or writing
     Message from routine ph_restart_set_filename :
     cannot open file for reading or writing
     Message from routine ph_restart_set_filename :
     cannot open file for reading or writing
     Message from routine ph_restart_set_filename :
     cannot open file for reading or writing
     Message from routine ph_restart_set_filename :
     cannot open file for reading or writing
     Message from routine ph_restart_set_filename :
     cannot open file for reading or writing
     Message from routine ph_restart_set_filename :
     cannot open file for reading or writing
     Message from routine ph_restart_set_filename :
     cannot open file for reading or writing
     Message from routine ph_restart_set_filename :
     cannot open file for reading or writing
     Message from routine ph_restart_set_filename :
     cannot open file for reading or writing
     Message from routine ph_restart_set_filename :
     cannot open file for reading or writing
     Message from routine ph_restart_set_filename :
     cannot open file for reading or writing
     Message from routine ph_restart_set_filename :
     cannot open file for reading or writing
     Message from routine ph_restart_set_filename :
     cannot open file for reading or writing
     Message from routine ph_restart_set_filename :
     cannot open file for reading or writing
     Message from routine ph_restart_set_filename :
     cannot open file for reading or writing
     Message from routine ph_restart_set_filename :
     cannot open file for reading or writing
     Message from routine ph_restart_set_filename :
     cannot open file for reading or writing
     Message from routine ph_restart_set_filename :
     cannot open file for reading or writing
     Message from routine ph_restart_set_filename :
     cannot open file for reading or writing
     Message from routine ph_restart_set_filename :
     cannot open file for reading or writing
     Message from routine ph_restart_set_filename :
     cannot open file for reading or writing
     Message from routine ph_restart_set_filename :
     cannot open file for reading or writing

     Restart in Phonon calculation

     Phonons                                                                    

     bravais-lattice index     =            0
     lattice parameter (alat)  =      14.0156  a.u.
     unit-cell volume          =    2403.6928 (a.u.)^3
     number of atoms/cell      =           28
     number of atomic types    =            4
     kinetic-energy cut-off    =      50.0000  Ry
     charge density cut-off    =     400.0000  Ry
     convergence threshold     =      1.0E-14
     beta                      =       0.7000
     number of iterations used =            4
     Exchange-correlation= PBE
                           (   1   4   3   4   0   0   0)


     celldm(1)=   14.01558  celldm(2)=    0.00000  celldm(3)=    0.00000
     celldm(4)=    0.00000  celldm(5)=    0.00000  celldm(6)=    0.00000

     crystal axes: (cart. coord. in units of alat)
               a(1) = (  0.9795  0.0387 -0.0099 )  
               a(2) = (  0.0361  0.8433  0.0474 )  
               a(3) = (  0.0242  0.8932  1.1091 )  

     reciprocal axes: (cart. coord. in units 2 pi/alat)
               b(1) = (  1.0228 -0.0446  0.0135 )  
               b(2) = ( -0.0594  1.2446 -1.0011 )  
               b(3) = (  0.0117 -0.0535  0.9445 )  


     Atoms inside the unit cell: 

     Cartesian axes

     site n.  atom      mass           positions (alat units)
        1     Mg   1.0000   tau(    1) = (    0.40216    1.06063    0.87296  )
        2     Mg   1.0000   tau(    2) = (    0.63271    0.70646    0.29243  )
        3     Mg   1.0000   tau(    3) = (    0.91927    1.10991    0.85323  )
        4     Mg   1.0000   tau(    4) = (    0.14352    0.68963    0.28520  )
        5     Ga   1.0000   tau(    5) = (    0.39902    1.46246    0.98549  )
        6     Zr   1.0000   tau(    6) = (    0.63999    0.29629    0.08733  )
        7     Ga   1.0000   tau(    7) = (    0.86340    0.69938    0.67133  )
        8     Ga   1.0000   tau(    8) = (    0.17433    1.09710    0.47864  )
        9     H    1.0000   tau(    9) = (    0.06291    0.68449    0.56444  )
       10     H    1.0000   tau(   10) = (    0.97421    1.15350    0.58974  )
       11     H    1.0000   tau(   11) = (    0.57249    1.43800    1.13851  )
       12     H    1.0000   tau(   12) = (    0.41139    0.19275    0.02042  )
       13     H    1.0000   tau(   13) = (    0.33767    1.32330    0.82953  )
       14     H    1.0000   tau(   14) = (    0.68028    0.44964    0.30034  )
       15     H    1.0000   tau(   15) = (    0.83236    0.86691    0.80359  )
       16     H    1.0000   tau(   16) = (    0.13068    0.94693    0.33144  )
       17     H    1.0000   tau(   17) = (    0.91814    1.37744    0.85500  )
       18     H    1.0000   tau(   18) = (    0.15461    0.42960    0.30728  )
       19     H    1.0000   tau(   19) = (    0.45491    0.78760    0.83448  )
       20     H    1.0000   tau(   20) = (    0.61998    0.97204    0.32594  )
       21     H    1.0000   tau(   21) = (    0.16800    1.00110    0.90224  )
       22     H    1.0000   tau(   22) = (    0.87833    0.75043    0.20089  )
       23     H    1.0000   tau(   23) = (    0.65429    1.14218    0.91835  )
       24     H    1.0000   tau(   24) = (    0.38479    0.69034    0.34083  )
       25     H    1.0000   tau(   25) = (    0.35516    1.06366    0.59411  )
       26     H    1.0000   tau(   26) = (    0.68249    0.68146    0.55842  )
       27     H    1.0000   tau(   27) = (    0.90227    1.15629    1.10527  )
       28     H    1.0000   tau(   28) = (    0.20946    0.62430    0.00314  )

     Computing dynamical matrix for 
                    q = (   0.0000000   0.0000000   0.0000000 )

      2 Sym.Ops. (with q -> -q+G )


     G cutoff = 1990.3169  ( 324595 G-vectors)     FFT grid: ( 90, 75,125)
     G cutoff =  995.1585  ( 114835 G-vectors)  smooth grid: ( 64, 54, 90)

     number of k points=     8  Methfessel-Paxton smearing, width (Ry)=  0.0200

     PseudoPot. # 1 for Ga read from file:
     /home/marco/ZOS_Cloud_Compute/pseudo/Ga.UPF
     MD5 check sum: 79e63b61437c88080bf469cc04ca4be8
     Pseudo is Projector augmented-wave + core cor, Zval = 13.0
     Generated using "atomic" code by A. Dal Corso  v.5.1.2
     Shape of augmentation charge: PSQ
     Using radial grid of 1205 points,  6 beta functions with: 
                l(1) =   0
                l(2) =   0
                l(3) =   1
                l(4) =   1
                l(5) =   2
                l(6) =   2
     Q(r) pseudized with 0 coefficients 


     PseudoPot. # 2 for H  read from file:
     /home/marco/ZOS_Cloud_Compute/pseudo/H.UPF
     MD5 check sum: 850d63dcbcc06c5de8b44e0ab9f952da
     Pseudo is Projector augmented-wave, Zval =  1.0
     Generated using "atomic" code by A. Dal Corso  v.5.1.2
     Shape of augmentation charge: PSQ
     Using radial grid of  929 points,  2 beta functions with: 
                l(1) =   0
                l(2) =   0
     Q(r) pseudized with 0 coefficients 


     PseudoPot. # 3 for Mg read from file:
     /home/marco/ZOS_Cloud_Compute/pseudo/Mg.UPF
     MD5 check sum: a77e51077e70c6c73445c6cac60d158f
     Pseudo is Projector augmented-wave + core cor, Zval = 10.0
     Generated using ATOMPAW code
     Shape of augmentation charge: BESSEL
     Using radial grid of 1171 points,  6 beta functions with: 
                l(1) =   0
                l(2) =   0
                l(3) =   0
                l(4) =   0
                l(5) =   1
                l(6) =   1
     Q(r) pseudized with 0 coefficients 


     PseudoPot. # 4 for Zr read from file:
     /home/marco/ZOS_Cloud_Compute/pseudo/Zr.UPF
     MD5 check sum: 56bebf6edcd38415d7dd1a973c3f3403
     Pseudo is Ultrasoft + core correction, Zval = 12.0
     Generated by new atomic code, or converted to UPF format
     Using radial grid of  887 points,  6 beta functions with: 
                l(1) =   0
                l(2) =   0
                l(3) =   1
                l(4) =   1
                l(5) =   2
                l(6) =   2
     Q(r) pseudized with  6 coefficients,  rinner =    1.200   1.200   1.200
                                                       1.200   1.200


     Atomic displacements:
     There are   84 irreducible representations

     Representation     1      1 modes -  To be done

     Representation     2      1 modes -  To be done

     Representation     3      1 modes -  To be done

     Representation     4      1 modes -  To be done

     Representation     5      1 modes -  To be done

     Representation     6      1 modes -  To be done

     Representation     7      1 modes -  To be done

     Representation     8      1 modes -  To be done

     Representation     9      1 modes -  To be done

     Representation    10      1 modes -  To be done

     Representation    11      1 modes -  To be done

     Representation    12      1 modes -  To be done

     Representation    13      1 modes -  To be done

     Representation    14      1 modes -  To be done

     Representation    15      1 modes -  To be done

     Representation    16      1 modes -  To be done

     Representation    17      1 modes -  To be done

     Representation    18      1 modes -  To be done

     Representation    19      1 modes -  To be done

     Representation    20      1 modes -  To be done

     Representation    21      1 modes -  To be done

     Representation    22      1 modes -  To be done

     Representation    23      1 modes -  To be done

     Representation    24      1 modes -  To be done

     Representation    25      1 modes -  To be done

     Representation    26      1 modes -  To be done

     Representation    27      1 modes -  To be done

     Representation    28      1 modes -  To be done

     Representation    29      1 modes -  To be done

     Representation    30      1 modes -  To be done

     Representation    31      1 modes -  To be done

     Representation    32      1 modes -  To be done

     Representation    33      1 modes -  To be done

     Representation    34      1 modes -  To be done

     Representation    35      1 modes -  To be done

     Representation    36      1 modes -  To be done

     Representation    37      1 modes -  To be done

     Representation    38      1 modes -  To be done

     Representation    39      1 modes -  To be done

     Representation    40      1 modes -  To be done

     Representation    41      1 modes -  To be done

     Representation    42      1 modes -  To be done

     Representation    43      1 modes -  To be done

     Representation    44      1 modes -  To be done

     Representation    45      1 modes -  To be done

     Representation    46      1 modes -  To be done

     Representation    47      1 modes -  To be done

     Representation    48      1 modes -  To be done

     Representation    49      1 modes -  To be done

     Representation    50      1 modes -  To be done

     Representation    51      1 modes -  To be done

     Representation    52      1 modes -  To be done

     Representation    53      1 modes -  To be done

     Representation    54      1 modes -  To be done

     Representation    55      1 modes -  To be done

     Representation    56      1 modes -  To be done

     Representation    57      1 modes -  To be done

     Representation    58      1 modes -  To be done

     Representation    59      1 modes -  To be done

     Representation    60      1 modes -  To be done

     Representation    61      1 modes -  To be done

     Representation    62      1 modes -  To be done

     Representation    63      1 modes -  To be done

     Representation    64      1 modes -  To be done

     Representation    65      1 modes -  To be done

     Representation    66      1 modes -  To be done

     Representation    67      1 modes -  To be done

     Representation    68      1 modes -  To be done

     Representation    69      1 modes -  To be done

     Representation    70      1 modes -  To be done

     Representation    71      1 modes -  To be done

     Representation    72      1 modes -  To be done

     Representation    73      1 modes -  To be done

     Representation    74      1 modes -  To be done

     Representation    75      1 modes -  To be done

     Representation    76      1 modes -  To be done

     Representation    77      1 modes -  To be done

     Representation    78      1 modes -  To be done

     Representation    79      1 modes -  To be done

     Representation    80      1 modes -  To be done

     Representation    81      1 modes -  To be done

     Representation    82      1 modes -  To be done

     Representation    83      1 modes -  To be done

     Representation    84      1 modes -  To be done


     PHONON       :  13m58.37s CPU  11m17.68s WALL



     Representation #   1 mode #   1

     Self-consistent Calculation
     kpoint   1 ibnd  58 solve_linter: root not converged  5.634E+24
     kpoint   2 ibnd  58 solve_linter: root not converged  1.331E+25
     kpoint   3 ibnd  58 solve_linter: root not converged  6.332E+22
     kpoint   4 ibnd  58 solve_linter: root not converged  1.238E+24
     kpoint   5 ibnd  58 solve_linter: root not converged  7.256E+24
     kpoint   6 ibnd  58 solve_linter: root not converged  2.101E+25
     kpoint   7 ibnd  58 solve_linter: root not converged  1.017E+30
     kpoint   8 ibnd  57 solve_linter: root not converged  5.816E+30

     Pert. #  1: Fermi energy shift (Ry) =     1.4738E+38     0.0000E+00

      iter # 141 total cpu time :  2353.2 secs   av.it.: 400.0
      thresh= 1.000E-02 alpha_mix =  0.700 |ddv_scf|^2 =  5.003E+73
     kpoint   1 ibnd  58 solve_linter: root not converged  5.923E+30
     kpoint   2 ibnd  58 solve_linter: root not converged  1.255E+31
     kpoint   3 ibnd  58 solve_linter: root not converged  9.439E+30
     kpoint   4 ibnd  58 solve_linter: root not converged  1.017E+30
     kpoint   5 ibnd  58 solve_linter: root not converged  1.406E+31
     kpoint   6 ibnd  58 solve_linter: root not converged  7.156E+30
     kpoint   7 ibnd  58 solve_linter: root not converged  3.301E+30
     kpoint   8 ibnd  57 solve_linter: root not converged  5.155E+30

     Pert. #  1: Fermi energy shift (Ry) =    -1.0011E+38     0.0000E+00

      iter # 142 total cpu time :  4007.6 secs   av.it.: 400.0
      thresh= 1.000E-02 alpha_mix =  0.700 |ddv_scf|^2 =  2.956E+72
     kpoint   1 ibnd  58 solve_linter: root not converged  1.215E+31
     kpoint   2 ibnd  58 solve_linter: root not converged  9.832E+32
     kpoint   3 ibnd  58 solve_linter: root not converged  5.606E+30
     kpoint   4 ibnd  58 solve_linter: root not converged  3.591E+31
     kpoint   5 ibnd  58 solve_linter: root not converged  1.182E+31
     kpoint   6 ibnd  58 solve_linter: root not converged  9.058E+31
     kpoint   7 ibnd  58 solve_linter: root not converged  7.113E+30
     kpoint   8 ibnd  57 solve_linter: root not converged  9.180E+30

     Pert. #  1: Fermi energy shift (Ry) =     2.8515E+38     0.0000E+00

      iter # 143 total cpu time :  5658.3 secs   av.it.: 400.0
      thresh= 1.000E-02 alpha_mix =  0.700 |ddv_scf|^2 =  1.168E+74
     kpoint   1 ibnd  58 solve_linter: root not converged  2.350E+31
     kpoint   2 ibnd  58 solve_linter: root not converged  5.470E+31
     kpoint   3 ibnd  58 solve_linter: root not converged  9.907E+29
     kpoint   4 ibnd  58 solve_linter: root not converged  1.221E+31
     kpoint   5 ibnd  58 solve_linter: root not converged  1.629E+31
     kpoint   6 ibnd  58 solve_linter: root not converged  3.748E+32
     kpoint   7 ibnd  58 solve_linter: root not converged  9.482E+29
     kpoint   8 ibnd  57 solve_linter: root not converged  5.167E+32

     Pert. #  1: Fermi energy shift (Ry) =     4.1494E+38     0.0000E+00

      iter # 144 total cpu time :  7306.5 secs   av.it.: 400.0
      thresh= 1.000E-02 alpha_mix =  0.700 |ddv_scf|^2 =  1.035E+73
     kpoint   1 ibnd  58 solve_linter: root not converged  1.285E+31
     kpoint   2 ibnd  58 solve_linter: root not converged  2.594E+32
     kpoint   3 ibnd  58 solve_linter: root not converged  1.361E+31
     kpoint   4 ibnd  58 solve_linter: root not converged  7.240E+31
     kpoint   5 ibnd  58 solve_linter: root not converged  6.122E+32
     kpoint   6 ibnd  58 solve_linter: root not converged  1.176E+32
     kpoint   7 ibnd  58 solve_linter: root not converged  1.671E+31
     kpoint   8 ibnd  57 solve_linter: root not converged  1.384E+32

     Pert. #  1: Fermi energy shift (Ry) =    -2.8590E+38     0.0000E+00

      iter # 145 total cpu time :  8960.7 secs   av.it.: 400.0
      thresh= 1.000E-02 alpha_mix =  0.700 |ddv_scf|^2 =  4.796E+73
     kpoint   1 ibnd  58 solve_linter: root not converged  9.829E+31
     kpoint   2 ibnd  58 solve_linter: root not converged  4.803E+31
     kpoint   3 ibnd  58 solve_linter: root not converged  1.173E+33
     kpoint   4 ibnd  58 solve_linter: root not converged  1.558E+31
     kpoint   5 ibnd  58 solve_linter: root not converged  3.089E+31
     kpoint   6 ibnd  58 solve_linter: root not converged  3.190E+32
     kpoint   7 ibnd  58 solve_linter: root not converged  6.468E+31
     kpoint   8 ibnd  57 solve_linter: root not converged  2.857E+31

     Pert. #  1: Fermi energy shift (Ry) =    -1.3121E+40     0.0000E+00

      iter # 146 total cpu time : 10602.9 secs   av.it.: 400.0
      thresh= 1.000E-02 alpha_mix =  0.700 |ddv_scf|^2 =  8.674E+76
     kpoint   1 ibnd  58 solve_linter: root not converged  3.643E+31
     kpoint   2 ibnd  58 solve_linter: root not converged  2.309E+31
     kpoint   3 ibnd  58 solve_linter: root not converged  2.308E+32
     kpoint   4 ibnd  58 solve_linter: root not converged  2.266E+31
     kpoint   5 ibnd  58 solve_linter: root not converged  4.639E+31
     kpoint   6 ibnd  58 solve_linter: root not converged  3.880E+31
     kpoint   7 ibnd  58 solve_linter: root not converged  8.382E+30
     kpoint   8 ibnd  57 solve_linter: root not converged  1.474E+31

     Pert. #  1: Fermi energy shift (Ry) =    -9.9089E+39     0.0000E+00

      iter # 147 total cpu time : 12254.1 secs   av.it.: 400.0
      thresh= 1.000E-02 alpha_mix =  0.700 |ddv_scf|^2 =  1.847E+76
     kpoint   1 ibnd  58 solve_linter: root not converged  3.366E+31
     kpoint   2 ibnd  58 solve_linter: root not converged  3.456E+32
     kpoint   3 ibnd  58 solve_linter: root not converged  5.471E+31
     kpoint   4 ibnd  58 solve_linter: root not converged  1.185E+32
     kpoint   5 ibnd  58 solve_linter: root not converged  7.285E+31
     kpoint   6 ibnd  58 solve_linter: root not converged  1.043E+32
     kpoint   7 ibnd  58 solve_linter: root not converged  1.293E+32
     kpoint   8 ibnd  57 solve_linter: root not converged  5.501E+31

     Pert. #  1: Fermi energy shift (Ry) =     2.9803E+39     0.0000E+00

      iter # 148 total cpu time : 13879.4 secs   av.it.: 400.0
      thresh= 1.000E-02 alpha_mix =  0.700 |ddv_scf|^2 =  7.293E+75
     kpoint   1 ibnd  58 solve_linter: root not converged  1.132E+32
     kpoint   2 ibnd  58 solve_linter: root not converged  4.348E+31
     kpoint   3 ibnd  58 solve_linter: root not converged  9.662E+31
     kpoint   4 ibnd  58 solve_linter: root not converged  2.229E+32
     kpoint   5 ibnd  58 solve_linter: root not converged  1.777E+32
     kpoint   6 ibnd  58 solve_linter: root not converged  2.615E+32
     kpoint   7 ibnd  58 solve_linter: root not converged  9.138E+30
     kpoint   8 ibnd  57 solve_linter: root not converged  6.309E+32

     Pert. #  1: Fermi energy shift (Ry) =     1.8870E+39     0.0000E+00

      iter # 149 total cpu time : 15566.6 secs   av.it.: 400.0
      thresh= 1.000E-02 alpha_mix =  0.700 |ddv_scf|^2 =  1.273E+76
     kpoint   1 ibnd  58 solve_linter: root not converged  2.605E+33
     kpoint   2 ibnd  58 solve_linter: root not converged  1.190E+33
     kpoint   3 ibnd  58 solve_linter: root not converged  8.139E+33
     kpoint   4 ibnd  58 solve_linter: root not converged  7.013E+32
     kpoint   5 ibnd  58 solve_linter: root not converged  5.658E+32
     kpoint   6 ibnd  58 solve_linter: root not converged  8.201E+32
     kpoint   7 ibnd  58 solve_linter: root not converged  3.044E+32
     kpoint   8 ibnd  57 solve_linter: root not converged  2.768E+32

     Pert. #  1: Fermi energy shift (Ry) =     3.7042E+39     0.0000E+00

      iter # 150 total cpu time : 17321.4 secs   av.it.: 400.0
      thresh= 1.000E-02 alpha_mix =  0.700 |ddv_scf|^2 =  4.840E+75
     kpoint   1 ibnd  58 solve_linter: root not converged  6.396E+33
     kpoint   2 ibnd  58 solve_linter: root not converged  3.050E+35
     kpoint   3 ibnd  58 solve_linter: root not converged  2.742E+34
     kpoint   4 ibnd  58 solve_linter: root not converged  2.785E+33
     kpoint   5 ibnd  58 solve_linter: root not converged  1.358E+35
     kpoint   6 ibnd  58 solve_linter: root not converged  1.418E+34
     kpoint   7 ibnd  58 solve_linter: root not converged  5.610E+33
     kpoint   8 ibnd  57 solve_linter: root not converged  8.848E+32

     Pert. #  1: Fermi energy shift (Ry) =     5.0264E+38     0.0000E+00

      iter # 151 total cpu time : 19092.1 secs   av.it.: 400.0
      thresh= 1.000E-02 alpha_mix =  0.700 |ddv_scf|^2 =  3.342E+76
     kpoint   1 ibnd  58 solve_linter: root not converged  2.022E+33
     kpoint   2 ibnd  58 solve_linter: root not converged  2.730E+34
     kpoint   3 ibnd  58 solve_linter: root not converged  7.692E+33
     kpoint   4 ibnd  58 solve_linter: root not converged  2.483E+33
     kpoint   5 ibnd  58 solve_linter: root not converged  4.713E+33
     kpoint   6 ibnd  58 solve_linter: root not converged  4.382E+33
     kpoint   7 ibnd  58 solve_linter: root not converged  1.107E+33
     kpoint   8 ibnd  57 solve_linter: root not converged  5.622E+33

     Pert. #  1: Fermi energy shift (Ry) =     3.0969E+39     0.0000E+00

      iter # 152 total cpu time : 20883.0 secs   av.it.: 400.0
      thresh= 1.000E-02 alpha_mix =  0.700 |ddv_scf|^2 =  4.698E+79
     kpoint   1 ibnd  58 solve_linter: root not converged  1.799E+34
     kpoint   2 ibnd  58 solve_linter: root not converged  1.207E+33
     kpoint   3 ibnd  58 solve_linter: root not converged  1.588E+32
     kpoint   4 ibnd  58 solve_linter: root not converged  1.873E+33
     kpoint   5 ibnd  58 solve_linter: root not converged  6.339E+33
     kpoint   6 ibnd  58 solve_linter: root not converged  7.693E+32
     kpoint   7 ibnd  58 solve_linter: root not converged  2.259E+33
     kpoint   8 ibnd  57 solve_linter: root not converged  2.028E+33

     Pert. #  1: Fermi energy shift (Ry) =    -2.2978E+41     0.0000E+00

      iter # 153 total cpu time : 22663.8 secs   av.it.: 400.0
      thresh= 1.000E-02 alpha_mix =  0.700 |ddv_scf|^2 =  1.188E+79
     kpoint   1 ibnd  58 solve_linter: root not converged  5.272E+32
     kpoint   2 ibnd  58 solve_linter: root not converged  1.305E+34
     kpoint   3 ibnd  58 solve_linter: root not converged  1.083E+34
     kpoint   4 ibnd  58 solve_linter: root not converged  2.308E+32
     kpoint   5 ibnd  58 solve_linter: root not converged  1.944E+33
     kpoint   6 ibnd  58 solve_linter: root not converged  1.261E+33
     kpoint   7 ibnd  58 solve_linter: root not converged  1.715E+32
     kpoint   8 ibnd  57 solve_linter: root not converged  1.850E+33

     Pert. #  1: Fermi energy shift (Ry) =     3.4337E+38     0.0000E+00

      iter # 154 total cpu time : 24430.0 secs   av.it.: 400.0
      thresh= 1.000E-02 alpha_mix =  0.700 |ddv_scf|^2 =  3.220E+79
     kpoint   1 ibnd  58 solve_linter: root not converged  2.289E+33
     kpoint   2 ibnd  58 solve_linter: root not converged  2.331E+33
     kpoint   3 ibnd  58 solve_linter: root not converged  5.135E+33
     kpoint   4 ibnd  58 solve_linter: root not converged  2.487E+33
     kpoint   5 ibnd  58 solve_linter: root not converged  2.933E+33
     kpoint   6 ibnd  58 solve_linter: root not converged  1.847E+33
     kpoint   7 ibnd  58 solve_linter: root not converged  2.096E+33
     kpoint   8 ibnd  57 solve_linter: root not converged  2.217E+33

     Pert. #  1: Fermi energy shift (Ry) =    -1.3725E+41     0.0000E+00

      iter # 155 total cpu time : 26205.7 secs   av.it.: 400.0
      thresh= 1.000E-02 alpha_mix =  0.700 |ddv_scf|^2 =  1.254E+79
     kpoint   1 ibnd  58 solve_linter: root not converged  7.785E+33
     kpoint   2 ibnd  58 solve_linter: root not converged  1.312E+34
     kpoint   3 ibnd  58 solve_linter: root not converged  4.517E+33
     kpoint   4 ibnd  58 solve_linter: root not converged  4.229E+33
     kpoint   5 ibnd  58 solve_linter: root not converged  5.455E+33
     kpoint   6 ibnd  58 solve_linter: root not converged  7.445E+34
     kpoint   7 ibnd  58 solve_linter: root not converged  2.303E+33
     kpoint   8 ibnd  57 solve_linter: root not converged  3.922E+34

     Pert. #  1: Fermi energy shift (Ry) =    -2.4266E+41     0.0000E+00

      iter # 156 total cpu time : 27979.7 secs   av.it.: 400.0
      thresh= 1.000E-02 alpha_mix =  0.700 |ddv_scf|^2 =  3.630E+79
     kpoint   1 ibnd  58 solve_linter: root not converged  7.689E+34
     kpoint   2 ibnd  58 solve_linter: root not converged  2.760E+35
     kpoint   3 ibnd  58 solve_linter: root not converged  1.583E+36
     kpoint   4 ibnd  58 solve_linter: root not converged  1.006E+36
     kpoint   5 ibnd  58 solve_linter: root not converged  1.023E+35
     kpoint   6 ibnd  58 solve_linter: root not converged  1.915E+36
     kpoint   7 ibnd  58 solve_linter: root not converged  1.417E+35
     kpoint   8 ibnd  57 solve_linter: root not converged  2.692E+35

     Pert. #  1: Fermi energy shift (Ry) =     1.7799E+41     0.0000E+00

      iter # 157 total cpu time : 29747.4 secs   av.it.: 400.0
      thresh= 1.000E-02 alpha_mix =  0.700 |ddv_scf|^2 =  4.354E+79
     kpoint   1 ibnd  58 solve_linter: root not converged  6.955E+34
     kpoint   2 ibnd  58 solve_linter: root not converged  7.205E+34
     kpoint   3 ibnd  58 solve_linter: root not converged  3.713E+34
     kpoint   4 ibnd  58 solve_linter: root not converged  1.537E+35
     kpoint   5 ibnd  58 solve_linter: root not converged  4.286E+35
     kpoint   6 ibnd  58 solve_linter: root not converged  7.110E+37
     kpoint   7 ibnd  58 solve_linter: root not converged  2.483E+36
     kpoint   8 ibnd  57 solve_linter: root not converged  3.403E+35

     Pert. #  1: Fermi energy shift (Ry) =    -3.1591E+41     0.0000E+00

      iter # 158 total cpu time : 31516.6 secs   av.it.: 400.0
      thresh= 1.000E-02 alpha_mix =  0.700 |ddv_scf|^2 =  6.064E+80
     kpoint   1 ibnd  58 solve_linter: root not converged  3.929E+36
     kpoint   2 ibnd  58 solve_linter: root not converged  8.159E+34
     kpoint   3 ibnd  58 solve_linter: root not converged  1.330E+36
     kpoint   4 ibnd  58 solve_linter: root not converged  4.255E+35
     kpoint   5 ibnd  58 solve_linter: root not converged  4.276E+35
     kpoint   6 ibnd  58 solve_linter: root not converged  4.269E+35
     kpoint   7 ibnd  58 solve_linter: root not converged  8.249E+34
     kpoint   8 ibnd  57 solve_linter: root not converged  2.379E+35

     Pert. #  1: Fermi energy shift (Ry) =    -7.4710E+41     0.0000E+00

      iter # 159 total cpu time : 33308.6 secs   av.it.: 400.0
      thresh= 1.000E-02 alpha_mix =  0.700 |ddv_scf|^2 =  7.753E+80
     kpoint   1 ibnd  58 solve_linter: root not converged  4.288E+34
     kpoint   2 ibnd  58 solve_linter: root not converged  3.378E+36
     kpoint   3 ibnd  58 solve_linter: root not converged  7.229E+34
     kpoint   4 ibnd  58 solve_linter: root not converged  1.918E+34
     kpoint   5 ibnd  58 solve_linter: root not converged  6.090E+34
     kpoint   6 ibnd  58 solve_linter: root not converged  7.524E+35
     kpoint   7 ibnd  58 solve_linter: root not converged  8.652E+34
     kpoint   8 ibnd  57 solve_linter: root not converged  1.163E+35

     Pert. #  1: Fermi energy shift (Ry) =     6.8516E+41     0.0000E+00

      iter # 160 total cpu time : 35085.8 secs   av.it.: 400.0
      thresh= 1.000E-02 alpha_mix =  0.700 |ddv_scf|^2 =  1.339E+82
     kpoint   1 ibnd  58 solve_linter: root not converged  6.162E+34
     kpoint   2 ibnd  58 solve_linter: root not converged  4.388E+35
     kpoint   3 ibnd  58 solve_linter: root not converged  1.599E+36
     kpoint   4 ibnd  58 solve_linter: root not converged  1.997E+35
     kpoint   5 ibnd  58 solve_linter: root not converged  9.428E+34
     kpoint   6 ibnd  58 solve_linter: root not converged  1.640E+35
     kpoint   7 ibnd  58 solve_linter: root not converged  4.920E+35
     kpoint   8 ibnd  57 solve_linter: root not converged  8.921E+34

     Pert. #  1: Fermi energy shift (Ry) =     4.4090E+42     0.0000E+00

      iter # 161 total cpu time : 36885.6 secs   av.it.: 400.0
      thresh= 1.000E-02 alpha_mix =  0.700 |ddv_scf|^2 =  2.443E+82
     kpoint   1 ibnd  58 solve_linter: root not converged  4.940E+35
     kpoint   2 ibnd  58 solve_linter: root not converged  1.501E+35
     kpoint   3 ibnd  58 solve_linter: root not converged  8.533E+34
     kpoint   4 ibnd  58 solve_linter: root not converged  7.696E+35
     kpoint   5 ibnd  58 solve_linter: root not converged  6.619E+35
     kpoint   6 ibnd  58 solve_linter: root not converged  8.843E+35
     kpoint   7 ibnd  58 solve_linter: root not converged  1.279E+35
     kpoint   8 ibnd  57 solve_linter: root not converged  1.855E+35

     Pert. #  1: Fermi energy shift (Ry) =    -5.7737E+43     0.0000E+00

      iter # 162 total cpu time : 38714.6 secs   av.it.: 400.0
      thresh= 1.000E-02 alpha_mix =  0.700 |ddv_scf|^2 =  2.346E+85
     kpoint   1 ibnd  58 solve_linter: root not converged  8.346E+36
     kpoint   2 ibnd  58 solve_linter: root not converged  3.639E+36
     kpoint   3 ibnd  58 solve_linter: root not converged  4.049E+35
     kpoint   4 ibnd  58 solve_linter: root not converged  8.079E+35
     kpoint   5 ibnd  58 solve_linter: root not converged  1.212E+36
     kpoint   6 ibnd  58 solve_linter: root not converged  1.077E+37
     kpoint   7 ibnd  58 solve_linter: root not converged  3.892E+35
     kpoint   8 ibnd  57 solve_linter: root not converged  1.668E+35

     Pert. #  1: Fermi energy shift (Ry) =    -7.5047E+43     0.0000E+00

      iter # 163 total cpu time : 40503.6 secs   av.it.: 400.0
      thresh= 1.000E-02 alpha_mix =  0.700 |ddv_scf|^2 =  2.516E+84
     kpoint   1 ibnd  58 solve_linter: root not converged  2.635E+36
     kpoint   2 ibnd  58 solve_linter: root not converged  9.978E+35
     kpoint   3 ibnd  58 solve_linter: root not converged  1.103E+36
     kpoint   4 ibnd  58 solve_linter: root not converged  7.529E+36
     kpoint   5 ibnd  58 solve_linter: root not converged  7.125E+36
     kpoint   6 ibnd  58 solve_linter: root not converged  4.654E+36
     kpoint   7 ibnd  58 solve_linter: root not converged  1.903E+36
     kpoint   8 ibnd  57 solve_linter: root not converged  3.711E+36

     Pert. #  1: Fermi energy shift (Ry) =    -1.2251E+44     0.0000E+00

      iter # 164 total cpu time : 42272.4 secs   av.it.: 400.0
      thresh= 1.000E-02 alpha_mix =  0.700 |ddv_scf|^2 =  9.072E+84
     kpoint   1 ibnd  58 solve_linter: root not converged  1.470E+37
     kpoint   2 ibnd  58 solve_linter: root not converged  7.983E+36
     kpoint   3 ibnd  58 solve_linter: root not converged  2.641E+36
     kpoint   4 ibnd  58 solve_linter: root not converged  1.300E+38
     kpoint   5 ibnd  58 solve_linter: root not converged  8.369E+36
     kpoint   6 ibnd  58 solve_linter: root not converged  8.340E+36
     kpoint   7 ibnd  58 solve_linter: root not converged  4.227E+37
     kpoint   8 ibnd  57 solve_linter: root not converged  2.292E+36

     Pert. #  1: Fermi energy shift (Ry) =     8.9098E+45     0.0000E+00

      iter # 165 total cpu time : 44034.1 secs   av.it.: 400.0
      thresh= 1.000E-02 alpha_mix =  0.700 |ddv_scf|^2 =  3.643E+88
     kpoint   1 ibnd  58 solve_linter: root not converged  3.133E+36
     kpoint   2 ibnd  58 solve_linter: root not converged  9.653E+37
     kpoint   3 ibnd  58 solve_linter: root not converged  3.868E+36
     kpoint   4 ibnd  58 solve_linter: root not converged  5.172E+36
     kpoint   5 ibnd  58 solve_linter: root not converged  1.656E+37
     kpoint   6 ibnd  58 solve_linter: root not converged  2.497E+38
     kpoint   7 ibnd  58 solve_linter: root not converged  4.373E+36
     kpoint   8 ibnd  57 solve_linter: root not converged  4.026E+36

     Pert. #  1: Fermi energy shift (Ry) =     1.7373E+45     0.0000E+00

      iter # 166 total cpu time : 45779.1 secs   av.it.: 400.0
      thresh= 1.000E-02 alpha_mix =  0.700 |ddv_scf|^2 =  3.330E+87
     kpoint   1 ibnd  58 solve_linter: root not converged  2.903E+38
     kpoint   2 ibnd  58 solve_linter: root not converged  1.806E+38
     kpoint   3 ibnd  58 solve_linter: root not converged  2.189E+37
     kpoint   4 ibnd  58 solve_linter: root not converged  4.703E+37
     kpoint   5 ibnd  58 solve_linter: root not converged  1.340E+39
     kpoint   6 ibnd  58 solve_linter: root not converged  3.437E+38
     kpoint   7 ibnd  58 solve_linter: root not converged  1.766E+38
     kpoint   8 ibnd  57 solve_linter: root not converged  2.117E+39

     Pert. #  1: Fermi energy shift (Ry) =     1.3229E+45     0.0000E+00

      iter # 167 total cpu time : 47490.5 secs   av.it.: 400.0
      thresh= 1.000E-02 alpha_mix =  0.700 |ddv_scf|^2 =  8.999E+86
     kpoint   1 ibnd  58 solve_linter: root not converged  4.079E+38
     kpoint   2 ibnd  58 solve_linter: root not converged  9.808E+36
     kpoint   3 ibnd  58 solve_linter: root not converged  2.535E+36
     kpoint   4 ibnd  58 solve_linter: root not converged  1.006E+37
     kpoint   5 ibnd  58 solve_linter: root not converged  1.031E+37
     kpoint   6 ibnd  58 solve_linter: root not converged  1.775E+38
     kpoint   7 ibnd  58 solve_linter: root not converged  3.404E+37
     kpoint   8 ibnd  57 solve_linter: root not converged  1.894E+37

     Pert. #  1: Fermi energy shift (Ry) =     2.7418E+45     0.0000E+00

      iter # 168 total cpu time : 49203.1 secs   av.it.: 400.0
      thresh= 1.000E-02 alpha_mix =  0.700 |ddv_scf|^2 =  1.076E+87
     kpoint   1 ibnd  58 solve_linter: root not converged  1.745E+38
     kpoint   2 ibnd  58 solve_linter: root not converged  9.496E+37
     kpoint   3 ibnd  58 solve_linter: root not converged  2.177E+38
     kpoint   4 ibnd  58 solve_linter: root not converged  1.010E+38
     kpoint   5 ibnd  58 solve_linter: root not converged  5.466E+37
     kpoint   6 ibnd  58 solve_linter: root not converged  8.970E+38
     kpoint   7 ibnd  58 solve_linter: root not converged  6.911E+37
     kpoint   8 ibnd  57 solve_linter: root not converged  3.240E+38

     Pert. #  1: Fermi energy shift (Ry) =     2.7203E+45     0.0000E+00

      iter # 169 total cpu time : 50904.0 secs   av.it.: 400.0
      thresh= 1.000E-02 alpha_mix =  0.700 |ddv_scf|^2 =  6.465E+88
     kpoint   1 ibnd  58 solve_linter: root not converged  4.809E+38
     kpoint   2 ibnd  58 solve_linter: root not converged  1.005E+40
     kpoint   3 ibnd  58 solve_linter: root not converged  1.654E+38
     kpoint   4 ibnd  58 solve_linter: root not converged  1.012E+39
     kpoint   5 ibnd  58 solve_linter: root not converged  7.591E+38
     kpoint   6 ibnd  58 solve_linter: root not converged  2.268E+40
     kpoint   7 ibnd  58 solve_linter: root not converged  7.776E+38
     kpoint   8 ibnd  57 solve_linter: root not converged  6.772E+38

     Pert. #  1: Fermi energy shift (Ry) =     1.1910E+46     0.0000E+00

      iter # 170 total cpu time : 52614.8 secs   av.it.: 400.0
      thresh= 1.000E-02 alpha_mix =  0.700 |ddv_scf|^2 =  8.313E+88
     kpoint   1 ibnd  58 solve_linter: root not converged  3.315E+39
     kpoint   2 ibnd  58 solve_linter: root not converged  4.593E+38
     kpoint   3 ibnd  58 solve_linter: root not converged  9.704E+39
     kpoint   4 ibnd  58 solve_linter: root not converged  6.912E+39
     kpoint   5 ibnd  58 solve_linter: root not converged  1.256E+39
     kpoint   6 ibnd  58 solve_linter: root not converged  1.211E+40
     kpoint   7 ibnd  58 solve_linter: root not converged  5.520E+38
     kpoint   8 ibnd  57 solve_linter: root not converged  8.261E+39

     Pert. #  1: Fermi energy shift (Ry) =     1.7865E+46     0.0000E+00

      iter # 171 total cpu time : 54324.1 secs   av.it.: 400.0
      thresh= 1.000E-02 alpha_mix =  0.700 |ddv_scf|^2 =  1.561E+89
     kpoint   1 ibnd  58 solve_linter: root not converged  1.490E+38
     kpoint   2 ibnd  58 solve_linter: root not converged  9.852E+38
     kpoint   3 ibnd  58 solve_linter: root not converged  3.160E+38
     kpoint   4 ibnd  58 solve_linter: root not converged  1.964E+38
     kpoint   5 ibnd  58 solve_linter: root not converged  3.974E+38
     kpoint   6 ibnd  58 solve_linter: root not converged  2.047E+39
     kpoint   7 ibnd  58 solve_linter: root not converged  8.062E+37
     kpoint   8 ibnd  57 solve_linter: root not converged  7.547E+38

     Pert. #  1: Fermi energy shift (Ry) =     1.3139E+46     0.0000E+00

      iter # 172 total cpu time : 56044.6 secs   av.it.: 400.0
      thresh= 1.000E-02 alpha_mix =  0.700 |ddv_scf|^2 =  9.172E+88
     kpoint   1 ibnd  58 solve_linter: root not converged  2.359E+39
     kpoint   2 ibnd  58 solve_linter: root not converged  3.243E+40
     kpoint   3 ibnd  58 solve_linter: root not converged  1.201E+39
     kpoint   4 ibnd  58 solve_linter: root not converged  4.773E+39
     kpoint   5 ibnd  58 solve_linter: root not converged  1.198E+39
     kpoint   6 ibnd  58 solve_linter: root not converged  2.005E+42
     kpoint   7 ibnd  58 solve_linter: root not converged  2.454E+39
     kpoint   8 ibnd  57 solve_linter: root not converged  2.624E+39

     Pert. #  1: Fermi energy shift (Ry) =    -9.6958E+45     0.0000E+00

      iter # 173 total cpu time : 57752.7 secs   av.it.: 400.0
      thresh= 1.000E-02 alpha_mix =  0.700 |ddv_scf|^2 =  1.669E+89
     kpoint   1 ibnd  58 solve_linter: root not converged  1.008E+40
     kpoint   2 ibnd  58 solve_linter: root not converged  3.848E+40
     kpoint   3 ibnd  58 solve_linter: root not converged  3.812E+39
     kpoint   4 ibnd  58 solve_linter: root not converged  6.574E+39
     kpoint   5 ibnd  58 solve_linter: root not converged  2.433E+40
     kpoint   6 ibnd  58 solve_linter: root not converged  1.606E+41
     kpoint   7 ibnd  58 solve_linter: root not converged  5.149E+39
     kpoint   8 ibnd  57 solve_linter: root not converged  1.574E+40

     Pert. #  1: Fermi energy shift (Ry) =    -1.0526E+48     0.0000E+00

      iter # 174 total cpu time : 59463.4 secs   av.it.: 400.0
      thresh= 1.000E-02 alpha_mix =  0.700 |ddv_scf|^2 =  1.107E+92
     kpoint   1 ibnd  58 solve_linter: root not converged  3.292E+40
     kpoint   2 ibnd  58 solve_linter: root not converged  3.875E+40
     kpoint   3 ibnd  58 solve_linter: root not converged  4.548E+39
     kpoint   4 ibnd  58 solve_linter: root not converged  5.394E+39
     kpoint   5 ibnd  58 solve_linter: root not converged  3.791E+40
     kpoint   6 ibnd  58 solve_linter: root not converged  7.945E+40
     kpoint   7 ibnd  58 solve_linter: root not converged  1.121E+40
     kpoint   8 ibnd  57 solve_linter: root not converged  1.971E+40

     Pert. #  1: Fermi energy shift (Ry) =    -4.6366E+47     0.0000E+00

      iter # 175 total cpu time : 61179.9 secs   av.it.: 400.0
      thresh= 1.000E-02 alpha_mix =  0.700 |ddv_scf|^2 =  4.472E+91
     kpoint   1 ibnd  58 solve_linter: root not converged  1.163E+40
     kpoint   2 ibnd  58 solve_linter: root not converged  4.525E+40
     kpoint   3 ibnd  58 solve_linter: root not converged  2.761E+39
     kpoint   4 ibnd  58 solve_linter: root not converged  3.642E+39
     kpoint   5 ibnd  58 solve_linter: root not converged  2.616E+40
     kpoint   6 ibnd  58 solve_linter: root not converged  1.133E+40
     kpoint   7 ibnd  58 solve_linter: root not converged  9.204E+39
     kpoint   8 ibnd  57 solve_linter: root not converged  3.750E+39

     Pert. #  1: Fermi energy shift (Ry) =    -4.1249E+47     0.0000E+00

      iter # 176 total cpu time : 62899.5 secs   av.it.: 400.0
      thresh= 1.000E-02 alpha_mix =  0.700 |ddv_scf|^2 =  5.179E+91
     kpoint   1 ibnd  58 solve_linter: root not converged  1.015E+39
     kpoint   2 ibnd  58 solve_linter: root not converged  1.836E+39
     kpoint   3 ibnd  58 solve_linter: root not converged  1.278E+39
     kpoint   4 ibnd  58 solve_linter: root not converged  2.786E+40
     kpoint   5 ibnd  58 solve_linter: root not converged  1.681E+40
     kpoint   6 ibnd  58 solve_linter: root not converged  6.239E+39
     kpoint   7 ibnd  58 solve_linter: root not converged  1.141E+39
     kpoint   8 ibnd  57 solve_linter: root not converged  5.485E+39

     Pert. #  1: Fermi energy shift (Ry) =    -1.0116E+48     0.0000E+00

      iter # 177 total cpu time : 64619.7 secs   av.it.: 400.0
      thresh= 1.000E-02 alpha_mix =  0.700 |ddv_scf|^2 =  4.970E+93
     kpoint   1 ibnd  58 solve_linter: root not converged  4.546E+40
     kpoint   2 ibnd  58 solve_linter: root not converged  3.812E+40
     kpoint   3 ibnd  58 solve_linter: root not converged  2.076E+40
     kpoint   4 ibnd  58 solve_linter: root not converged  4.048E+40
     kpoint   5 ibnd  58 solve_linter: root not converged  5.231E+40
     kpoint   6 ibnd  58 solve_linter: root not converged  5.499E+40
     kpoint   7 ibnd  58 solve_linter: root not converged  1.950E+40
     kpoint   8 ibnd  57 solve_linter: root not converged  2.148E+40

     Pert. #  1: Fermi energy shift (Ry) =    -4.9713E+48     0.0000E+00

      iter # 178 total cpu time : 66398.7 secs   av.it.: 400.0
      thresh= 1.000E-02 alpha_mix =  0.700 |ddv_scf|^2 =  7.358E+93
     kpoint   1 ibnd  58 solve_linter: root not converged  8.629E+40
     kpoint   2 ibnd  58 solve_linter: root not converged  1.006E+41
     kpoint   3 ibnd  58 solve_linter: root not converged  2.739E+42
     kpoint   4 ibnd  58 solve_linter: root not converged  1.715E+41
     kpoint   5 ibnd  58 solve_linter: root not converged  1.292E+42
     kpoint   6 ibnd  58 solve_linter: root not converged  2.021E+41
     kpoint   7 ibnd  58 solve_linter: root not converged  6.304E+40
     kpoint   8 ibnd  57 solve_linter: root not converged  4.103E+41

     Pert. #  1: Fermi energy shift (Ry) =    -1.4222E+48     0.0000E+00

      iter # 179 total cpu time : 68172.9 secs   av.it.: 400.0
      thresh= 1.000E-02 alpha_mix =  0.700 |ddv_scf|^2 =  2.297E+93
     kpoint   1 ibnd  58 solve_linter: root not converged  9.602E+40
     kpoint   2 ibnd  58 solve_linter: root not converged  7.779E+41
     kpoint   3 ibnd  58 solve_linter: root not converged  2.174E+40
     kpoint   4 ibnd  58 solve_linter: root not converged  1.591E+41
     kpoint   5 ibnd  58 solve_linter: root not converged  6.788E+40
     kpoint   6 ibnd  58 solve_linter: root not converged  1.025E+42
     kpoint   7 ibnd  58 solve_linter: root not converged  8.284E+41
     kpoint   8 ibnd  57 solve_linter: root not converged  1.392E+41

     Pert. #  1: Fermi energy shift (Ry) =     5.0355E+47     0.0000E+00

      iter # 180 total cpu time : 69939.1 secs   av.it.: 400.0
      thresh= 1.000E-02 alpha_mix =  0.700 |ddv_scf|^2 =  1.620E+93
     kpoint   1 ibnd  58 solve_linter: root not converged  8.537E+40
     kpoint   2 ibnd  58 solve_linter: root not converged  6.987E+40
     kpoint   3 ibnd  58 solve_linter: root not converged  2.784E+40
     kpoint   4 ibnd  58 solve_linter: root not converged  1.735E+41
     kpoint   5 ibnd  58 solve_linter: root not converged  5.471E+40
     kpoint   6 ibnd  58 solve_linter: root not converged  1.446E+42
     kpoint   7 ibnd  58 solve_linter: root not converged  4.365E+40
     kpoint   8 ibnd  57 solve_linter: root not converged  1.614E+41

     Pert. #  1: Fermi energy shift (Ry) =    -8.8407E+47     0.0000E+00

      iter # 181 total cpu time : 71711.1 secs   av.it.: 400.0
      thresh= 1.000E-02 alpha_mix =  0.700 |ddv_scf|^2 =  1.406E+93
     kpoint   1 ibnd  58 solve_linter: root not converged  6.645E+41
     kpoint   2 ibnd  58 solve_linter: root not converged  3.731E+41
     kpoint   3 ibnd  58 solve_linter: root not converged  6.953E+41
     kpoint   4 ibnd  58 solve_linter: root not converged  1.767E+41
     kpoint   5 ibnd  58 solve_linter: root not converged  1.759E+41
     kpoint   6 ibnd  58 solve_linter: root not converged  8.306E+43
     kpoint   7 ibnd  58 solve_linter: root not converged  3.578E+41
     kpoint   8 ibnd  57 solve_linter: root not converged  3.522E+41

     Pert. #  1: Fermi energy shift (Ry) =     1.6053E+48     0.0000E+00

      iter # 182 total cpu time : 73459.8 secs   av.it.: 400.0
      thresh= 1.000E-02 alpha_mix =  0.700 |ddv_scf|^2 =  1.156E+94
     kpoint   1 ibnd  58 solve_linter: root not converged  7.201E+41
     kpoint   2 ibnd  58 solve_linter: root not converged  6.569E+41
     kpoint   3 ibnd  58 solve_linter: root not converged  2.273E+41
     kpoint   4 ibnd  58 solve_linter: root not converged  4.305E+41
     kpoint   5 ibnd  58 solve_linter: root not converged  1.252E+42
     kpoint   6 ibnd  58 solve_linter: root not converged  2.793E+42
     kpoint   7 ibnd  58 solve_linter: root not converged  1.597E+41
     kpoint   8 ibnd  57 solve_linter: root not converged  2.185E+41

     Pert. #  1: Fermi energy shift (Ry) =    -5.8806E+49     0.0000E+00

      iter # 183 total cpu time : 75175.4 secs   av.it.: 400.0
      thresh= 1.000E-02 alpha_mix =  0.700 |ddv_scf|^2 =  5.938E+95
     kpoint   1 ibnd  58 solve_linter: root not converged  1.012E+42
     kpoint   2 ibnd  58 solve_linter: root not converged  1.544E+42
     kpoint   3 ibnd  58 solve_linter: root not converged  4.247E+40
     kpoint   4 ibnd  58 solve_linter: root not converged  4.635E+41
     kpoint   5 ibnd  58 solve_linter: root not converged  2.680E+41
     kpoint   6 ibnd  58 solve_linter: root not converged  5.099E+41
     kpoint   7 ibnd  58 solve_linter: root not converged  6.024E+40
     kpoint   8 ibnd  57 solve_linter: root not converged  4.387E+41

     Pert. #  1: Fermi energy shift (Ry) =    -2.0458E+49     0.0000E+00

      iter # 184 total cpu time : 76895.5 secs   av.it.: 400.0
      thresh= 1.000E-02 alpha_mix =  0.700 |ddv_scf|^2 =  1.097E+97
     kpoint   1 ibnd  58 solve_linter: root not converged  3.641E+41
     kpoint   2 ibnd  58 solve_linter: root not converged  6.797E+42
     kpoint   3 ibnd  58 solve_linter: root not converged  1.807E+42
     kpoint   4 ibnd  58 solve_linter: root not converged  2.246E+42
     kpoint   5 ibnd  58 solve_linter: root not converged  6.312E+41
     kpoint   6 ibnd  58 solve_linter: root not converged  1.423E+43
     kpoint   7 ibnd  58 solve_linter: root not converged  8.838E+41
     kpoint   8 ibnd  57 solve_linter: root not converged  2.166E+42

     Pert. #  1: Fermi energy shift (Ry) =     2.5235E+49     0.0000E+00

      iter # 185 total cpu time : 78620.1 secs   av.it.: 400.0
      thresh= 1.000E-02 alpha_mix =  0.700 |ddv_scf|^2 =  5.271E+95
     kpoint   1 ibnd  58 solve_linter: root not converged  8.664E+41
     kpoint   2 ibnd  58 solve_linter: root not converged  1.792E+44
     kpoint   3 ibnd  58 solve_linter: root not converged  2.355E+41
     kpoint   4 ibnd  58 solve_linter: root not converged  6.340E+42
     kpoint   5 ibnd  58 solve_linter: root not converged  2.738E+42
     kpoint   6 ibnd  58 solve_linter: root not converged  5.862E+42
     kpoint   7 ibnd  58 solve_linter: root not converged  4.472E+41
     kpoint   8 ibnd  57 solve_linter: root not converged  2.396E+41

     Pert. #  1: Fermi energy shift (Ry) =     2.5571E+50     0.0000E+00

      iter # 186 total cpu time : 80364.4 secs   av.it.: 400.0
      thresh= 1.000E-02 alpha_mix =  0.700 |ddv_scf|^2 =  9.704E+96
     kpoint   1 ibnd  58 solve_linter: root not converged  2.357E+42
     kpoint   2 ibnd  58 solve_linter: root not converged  5.912E+42
     kpoint   3 ibnd  58 solve_linter: root not converged  9.581E+42
     kpoint   4 ibnd  58 solve_linter: root not converged  8.103E+43
     kpoint   5 ibnd  58 solve_linter: root not converged  5.705E+43
     kpoint   6 ibnd  58 solve_linter: root not converged  1.658E+43
     kpoint   7 ibnd  58 solve_linter: root not converged  3.611E+42
     kpoint   8 ibnd  57 solve_linter: root not converged  1.326E+42

     Pert. #  1: Fermi energy shift (Ry) =     5.7747E+49     0.0000E+00

      iter # 187 total cpu time : 82121.5 secs   av.it.: 400.0
      thresh= 1.000E-02 alpha_mix =  0.700 |ddv_scf|^2 =  1.130E+97
     kpoint   1 ibnd  58 solve_linter: root not converged  7.174E+43
     kpoint   2 ibnd  58 solve_linter: root not converged  2.494E+43
     kpoint   3 ibnd  58 solve_linter: root not converged  1.022E+44
     kpoint   4 ibnd  58 solve_linter: root not converged  4.729E+44
     kpoint   5 ibnd  58 solve_linter: root not converged  2.647E+43
     kpoint   6 ibnd  58 solve_linter: root not converged  7.556E+44
     kpoint   7 ibnd  58 solve_linter: root not converged  3.880E+43
     kpoint   8 ibnd  57 solve_linter: root not converged  7.398E+45

     Pert. #  1: Fermi energy shift (Ry) =     2.3797E+50     0.0000E+00

      iter # 188 total cpu time : 83858.3 secs   av.it.: 400.0
      thresh= 1.000E-02 alpha_mix =  0.700 |ddv_scf|^2 =  2.947E+97
     kpoint   1 ibnd  58 solve_linter: root not converged  2.293E+43
     kpoint   2 ibnd  58 solve_linter: root not converged  4.606E+43
     kpoint   3 ibnd  58 solve_linter: root not converged  1.253E+43
     kpoint   4 ibnd  58 solve_linter: root not converged  1.707E+44
     kpoint   5 ibnd  58 solve_linter: root not converged  5.448E+43
     kpoint   6 ibnd  58 solve_linter: root not converged  1.054E+44

     Program PHONON v.6.7MaX starts on  7Mar2026 at  2:21: 7 

     This program is part of the open-source Quantum ESPRESSO suite
     for quantum simulation of materials; please cite
         "P. Giannozzi et al., J. Phys.:Condens. Matter 21 395502 (2009);
         "P. Giannozzi et al., J. Phys.:Condens. Matter 29 465901 (2017);
          URL http://www.quantum-espresso.org", 
     in publications or presentations arising from this work. More details at
     http://www.quantum-espresso.org/quote

     Parallel version (MPI), running on     1 processors

     MPI processes distributed on     1 nodes
     Waiting for input...
     Reading input from standard input

     Reading xml data from directory:

     ./tmp/Mg4ZrGa3H20.save/
     Message from routine read_pp_mesh:
     mismatch in mesh size, discarding the one in header
     file Ga.UPF: wavefunction(s)  4S renormalized
     file H.UPF: wavefunction(s)  1S renormalized

     IMPORTANT: XC functional enforced from input :
     Exchange-correlation= PBE
                           (   1   4   3   4   0   0   0)
     Any further DFT definition will be discarded
     Please, verify this is what you really want


     G-vector sticks info
     --------------------
     sticks:   dense  smooth     PW     G-vecs:    dense   smooth      PW
     Sum        5161    2585    727               324595   114835   17017


     negative rho (up, down):  1.321E+02 0.000E+00
     Reading collected, re-writing distributed wavefunctions
 end of file reached, closing tag not found
warning: file closed at level 1 with tag Root open
        1 /   1 q-points for this run, from  1 to  1:
       N       xq(1)         xq(2)         xq(3) 
       1   0.000000000   0.000000000   0.000000000


     Calculation of q =    0.0000000   0.0000000   0.0000000
     Message from routine ph_restart_set_filename :
     cannot open file for reading or writing
 end of file reached, closing tag not found
warning: file closed at level 1 with tag Root open
     Message from routine ph_restart_set_filename :
     cannot open file for reading or writing
     Message from routine ph_restart_set_filename :
     cannot open file for reading or writing
     Message from routine ph_restart_set_filename :
     cannot open file for reading or writing
     Message from routine ph_restart_set_filename :
     cannot open file for reading or writing
     Message from routine ph_restart_set_filename :
     cannot open file for reading or writing
     Message from routine ph_restart_set_filename :
     cannot open file for reading or writing
     Message from routine ph_restart_set_filename :
     cannot open file for reading or writing
     Message from routine ph_restart_set_filename :
     cannot open file for reading or writing
     Message from routine ph_restart_set_filename :
     cannot open file for reading or writing
     Message from routine ph_restart_set_filename :
     cannot open file for reading or writing
     Message from routine ph_restart_set_filename :
     cannot open file for reading or writing
     Message from routine ph_restart_set_filename :
     cannot open file for reading or writing
     Message from routine ph_restart_set_filename :
     cannot open file for reading or writing
     Message from routine ph_restart_set_filename :
     cannot open file for reading or writing
     Message from routine ph_restart_set_filename :
     cannot open file for reading or writing
     Message from routine ph_restart_set_filename :
     cannot open file for reading or writing
     Message from routine ph_restart_set_filename :
     cannot open file for reading or writing
     Message from routine ph_restart_set_filename :
     cannot open file for reading or writing
     Message from routine ph_restart_set_filename :
     cannot open file for reading or writing
     Message from routine ph_restart_set_filename :
     cannot open file for reading or writing
     Message from routine ph_restart_set_filename :
     cannot open file for reading or writing
     Message from routine ph_restart_set_filename :
     cannot open file for reading or writing
     Message from routine ph_restart_set_filename :
     cannot open file for reading or writing
     Message from routine ph_restart_set_filename :
     cannot open file for reading or writing
     Message from routine ph_restart_set_filename :
     cannot open file for reading or writing
     Message from routine ph_restart_set_filename :
     cannot open file for reading or writing
     Message from routine ph_restart_set_filename :
     cannot open file for reading or writing
     Message from routine ph_restart_set_filename :
     cannot open file for reading or writing
     Message from routine ph_restart_set_filename :
     cannot open file for reading or writing
     Message from routine ph_restart_set_filename :
     cannot open file for reading or writing
     Message from routine ph_restart_set_filename :
     cannot open file for reading or writing
     Message from routine ph_restart_set_filename :
     cannot open file for reading or writing
     Message from routine ph_restart_set_filename :
     cannot open file for reading or writing
     Message from routine ph_restart_set_filename :
     cannot open file for reading or writing
     Message from routine ph_restart_set_filename :
     cannot open file for reading or writing
     Message from routine ph_restart_set_filename :
     cannot open file for reading or writing
     Message from routine ph_restart_set_filename :
     cannot open file for reading or writing
     Message from routine ph_restart_set_filename :
     cannot open file for reading or writing
     Message from routine ph_restart_set_filename :
     cannot open file for reading or writing
     Message from routine ph_restart_set_filename :
     cannot open file for reading or writing
     Message from routine ph_restart_set_filename :
     cannot open file for reading or writing
     Message from routine ph_restart_set_filename :
     cannot open file for reading or writing
     Message from routine ph_restart_set_filename :
     cannot open file for reading or writing
     Message from routine ph_restart_set_filename :
     cannot open file for reading or writing
     Message from routine ph_restart_set_filename :
     cannot open file for reading or writing
     Message from routine ph_restart_set_filename :
     cannot open file for reading or writing
     Message from routine ph_restart_set_filename :
     cannot open file for reading or writing
     Message from routine ph_restart_set_filename :
     cannot open file for reading or writing
     Message from routine ph_restart_set_filename :
     cannot open file for reading or writing
     Message from routine ph_restart_set_filename :
     cannot open file for reading or writing
     Message from routine ph_restart_set_filename :
     cannot open file for reading or writing
     Message from routine ph_restart_set_filename :
     cannot open file for reading or writing
     Message from routine ph_restart_set_filename :
     cannot open file for reading or writing
     Message from routine ph_restart_set_filename :
     cannot open file for reading or writing
     Message from routine ph_restart_set_filename :
     cannot open file for reading or writing
     Message from routine ph_restart_set_filename :
     cannot open file for reading or writing
     Message from routine ph_restart_set_filename :
     cannot open file for reading or writing
     Message from routine ph_restart_set_filename :
     cannot open file for reading or writing
     Message from routine ph_restart_set_filename :
     cannot open file for reading or writing
     Message from routine ph_restart_set_filename :
     cannot open file for reading or writing
     Message from routine ph_restart_set_filename :
     cannot open file for reading or writing
     Message from routine ph_restart_set_filename :
     cannot open file for reading or writing
     Message from routine ph_restart_set_filename :
     cannot open file for reading or writing
     Message from routine ph_restart_set_filename :
     cannot open file for reading or writing
     Message from routine ph_restart_set_filename :
     cannot open file for reading or writing
     Message from routine ph_restart_set_filename :
     cannot open file for reading or writing
     Message from routine ph_restart_set_filename :
     cannot open file for reading or writing
     Message from routine ph_restart_set_filename :
     cannot open file for reading or writing
     Message from routine ph_restart_set_filename :
     cannot open file for reading or writing
     Message from routine ph_restart_set_filename :
     cannot open file for reading or writing
     Message from routine ph_restart_set_filename :
     cannot open file for reading or writing
     Message from routine ph_restart_set_filename :
     cannot open file for reading or writing
     Message from routine ph_restart_set_filename :
     cannot open file for reading or writing
     Message from routine ph_restart_set_filename :
     cannot open file for reading or writing
     Message from routine ph_restart_set_filename :
     cannot open file for reading or writing
     Message from routine ph_restart_set_filename :
     cannot open file for reading or writing
     Message from routine ph_restart_set_filename :
     cannot open file for reading or writing
     Message from routine ph_restart_set_filename :
     cannot open file for reading or writing
     Message from routine ph_restart_set_filename :
     cannot open file for reading or writing
     Message from routine ph_restart_set_filename :
     cannot open file for reading or writing
     Message from routine ph_restart_set_filename :
     cannot open file for reading or writing
     Message from routine ph_restart_set_filename :
     cannot open file for reading or writing
     Message from routine ph_restart_set_filename :
     cannot open file for reading or writing
     Message from routine ph_restart_set_filename :
     cannot open file for reading or writing

     Restart in Phonon calculation

     Phonons                                                                    

     bravais-lattice index     =            0
     lattice parameter (alat)  =      14.0156  a.u.
     unit-cell volume          =    2403.6928 (a.u.)^3
     number of atoms/cell      =           28
     number of atomic types    =            4
     kinetic-energy cut-off    =      50.0000  Ry
     charge density cut-off    =     400.0000  Ry
     convergence threshold     =      1.0E-14
     beta                      =       0.7000
     number of iterations used =            4
     Exchange-correlation= PBE
                           (   1   4   3   4   0   0   0)


     celldm(1)=   14.01558  celldm(2)=    0.00000  celldm(3)=    0.00000
     celldm(4)=    0.00000  celldm(5)=    0.00000  celldm(6)=    0.00000

     crystal axes: (cart. coord. in units of alat)
               a(1) = (  0.9795  0.0387 -0.0099 )  
               a(2) = (  0.0361  0.8433  0.0474 )  
               a(3) = (  0.0242  0.8932  1.1091 )  

     reciprocal axes: (cart. coord. in units 2 pi/alat)
               b(1) = (  1.0228 -0.0446  0.0135 )  
               b(2) = ( -0.0594  1.2446 -1.0011 )  
               b(3) = (  0.0117 -0.0535  0.9445 )  


     Atoms inside the unit cell: 

     Cartesian axes

     site n.  atom      mass           positions (alat units)
        1     Mg   1.0000   tau(    1) = (    0.40216    1.06063    0.87296  )
        2     Mg   1.0000   tau(    2) = (    0.63271    0.70646    0.29243  )
        3     Mg   1.0000   tau(    3) = (    0.91927    1.10991    0.85323  )
        4     Mg   1.0000   tau(    4) = (    0.14352    0.68963    0.28520  )
        5     Ga   1.0000   tau(    5) = (    0.39902    1.46246    0.98549  )
        6     Zr   1.0000   tau(    6) = (    0.63999    0.29629    0.08733  )
        7     Ga   1.0000   tau(    7) = (    0.86340    0.69938    0.67133  )
        8     Ga   1.0000   tau(    8) = (    0.17433    1.09710    0.47864  )
        9     H    1.0000   tau(    9) = (    0.06291    0.68449    0.56444  )
       10     H    1.0000   tau(   10) = (    0.97421    1.15350    0.58974  )
       11     H    1.0000   tau(   11) = (    0.57249    1.43800    1.13851  )
       12     H    1.0000   tau(   12) = (    0.41139    0.19275    0.02042  )
       13     H    1.0000   tau(   13) = (    0.33767    1.32330    0.82953  )
       14     H    1.0000   tau(   14) = (    0.68028    0.44964    0.30034  )
       15     H    1.0000   tau(   15) = (    0.83236    0.86691    0.80359  )
       16     H    1.0000   tau(   16) = (    0.13068    0.94693    0.33144  )
       17     H    1.0000   tau(   17) = (    0.91814    1.37744    0.85500  )
       18     H    1.0000   tau(   18) = (    0.15461    0.42960    0.30728  )
       19     H    1.0000   tau(   19) = (    0.45491    0.78760    0.83448  )
       20     H    1.0000   tau(   20) = (    0.61998    0.97204    0.32594  )
       21     H    1.0000   tau(   21) = (    0.16800    1.00110    0.90224  )
       22     H    1.0000   tau(   22) = (    0.87833    0.75043    0.20089  )
       23     H    1.0000   tau(   23) = (    0.65429    1.14218    0.91835  )
       24     H    1.0000   tau(   24) = (    0.38479    0.69034    0.34083  )
       25     H    1.0000   tau(   25) = (    0.35516    1.06366    0.59411  )
       26     H    1.0000   tau(   26) = (    0.68249    0.68146    0.55842  )
       27     H    1.0000   tau(   27) = (    0.90227    1.15629    1.10527  )
       28     H    1.0000   tau(   28) = (    0.20946    0.62430    0.00314  )

     Computing dynamical matrix for 
                    q = (   0.0000000   0.0000000   0.0000000 )

      2 Sym.Ops. (with q -> -q+G )


     G cutoff = 1990.3169  ( 324595 G-vectors)     FFT grid: ( 90, 75,125)
     G cutoff =  995.1585  ( 114835 G-vectors)  smooth grid: ( 64, 54, 90)

     number of k points=     8  Methfessel-Paxton smearing, width (Ry)=  0.0200

     PseudoPot. # 1 for Ga read from file:
     /home/marco/ZOS_Cloud_Compute/pseudo/Ga.UPF
     MD5 check sum: 79e63b61437c88080bf469cc04ca4be8
     Pseudo is Projector augmented-wave + core cor, Zval = 13.0
     Generated using "atomic" code by A. Dal Corso  v.5.1.2
     Shape of augmentation charge: PSQ
     Using radial grid of 1205 points,  6 beta functions with: 
                l(1) =   0
                l(2) =   0
                l(3) =   1
                l(4) =   1
                l(5) =   2
                l(6) =   2
     Q(r) pseudized with 0 coefficients 


     PseudoPot. # 2 for H  read from file:
     /home/marco/ZOS_Cloud_Compute/pseudo/H.UPF
     MD5 check sum: 850d63dcbcc06c5de8b44e0ab9f952da
     Pseudo is Projector augmented-wave, Zval =  1.0
     Generated using "atomic" code by A. Dal Corso  v.5.1.2
     Shape of augmentation charge: PSQ
     Using radial grid of  929 points,  2 beta functions with: 
                l(1) =   0
                l(2) =   0
     Q(r) pseudized with 0 coefficients 


     PseudoPot. # 3 for Mg read from file:
     /home/marco/ZOS_Cloud_Compute/pseudo/Mg.UPF
     MD5 check sum: a77e51077e70c6c73445c6cac60d158f
     Pseudo is Projector augmented-wave + core cor, Zval = 10.0
     Generated using ATOMPAW code
     Shape of augmentation charge: BESSEL
     Using radial grid of 1171 points,  6 beta functions with: 
                l(1) =   0
                l(2) =   0
                l(3) =   0
                l(4) =   0
                l(5) =   1
                l(6) =   1
     Q(r) pseudized with 0 coefficients 


     PseudoPot. # 4 for Zr read from file:
     /home/marco/ZOS_Cloud_Compute/pseudo/Zr.UPF
     MD5 check sum: 56bebf6edcd38415d7dd1a973c3f3403
     Pseudo is Ultrasoft + core correction, Zval = 12.0
     Generated by new atomic code, or converted to UPF format
     Using radial grid of  887 points,  6 beta functions with: 
                l(1) =   0
                l(2) =   0
                l(3) =   1
                l(4) =   1
                l(5) =   2
                l(6) =   2
     Q(r) pseudized with  6 coefficients,  rinner =    1.200   1.200   1.200
                                                       1.200   1.200


     Atomic displacements:
     There are   84 irreducible representations

     Representation     1      1 modes -  To be done

     Representation     2      1 modes -  To be done

     Representation     3      1 modes -  To be done

     Representation     4      1 modes -  To be done

     Representation     5      1 modes -  To be done

     Representation     6      1 modes -  To be done

     Representation     7      1 modes -  To be done

     Representation     8      1 modes -  To be done

     Representation     9      1 modes -  To be done

     Representation    10      1 modes -  To be done

     Representation    11      1 modes -  To be done

     Representation    12      1 modes -  To be done

     Representation    13      1 modes -  To be done

     Representation    14      1 modes -  To be done

     Representation    15      1 modes -  To be done

     Representation    16      1 modes -  To be done

     Representation    17      1 modes -  To be done

     Representation    18      1 modes -  To be done

     Representation    19      1 modes -  To be done

     Representation    20      1 modes -  To be done

     Representation    21      1 modes -  To be done

     Representation    22      1 modes -  To be done

     Representation    23      1 modes -  To be done

     Representation    24      1 modes -  To be done

     Representation    25      1 modes -  To be done

     Representation    26      1 modes -  To be done

     Representation    27      1 modes -  To be done

     Representation    28      1 modes -  To be done

     Representation    29      1 modes -  To be done

     Representation    30      1 modes -  To be done

     Representation    31      1 modes -  To be done

     Representation    32      1 modes -  To be done

     Representation    33      1 modes -  To be done

     Representation    34      1 modes -  To be done

     Representation    35      1 modes -  To be done

     Representation    36      1 modes -  To be done

     Representation    37      1 modes -  To be done

     Representation    38      1 modes -  To be done

     Representation    39      1 modes -  To be done

     Representation    40      1 modes -  To be done

     Representation    41      1 modes -  To be done

     Representation    42      1 modes -  To be done

     Representation    43      1 modes -  To be done

     Representation    44      1 modes -  To be done

     Representation    45      1 modes -  To be done

     Representation    46      1 modes -  To be done

     Representation    47      1 modes -  To be done

     Representation    48      1 modes -  To be done

     Representation    49      1 modes -  To be done

     Representation    50      1 modes -  To be done

     Representation    51      1 modes -  To be done

     Representation    52      1 modes -  To be done

     Representation    53      1 modes -  To be done

     Representation    54      1 modes -  To be done

     Representation    55      1 modes -  To be done

     Representation    56      1 modes -  To be done

     Representation    57      1 modes -  To be done

     Representation    58      1 modes -  To be done

     Representation    59      1 modes -  To be done

     Representation    60      1 modes -  To be done

     Representation    61      1 modes -  To be done

     Representation    62      1 modes -  To be done

     Representation    63      1 modes -  To be done

     Representation    64      1 modes -  To be done

     Representation    65      1 modes -  To be done

     Representation    66      1 modes -  To be done

     Representation    67      1 modes -  To be done

     Representation    68      1 modes -  To be done

     Representation    69      1 modes -  To be done

     Representation    70      1 modes -  To be done

     Representation    71      1 modes -  To be done

     Representation    72      1 modes -  To be done

     Representation    73      1 modes -  To be done

     Representation    74      1 modes -  To be done

     Representation    75      1 modes -  To be done

     Representation    76      1 modes -  To be done

     Representation    77      1 modes -  To be done

     Representation    78      1 modes -  To be done

     Representation    79      1 modes -  To be done

     Representation    80      1 modes -  To be done

     Representation    81      1 modes -  To be done

     Representation    82      1 modes -  To be done

     Representation    83      1 modes -  To be done

     Representation    84      1 modes -  To be done


     PHONON       :  14m38.74s CPU  11m40.16s WALL



     Representation #   1 mode #   1

     Self-consistent Calculation
     kpoint   1 ibnd  58 solve_linter: root not converged  1.378E+37
     kpoint   2 ibnd  58 solve_linter: root not converged  9.756E+37
     kpoint   3 ibnd  58 solve_linter: root not converged  3.436E+36
     kpoint   4 ibnd  58 solve_linter: root not converged  4.189E+40
     kpoint   5 ibnd  58 solve_linter: root not converged  1.750E+36
     kpoint   6 ibnd  58 solve_linter: root not converged  6.302E+38
     kpoint   7 ibnd  58 solve_linter: root not converged  4.257E+43
     kpoint   8 ibnd  57 solve_linter: root not converged  2.472E+44

     Pert. #  1: Fermi energy shift (Ry) =     3.6097E+50     0.0000E+00

      iter # 189 total cpu time :  2391.6 secs   av.it.: 400.0
      thresh= 1.000E-02 alpha_mix =  0.700 |ddv_scf|^2 =  8.383E+98
     kpoint   1 ibnd  58 solve_linter: root not converged  5.285E+43
     kpoint   2 ibnd  58 solve_linter: root not converged  2.430E+43
     kpoint   3 ibnd  58 solve_linter: root not converged  4.750E+42
     kpoint   4 ibnd  58 solve_linter: root not converged  3.122E+43
     kpoint   5 ibnd  58 solve_linter: root not converged  2.291E+43
     kpoint   6 ibnd  58 solve_linter: root not converged  1.253E+43
     kpoint   7 ibnd  58 solve_linter: root not converged  2.380E+42
     kpoint   8 ibnd  57 solve_linter: root not converged  7.599E+43

     Pert. #  1: Fermi energy shift (Ry) =    -3.3844E+50     0.0000E+00

      iter # 190 total cpu time :  4053.8 secs   av.it.: 400.0
      thresh= 1.000E-02 alpha_mix =  0.700 |ddv_scf|^2 =  9.762E+98
     kpoint   1 ibnd  58 solve_linter: root not converged  1.113E+44
     kpoint   2 ibnd  58 solve_linter: root not converged  1.244E+45
     kpoint   3 ibnd  58 solve_linter: root not converged  9.902E+43
     kpoint   4 ibnd  58 solve_linter: root not converged  5.807E+43
     kpoint   5 ibnd  58 solve_linter: root not converged  9.640E+43
     kpoint   6 ibnd  58 solve_linter: root not converged  2.160E+44
     kpoint   7 ibnd  58 solve_linter: root not converged  6.322E+43
     kpoint   8 ibnd  57 solve_linter: root not converged  3.239E+43

     Pert. #  1: Fermi energy shift (Ry) =    -6.0364E+50     0.0000E+00

      iter # 191 total cpu time :  5703.2 secs   av.it.: 400.0
      thresh= 1.000E-02 alpha_mix =  0.700 |ddv_scf|^2 =  2.261E+99
     kpoint   1 ibnd  58 solve_linter: root not converged  8.514E+43
     kpoint   2 ibnd  58 solve_linter: root not converged  9.062E+43
     kpoint   3 ibnd  58 solve_linter: root not converged  1.091E+44
     kpoint   4 ibnd  58 solve_linter: root not converged  1.764E+44
     kpoint   5 ibnd  58 solve_linter: root not converged  1.147E+45
     kpoint   6 ibnd  58 solve_linter: root not converged  2.023E+45
     kpoint   7 ibnd  58 solve_linter: root not converged  2.399E+43
     kpoint   8 ibnd  57 solve_linter: root not converged  7.495E+44

     Pert. #  1: Fermi energy shift (Ry) =     9.6304E+49     0.0000E+00

      iter # 192 total cpu time :  7349.6 secs   av.it.: 400.0
      thresh= 1.000E-02 alpha_mix =  0.700 |ddv_scf|^2 =  6.787E+98
     kpoint   1 ibnd  58 solve_linter: root not converged  3.292E+44
     kpoint   2 ibnd  58 solve_linter: root not converged  1.043E+44
     kpoint   3 ibnd  58 solve_linter: root not converged  9.328E+43
     kpoint   4 ibnd  58 solve_linter: root not converged  2.908E+44
     kpoint   5 ibnd  58 solve_linter: root not converged  2.608E+45
     kpoint   6 ibnd  58 solve_linter: root not converged  2.401E+45
     kpoint   7 ibnd  58 solve_linter: root not converged  1.911E+45
     kpoint   8 ibnd  57 solve_linter: root not converged  1.411E+44

     Pert. #  1: Fermi energy shift (Ry) =     5.0867E+50     0.0000E+00

      iter # 193 total cpu time :  8992.1 secs   av.it.: 400.0
      thresh= 1.000E-02 alpha_mix =  0.700 |ddv_scf|^2 =  1.476E+99
     kpoint   1 ibnd  58 solve_linter: root not converged  4.614E+45
     kpoint   2 ibnd  58 solve_linter: root not converged  4.033E+44
     kpoint   3 ibnd  58 solve_linter: root not converged  3.105E+44
     kpoint   4 ibnd  58 solve_linter: root not converged  3.463E+44
     kpoint   5 ibnd  58 solve_linter: root not converged  7.302E+44
     kpoint   6 ibnd  58 solve_linter: root not converged  1.078E+46
     kpoint   7 ibnd  58 solve_linter: root not converged  4.065E+44
     kpoint   8 ibnd  57 solve_linter: root not converged  5.256E+44

     Pert. #  1: Fermi energy shift (Ry) =    -1.7404E+51     0.0000E+00

      iter # 194 total cpu time : 10658.3 secs   av.it.: 400.0
      thresh= 1.000E-02 alpha_mix =  0.700 |ddv_scf|^2 =  1.283+100
     kpoint   1 ibnd  58 solve_linter: root not converged  3.309E+45
     kpoint   2 ibnd  58 solve_linter: root not converged  3.350E+44
     kpoint   3 ibnd  58 solve_linter: root not converged  4.607E+44
     kpoint   4 ibnd  58 solve_linter: root not converged  2.468E+44
     kpoint   5 ibnd  58 solve_linter: root not converged  2.083E+45
     kpoint   6 ibnd  58 solve_linter: root not converged  1.195E+46
     kpoint   7 ibnd  58 solve_linter: root not converged  2.634E+45
     kpoint   8 ibnd  57 solve_linter: root not converged  6.376E+45

     Pert. #  1: Fermi energy shift (Ry) =    -1.2954E+52     0.0000E+00

      iter # 195 total cpu time : 12302.5 secs   av.it.: 400.0
      thresh= 1.000E-02 alpha_mix =  0.700 |ddv_scf|^2 =  2.008+101
     kpoint   1 ibnd  58 solve_linter: root not converged  8.967E+44
     kpoint   2 ibnd  58 solve_linter: root not converged  5.194E+44
     kpoint   3 ibnd  58 solve_linter: root not converged  2.741E+44
     kpoint   4 ibnd  58 solve_linter: root not converged  2.786E+44
     kpoint   5 ibnd  58 solve_linter: root not converged  1.461E+46
     kpoint   6 ibnd  58 solve_linter: root not converged  2.069E+45
     kpoint   7 ibnd  58 solve_linter: root not converged  1.599E+45
     kpoint   8 ibnd  57 solve_linter: root not converged  4.275E+44

     Pert. #  1: Fermi energy shift (Ry) =    -1.2469E+52     0.0000E+00

      iter # 196 total cpu time : 13931.4 secs   av.it.: 400.0
      thresh= 1.000E-02 alpha_mix =  0.700 |ddv_scf|^2 =  2.334+102
     kpoint   1 ibnd  58 solve_linter: root not converged  1.442E+45
     kpoint   2 ibnd  58 solve_linter: root not converged  3.138E+45
     kpoint   3 ibnd  58 solve_linter: root not converged  2.526E+44
     kpoint   4 ibnd  58 solve_linter: root not converged  2.917E+44
     kpoint   5 ibnd  58 solve_linter: root not converged  2.596E+45
     kpoint   6 ibnd  58 solve_linter: root not converged  4.847E+45
     kpoint   7 ibnd  58 solve_linter: root not converged  1.454E+44
     kpoint   8 ibnd  57 solve_linter: root not converged  3.146E+46

     Pert. #  1: Fermi energy shift (Ry) =     1.4310E+52     0.0000E+00

      iter # 197 total cpu time : 15571.0 secs   av.it.: 400.0
      thresh= 1.000E-02 alpha_mix =  0.700 |ddv_scf|^2 =  1.672+103
     kpoint   1 ibnd  58 solve_linter: root not converged  3.572E+45
     kpoint   2 ibnd  58 solve_linter: root not converged  4.927E+46
     kpoint   3 ibnd  58 solve_linter: root not converged  1.123E+45
     kpoint   4 ibnd  58 solve_linter: root not converged  4.820E+45
     kpoint   5 ibnd  58 solve_linter: root not converged  2.113E+45
     kpoint   6 ibnd  58 solve_linter: root not converged  5.571E+47
     kpoint   7 ibnd  58 solve_linter: root not converged  1.300E+45
     kpoint   8 ibnd  57 solve_linter: root not converged  2.988E+45

     Pert. #  1: Fermi energy shift (Ry) =    -1.4844E+53     0.0000E+00

      iter # 198 total cpu time : 17194.5 secs   av.it.: 400.0
      thresh= 1.000E-02 alpha_mix =  0.700 |ddv_scf|^2 =  4.359+102
     kpoint   1 ibnd  58 solve_linter: root not converged  6.225E+46
     kpoint   2 ibnd  58 solve_linter: root not converged  1.279E+47
     kpoint   3 ibnd  58 solve_linter: root not converged  7.840E+45
     kpoint   4 ibnd  58 solve_linter: root not converged  3.038E+45
     kpoint   5 ibnd  58 solve_linter: root not converged  8.282E+45
     kpoint   6 ibnd  58 solve_linter: root not converged  4.209E+46
     kpoint   7 ibnd  58 solve_linter: root not converged  7.113E+45
     kpoint   8 ibnd  57 solve_linter: root not converged  5.374E+45

     Pert. #  1: Fermi energy shift (Ry) =    -9.8237E+52     0.0000E+00

      iter # 199 total cpu time : 18815.4 secs   av.it.: 400.0
      thresh= 1.000E-02 alpha_mix =  0.700 |ddv_scf|^2 =  9.349+102
     kpoint   1 ibnd  58 solve_linter: root not converged  1.076E+48
     kpoint   2 ibnd  58 solve_linter: root not converged  2.226E+47
     kpoint   3 ibnd  58 solve_linter: root not converged  1.874E+47
     kpoint   4 ibnd  58 solve_linter: root not converged  2.760E+46
     kpoint   5 ibnd  58 solve_linter: root not converged  1.500E+48
     kpoint   6 ibnd  58 solve_linter: root not converged  2.246E+47
     kpoint   7 ibnd  58 solve_linter: root not converged  2.270E+46
     kpoint   8 ibnd  57 solve_linter: root not converged  2.185E+47

     Pert. #  1: Fermi energy shift (Ry) =    -1.6123E+53     0.0000E+00

      iter # 200 total cpu time : 20436.6 secs   av.it.: 400.0
      thresh= 1.000E-02 alpha_mix =  0.700 |ddv_scf|^2 =  8.965+102
     kpoint   1 ibnd  58 solve_linter: root not converged  4.747E+46
     kpoint   2 ibnd  58 solve_linter: root not converged  5.614E+46
     kpoint   3 ibnd  58 solve_linter: root not converged  3.716E+46
     kpoint   4 ibnd  58 solve_linter: root not converged  2.362E+46
     kpoint   5 ibnd  58 solve_linter: root not converged  4.718E+49
     kpoint   6 ibnd  58 solve_linter: root not converged  1.874E+48
     kpoint   7 ibnd  58 solve_linter: root not converged  1.470E+46
     kpoint   8 ibnd  57 solve_linter: root not converged  6.147E+46

     Pert. #  1: Fermi energy shift (Ry) =     4.7789E+51     0.0000E+00

      iter # 201 total cpu time : 22037.5 secs   av.it.: 400.0
      thresh= 1.000E-02 alpha_mix =  0.700 |ddv_scf|^2 =  7.844+102
     kpoint   1 ibnd  58 solve_linter: root not converged  9.797E+46
     kpoint   2 ibnd  58 solve_linter: root not converged  3.276E+47
     kpoint   3 ibnd  58 solve_linter: root not converged  3.189E+46
     kpoint   4 ibnd  58 solve_linter: root not converged  1.734E+47
     kpoint   5 ibnd  58 solve_linter: root not converged  5.165E+47
     kpoint   6 ibnd  58 solve_linter: root not converged  4.045E+47
     kpoint   7 ibnd  58 solve_linter: root not converged  6.509E+47
     kpoint   8 ibnd  57 solve_linter: root not converged  3.967E+46

     Pert. #  1: Fermi energy shift (Ry) =    -2.0339E+53     0.0000E+00

      iter # 202 total cpu time : 23818.3 secs   av.it.: 400.0
      thresh= 1.000E-02 alpha_mix =  0.700 |ddv_scf|^2 =  1.133+104
     kpoint   1 ibnd  58 solve_linter: root not converged  4.073E+45
     kpoint   2 ibnd  58 solve_linter: root not converged  1.917E+46
     kpoint   3 ibnd  58 solve_linter: root not converged  7.670E+45
     kpoint   4 ibnd  58 solve_linter: root not converged  6.761E+46
     kpoint   5 ibnd  58 solve_linter: root not converged  1.174E+47
     kpoint   6 ibnd  58 solve_linter: root not converged  3.790E+46
     kpoint   7 ibnd  58 solve_linter: root not converged  9.292E+45
     kpoint   8 ibnd  57 solve_linter: root not converged  1.585E+46

     Pert. #  1: Fermi energy shift (Ry) =    -3.4894E+53     0.0000E+00

      iter # 203 total cpu time : 25570.0 secs   av.it.: 400.0
      thresh= 1.000E-02 alpha_mix =  0.700 |ddv_scf|^2 =  5.220+104
     kpoint   1 ibnd  58 solve_linter: root not converged  2.732E+47
     kpoint   2 ibnd  58 solve_linter: root not converged  2.759E+48
     kpoint   3 ibnd  58 solve_linter: root not converged  1.309E+46
     kpoint   4 ibnd  58 solve_linter: root not converged  3.143E+46
     kpoint   5 ibnd  58 solve_linter: root not converged  1.651E+48
     kpoint   6 ibnd  58 solve_linter: root not converged  5.821E+46
     kpoint   7 ibnd  58 solve_linter: root not converged  7.584E+46
     kpoint   8 ibnd  57 solve_linter: root not converged  9.180E+46

     Pert. #  1: Fermi energy shift (Ry) =     4.1416E+52     0.0000E+00

      iter # 204 total cpu time : 27330.9 secs   av.it.: 400.0
      thresh= 1.000E-02 alpha_mix =  0.700 |ddv_scf|^2 =  6.713+104
     kpoint   1 ibnd  58 solve_linter: root not converged  5.366E+46
     kpoint   2 ibnd  58 solve_linter: root not converged  4.913E+46
     kpoint   3 ibnd  58 solve_linter: root not converged  2.633E+46
     kpoint   4 ibnd  58 solve_linter: root not converged  3.390E+46
     kpoint   5 ibnd  58 solve_linter: root not converged  1.212E+47
     kpoint   6 ibnd  58 solve_linter: root not converged  6.954E+47
     kpoint   7 ibnd  58 solve_linter: root not converged  4.796E+45
     kpoint   8 ibnd  57 solve_linter: root not converged  3.520E+46

     Pert. #  1: Fermi energy shift (Ry) =    -7.0426E+54     0.0000E+00

      iter # 205 total cpu time : 29106.2 secs   av.it.: 400.0
      thresh= 1.000E-02 alpha_mix =  0.700 |ddv_scf|^2 =  4.027+105
     kpoint   1 ibnd  58 solve_linter: root not converged  2.673E+48
     kpoint   2 ibnd  58 solve_linter: root not converged  4.351E+47
     kpoint   3 ibnd  58 solve_linter: root not converged  9.620E+47
     kpoint   4 ibnd  58 solve_linter: root not converged  2.172E+46
     kpoint   5 ibnd  58 solve_linter: root not converged  1.804E+47
     kpoint   6 ibnd  58 solve_linter: root not converged  3.316E+47
     kpoint   7 ibnd  58 solve_linter: root not converged  3.651E+47
     kpoint   8 ibnd  57 solve_linter: root not converged  7.813E+46

     Pert. #  1: Fermi energy shift (Ry) =     5.2140E+54     0.0000E+00

      iter # 206 total cpu time : 30886.5 secs   av.it.: 400.0
      thresh= 1.000E-02 alpha_mix =  0.700 |ddv_scf|^2 =  3.856+107
     kpoint   1 ibnd  58 solve_linter: root not converged  1.200E+48
     kpoint   2 ibnd  58 solve_linter: root not converged  1.961E+47
     kpoint   3 ibnd  58 solve_linter: root not converged  1.561E+47
     kpoint   4 ibnd  58 solve_linter: root not converged  7.304E+47
     kpoint   5 ibnd  58 solve_linter: root not converged  1.138E+48
     kpoint   6 ibnd  58 solve_linter: root not converged  6.135E+47
     kpoint   7 ibnd  58 solve_linter: root not converged  1.663E+48
     kpoint   8 ibnd  57 solve_linter: root not converged  2.701E+47

     Pert. #  1: Fermi energy shift (Ry) =     4.5497E+54     0.0000E+00

      iter # 207 total cpu time : 32661.3 secs   av.it.: 400.0
      thresh= 1.000E-02 alpha_mix =  0.700 |ddv_scf|^2 =  2.251+107
     kpoint   1 ibnd  58 solve_linter: root not converged  2.449E+47
     kpoint   2 ibnd  58 solve_linter: root not converged  3.859E+48
     kpoint   3 ibnd  58 solve_linter: root not converged  3.424E+47
     kpoint   4 ibnd  58 solve_linter: root not converged  1.639E+49
     kpoint   5 ibnd  58 solve_linter: root not converged  1.748E+48
     kpoint   6 ibnd  58 solve_linter: root not converged  8.297E+49
     kpoint   7 ibnd  58 solve_linter: root not converged  1.276E+47
     kpoint   8 ibnd  57 solve_linter: root not converged  3.359E+47

     Pert. #  1: Fermi energy shift (Ry) =    -9.2272E+55     0.0000E+00

      iter # 208 total cpu time : 34432.5 secs   av.it.: 400.0
      thresh= 1.000E-02 alpha_mix =  0.700 |ddv_scf|^2 =  1.362+109
     kpoint   1 ibnd  58 solve_linter: root not converged  3.554E+47
     kpoint   2 ibnd  58 solve_linter: root not converged  1.982E+47
     kpoint   3 ibnd  58 solve_linter: root not converged  2.384E+47
     kpoint   4 ibnd  58 solve_linter: root not converged  8.607E+47
     kpoint   5 ibnd  58 solve_linter: root not converged  1.332E+48
     kpoint   6 ibnd  58 solve_linter: root not converged  2.231E+48
     kpoint   7 ibnd  58 solve_linter: root not converged  3.339E+47
     kpoint   8 ibnd  57 solve_linter: root not converged  5.985E+47

     Pert. #  1: Fermi energy shift (Ry) =    -2.1153E+57     0.0000E+00

      iter # 209 total cpu time : 36210.7 secs   av.it.: 400.0
      thresh= 1.000E-02 alpha_mix =  0.700 |ddv_scf|^2 =  5.387+111
     kpoint   1 ibnd  58 solve_linter: root not converged  2.016E+48
     kpoint   2 ibnd  58 solve_linter: root not converged  1.240E+49
     kpoint   3 ibnd  58 solve_linter: root not converged  5.867E+49
     kpoint   4 ibnd  58 solve_linter: root not converged  1.402E+49
     kpoint   5 ibnd  58 solve_linter: root not converged  4.484E+49
     kpoint   6 ibnd  58 solve_linter: root not converged  4.844E+49
     kpoint   7 ibnd  58 solve_linter: root not converged  1.508E+48
     kpoint   8 ibnd  57 solve_linter: root not converged  9.183E+48

     Pert. #  1: Fermi energy shift (Ry) =     1.4024E+56     0.0000E+00

      iter # 210 total cpu time : 37995.8 secs   av.it.: 400.0
      thresh= 1.000E-02 alpha_mix =  0.700 |ddv_scf|^2 =  1.886+112
     kpoint   1 ibnd  58 solve_linter: root not converged  1.260E+50
     kpoint   2 ibnd  58 solve_linter: root not converged  1.550E+49
     kpoint   3 ibnd  58 solve_linter: root not converged  2.381E+49
     kpoint   4 ibnd  58 solve_linter: root not converged  9.446E+49
     kpoint   5 ibnd  58 solve_linter: root not converged  2.206E+49
     kpoint   6 ibnd  58 solve_linter: root not converged  3.146E+49
     kpoint   7 ibnd  58 solve_linter: root not converged  3.059E+49
     kpoint   8 ibnd  57 solve_linter: root not converged  1.733E+49

     Pert. #  1: Fermi energy shift (Ry) =     9.9000E+57     0.0000E+00

      iter # 211 total cpu time : 39786.6 secs   av.it.: 400.0
      thresh= 1.000E-02 alpha_mix =  0.700 |ddv_scf|^2 =  4.273+113
     kpoint   1 ibnd  58 solve_linter: root not converged  3.718E+50
     kpoint   2 ibnd  58 solve_linter: root not converged  4.007E+49
     kpoint   3 ibnd  58 solve_linter: root not converged  3.039E+49
     kpoint   4 ibnd  58 solve_linter: root not converged  5.913E+49
     kpoint   5 ibnd  58 solve_linter: root not converged  7.380E+49
     kpoint   6 ibnd  58 solve_linter: root not converged  4.420E+50
     kpoint   7 ibnd  58 solve_linter: root not converged  1.360E+50
     kpoint   8 ibnd  57 solve_linter: root not converged  1.127E+50

     Pert. #  1: Fermi energy shift (Ry) =     3.6692E+57     0.0000E+00

      iter # 212 total cpu time : 41589.6 secs   av.it.: 400.0
      thresh= 1.000E-02 alpha_mix =  0.700 |ddv_scf|^2 =  1.661+113
     kpoint   1 ibnd  58 solve_linter: root not converged  5.843E+50
     kpoint   2 ibnd  58 solve_linter: root not converged  5.055E+50
     kpoint   3 ibnd  58 solve_linter: root not converged  8.051E+49
     kpoint   4 ibnd  58 solve_linter: root not converged  5.907E+49
     kpoint   5 ibnd  58 solve_linter: root not converged  3.653E+51
     kpoint   6 ibnd  58 solve_linter: root not converged  6.281E+50
     kpoint   7 ibnd  58 solve_linter: root not converged  3.627E+50
     kpoint   8 ibnd  57 solve_linter: root not converged  4.272E+51

     Pert. #  1: Fermi energy shift (Ry) =     8.4210E+58     0.0000E+00

      iter # 213 total cpu time : 43389.3 secs   av.it.: 400.0
      thresh= 1.000E-02 alpha_mix =  0.700 |ddv_scf|^2 =  7.316+115
     kpoint   1 ibnd  58 solve_linter: root not converged  3.276E+50
     kpoint   2 ibnd  58 solve_linter: root not converged  1.469E+52
     kpoint   3 ibnd  58 solve_linter: root not converged  1.691E+50
     kpoint   4 ibnd  58 solve_linter: root not converged  1.386E+50
     kpoint   5 ibnd  58 solve_linter: root not converged  5.601E+51
     kpoint   6 ibnd  58 solve_linter: root not converged  2.245E+51
     kpoint   7 ibnd  58 solve_linter: root not converged  7.159E+50
     kpoint   8 ibnd  57 solve_linter: root not converged  1.504E+51

     Pert. #  1: Fermi energy shift (Ry) =    -4.0395E+58     0.0000E+00

      iter # 214 total cpu time : 45179.8 secs   av.it.: 400.0
      thresh= 1.000E-02 alpha_mix =  0.700 |ddv_scf|^2 =  2.020+117
     kpoint   1 ibnd  58 solve_linter: root not converged  1.168E+51
     kpoint   2 ibnd  58 solve_linter: root not converged  9.335E+50
     kpoint   3 ibnd  58 solve_linter: root not converged  4.247E+50
     kpoint   4 ibnd  58 solve_linter: root not converged  7.050E+51
     kpoint   5 ibnd  58 solve_linter: root not converged  2.903E+52
     kpoint   6 ibnd  58 solve_linter: root not converged  5.251E+51
     kpoint   7 ibnd  58 solve_linter: root not converged  8.028E+50
     kpoint   8 ibnd  57 solve_linter: root not converged  5.491E+50

     Pert. #  1: Fermi energy shift (Ry) =     1.5346E+59     0.0000E+00

      iter # 215 total cpu time : 46971.3 secs   av.it.: 400.0
      thresh= 1.000E-02 alpha_mix =  0.700 |ddv_scf|^2 =  1.364+117
     kpoint   1 ibnd  58 solve_linter: root not converged  1.534E+51
     kpoint   2 ibnd  58 solve_linter: root not converged  2.124E+51
     kpoint   3 ibnd  58 solve_linter: root not converged  6.029E+50
     kpoint   4 ibnd  58 solve_linter: root not converged  2.454E+51
     kpoint   5 ibnd  58 solve_linter: root not converged  5.639E+51
     kpoint   6 ibnd  58 solve_linter: root not converged  1.263E+52
     kpoint   7 ibnd  58 solve_linter: root not converged  6.147E+51
     kpoint   8 ibnd  57 solve_linter: root not converged  3.546E+51

     Pert. #  1: Fermi energy shift (Ry) =     5.5555E+59     0.0000E+00

      iter # 216 total cpu time : 48766.5 secs   av.it.: 400.0
      thresh= 1.000E-02 alpha_mix =  0.700 |ddv_scf|^2 =  7.359+115
     kpoint   1 ibnd  58 solve_linter: root not converged  1.050E+51
     kpoint   2 ibnd  58 solve_linter: root not converged  1.238E+51
     kpoint   3 ibnd  58 solve_linter: root not converged  2.849E+52
     kpoint   4 ibnd  58 solve_linter: root not converged  2.353E+51
     kpoint   5 ibnd  58 solve_linter: root not converged  8.392E+51
     kpoint   6 ibnd  58 solve_linter: root not converged  3.732E+52
     kpoint   7 ibnd  58 solve_linter: root not converged  1.099E+51
     kpoint   8 ibnd  57 solve_linter: root not converged  9.984E+51

     Pert. #  1: Fermi energy shift (Ry) =    -1.3272E+60     0.0000E+00

      iter # 217 total cpu time : 50557.8 secs   av.it.: 400.0
      thresh= 1.000E-02 alpha_mix =  0.700 |ddv_scf|^2 =  2.017+117
     kpoint   1 ibnd  58 solve_linter: root not converged  4.756E+53
     kpoint   2 ibnd  58 solve_linter: root not converged  1.843E+54
     kpoint   3 ibnd  58 solve_linter: root not converged  7.383E+52
     kpoint   4 ibnd  58 solve_linter: root not converged  1.257E+54
     kpoint   5 ibnd  58 solve_linter: root not converged  3.757E+53
     kpoint   6 ibnd  58 solve_linter: root not converged  1.779E+54
     kpoint   7 ibnd  58 solve_linter: root not converged  1.190E+54
     kpoint   8 ibnd  57 solve_linter: root not converged  1.652E+53

     Pert. #  1: Fermi energy shift (Ry) =    -6.6250E+59     0.0000E+00

      iter # 218 total cpu time : 52350.4 secs   av.it.: 400.0
      thresh= 1.000E-02 alpha_mix =  0.700 |ddv_scf|^2 =  7.795+116
     kpoint   1 ibnd  58 solve_linter: root not converged  1.905E+53
     kpoint   2 ibnd  58 solve_linter: root not converged  7.574E+53
     kpoint   3 ibnd  58 solve_linter: root not converged  1.207E+53
     kpoint   4 ibnd  58 solve_linter: root not converged  8.893E+53
     kpoint   5 ibnd  58 solve_linter: root not converged  6.826E+53
     kpoint   6 ibnd  58 solve_linter: root not converged  2.830E+54
     kpoint   7 ibnd  58 solve_linter: root not converged  7.162E+52
     kpoint   8 ibnd  57 solve_linter: root not converged  5.929E+53

     Pert. #  1: Fermi energy shift (Ry) =    -1.0532E+60     0.0000E+00

      iter # 219 total cpu time : 54141.3 secs   av.it.: 400.0
      thresh= 1.000E-02 alpha_mix =  0.700 |ddv_scf|^2 =  2.156+117
     kpoint   1 ibnd  58 solve_linter: root not converged  4.148E+53
     kpoint   2 ibnd  58 solve_linter: root not converged  5.739E+52
     kpoint   3 ibnd  58 solve_linter: root not converged  1.571E+52
     kpoint   4 ibnd  58 solve_linter: root not converged  4.413E+54
     kpoint   5 ibnd  58 solve_linter: root not converged  8.984E+52
     kpoint   6 ibnd  58 solve_linter: root not converged  2.263E+53
     kpoint   7 ibnd  58 solve_linter: root not converged  5.366E+52
