
     Program PHONON v.6.7MaX starts on 22Feb2026 at 17:15:36 

     This program is part of the open-source Quantum ESPRESSO suite
     for quantum simulation of materials; please cite
         "P. Giannozzi et al., J. Phys.:Condens. Matter 21 395502 (2009);
         "P. Giannozzi et al., J. Phys.:Condens. Matter 29 465901 (2017);
          URL http://www.quantum-espresso.org", 
     in publications or presentations arising from this work. More details at
     http://www.quantum-espresso.org/quote

     Parallel version (MPI), running on     1 processors

     MPI processes distributed on     1 nodes
     Waiting for input...
     Reading input from standard input

     Reading xml data from directory:

     ./tmp/MgTiBH44.save/
     Message from routine read_pp_mesh:
     mismatch in mesh size, discarding the one in header
     file H.UPF: wavefunction(s)  1S renormalized

     IMPORTANT: XC functional enforced from input :
     Exchange-correlation= PBE
                           (   1   4   3   4   0   0   0)
     Any further DFT definition will be discarded
     Please, verify this is what you really want


     G-vector sticks info
     --------------------
     sticks:   dense  smooth     PW     G-vecs:    dense   smooth      PW
     Sum        3781    1893    549               169549    59955    9225


 %%%%%%%%%%%%%%%%%%%%%%%%%%%%%%%%%%%%%%%%%%%%%%%%%%%%%%%%%%%%%%%%%%%%%%%%%%%%%%
     Error in routine aainit (14):
     mx dimension too small
 %%%%%%%%%%%%%%%%%%%%%%%%%%%%%%%%%%%%%%%%%%%%%%%%%%%%%%%%%%%%%%%%%%%%%%%%%%%%%%

     stopping ...
--------------------------------------------------------------------------
MPI_ABORT was invoked on rank 0 in communicator MPI_COMM_WORLD
with errorcode 14.

NOTE: invoking MPI_ABORT causes Open MPI to kill all MPI processes.
You may or may not see output from other processes, depending on
exactly when Open MPI kills them.
--------------------------------------------------------------------------

     Program PHONON v.6.7MaX starts on  2Mar2026 at 16:10:57 

     This program is part of the open-source Quantum ESPRESSO suite
     for quantum simulation of materials; please cite
         "P. Giannozzi et al., J. Phys.:Condens. Matter 21 395502 (2009);
         "P. Giannozzi et al., J. Phys.:Condens. Matter 29 465901 (2017);
          URL http://www.quantum-espresso.org", 
     in publications or presentations arising from this work. More details at
     http://www.quantum-espresso.org/quote

     Parallel version (MPI), running on     2 processors

     MPI processes distributed on     1 nodes
     R & G space division:  proc/nbgrp/npool/nimage =       2
     Waiting for input...
     Reading input from standard input
     Message from routine ph_restart_set_filename :
     cannot open file for reading or writing
     Message from routine ph_restart_set_filename :
     cannot open file for reading or writing
     Run is not recoverable starting from scratch

     Reading xml data from directory:

     ./tmp/MgTiBH44.save/
     Message from routine read_pp_mesh:
     mismatch in mesh size, discarding the one in header
     file H.UPF: wavefunction(s)  1S renormalized

     IMPORTANT: XC functional enforced from input :
     Exchange-correlation= PBE
                           (   1   4   3   4   0   0   0)
     Any further DFT definition will be discarded
     Please, verify this is what you really want


     Parallelization info
     --------------------
     sticks:   dense  smooth     PW     G-vecs:    dense   smooth      PW
     Min        1890     946    274                84774    29977    4612
     Max        1891     947    275                84775    29978    4613
     Sum        3781    1893    549               169549    59955    9225

     Reading collected, re-writing distributed wavefunctions


     Dynamical matrices for ( 1, 1, 1)  uniform grid of q-points
     (   1 q-points):
       N         xq(1)         xq(2)         xq(3) 
       1   0.000000000   0.000000000   0.000000000

     Calculation of q =    0.0000000   0.0000000   0.0000000

     Phonons                                                                    

     bravais-lattice index     =            0
     lattice parameter (alat)  =      10.7690  a.u.
     unit-cell volume          =    1254.6598 (a.u.)^3
     number of atoms/cell      =           22
     number of atomic types    =            4
     kinetic-energy cut-off    =      50.0000  Ry
     charge density cut-off    =     400.0000  Ry
     convergence threshold     =      1.0E-14
     beta                      =       0.7000
     number of iterations used =            4
     Exchange-correlation= PBE
                           (   1   4   3   4   0   0   0)


     celldm(1)=   10.76901  celldm(2)=    0.00000  celldm(3)=    0.00000
     celldm(4)=    0.00000  celldm(5)=    0.00000  celldm(6)=    0.00000

     crystal axes: (cart. coord. in units of alat)
               a(1) = (  1.0119 -0.0045  0.0000 )  
               a(2) = ( -0.0045  1.0119 -0.0000 )  
               a(3) = (  0.0000 -0.0000  0.9811 )  

     reciprocal axes: (cart. coord. in units 2 pi/alat)
               b(1) = (  0.9883  0.0044 -0.0000 )  
               b(2) = (  0.0044  0.9883  0.0000 )  
               b(3) = ( -0.0000  0.0000  1.0192 )  


     Atoms inside the unit cell: 

     Cartesian axes

     site n.  atom      mass           positions (alat units)
        1     Ti   1.0000   tau(    1) = (    0.50368    0.50368    0.49783  )
        2     Mg   1.0000   tau(    2) = (   -0.00000    0.00000    0.99606  )
        3     B    1.0000   tau(    3) = (    0.23745    0.76991    0.73431  )
        4     B    1.0000   tau(    4) = (    0.76991    0.23745    0.73431  )
        5     B    1.0000   tau(    5) = (    0.73091    0.73090    0.23524  )
        6     B    1.0000   tau(    6) = (    0.27646    0.27646    0.23524  )
        7     H    1.0000   tau(    7) = (    0.04399    0.70539    0.80062  )
        8     H    1.0000   tau(    8) = (    0.96337    0.30197    0.80062  )
        9     H    1.0000   tau(    9) = (    0.52505    0.77961    0.28980  )
       10     H    1.0000   tau(   10) = (    0.48231    0.22775    0.28980  )
       11     H    1.0000   tau(   11) = (    0.30197    0.96337    0.80062  )
       12     H    1.0000   tau(   12) = (    0.70539    0.04399    0.80062  )
       13     H    1.0000   tau(   13) = (    0.77961    0.52505    0.28980  )
       14     H    1.0000   tau(   14) = (    0.22776    0.48231    0.28980  )
       15     H    1.0000   tau(   15) = (    0.38110    0.62626    0.81128  )
       16     H    1.0000   tau(   16) = (    0.62627    0.38110    0.81128  )
       17     H    1.0000   tau(   17) = (    0.86947    0.86947    0.32918  )
       18     H    1.0000   tau(   18) = (    0.13790    0.13790    0.32918  )
       19     H    1.0000   tau(   19) = (    0.23347    0.77389    0.51901  )
       20     H    1.0000   tau(   20) = (    0.77389    0.23347    0.51901  )
       21     H    1.0000   tau(   21) = (    0.73740    0.73740    0.02064  )
       22     H    1.0000   tau(   22) = (    0.26996    0.26996    0.02064  )

     Computing dynamical matrix for 
                    q = (   0.0000000   0.0000000   0.0000000 )

      2 Sym.Ops. (with q -> -q+G )


     G cutoff = 1175.0371  (  84775 G-vectors)     FFT grid: ( 72, 72, 72)
     G cutoff =  587.5186  (  29978 G-vectors)  smooth grid: ( 50, 50, 48)

     number of k points=     8  Methfessel-Paxton smearing, width (Ry)=  0.0200

     PseudoPot. # 1 for B  read from file:
     /home/marco/ZOS_Cloud_Compute/pseudo/B.UPF
     MD5 check sum: d9c678ba5d3b2fd7b74e61139c9288d8
     Pseudo is Projector augmented-wave + core cor, Zval =  3.0
     Generated using "atomic" code by A. Dal Corso  v.5.1.2
     Shape of augmentation charge: PSQ
     Using radial grid of 1059 points,  4 beta functions with: 
                l(1) =   0
                l(2) =   0
                l(3) =   1
                l(4) =   1
     Q(r) pseudized with 0 coefficients 


     PseudoPot. # 2 for H  read from file:
     /home/marco/ZOS_Cloud_Compute/pseudo/H.UPF
     MD5 check sum: 850d63dcbcc06c5de8b44e0ab9f952da
     Pseudo is Projector augmented-wave, Zval =  1.0
     Generated using "atomic" code by A. Dal Corso  v.5.1.2
     Shape of augmentation charge: PSQ
     Using radial grid of  929 points,  2 beta functions with: 
                l(1) =   0
                l(2) =   0
     Q(r) pseudized with 0 coefficients 


     PseudoPot. # 3 for Mg read from file:
     /home/marco/ZOS_Cloud_Compute/pseudo/Mg.UPF
     MD5 check sum: a77e51077e70c6c73445c6cac60d158f
     Pseudo is Projector augmented-wave + core cor, Zval = 10.0
     Generated using ATOMPAW code
     Shape of augmentation charge: BESSEL
     Using radial grid of 1171 points,  6 beta functions with: 
                l(1) =   0
                l(2) =   0
                l(3) =   0
                l(4) =   0
                l(5) =   1
                l(6) =   1
     Q(r) pseudized with 0 coefficients 


     PseudoPot. # 4 for Ti read from file:
     /home/marco/ZOS_Cloud_Compute/pseudo/Ti.UPF
     MD5 check sum: 8e4df49b7f0d34bbd5052bf3f5ea0213
     Pseudo is Ultrasoft, Zval = 12.0
     Generated by new atomic code, or converted to UPF format
     Using radial grid of  851 points,  6 beta functions with: 
                l(1) =   0
                l(2) =   0
                l(3) =   1
                l(4) =   1
                l(5) =   2
                l(6) =   2
     Q(r) pseudized with  8 coefficients,  rinner =    1.000   1.000   1.000
                                                       1.000   1.000


     Atomic displacements:
     There are   66 irreducible representations

     Representation     1      1 modes -  To be done

     Representation     2      1 modes -  To be done

     Representation     3      1 modes -  To be done

     Representation     4      1 modes -  To be done

     Representation     5      1 modes -  To be done

     Representation     6      1 modes -  To be done

     Representation     7      1 modes -  To be done

     Representation     8      1 modes -  To be done

     Representation     9      1 modes -  To be done

     Representation    10      1 modes -  To be done

     Representation    11      1 modes -  To be done

     Representation    12      1 modes -  To be done

     Representation    13      1 modes -  To be done

     Representation    14      1 modes -  To be done

     Representation    15      1 modes -  To be done

     Representation    16      1 modes -  To be done

     Representation    17      1 modes -  To be done

     Representation    18      1 modes -  To be done

     Representation    19      1 modes -  To be done

     Representation    20      1 modes -  To be done

     Representation    21      1 modes -  To be done

     Representation    22      1 modes -  To be done

     Representation    23      1 modes -  To be done

     Representation    24      1 modes -  To be done

     Representation    25      1 modes -  To be done

     Representation    26      1 modes -  To be done

     Representation    27      1 modes -  To be done

     Representation    28      1 modes -  To be done

     Representation    29      1 modes -  To be done

     Representation    30      1 modes -  To be done

     Representation    31      1 modes -  To be done

     Representation    32      1 modes -  To be done

     Representation    33      1 modes -  To be done

     Representation    34      1 modes -  To be done

     Representation    35      1 modes -  To be done

     Representation    36      1 modes -  To be done

     Representation    37      1 modes -  To be done

     Representation    38      1 modes -  To be done

     Representation    39      1 modes -  To be done

     Representation    40      1 modes -  To be done

     Representation    41      1 modes -  To be done

     Representation    42      1 modes -  To be done

     Representation    43      1 modes -  To be done

     Representation    44      1 modes -  To be done

     Representation    45      1 modes -  To be done

     Representation    46      1 modes -  To be done

     Representation    47      1 modes -  To be done

     Representation    48      1 modes -  To be done

     Representation    49      1 modes -  To be done

     Representation    50      1 modes -  To be done

     Representation    51      1 modes -  To be done

     Representation    52      1 modes -  To be done

     Representation    53      1 modes -  To be done

     Representation    54      1 modes -  To be done

     Representation    55      1 modes -  To be done

     Representation    56      1 modes -  To be done

     Representation    57      1 modes -  To be done

     Representation    58      1 modes -  To be done

     Representation    59      1 modes -  To be done

     Representation    60      1 modes -  To be done

     Representation    61      1 modes -  To be done

     Representation    62      1 modes -  To be done

     Representation    63      1 modes -  To be done

     Representation    64      1 modes -  To be done

     Representation    65      1 modes -  To be done

     Representation    66      1 modes -  To be done



     Alpha used in Ewald sum =   2.8000
     PHONON       :   2m55.35s CPU   3m54.21s WALL



     Representation #   1 mode #   1

     Self-consistent Calculation

     Pert. #  1: Fermi energy shift (Ry) =     3.7483E-07     2.1176E-22

      iter #   1 total cpu time :   253.8 secs   av.it.:   9.4
      thresh= 1.000E-02 alpha_mix =  0.700 |ddv_scf|^2 =  2.211E-06

     Pert. #  1: Fermi energy shift (Ry) =     1.7313E-05     6.6174E-24

      iter #   2 total cpu time :   281.8 secs   av.it.:  18.4
      thresh= 1.487E-04 alpha_mix =  0.700 |ddv_scf|^2 =  8.896E-07

     Pert. #  1: Fermi energy shift (Ry) =    -2.9992E-05     8.2718E-25

      iter #   3 total cpu time :   309.4 secs   av.it.:  18.2
      thresh= 9.432E-05 alpha_mix =  0.700 |ddv_scf|^2 =  1.878E-08

     Pert. #  1: Fermi energy shift (Ry) =     6.9390E-05     1.0340E-25

      iter #   4 total cpu time :   337.7 secs   av.it.:  19.2
      thresh= 1.370E-05 alpha_mix =  0.700 |ddv_scf|^2 =  3.327E-09

     Pert. #  1: Fermi energy shift (Ry) =    -1.6648E-04     5.1699E-26

      iter #   5 total cpu time :   365.8 secs   av.it.:  18.6
      thresh= 5.768E-06 alpha_mix =  0.700 |ddv_scf|^2 =  9.861E-11

     Pert. #  1: Fermi energy shift (Ry) =     3.3183E-04     5.1699E-26

      iter #   6 total cpu time :   394.8 secs   av.it.:  19.2
      thresh= 9.930E-07 alpha_mix =  0.700 |ddv_scf|^2 =  7.626E-12

     Pert. #  1: Fermi energy shift (Ry) =    -7.7729E-04     5.1699E-26

      iter #   7 total cpu time :   424.7 secs   av.it.:  20.0
      thresh= 2.762E-07 alpha_mix =  0.700 |ddv_scf|^2 =  2.120E-12

     Pert. #  1: Fermi energy shift (Ry) =     1.5579E-03     5.1699E-26

      iter #   8 total cpu time :   455.5 secs   av.it.:  20.8
      thresh= 1.456E-07 alpha_mix =  0.700 |ddv_scf|^2 =  4.311E-12

     Pert. #  1: Fermi energy shift (Ry) =    -3.6938E-04     5.1699E-26

      iter #   9 total cpu time :   484.6 secs   av.it.:  19.2
      thresh= 2.076E-07 alpha_mix =  0.700 |ddv_scf|^2 =  3.896E-13

     Pert. #  1: Fermi energy shift (Ry) =     7.2410E-06     5.1699E-26

      iter #  10 total cpu time :   514.0 secs   av.it.:  19.6
      thresh= 6.242E-08 alpha_mix =  0.700 |ddv_scf|^2 =  8.992E-15

     End of self-consistent calculation

     Convergence has been achieved 


     Representation #   2 mode #   2

     Self-consistent Calculation

     Pert. #  1: Fermi energy shift (Ry) =    -3.1161E-06     1.0588E-22

      iter #   1 total cpu time :   534.8 secs   av.it.:   9.4
      thresh= 1.000E-02 alpha_mix =  0.700 |ddv_scf|^2 =  2.211E-06

     Pert. #  1: Fermi energy shift (Ry) =     1.0159E-05     1.6544E-24

      iter #   2 total cpu time :   562.7 secs   av.it.:  18.4
      thresh= 1.487E-04 alpha_mix =  0.700 |ddv_scf|^2 =  8.897E-07

     Pert. #  1: Fermi energy shift (Ry) =    -1.1611E-05     8.2718E-25

      iter #   3 total cpu time :   590.3 secs   av.it.:  18.2
      thresh= 9.433E-05 alpha_mix =  0.700 |ddv_scf|^2 =  1.878E-08

     Pert. #  1: Fermi energy shift (Ry) =     2.6374E-05    -1.0340E-25

      iter #   4 total cpu time :   618.8 secs   av.it.:  19.0
      thresh= 1.370E-05 alpha_mix =  0.700 |ddv_scf|^2 =  3.326E-09

     Pert. #  1: Fermi energy shift (Ry) =    -6.2698E-05    -1.0340E-25

      iter #   5 total cpu time :   646.9 secs   av.it.:  18.5
      thresh= 5.767E-06 alpha_mix =  0.700 |ddv_scf|^2 =  9.858E-11

     Pert. #  1: Fermi energy shift (Ry) =     1.2628E-04    -5.1699E-26

      iter #   6 total cpu time :   675.5 secs   av.it.:  19.1
      thresh= 9.929E-07 alpha_mix =  0.700 |ddv_scf|^2 =  7.471E-12

     Pert. #  1: Fermi energy shift (Ry) =    -2.9524E-04    -5.1699E-26

      iter #   7 total cpu time :   704.7 secs   av.it.:  19.4
      thresh= 2.733E-07 alpha_mix =  0.700 |ddv_scf|^2 =  1.256E-12

     Pert. #  1: Fermi energy shift (Ry) =     7.9754E-04    -5.1699E-26

      iter #   8 total cpu time :   735.5 secs   av.it.:  21.0
      thresh= 1.121E-07 alpha_mix =  0.700 |ddv_scf|^2 =  1.328E-12

     Pert. #  1: Fermi energy shift (Ry) =    -7.0921E-04    -5.1699E-26

      iter #   9 total cpu time :   765.4 secs   av.it.:  19.9
      thresh= 1.152E-07 alpha_mix =  0.700 |ddv_scf|^2 =  9.405E-13

     Pert. #  1: Fermi energy shift (Ry) =     3.0154E-05    -5.1699E-26

      iter #  10 total cpu time :   794.3 secs   av.it.:  19.2
      thresh= 9.698E-08 alpha_mix =  0.700 |ddv_scf|^2 =  1.007E-14

     Pert. #  1: Fermi energy shift (Ry) =    -7.0228E-06    -5.1699E-26

      iter #  11 total cpu time :   824.7 secs   av.it.:  20.4
      thresh= 1.004E-08 alpha_mix =  0.700 |ddv_scf|^2 =  1.625E-15

     End of self-consistent calculation

     Convergence has been achieved 


     Representation #   3 mode #   3

     Self-consistent Calculation

     Pert. #  1: Fermi energy shift (Ry) =     2.1670E-02     0.0000E+00

      iter #   1 total cpu time :   845.0 secs   av.it.:   9.2
      thresh= 1.000E-02 alpha_mix =  0.700 |ddv_scf|^2 =  2.024E-06

     Pert. #  1: Fermi energy shift (Ry) =     1.8616E-01     0.0000E+00

      iter #   2 total cpu time :   873.2 secs   av.it.:  18.2
      thresh= 1.423E-04 alpha_mix =  0.700 |ddv_scf|^2 =  7.942E-07

     Pert. #  1: Fermi energy shift (Ry) =    -3.9555E-01     0.0000E+00

      iter #   3 total cpu time :   902.0 secs   av.it.:  18.9
      thresh= 8.912E-05 alpha_mix =  0.700 |ddv_scf|^2 =  2.824E-07

     Pert. #  1: Fermi energy shift (Ry) =     1.5667E-01     0.0000E+00

      iter #   4 total cpu time :   930.2 secs   av.it.:  18.6
      thresh= 5.314E-05 alpha_mix =  0.700 |ddv_scf|^2 =  4.689E-08

     Pert. #  1: Fermi energy shift (Ry) =    -1.5429E-02     0.0000E+00

      iter #   5 total cpu time :   958.8 secs   av.it.:  18.6
      thresh= 2.165E-05 alpha_mix =  0.700 |ddv_scf|^2 =  6.113E-09

     Pert. #  1: Fermi energy shift (Ry) =     8.0401E-03     0.0000E+00

      iter #   6 total cpu time :   986.2 secs   av.it.:  18.0
      thresh= 7.819E-06 alpha_mix =  0.700 |ddv_scf|^2 =  2.180E-10

     Pert. #  1: Fermi energy shift (Ry) =     5.7841E-04     0.0000E+00

      iter #   7 total cpu time :  1014.4 secs   av.it.:  18.9
      thresh= 1.476E-06 alpha_mix =  0.700 |ddv_scf|^2 =  7.708E-11

     Pert. #  1: Fermi energy shift (Ry) =     3.0787E-03     0.0000E+00

      iter #   8 total cpu time :  1041.5 secs   av.it.:  17.9
      thresh= 8.779E-07 alpha_mix =  0.700 |ddv_scf|^2 =  3.603E-12

     Pert. #  1: Fermi energy shift (Ry) =     3.9002E-03     0.0000E+00

      iter #   9 total cpu time :  1069.9 secs   av.it.:  18.8
      thresh= 1.898E-07 alpha_mix =  0.700 |ddv_scf|^2 =  1.279E-12

     Pert. #  1: Fermi energy shift (Ry) =     2.6321E-03     0.0000E+00

      iter #  10 total cpu time :  1098.4 secs   av.it.:  18.9
      thresh= 1.131E-07 alpha_mix =  0.700 |ddv_scf|^2 =  5.455E-13

     Pert. #  1: Fermi energy shift (Ry) =     3.2781E-03     0.0000E+00

      iter #  11 total cpu time :  1126.5 secs   av.it.:  18.6
      thresh= 7.386E-08 alpha_mix =  0.700 |ddv_scf|^2 =  3.063E-14

     Pert. #  1: Fermi energy shift (Ry) =     3.1848E-03     0.0000E+00

      iter #  12 total cpu time :  1154.8 secs   av.it.:  18.9
      thresh= 1.750E-08 alpha_mix =  0.700 |ddv_scf|^2 =  4.577E-15

     End of self-consistent calculation

     Convergence has been achieved 


     Representation #   4 mode #   4

     Self-consistent Calculation

     Pert. #  1: Fermi energy shift (Ry) =     2.2180E-06     2.1176E-22

      iter #   1 total cpu time :  1175.0 secs   av.it.:   9.0
      thresh= 1.000E-02 alpha_mix =  0.700 |ddv_scf|^2 =  7.047E-07

     Pert. #  1: Fermi energy shift (Ry) =     9.1424E-05    -1.0340E-25

      iter #   2 total cpu time :  1203.0 secs   av.it.:  18.5
      thresh= 8.395E-05 alpha_mix =  0.700 |ddv_scf|^2 =  7.597E-08

     Pert. #  1: Fermi energy shift (Ry) =    -2.0067E-04    -1.0340E-25

      iter #   3 total cpu time :  1231.6 secs   av.it.:  19.2
      thresh= 2.756E-05 alpha_mix =  0.700 |ddv_scf|^2 =  1.444E-08

     Pert. #  1: Fermi energy shift (Ry) =     3.8987E-04     1.0340E-25

      iter #   4 total cpu time :  1260.4 secs   av.it.:  19.2
      thresh= 1.202E-05 alpha_mix =  0.700 |ddv_scf|^2 =  8.612E-10

     Pert. #  1: Fermi energy shift (Ry) =    -1.0639E-03     2.5849E-26

      iter #   5 total cpu time :  1290.1 secs   av.it.:  20.0
      thresh= 2.935E-06 alpha_mix =  0.700 |ddv_scf|^2 =  3.900E-11

     Pert. #  1: Fermi energy shift (Ry) =     3.0343E-03     2.5849E-26

      iter #   6 total cpu time :  1321.5 secs   av.it.:  21.2
      thresh= 6.245E-07 alpha_mix =  0.700 |ddv_scf|^2 =  2.268E-11

     Pert. #  1: Fermi energy shift (Ry) =    -3.0882E-03     2.5849E-26

      iter #   7 total cpu time :  1352.4 secs   av.it.:  20.6
      thresh= 4.762E-07 alpha_mix =  0.700 |ddv_scf|^2 =  1.664E-11

     Pert. #  1: Fermi energy shift (Ry) =     6.3788E-04     2.5849E-26

      iter #   8 total cpu time :  1382.5 secs   av.it.:  20.0
      thresh= 4.079E-07 alpha_mix =  0.700 |ddv_scf|^2 =  1.237E-12

     Pert. #  1: Fermi energy shift (Ry) =    -3.1026E-05     2.5849E-26

      iter #   9 total cpu time :  1412.7 secs   av.it.:  20.2
      thresh= 1.112E-07 alpha_mix =  0.700 |ddv_scf|^2 =  2.300E-14

     Pert. #  1: Fermi energy shift (Ry) =    -2.5545E-06     2.5849E-26

      iter #  10 total cpu time :  1443.1 secs   av.it.:  20.4
      thresh= 1.517E-08 alpha_mix =  0.700 |ddv_scf|^2 =  2.847E-15

     End of self-consistent calculation

     Convergence has been achieved 


     Representation #   5 mode #   5

     Self-consistent Calculation

     Pert. #  1: Fermi energy shift (Ry) =     1.6953E-07    -1.0588E-22

      iter #   1 total cpu time :  1463.8 secs   av.it.:   9.1
      thresh= 1.000E-02 alpha_mix =  0.700 |ddv_scf|^2 =  7.046E-07

     Pert. #  1: Fermi energy shift (Ry) =     2.4976E-04     4.1359E-25

      iter #   2 total cpu time :  1492.3 secs   av.it.:  18.5
      thresh= 8.394E-05 alpha_mix =  0.700 |ddv_scf|^2 =  7.594E-08

     Pert. #  1: Fermi energy shift (Ry) =    -5.4989E-04     2.5849E-26

      iter #   3 total cpu time :  1521.5 secs   av.it.:  19.2
      thresh= 2.756E-05 alpha_mix =  0.700 |ddv_scf|^2 =  1.444E-08

     Pert. #  1: Fermi energy shift (Ry) =     1.0672E-03     5.1699E-26

      iter #   4 total cpu time :  1550.7 secs   av.it.:  19.2
      thresh= 1.202E-05 alpha_mix =  0.700 |ddv_scf|^2 =  8.629E-10

     Pert. #  1: Fermi energy shift (Ry) =    -2.9142E-03    -3.2312E-27

      iter #   5 total cpu time :  1580.8 secs   av.it.:  20.2
      thresh= 2.937E-06 alpha_mix =  0.700 |ddv_scf|^2 =  5.135E-11

     Pert. #  1: Fermi energy shift (Ry) =     7.6390E-03    -3.2312E-27

      iter #   6 total cpu time :  1612.7 secs   av.it.:  21.8
      thresh= 7.166E-07 alpha_mix =  0.700 |ddv_scf|^2 =  1.043E-10

     Pert. #  1: Fermi energy shift (Ry) =    -2.2030E-03    -3.2312E-27

      iter #   7 total cpu time :  1642.0 secs   av.it.:  19.4
      thresh= 1.021E-06 alpha_mix =  0.700 |ddv_scf|^2 =  9.869E-12

     Pert. #  1: Fermi energy shift (Ry) =     2.4130E-04    -3.2312E-27

      iter #   8 total cpu time :  1672.4 secs   av.it.:  20.6
      thresh= 3.142E-07 alpha_mix =  0.700 |ddv_scf|^2 =  6.891E-13

     Pert. #  1: Fermi energy shift (Ry) =    -2.3541E-05    -3.2312E-27

      iter #   9 total cpu time :  1702.3 secs   av.it.:  20.2
      thresh= 8.301E-08 alpha_mix =  0.700 |ddv_scf|^2 =  2.485E-14

     Pert. #  1: Fermi energy shift (Ry) =    -1.8852E-06    -3.2312E-27

      iter #  10 total cpu time :  1732.1 secs   av.it.:  20.2
      thresh= 1.576E-08 alpha_mix =  0.700 |ddv_scf|^2 =  2.993E-15

     End of self-consistent calculation

     Convergence has been achieved 


     Representation #   6 mode #   6

     Self-consistent Calculation

     Pert. #  1: Fermi energy shift (Ry) =    -1.1462E-02     0.0000E+00

      iter #   1 total cpu time :  1752.3 secs   av.it.:   8.6
      thresh= 1.000E-02 alpha_mix =  0.700 |ddv_scf|^2 =  6.634E-07

     Pert. #  1: Fermi energy shift (Ry) =    -1.4303E-01     0.0000E+00

      iter #   2 total cpu time :  1780.7 secs   av.it.:  18.9
      thresh= 8.145E-05 alpha_mix =  0.700 |ddv_scf|^2 =  1.031E-07

     Pert. #  1: Fermi energy shift (Ry) =     2.4131E-01     0.0000E+00

      iter #   3 total cpu time :  1810.8 secs   av.it.:  19.9
      thresh= 3.211E-05 alpha_mix =  0.700 |ddv_scf|^2 =  1.290E-07

     Pert. #  1: Fermi energy shift (Ry) =    -1.2223E-01     0.0000E+00

      iter #   4 total cpu time :  1839.8 secs   av.it.:  18.9
      thresh= 3.592E-05 alpha_mix =  0.700 |ddv_scf|^2 =  2.798E-08

     Pert. #  1: Fermi energy shift (Ry) =     8.1388E-03     0.0000E+00

      iter #   5 total cpu time :  1868.4 secs   av.it.:  19.1
      thresh= 1.673E-05 alpha_mix =  0.700 |ddv_scf|^2 =  1.639E-09

     Pert. #  1: Fermi energy shift (Ry) =    -8.9135E-03     0.0000E+00

      iter #   6 total cpu time :  1896.9 secs   av.it.:  18.9
      thresh= 4.049E-06 alpha_mix =  0.700 |ddv_scf|^2 =  1.243E-10

     Pert. #  1: Fermi energy shift (Ry) =    -4.0766E-03     0.0000E+00

      iter #   7 total cpu time :  1925.3 secs   av.it.:  18.6
      thresh= 1.115E-06 alpha_mix =  0.700 |ddv_scf|^2 =  2.153E-11

     Pert. #  1: Fermi energy shift (Ry) =    -4.2718E-03     0.0000E+00

      iter #   8 total cpu time :  1954.1 secs   av.it.:  18.9
      thresh= 4.640E-07 alpha_mix =  0.700 |ddv_scf|^2 =  3.552E-12

     Pert. #  1: Fermi energy shift (Ry) =    -4.6066E-03     0.0000E+00

      iter #   9 total cpu time :  1982.5 secs   av.it.:  18.2
      thresh= 1.885E-07 alpha_mix =  0.700 |ddv_scf|^2 =  4.254E-13

     Pert. #  1: Fermi energy shift (Ry) =    -3.8883E-03     0.0000E+00

      iter #  10 total cpu time :  2012.6 secs   av.it.:  19.9
      thresh= 6.522E-08 alpha_mix =  0.700 |ddv_scf|^2 =  3.339E-13

     Pert. #  1: Fermi energy shift (Ry) =    -4.4862E-03     0.0000E+00

      iter #  11 total cpu time :  2041.3 secs   av.it.:  18.9
      thresh= 5.779E-08 alpha_mix =  0.700 |ddv_scf|^2 =  7.768E-14

     Pert. #  1: Fermi energy shift (Ry) =    -4.2379E-03     0.0000E+00

      iter #  12 total cpu time :  2070.4 secs   av.it.:  19.2
      thresh= 2.787E-08 alpha_mix =  0.700 |ddv_scf|^2 =  1.948E-14

     Pert. #  1: Fermi energy shift (Ry) =    -4.2799E-03     0.0000E+00

      iter #  13 total cpu time :  2098.3 secs   av.it.:  18.2
      thresh= 1.396E-08 alpha_mix =  0.700 |ddv_scf|^2 =  9.119E-16

     End of self-consistent calculation

     Convergence has been achieved 


     Representation #   7 mode #   7

     Self-consistent Calculation

     Pert. #  1: Fermi energy shift (Ry) =    -7.8629E-02     2.0680E-25

      iter #   1 total cpu time :  2117.2 secs   av.it.:   7.8
      thresh= 1.000E-02 alpha_mix =  0.700 |ddv_scf|^2 =  9.164E-08

     Pert. #  1: Fermi energy shift (Ry) =     2.8086E-01     2.5849E-26

      iter #   2 total cpu time :  2148.2 secs   av.it.:  20.9
      thresh= 3.027E-05 alpha_mix =  0.700 |ddv_scf|^2 =  1.707E-07

     Pert. #  1: Fermi energy shift (Ry) =    -1.6719E-01     5.1699E-26

      iter #   3 total cpu time :  2177.4 secs   av.it.:  19.6
      thresh= 4.131E-05 alpha_mix =  0.700 |ddv_scf|^2 =  4.776E-08

     Pert. #  1: Fermi energy shift (Ry) =     1.5306E-02     2.5849E-26

      iter #   4 total cpu time :  2206.4 secs   av.it.:  18.9
      thresh= 2.185E-05 alpha_mix =  0.700 |ddv_scf|^2 =  4.734E-10

     Pert. #  1: Fermi energy shift (Ry) =     7.9460E-03     2.5849E-26

      iter #   5 total cpu time :  2235.6 secs   av.it.:  19.5
      thresh= 2.176E-06 alpha_mix =  0.700 |ddv_scf|^2 =  5.878E-11

     Pert. #  1: Fermi energy shift (Ry) =     4.5139E-03     2.5849E-26

      iter #   6 total cpu time :  2265.1 secs   av.it.:  19.8
      thresh= 7.667E-07 alpha_mix =  0.700 |ddv_scf|^2 =  5.589E-12

     Pert. #  1: Fermi energy shift (Ry) =     5.6556E-03     2.5849E-26

      iter #   7 total cpu time :  2295.3 secs   av.it.:  20.2
      thresh= 2.364E-07 alpha_mix =  0.700 |ddv_scf|^2 =  6.013E-13

     Pert. #  1: Fermi energy shift (Ry) =     5.6730E-03     2.5849E-26

      iter #   8 total cpu time :  2325.4 secs   av.it.:  20.4
      thresh= 7.754E-08 alpha_mix =  0.700 |ddv_scf|^2 =  1.491E-13

     Pert. #  1: Fermi energy shift (Ry) =     5.7063E-03     2.5849E-26

      iter #   9 total cpu time :  2354.4 secs   av.it.:  19.2
      thresh= 3.861E-08 alpha_mix =  0.700 |ddv_scf|^2 =  2.671E-14

     Pert. #  1: Fermi energy shift (Ry) =     5.4541E-03     2.5849E-26

      iter #  10 total cpu time :  2385.4 secs   av.it.:  20.6
      thresh= 1.634E-08 alpha_mix =  0.700 |ddv_scf|^2 =  3.407E-14

     Pert. #  1: Fermi energy shift (Ry) =     5.5957E-03     2.5849E-26

      iter #  11 total cpu time :  2414.9 secs   av.it.:  19.2
      thresh= 1.846E-08 alpha_mix =  0.700 |ddv_scf|^2 =  1.079E-15

     End of self-consistent calculation

     Convergence has been achieved 


     Representation #   8 mode #   8

     Self-consistent Calculation

     Pert. #  1: Fermi energy shift (Ry) =     7.8629E-02    -2.5849E-26

      iter #   1 total cpu time :  2434.4 secs   av.it.:   7.8
      thresh= 1.000E-02 alpha_mix =  0.700 |ddv_scf|^2 =  9.164E-08

     Pert. #  1: Fermi energy shift (Ry) =    -2.8085E-01     1.2925E-26

      iter #   2 total cpu time :  2465.7 secs   av.it.:  20.9
      thresh= 3.027E-05 alpha_mix =  0.700 |ddv_scf|^2 =  1.707E-07

     Pert. #  1: Fermi energy shift (Ry) =     1.6719E-01    -5.1699E-26

      iter #   3 total cpu time :  2495.9 secs   av.it.:  19.6
      thresh= 4.131E-05 alpha_mix =  0.700 |ddv_scf|^2 =  4.776E-08

     Pert. #  1: Fermi energy shift (Ry) =    -1.5305E-02    -1.2925E-26

      iter #   4 total cpu time :  2525.6 secs   av.it.:  18.8
      thresh= 2.185E-05 alpha_mix =  0.700 |ddv_scf|^2 =  4.734E-10

     Pert. #  1: Fermi energy shift (Ry) =    -7.9464E-03    -6.4623E-27

      iter #   5 total cpu time :  2555.8 secs   av.it.:  19.5
      thresh= 2.176E-06 alpha_mix =  0.700 |ddv_scf|^2 =  5.879E-11

     Pert. #  1: Fermi energy shift (Ry) =    -4.5135E-03    -3.2312E-27

      iter #   6 total cpu time :  2586.4 secs   av.it.:  19.8
      thresh= 7.667E-07 alpha_mix =  0.700 |ddv_scf|^2 =  5.588E-12

     Pert. #  1: Fermi energy shift (Ry) =    -5.6553E-03    -3.2312E-27

      iter #   7 total cpu time :  2617.6 secs   av.it.:  20.2
      thresh= 2.364E-07 alpha_mix =  0.700 |ddv_scf|^2 =  6.019E-13

     Pert. #  1: Fermi energy shift (Ry) =    -5.6726E-03    -3.2312E-27

      iter #   8 total cpu time :  2648.5 secs   av.it.:  20.4
      thresh= 7.759E-08 alpha_mix =  0.700 |ddv_scf|^2 =  1.492E-13

     Pert. #  1: Fermi energy shift (Ry) =    -5.7060E-03    -3.2312E-27

      iter #   9 total cpu time :  2678.8 secs   av.it.:  19.2
      thresh= 3.862E-08 alpha_mix =  0.700 |ddv_scf|^2 =  2.672E-14

     Pert. #  1: Fermi energy shift (Ry) =    -5.4538E-03    -3.2312E-27

      iter #  10 total cpu time :  2710.4 secs   av.it.:  20.6
      thresh= 1.635E-08 alpha_mix =  0.700 |ddv_scf|^2 =  3.406E-14

     Pert. #  1: Fermi energy shift (Ry) =    -5.5953E-03    -3.2312E-27

      iter #  11 total cpu time :  2740.4 secs   av.it.:  19.2
      thresh= 1.846E-08 alpha_mix =  0.700 |ddv_scf|^2 =  1.079E-15

     End of self-consistent calculation

     Convergence has been achieved 


     Representation #   9 mode #   9

     Self-consistent Calculation

     Pert. #  1: Fermi energy shift (Ry) =     8.1026E-02     0.0000E+00

      iter #   1 total cpu time :  2759.8 secs   av.it.:   7.2
      thresh= 1.000E-02 alpha_mix =  0.700 |ddv_scf|^2 =  8.061E-08

     Pert. #  1: Fermi energy shift (Ry) =    -2.3407E-01     0.0000E+00

      iter #   2 total cpu time :  2791.8 secs   av.it.:  20.4
      thresh= 2.839E-05 alpha_mix =  0.700 |ddv_scf|^2 =  1.141E-07

     Pert. #  1: Fermi energy shift (Ry) =     1.6909E-01     0.0000E+00

      iter #   3 total cpu time :  2821.8 secs   av.it.:  19.4
      thresh= 3.378E-05 alpha_mix =  0.700 |ddv_scf|^2 =  4.698E-08

     Pert. #  1: Fermi energy shift (Ry) =    -6.1348E-03     0.0000E+00

      iter #   4 total cpu time :  2850.7 secs   av.it.:  18.4
      thresh= 2.167E-05 alpha_mix =  0.700 |ddv_scf|^2 =  6.034E-10

     Pert. #  1: Fermi energy shift (Ry) =    -3.2439E-03     0.0000E+00

      iter #   5 total cpu time :  2879.6 secs   av.it.:  18.9
      thresh= 2.456E-06 alpha_mix =  0.700 |ddv_scf|^2 =  8.336E-11

     Pert. #  1: Fermi energy shift (Ry) =     5.9860E-04     0.0000E+00

      iter #   6 total cpu time :  2909.0 secs   av.it.:  19.2
      thresh= 9.130E-07 alpha_mix =  0.700 |ddv_scf|^2 =  3.231E-12

     Pert. #  1: Fermi energy shift (Ry) =     2.3825E-04     0.0000E+00

      iter #   7 total cpu time :  2939.1 secs   av.it.:  19.9
      thresh= 1.798E-07 alpha_mix =  0.700 |ddv_scf|^2 =  2.792E-13

     Pert. #  1: Fermi energy shift (Ry) =    -1.7582E-05     0.0000E+00

      iter #   8 total cpu time :  2969.6 secs   av.it.:  19.9
      thresh= 5.284E-08 alpha_mix =  0.700 |ddv_scf|^2 =  6.773E-14

     Pert. #  1: Fermi energy shift (Ry) =    -1.8767E-05     0.0000E+00

      iter #   9 total cpu time :  2998.6 secs   av.it.:  18.9
      thresh= 2.602E-08 alpha_mix =  0.700 |ddv_scf|^2 =  2.724E-14

     Pert. #  1: Fermi energy shift (Ry) =     1.8042E-04     0.0000E+00

      iter #  10 total cpu time :  3028.1 secs   av.it.:  19.8
      thresh= 1.651E-08 alpha_mix =  0.700 |ddv_scf|^2 =  2.316E-14

     Pert. #  1: Fermi energy shift (Ry) =     8.5260E-05     0.0000E+00

      iter #  11 total cpu time :  3056.1 secs   av.it.:  18.5
      thresh= 1.522E-08 alpha_mix =  0.700 |ddv_scf|^2 =  9.644E-16

     End of self-consistent calculation

     Convergence has been achieved 


     Representation #  10 mode #  10

     Self-consistent Calculation

     Pert. #  1: Fermi energy shift (Ry) =     7.8630E-02    -4.1359E-25

      iter #   1 total cpu time :  3074.8 secs   av.it.:   7.8
      thresh= 1.000E-02 alpha_mix =  0.700 |ddv_scf|^2 =  9.164E-08

     Pert. #  1: Fermi energy shift (Ry) =    -2.8086E-01     1.2925E-26

      iter #   2 total cpu time :  3105.6 secs   av.it.:  20.9
      thresh= 3.027E-05 alpha_mix =  0.700 |ddv_scf|^2 =  1.707E-07

     Pert. #  1: Fermi energy shift (Ry) =     1.6719E-01     5.1699E-26

      iter #   3 total cpu time :  3134.7 secs   av.it.:  19.6
      thresh= 4.131E-05 alpha_mix =  0.700 |ddv_scf|^2 =  4.776E-08

     Pert. #  1: Fermi energy shift (Ry) =    -1.5306E-02     2.5849E-26

      iter #   4 total cpu time :  3164.4 secs   av.it.:  18.9
      thresh= 2.185E-05 alpha_mix =  0.700 |ddv_scf|^2 =  4.735E-10

     Pert. #  1: Fermi energy shift (Ry) =    -7.9456E-03     1.2925E-26

      iter #   5 total cpu time :  3194.2 secs   av.it.:  19.5
      thresh= 2.176E-06 alpha_mix =  0.700 |ddv_scf|^2 =  5.878E-11

     Pert. #  1: Fermi energy shift (Ry) =    -4.5136E-03     1.2925E-26

      iter #   6 total cpu time :  3223.3 secs   av.it.:  19.8
      thresh= 7.667E-07 alpha_mix =  0.700 |ddv_scf|^2 =  5.589E-12

     Pert. #  1: Fermi energy shift (Ry) =    -5.6554E-03     1.2925E-26

      iter #   7 total cpu time :  3253.2 secs   av.it.:  20.2
      thresh= 2.364E-07 alpha_mix =  0.700 |ddv_scf|^2 =  6.012E-13

     Pert. #  1: Fermi energy shift (Ry) =    -5.6728E-03     1.2925E-26

      iter #   8 total cpu time :  3283.0 secs   av.it.:  20.2
      thresh= 7.754E-08 alpha_mix =  0.700 |ddv_scf|^2 =  1.490E-13

     Pert. #  1: Fermi energy shift (Ry) =    -5.7061E-03     1.2925E-26

      iter #   9 total cpu time :  3311.6 secs   av.it.:  19.2
      thresh= 3.861E-08 alpha_mix =  0.700 |ddv_scf|^2 =  2.670E-14

     Pert. #  1: Fermi energy shift (Ry) =    -5.4539E-03     1.2925E-26

      iter #  10 total cpu time :  3341.9 secs   av.it.:  20.6
      thresh= 1.634E-08 alpha_mix =  0.700 |ddv_scf|^2 =  3.406E-14

     Pert. #  1: Fermi energy shift (Ry) =    -5.5955E-03     1.2925E-26

      iter #  11 total cpu time :  3370.8 secs   av.it.:  19.2
      thresh= 1.846E-08 alpha_mix =  0.700 |ddv_scf|^2 =  1.079E-15

     End of self-consistent calculation

     Convergence has been achieved 


     Representation #  11 mode #  11

     Self-consistent Calculation

     Pert. #  1: Fermi energy shift (Ry) =    -7.8629E-02     1.0340E-25

      iter #   1 total cpu time :  3389.7 secs   av.it.:   7.8
      thresh= 1.000E-02 alpha_mix =  0.700 |ddv_scf|^2 =  9.164E-08

     Pert. #  1: Fermi energy shift (Ry) =     2.8085E-01    -2.5849E-26

      iter #   2 total cpu time :  3420.6 secs   av.it.:  20.9
      thresh= 3.027E-05 alpha_mix =  0.700 |ddv_scf|^2 =  1.707E-07

     Pert. #  1: Fermi energy shift (Ry) =    -1.6719E-01     1.2925E-26

      iter #   3 total cpu time :  3449.8 secs   av.it.:  19.6
      thresh= 4.131E-05 alpha_mix =  0.700 |ddv_scf|^2 =  4.776E-08

     Pert. #  1: Fermi energy shift (Ry) =     1.5305E-02    -1.2925E-26

      iter #   4 total cpu time :  3478.4 secs   av.it.:  18.9
      thresh= 2.185E-05 alpha_mix =  0.700 |ddv_scf|^2 =  4.734E-10

     Pert. #  1: Fermi energy shift (Ry) =     7.9460E-03    -1.2925E-26

      iter #   5 total cpu time :  3507.7 secs   av.it.:  19.5
      thresh= 2.176E-06 alpha_mix =  0.700 |ddv_scf|^2 =  5.878E-11

     Pert. #  1: Fermi energy shift (Ry) =     4.5136E-03    -1.2925E-26

      iter #   6 total cpu time :  3536.9 secs   av.it.:  19.8
      thresh= 7.667E-07 alpha_mix =  0.700 |ddv_scf|^2 =  5.588E-12

     Pert. #  1: Fermi energy shift (Ry) =     5.6554E-03    -1.2925E-26

      iter #   7 total cpu time :  3566.8 secs   av.it.:  20.2
      thresh= 2.364E-07 alpha_mix =  0.700 |ddv_scf|^2 =  6.018E-13

     Pert. #  1: Fermi energy shift (Ry) =     5.6728E-03    -1.2925E-26

      iter #   8 total cpu time :  3596.8 secs   av.it.:  20.4
      thresh= 7.757E-08 alpha_mix =  0.700 |ddv_scf|^2 =  1.491E-13

     Pert. #  1: Fermi energy shift (Ry) =     5.7061E-03    -1.2925E-26

      iter #   9 total cpu time :  3626.2 secs   av.it.:  19.2
      thresh= 3.862E-08 alpha_mix =  0.700 |ddv_scf|^2 =  2.671E-14

     Pert. #  1: Fermi energy shift (Ry) =     5.4539E-03    -1.2925E-26

      iter #  10 total cpu time :  3657.0 secs   av.it.:  20.6
      thresh= 1.634E-08 alpha_mix =  0.700 |ddv_scf|^2 =  3.407E-14

     Pert. #  1: Fermi energy shift (Ry) =     5.5955E-03    -1.2925E-26

      iter #  11 total cpu time :  3686.1 secs   av.it.:  19.2
      thresh= 1.846E-08 alpha_mix =  0.700 |ddv_scf|^2 =  1.079E-15

     End of self-consistent calculation

     Convergence has been achieved 


     Representation #  12 mode #  12

     Self-consistent Calculation

     Pert. #  1: Fermi energy shift (Ry) =     8.1028E-02     0.0000E+00

      iter #   1 total cpu time :  3704.8 secs   av.it.:   7.2
      thresh= 1.000E-02 alpha_mix =  0.700 |ddv_scf|^2 =  8.061E-08

     Pert. #  1: Fermi energy shift (Ry) =    -2.3408E-01     0.0000E+00

      iter #   2 total cpu time :  3735.6 secs   av.it.:  20.4
      thresh= 2.839E-05 alpha_mix =  0.700 |ddv_scf|^2 =  1.141E-07

     Pert. #  1: Fermi energy shift (Ry) =     1.6909E-01     0.0000E+00

      iter #   3 total cpu time :  3765.0 secs   av.it.:  19.2
      thresh= 3.378E-05 alpha_mix =  0.700 |ddv_scf|^2 =  4.698E-08

     Pert. #  1: Fermi energy shift (Ry) =    -6.1276E-03     0.0000E+00

      iter #   4 total cpu time :  3793.4 secs   av.it.:  18.5
      thresh= 2.167E-05 alpha_mix =  0.700 |ddv_scf|^2 =  6.033E-10

     Pert. #  1: Fermi energy shift (Ry) =    -3.2416E-03     0.0000E+00

      iter #   5 total cpu time :  3821.9 secs   av.it.:  18.9
      thresh= 2.456E-06 alpha_mix =  0.700 |ddv_scf|^2 =  8.334E-11

     Pert. #  1: Fermi energy shift (Ry) =     5.9789E-04     0.0000E+00

      iter #   6 total cpu time :  3851.0 secs   av.it.:  19.2
      thresh= 9.129E-07 alpha_mix =  0.700 |ddv_scf|^2 =  3.230E-12

     Pert. #  1: Fermi energy shift (Ry) =     2.3862E-04     0.0000E+00

      iter #   7 total cpu time :  3880.9 secs   av.it.:  19.9
      thresh= 1.797E-07 alpha_mix =  0.700 |ddv_scf|^2 =  2.793E-13

     Pert. #  1: Fermi energy shift (Ry) =    -1.7207E-05     0.0000E+00

      iter #   8 total cpu time :  3910.7 secs   av.it.:  19.9
      thresh= 5.285E-08 alpha_mix =  0.700 |ddv_scf|^2 =  6.767E-14

     Pert. #  1: Fermi energy shift (Ry) =    -1.8493E-05     0.0000E+00

      iter #   9 total cpu time :  3939.8 secs   av.it.:  18.9
      thresh= 2.601E-08 alpha_mix =  0.700 |ddv_scf|^2 =  2.726E-14

     Pert. #  1: Fermi energy shift (Ry) =     1.8073E-04     0.0000E+00

      iter #  10 total cpu time :  3969.1 secs   av.it.:  19.8
      thresh= 1.651E-08 alpha_mix =  0.700 |ddv_scf|^2 =  2.317E-14

     Pert. #  1: Fermi energy shift (Ry) =     8.5526E-05     0.0000E+00

      iter #  11 total cpu time :  3997.6 secs   av.it.:  18.8
      thresh= 1.522E-08 alpha_mix =  0.700 |ddv_scf|^2 =  9.655E-16

     End of self-consistent calculation

     Convergence has been achieved 


     Representation #  13 mode #  13

     Self-consistent Calculation

     Pert. #  1: Fermi energy shift (Ry) =     9.7593E-02    -5.1699E-26

      iter #   1 total cpu time :  4016.4 secs   av.it.:   7.9
      thresh= 1.000E-02 alpha_mix =  0.700 |ddv_scf|^2 =  8.616E-08

     Pert. #  1: Fermi energy shift (Ry) =    -2.6265E-01     1.0340E-25

      iter #   2 total cpu time :  4047.4 secs   av.it.:  20.9
      thresh= 2.935E-05 alpha_mix =  0.700 |ddv_scf|^2 =  1.608E-07

     Pert. #  1: Fermi energy shift (Ry) =     1.7237E-01    -2.5849E-26

      iter #   3 total cpu time :  4076.6 secs   av.it.:  19.6
      thresh= 4.010E-05 alpha_mix =  0.700 |ddv_scf|^2 =  4.452E-08

     Pert. #  1: Fermi energy shift (Ry) =    -4.4044E-03     2.5849E-26

      iter #   4 total cpu time :  4105.4 secs   av.it.:  18.8
      thresh= 2.110E-05 alpha_mix =  0.700 |ddv_scf|^2 =  4.931E-10

     Pert. #  1: Fermi energy shift (Ry) =     4.8236E-03     2.5849E-26

      iter #   5 total cpu time :  4134.8 secs   av.it.:  19.6
      thresh= 2.221E-06 alpha_mix =  0.700 |ddv_scf|^2 =  6.116E-11

     Pert. #  1: Fermi energy shift (Ry) =     7.6582E-03     2.5849E-26

      iter #   6 total cpu time :  4164.0 secs   av.it.:  19.4
      thresh= 7.820E-07 alpha_mix =  0.700 |ddv_scf|^2 =  6.974E-12

     Pert. #  1: Fermi energy shift (Ry) =     6.6064E-03     2.5849E-26

      iter #   7 total cpu time :  4193.8 secs   av.it.:  20.1
      thresh= 2.641E-07 alpha_mix =  0.700 |ddv_scf|^2 =  1.382E-12

     Pert. #  1: Fermi energy shift (Ry) =     6.4811E-03     2.5849E-26

      iter #   8 total cpu time :  4223.2 secs   av.it.:  19.5
      thresh= 1.175E-07 alpha_mix =  0.700 |ddv_scf|^2 =  1.540E-13

     Pert. #  1: Fermi energy shift (Ry) =     6.5063E-03     2.5849E-26

      iter #   9 total cpu time :  4252.5 secs   av.it.:  19.8
      thresh= 3.924E-08 alpha_mix =  0.700 |ddv_scf|^2 =  2.224E-14

     Pert. #  1: Fermi energy shift (Ry) =     6.7576E-03     2.5849E-26

      iter #  10 total cpu time :  4283.1 secs   av.it.:  20.9
      thresh= 1.491E-08 alpha_mix =  0.700 |ddv_scf|^2 =  4.299E-14

     Pert. #  1: Fermi energy shift (Ry) =     6.5934E-03     2.5849E-26

      iter #  11 total cpu time :  4311.5 secs   av.it.:  18.8
      thresh= 2.073E-08 alpha_mix =  0.700 |ddv_scf|^2 =  1.542E-15

     End of self-consistent calculation

     Convergence has been achieved 


     Representation #  14 mode #  14

     Self-consistent Calculation

     Pert. #  1: Fermi energy shift (Ry) =     9.7592E-02     2.0680E-25

      iter #   1 total cpu time :  4330.4 secs   av.it.:   7.9
      thresh= 1.000E-02 alpha_mix =  0.700 |ddv_scf|^2 =  8.616E-08

     Pert. #  1: Fermi energy shift (Ry) =    -2.6264E-01     1.2925E-26

      iter #   2 total cpu time :  4361.4 secs   av.it.:  20.9
      thresh= 2.935E-05 alpha_mix =  0.700 |ddv_scf|^2 =  1.608E-07

     Pert. #  1: Fermi energy shift (Ry) =     1.7237E-01    -2.5849E-26

      iter #   3 total cpu time :  4390.5 secs   av.it.:  19.6
      thresh= 4.009E-05 alpha_mix =  0.700 |ddv_scf|^2 =  4.452E-08

     Pert. #  1: Fermi energy shift (Ry) =    -4.4023E-03    -6.4623E-27

      iter #   4 total cpu time :  4418.9 secs   av.it.:  18.8
      thresh= 2.110E-05 alpha_mix =  0.700 |ddv_scf|^2 =  4.930E-10

     Pert. #  1: Fermi energy shift (Ry) =     4.8242E-03     4.0390E-28

      iter #   5 total cpu time :  4448.1 secs   av.it.:  19.6
      thresh= 2.220E-06 alpha_mix =  0.700 |ddv_scf|^2 =  6.116E-11

     Pert. #  1: Fermi energy shift (Ry) =     7.6591E-03    -8.0779E-28

      iter #   6 total cpu time :  4477.2 secs   av.it.:  19.4
      thresh= 7.820E-07 alpha_mix =  0.700 |ddv_scf|^2 =  6.976E-12

     Pert. #  1: Fermi energy shift (Ry) =     6.6071E-03    -8.0779E-28

      iter #   7 total cpu time :  4507.0 secs   av.it.:  20.1
      thresh= 2.641E-07 alpha_mix =  0.700 |ddv_scf|^2 =  1.382E-12

     Pert. #  1: Fermi energy shift (Ry) =     6.4818E-03    -8.0779E-28

      iter #   8 total cpu time :  4536.1 secs   av.it.:  19.5
      thresh= 1.176E-07 alpha_mix =  0.700 |ddv_scf|^2 =  1.540E-13

     Pert. #  1: Fermi energy shift (Ry) =     6.5069E-03    -8.0779E-28

      iter #   9 total cpu time :  4565.4 secs   av.it.:  19.8
      thresh= 3.924E-08 alpha_mix =  0.700 |ddv_scf|^2 =  2.225E-14

     Pert. #  1: Fermi energy shift (Ry) =     6.7582E-03    -8.0779E-28

      iter #  10 total cpu time :  4596.0 secs   av.it.:  20.9
      thresh= 1.492E-08 alpha_mix =  0.700 |ddv_scf|^2 =  4.299E-14

     Pert. #  1: Fermi energy shift (Ry) =     6.5940E-03    -8.0779E-28

      iter #  11 total cpu time :  4624.6 secs   av.it.:  18.8
      thresh= 2.074E-08 alpha_mix =  0.700 |ddv_scf|^2 =  1.542E-15

     End of self-consistent calculation

     Convergence has been achieved 


     Representation #  15 mode #  15

     Self-consistent Calculation

     Pert. #  1: Fermi energy shift (Ry) =    -1.0766E-01     0.0000E+00

      iter #   1 total cpu time :  4643.4 secs   av.it.:   7.5
      thresh= 1.000E-02 alpha_mix =  0.700 |ddv_scf|^2 =  8.331E-08

     Pert. #  1: Fermi energy shift (Ry) =     2.7831E-01     0.0000E+00

      iter #   2 total cpu time :  4674.0 secs   av.it.:  20.5
      thresh= 2.886E-05 alpha_mix =  0.700 |ddv_scf|^2 =  1.671E-07

     Pert. #  1: Fermi energy shift (Ry) =    -1.7419E-01     0.0000E+00

      iter #   3 total cpu time :  4702.9 secs   av.it.:  19.1
      thresh= 4.088E-05 alpha_mix =  0.700 |ddv_scf|^2 =  4.479E-08

     Pert. #  1: Fermi energy shift (Ry) =    -4.3097E-03     0.0000E+00

      iter #   4 total cpu time :  4731.2 secs   av.it.:  18.5
      thresh= 2.116E-05 alpha_mix =  0.700 |ddv_scf|^2 =  3.740E-10

     Pert. #  1: Fermi energy shift (Ry) =    -7.4732E-03     0.0000E+00

      iter #   5 total cpu time :  4760.4 secs   av.it.:  19.4
      thresh= 1.934E-06 alpha_mix =  0.700 |ddv_scf|^2 =  9.938E-11

     Pert. #  1: Fermi energy shift (Ry) =    -9.7199E-03     0.0000E+00

      iter #   6 total cpu time :  4788.8 secs   av.it.:  19.0
      thresh= 9.969E-07 alpha_mix =  0.700 |ddv_scf|^2 =  1.463E-11

     Pert. #  1: Fermi energy shift (Ry) =    -1.0025E-02     0.0000E+00

      iter #   7 total cpu time :  4817.7 secs   av.it.:  19.5
      thresh= 3.825E-07 alpha_mix =  0.700 |ddv_scf|^2 =  1.827E-12

     Pert. #  1: Fermi energy shift (Ry) =    -9.3862E-03     0.0000E+00

      iter #   8 total cpu time :  4847.6 secs   av.it.:  19.9
      thresh= 1.352E-07 alpha_mix =  0.700 |ddv_scf|^2 =  1.031E-13

     Pert. #  1: Fermi energy shift (Ry) =    -9.2834E-03     0.0000E+00

      iter #   9 total cpu time :  4877.4 secs   av.it.:  20.1
      thresh= 3.211E-08 alpha_mix =  0.700 |ddv_scf|^2 =  1.101E-13

     Pert. #  1: Fermi energy shift (Ry) =    -9.6270E-03     0.0000E+00

      iter #  10 total cpu time :  4906.2 secs   av.it.:  19.0
      thresh= 3.319E-08 alpha_mix =  0.700 |ddv_scf|^2 =  4.791E-14

     Pert. #  1: Fermi energy shift (Ry) =    -9.4506E-03     0.0000E+00

      iter #  11 total cpu time :  4935.1 secs   av.it.:  19.2
      thresh= 2.189E-08 alpha_mix =  0.700 |ddv_scf|^2 =  3.052E-15

     End of self-consistent calculation

     Convergence has been achieved 


     Representation #  16 mode #  16

     Self-consistent Calculation

     Pert. #  1: Fermi energy shift (Ry) =    -9.7593E-02     2.5849E-26

      iter #   1 total cpu time :  4954.0 secs   av.it.:   7.9
      thresh= 1.000E-02 alpha_mix =  0.700 |ddv_scf|^2 =  8.616E-08

     Pert. #  1: Fermi energy shift (Ry) =     2.6265E-01    -5.1699E-26

      iter #   2 total cpu time :  4985.0 secs   av.it.:  20.9
      thresh= 2.935E-05 alpha_mix =  0.700 |ddv_scf|^2 =  1.608E-07

     Pert. #  1: Fermi energy shift (Ry) =    -1.7237E-01     1.0340E-25

      iter #   3 total cpu time :  5014.2 secs   av.it.:  19.6
      thresh= 4.010E-05 alpha_mix =  0.700 |ddv_scf|^2 =  4.452E-08

     Pert. #  1: Fermi energy shift (Ry) =     4.4043E-03     3.2312E-27

      iter #   4 total cpu time :  5042.9 secs   av.it.:  18.9
      thresh= 2.110E-05 alpha_mix =  0.700 |ddv_scf|^2 =  4.931E-10

     Pert. #  1: Fermi energy shift (Ry) =    -4.8237E-03     1.6156E-27

      iter #   5 total cpu time :  5072.4 secs   av.it.:  19.6
      thresh= 2.221E-06 alpha_mix =  0.700 |ddv_scf|^2 =  6.115E-11

     Pert. #  1: Fermi energy shift (Ry) =    -7.6584E-03     1.6156E-27

      iter #   6 total cpu time :  5101.4 secs   av.it.:  19.4
      thresh= 7.820E-07 alpha_mix =  0.700 |ddv_scf|^2 =  6.973E-12

     Pert. #  1: Fermi energy shift (Ry) =    -6.6065E-03     1.6156E-27

      iter #   7 total cpu time :  5131.2 secs   av.it.:  20.1
      thresh= 2.641E-07 alpha_mix =  0.700 |ddv_scf|^2 =  1.381E-12

     Pert. #  1: Fermi energy shift (Ry) =    -6.4813E-03     1.6156E-27

      iter #   8 total cpu time :  5160.3 secs   av.it.:  19.5
      thresh= 1.175E-07 alpha_mix =  0.700 |ddv_scf|^2 =  1.540E-13

     Pert. #  1: Fermi energy shift (Ry) =    -6.5065E-03     1.6156E-27

      iter #   9 total cpu time :  5189.4 secs   av.it.:  19.9
      thresh= 3.924E-08 alpha_mix =  0.700 |ddv_scf|^2 =  2.224E-14

     Pert. #  1: Fermi energy shift (Ry) =    -6.7578E-03     1.6156E-27

      iter #  10 total cpu time :  5219.9 secs   av.it.:  20.9
      thresh= 1.491E-08 alpha_mix =  0.700 |ddv_scf|^2 =  4.300E-14

     Pert. #  1: Fermi energy shift (Ry) =    -6.5935E-03     1.6156E-27

      iter #  11 total cpu time :  5248.8 secs   av.it.:  18.8
      thresh= 2.074E-08 alpha_mix =  0.700 |ddv_scf|^2 =  1.542E-15

     End of self-consistent calculation

     Convergence has been achieved 


     Representation #  17 mode #  17

     Self-consistent Calculation

     Pert. #  1: Fermi energy shift (Ry) =    -9.7593E-02     2.0680E-25

      iter #   1 total cpu time :  5267.9 secs   av.it.:   7.9
      thresh= 1.000E-02 alpha_mix =  0.700 |ddv_scf|^2 =  8.616E-08

     Pert. #  1: Fermi energy shift (Ry) =     2.6264E-01    -5.1699E-26

      iter #   2 total cpu time :  5299.3 secs   av.it.:  21.0
      thresh= 2.935E-05 alpha_mix =  0.700 |ddv_scf|^2 =  1.608E-07

     Pert. #  1: Fermi energy shift (Ry) =    -1.7237E-01     2.5849E-26

      iter #   3 total cpu time :  5328.7 secs   av.it.:  19.6
      thresh= 4.009E-05 alpha_mix =  0.700 |ddv_scf|^2 =  4.452E-08

     Pert. #  1: Fermi energy shift (Ry) =     4.4022E-03    -1.2925E-26

      iter #   4 total cpu time :  5357.4 secs   av.it.:  18.8
      thresh= 2.110E-05 alpha_mix =  0.700 |ddv_scf|^2 =  4.930E-10

     Pert. #  1: Fermi energy shift (Ry) =    -4.8242E-03     6.4623E-27

      iter #   5 total cpu time :  5386.8 secs   av.it.:  19.8
      thresh= 2.220E-06 alpha_mix =  0.700 |ddv_scf|^2 =  6.115E-11

     Pert. #  1: Fermi energy shift (Ry) =    -7.6590E-03     3.2312E-27

      iter #   6 total cpu time :  5415.8 secs   av.it.:  19.4
      thresh= 7.820E-07 alpha_mix =  0.700 |ddv_scf|^2 =  6.975E-12

     Pert. #  1: Fermi energy shift (Ry) =    -6.6070E-03     3.2312E-27

      iter #   7 total cpu time :  5445.6 secs   av.it.:  20.1
      thresh= 2.641E-07 alpha_mix =  0.700 |ddv_scf|^2 =  1.382E-12

     Pert. #  1: Fermi energy shift (Ry) =    -6.4818E-03     3.2312E-27

      iter #   8 total cpu time :  5474.7 secs   av.it.:  19.5
      thresh= 1.176E-07 alpha_mix =  0.700 |ddv_scf|^2 =  1.540E-13

     Pert. #  1: Fermi energy shift (Ry) =    -6.5069E-03     3.2312E-27

      iter #   9 total cpu time :  5503.6 secs   av.it.:  19.8
      thresh= 3.924E-08 alpha_mix =  0.700 |ddv_scf|^2 =  2.225E-14

     Pert. #  1: Fermi energy shift (Ry) =    -6.7582E-03     3.2312E-27

      iter #  10 total cpu time :  5534.0 secs   av.it.:  20.9
      thresh= 1.492E-08 alpha_mix =  0.700 |ddv_scf|^2 =  4.300E-14

     Pert. #  1: Fermi energy shift (Ry) =    -6.5940E-03     3.2312E-27

      iter #  11 total cpu time :  5562.5 secs   av.it.:  18.8
      thresh= 2.074E-08 alpha_mix =  0.700 |ddv_scf|^2 =  1.542E-15

     End of self-consistent calculation

     Convergence has been achieved 


     Representation #  18 mode #  18

     Self-consistent Calculation

     Pert. #  1: Fermi energy shift (Ry) =    -1.0766E-01     0.0000E+00

      iter #   1 total cpu time :  5581.0 secs   av.it.:   7.5
      thresh= 1.000E-02 alpha_mix =  0.700 |ddv_scf|^2 =  8.331E-08

     Pert. #  1: Fermi energy shift (Ry) =     2.7832E-01     0.0000E+00

      iter #   2 total cpu time :  5611.5 secs   av.it.:  20.5
      thresh= 2.886E-05 alpha_mix =  0.700 |ddv_scf|^2 =  1.671E-07

     Pert. #  1: Fermi energy shift (Ry) =    -1.7419E-01     0.0000E+00

      iter #   3 total cpu time :  5640.3 secs   av.it.:  19.1
      thresh= 4.088E-05 alpha_mix =  0.700 |ddv_scf|^2 =  4.479E-08

     Pert. #  1: Fermi energy shift (Ry) =    -4.3089E-03     0.0000E+00

      iter #   4 total cpu time :  5668.5 secs   av.it.:  18.5
      thresh= 2.116E-05 alpha_mix =  0.700 |ddv_scf|^2 =  3.740E-10

     Pert. #  1: Fermi energy shift (Ry) =    -7.4727E-03     0.0000E+00

      iter #   5 total cpu time :  5697.4 secs   av.it.:  19.4
      thresh= 1.934E-06 alpha_mix =  0.700 |ddv_scf|^2 =  9.937E-11

     Pert. #  1: Fermi energy shift (Ry) =    -9.7195E-03     0.0000E+00

      iter #   6 total cpu time :  5725.5 secs   av.it.:  19.0
      thresh= 9.969E-07 alpha_mix =  0.700 |ddv_scf|^2 =  1.463E-11

     Pert. #  1: Fermi energy shift (Ry) =    -1.0024E-02     0.0000E+00

      iter #   7 total cpu time :  5754.4 secs   av.it.:  19.5
      thresh= 3.825E-07 alpha_mix =  0.700 |ddv_scf|^2 =  1.827E-12

     Pert. #  1: Fermi energy shift (Ry) =    -9.3860E-03     0.0000E+00

      iter #   8 total cpu time :  5784.1 secs   av.it.:  19.9
      thresh= 1.352E-07 alpha_mix =  0.700 |ddv_scf|^2 =  1.031E-13

     Pert. #  1: Fermi energy shift (Ry) =    -9.2833E-03     0.0000E+00

      iter #   9 total cpu time :  5813.8 secs   av.it.:  20.1
      thresh= 3.211E-08 alpha_mix =  0.700 |ddv_scf|^2 =  1.101E-13

     Pert. #  1: Fermi energy shift (Ry) =    -9.6268E-03     0.0000E+00

      iter #  10 total cpu time :  5842.3 secs   av.it.:  19.0
      thresh= 3.319E-08 alpha_mix =  0.700 |ddv_scf|^2 =  4.792E-14

     Pert. #  1: Fermi energy shift (Ry) =    -9.4504E-03     0.0000E+00

      iter #  11 total cpu time :  5870.8 secs   av.it.:  19.2
      thresh= 2.189E-08 alpha_mix =  0.700 |ddv_scf|^2 =  3.053E-15

     End of self-consistent calculation

     Convergence has been achieved 


     Representation #  19 mode #  19

     Self-consistent Calculation

     Pert. #  1: Fermi energy shift (Ry) =    -1.0119E-02     4.1359E-25

      iter #   1 total cpu time :  5887.6 secs   av.it.:   6.0
      thresh= 1.000E-02 alpha_mix =  0.700 |ddv_scf|^2 =  1.605E-08

     Pert. #  1: Fermi energy shift (Ry) =    -7.6777E-03     8.0779E-28

      iter #   2 total cpu time :  5917.6 secs   av.it.:  20.4
      thresh= 1.267E-05 alpha_mix =  0.700 |ddv_scf|^2 =  1.153E-08

     Pert. #  1: Fermi energy shift (Ry) =     1.8825E-02    -6.4623E-27

      iter #   3 total cpu time :  5946.8 secs   av.it.:  20.0
      thresh= 1.074E-05 alpha_mix =  0.700 |ddv_scf|^2 =  8.499E-10

     Pert. #  1: Fermi energy shift (Ry) =    -1.4898E-02    -3.2312E-27

      iter #   4 total cpu time :  5976.4 secs   av.it.:  19.9
      thresh= 2.915E-06 alpha_mix =  0.700 |ddv_scf|^2 =  4.138E-10

     Pert. #  1: Fermi energy shift (Ry) =     3.8943E-03    -3.2312E-27

      iter #   5 total cpu time :  6005.1 secs   av.it.:  19.1
      thresh= 2.034E-06 alpha_mix =  0.700 |ddv_scf|^2 =  3.599E-11

     Pert. #  1: Fermi energy shift (Ry) =     1.1199E-04    -3.2312E-27

      iter #   6 total cpu time :  6034.6 secs   av.it.:  19.8
      thresh= 5.999E-07 alpha_mix =  0.700 |ddv_scf|^2 =  1.466E-12

     Pert. #  1: Fermi energy shift (Ry) =     1.5817E-04    -3.2312E-27

      iter #   7 total cpu time :  6064.4 secs   av.it.:  20.4
      thresh= 1.211E-07 alpha_mix =  0.700 |ddv_scf|^2 =  2.577E-13

     Pert. #  1: Fermi energy shift (Ry) =     3.9881E-04    -3.2312E-27

      iter #   8 total cpu time :  6094.4 secs   av.it.:  20.4
      thresh= 5.076E-08 alpha_mix =  0.700 |ddv_scf|^2 =  7.709E-14

     Pert. #  1: Fermi energy shift (Ry) =     2.2424E-04    -3.2312E-27

      iter #   9 total cpu time :  6124.3 secs   av.it.:  20.5
      thresh= 2.777E-08 alpha_mix =  0.700 |ddv_scf|^2 =  2.347E-14

     Pert. #  1: Fermi energy shift (Ry) =     2.8603E-04    -3.2312E-27

      iter #  10 total cpu time :  6154.0 secs   av.it.:  19.9
      thresh= 1.532E-08 alpha_mix =  0.700 |ddv_scf|^2 =  4.245E-15

     End of self-consistent calculation

     Convergence has been achieved 


     Representation #  20 mode #  20

     Self-consistent Calculation

     Pert. #  1: Fermi energy shift (Ry) =     9.0962E-03    -1.0340E-25

      iter #   1 total cpu time :  6169.9 secs   av.it.:   5.4
      thresh= 1.000E-02 alpha_mix =  0.700 |ddv_scf|^2 =  9.521E-09

     Pert. #  1: Fermi energy shift (Ry) =    -6.5508E-02     6.4623E-27

      iter #   2 total cpu time :  6200.3 secs   av.it.:  20.8
      thresh= 9.757E-06 alpha_mix =  0.700 |ddv_scf|^2 =  1.128E-08

     Pert. #  1: Fermi energy shift (Ry) =     5.4001E-02    -6.4623E-27

      iter #   3 total cpu time :  6229.7 secs   av.it.:  19.8
      thresh= 1.062E-05 alpha_mix =  0.700 |ddv_scf|^2 =  5.059E-09

     Pert. #  1: Fermi energy shift (Ry) =    -1.0295E-02    -6.4623E-27

      iter #   4 total cpu time :  6258.1 secs   av.it.:  19.2
      thresh= 7.113E-06 alpha_mix =  0.700 |ddv_scf|^2 =  1.354E-10

     Pert. #  1: Fermi energy shift (Ry) =    -4.3958E-03    -3.2312E-27

      iter #   5 total cpu time :  6287.4 secs   av.it.:  20.0
      thresh= 1.163E-06 alpha_mix =  0.700 |ddv_scf|^2 =  1.238E-11

     Pert. #  1: Fermi energy shift (Ry) =    -2.8544E-03    -3.2312E-27

      iter #   6 total cpu time :  6316.4 secs   av.it.:  19.9
      thresh= 3.519E-07 alpha_mix =  0.700 |ddv_scf|^2 =  8.250E-13

     Pert. #  1: Fermi energy shift (Ry) =    -2.7384E-03    -3.2312E-27

      iter #   7 total cpu time :  6346.4 secs   av.it.:  20.4
      thresh= 9.083E-08 alpha_mix =  0.700 |ddv_scf|^2 =  2.274E-13

     Pert. #  1: Fermi energy shift (Ry) =    -3.0435E-03    -3.2312E-27

      iter #   8 total cpu time :  6376.5 secs   av.it.:  20.5
      thresh= 4.769E-08 alpha_mix =  0.700 |ddv_scf|^2 =  3.117E-14

     Pert. #  1: Fermi energy shift (Ry) =    -3.0209E-03    -3.2312E-27

      iter #   9 total cpu time :  6406.0 secs   av.it.:  20.0
      thresh= 1.765E-08 alpha_mix =  0.700 |ddv_scf|^2 =  7.982E-15

     End of self-consistent calculation

     Convergence has been achieved 


     Representation #  21 mode #  21

     Self-consistent Calculation

     Pert. #  1: Fermi energy shift (Ry) =     1.4663E-02     0.0000E+00

      iter #   1 total cpu time :  6422.1 secs   av.it.:   5.5
      thresh= 1.000E-02 alpha_mix =  0.700 |ddv_scf|^2 =  8.520E-09

     Pert. #  1: Fermi energy shift (Ry) =    -4.4774E-02     0.0000E+00

      iter #   2 total cpu time :  6452.5 secs   av.it.:  20.9
      thresh= 9.231E-06 alpha_mix =  0.700 |ddv_scf|^2 =  6.512E-09

     Pert. #  1: Fermi energy shift (Ry) =     4.2286E-02     0.0000E+00

      iter #   3 total cpu time :  6482.6 secs   av.it.:  20.1
      thresh= 8.070E-06 alpha_mix =  0.700 |ddv_scf|^2 =  3.077E-09

     Pert. #  1: Fermi energy shift (Ry) =    -1.0265E-02     0.0000E+00

      iter #   4 total cpu time :  6511.3 secs   av.it.:  18.9
      thresh= 5.547E-06 alpha_mix =  0.700 |ddv_scf|^2 =  2.241E-10

     Pert. #  1: Fermi energy shift (Ry) =    -2.8457E-03     0.0000E+00

      iter #   5 total cpu time :  6540.4 secs   av.it.:  19.6
      thresh= 1.497E-06 alpha_mix =  0.700 |ddv_scf|^2 =  1.205E-11

     Pert. #  1: Fermi energy shift (Ry) =    -1.3908E-03     0.0000E+00

      iter #   6 total cpu time :  6570.6 secs   av.it.:  20.1
      thresh= 3.471E-07 alpha_mix =  0.700 |ddv_scf|^2 =  8.972E-13

     Pert. #  1: Fermi energy shift (Ry) =    -1.1158E-03     0.0000E+00

      iter #   7 total cpu time :  6600.7 secs   av.it.:  20.4
      thresh= 9.472E-08 alpha_mix =  0.700 |ddv_scf|^2 =  2.337E-13

     Pert. #  1: Fermi energy shift (Ry) =    -1.4645E-03     0.0000E+00

      iter #   8 total cpu time :  6631.3 secs   av.it.:  21.0
      thresh= 4.834E-08 alpha_mix =  0.700 |ddv_scf|^2 =  5.245E-14

     Pert. #  1: Fermi energy shift (Ry) =    -1.4179E-03     0.0000E+00

      iter #   9 total cpu time :  6660.7 secs   av.it.:  20.1
      thresh= 2.290E-08 alpha_mix =  0.700 |ddv_scf|^2 =  1.550E-14

     Pert. #  1: Fermi energy shift (Ry) =    -1.3110E-03     0.0000E+00

      iter #  10 total cpu time :  6690.7 secs   av.it.:  20.2
      thresh= 1.245E-08 alpha_mix =  0.700 |ddv_scf|^2 =  7.193E-15

     End of self-consistent calculation

     Convergence has been achieved 


     Representation #  22 mode #  22

     Self-consistent Calculation

     Pert. #  1: Fermi energy shift (Ry) =     1.0119E-02    -1.0340E-25

      iter #   1 total cpu time :  6707.3 secs   av.it.:   6.0
      thresh= 1.000E-02 alpha_mix =  0.700 |ddv_scf|^2 =  1.605E-08

     Pert. #  1: Fermi energy shift (Ry) =     7.6776E-03    -4.0390E-28

      iter #   2 total cpu time :  6737.0 secs   av.it.:  20.4
      thresh= 1.267E-05 alpha_mix =  0.700 |ddv_scf|^2 =  1.152E-08

     Pert. #  1: Fermi energy shift (Ry) =    -1.8819E-02    -6.4623E-27

      iter #   3 total cpu time :  6766.2 secs   av.it.:  20.0
      thresh= 1.073E-05 alpha_mix =  0.700 |ddv_scf|^2 =  8.497E-10

     Pert. #  1: Fermi energy shift (Ry) =     1.4898E-02    -1.2925E-26

      iter #   4 total cpu time :  6796.5 secs   av.it.:  19.9
      thresh= 2.915E-06 alpha_mix =  0.700 |ddv_scf|^2 =  4.138E-10

     Pert. #  1: Fermi energy shift (Ry) =    -3.8933E-03    -6.4623E-27

      iter #   5 total cpu time :  6826.5 secs   av.it.:  19.2
      thresh= 2.034E-06 alpha_mix =  0.700 |ddv_scf|^2 =  3.597E-11

     Pert. #  1: Fermi energy shift (Ry) =    -1.1194E-04    -6.4623E-27

      iter #   6 total cpu time :  6856.3 secs   av.it.:  19.6
      thresh= 5.997E-07 alpha_mix =  0.700 |ddv_scf|^2 =  1.467E-12

     Pert. #  1: Fermi energy shift (Ry) =    -1.5828E-04    -6.4623E-27

      iter #   7 total cpu time :  6886.5 secs   av.it.:  20.4
      thresh= 1.211E-07 alpha_mix =  0.700 |ddv_scf|^2 =  2.575E-13

     Pert. #  1: Fermi energy shift (Ry) =    -3.9893E-04    -6.4623E-27

      iter #   8 total cpu time :  6916.7 secs   av.it.:  20.4
      thresh= 5.075E-08 alpha_mix =  0.700 |ddv_scf|^2 =  7.713E-14

     Pert. #  1: Fermi energy shift (Ry) =    -2.2433E-04    -6.4623E-27

      iter #   9 total cpu time :  6946.9 secs   av.it.:  20.5
      thresh= 2.777E-08 alpha_mix =  0.700 |ddv_scf|^2 =  2.347E-14

     Pert. #  1: Fermi energy shift (Ry) =    -2.8620E-04    -6.4623E-27

      iter #  10 total cpu time :  6976.5 secs   av.it.:  19.9
      thresh= 1.532E-08 alpha_mix =  0.700 |ddv_scf|^2 =  4.256E-15

     End of self-consistent calculation

     Convergence has been achieved 


     Representation #  23 mode #  23

     Self-consistent Calculation

     Pert. #  1: Fermi energy shift (Ry) =    -9.0962E-03     2.5849E-26

      iter #   1 total cpu time :  6992.6 secs   av.it.:   5.4
      thresh= 1.000E-02 alpha_mix =  0.700 |ddv_scf|^2 =  9.521E-09

     Pert. #  1: Fermi energy shift (Ry) =     6.5507E-02     3.2312E-27

      iter #   2 total cpu time :  7022.6 secs   av.it.:  20.8
      thresh= 9.757E-06 alpha_mix =  0.700 |ddv_scf|^2 =  1.128E-08

     Pert. #  1: Fermi energy shift (Ry) =    -5.4001E-02     6.4623E-27

      iter #   3 total cpu time :  7052.1 secs   av.it.:  19.8
      thresh= 1.062E-05 alpha_mix =  0.700 |ddv_scf|^2 =  5.059E-09

     Pert. #  1: Fermi energy shift (Ry) =     1.0295E-02    -4.0390E-28

      iter #   4 total cpu time :  7081.2 secs   av.it.:  19.2
      thresh= 7.113E-06 alpha_mix =  0.700 |ddv_scf|^2 =  1.354E-10

     Pert. #  1: Fermi energy shift (Ry) =     4.3957E-03     3.2312E-27

      iter #   5 total cpu time :  7110.6 secs   av.it.:  19.9
      thresh= 1.163E-06 alpha_mix =  0.700 |ddv_scf|^2 =  1.238E-11

     Pert. #  1: Fermi energy shift (Ry) =     2.8543E-03     3.2312E-27

      iter #   6 total cpu time :  7139.7 secs   av.it.:  19.9
      thresh= 3.519E-07 alpha_mix =  0.700 |ddv_scf|^2 =  8.249E-13

     Pert. #  1: Fermi energy shift (Ry) =     2.7383E-03     3.2312E-27

      iter #   7 total cpu time :  7169.6 secs   av.it.:  20.4
      thresh= 9.083E-08 alpha_mix =  0.700 |ddv_scf|^2 =  2.274E-13

     Pert. #  1: Fermi energy shift (Ry) =     3.0434E-03     3.2312E-27

      iter #   8 total cpu time :  7199.8 secs   av.it.:  20.5
      thresh= 4.768E-08 alpha_mix =  0.700 |ddv_scf|^2 =  3.117E-14

     Pert. #  1: Fermi energy shift (Ry) =     3.0208E-03     3.2312E-27

      iter #   9 total cpu time :  7229.3 secs   av.it.:  20.1
      thresh= 1.765E-08 alpha_mix =  0.700 |ddv_scf|^2 =  7.982E-15

     End of self-consistent calculation

     Convergence has been achieved 


     Representation #  24 mode #  24

     Self-consistent Calculation

     Pert. #  1: Fermi energy shift (Ry) =     1.4663E-02     0.0000E+00

      iter #   1 total cpu time :  7245.4 secs   av.it.:   5.5
      thresh= 1.000E-02 alpha_mix =  0.700 |ddv_scf|^2 =  8.520E-09

     Pert. #  1: Fermi energy shift (Ry) =    -4.4773E-02     0.0000E+00

      iter #   2 total cpu time :  7275.7 secs   av.it.:  20.9
      thresh= 9.231E-06 alpha_mix =  0.700 |ddv_scf|^2 =  6.512E-09

     Pert. #  1: Fermi energy shift (Ry) =     4.2285E-02     0.0000E+00

      iter #   3 total cpu time :  7306.0 secs   av.it.:  20.1
      thresh= 8.070E-06 alpha_mix =  0.700 |ddv_scf|^2 =  3.077E-09

     Pert. #  1: Fermi energy shift (Ry) =    -1.0265E-02     0.0000E+00

      iter #   4 total cpu time :  7334.7 secs   av.it.:  18.9
      thresh= 5.547E-06 alpha_mix =  0.700 |ddv_scf|^2 =  2.241E-10

     Pert. #  1: Fermi energy shift (Ry) =    -2.8460E-03     0.0000E+00

      iter #   5 total cpu time :  7363.8 secs   av.it.:  19.5
      thresh= 1.497E-06 alpha_mix =  0.700 |ddv_scf|^2 =  1.205E-11

     Pert. #  1: Fermi energy shift (Ry) =    -1.3910E-03     0.0000E+00

      iter #   6 total cpu time :  7393.8 secs   av.it.:  20.1
      thresh= 3.471E-07 alpha_mix =  0.700 |ddv_scf|^2 =  8.973E-13

     Pert. #  1: Fermi energy shift (Ry) =    -1.1159E-03     0.0000E+00

      iter #   7 total cpu time :  7423.7 secs   av.it.:  20.4
      thresh= 9.472E-08 alpha_mix =  0.700 |ddv_scf|^2 =  2.338E-13

     Pert. #  1: Fermi energy shift (Ry) =    -1.4647E-03     0.0000E+00

      iter #   8 total cpu time :  7454.3 secs   av.it.:  21.0
      thresh= 4.835E-08 alpha_mix =  0.700 |ddv_scf|^2 =  5.247E-14

     Pert. #  1: Fermi energy shift (Ry) =    -1.4180E-03     0.0000E+00

      iter #   9 total cpu time :  7484.0 secs   av.it.:  20.1
      thresh= 2.291E-08 alpha_mix =  0.700 |ddv_scf|^2 =  1.550E-14

     Pert. #  1: Fermi energy shift (Ry) =    -1.3111E-03     0.0000E+00

      iter #  10 total cpu time :  7514.4 secs   av.it.:  20.2
      thresh= 1.245E-08 alpha_mix =  0.700 |ddv_scf|^2 =  7.199E-15

     End of self-consistent calculation

     Convergence has been achieved 


     Representation #  25 mode #  25

     Self-consistent Calculation

     Pert. #  1: Fermi energy shift (Ry) =     4.5920E-03    -4.1359E-25

      iter #   1 total cpu time :  7531.8 secs   av.it.:   6.4
      thresh= 1.000E-02 alpha_mix =  0.700 |ddv_scf|^2 =  1.904E-08

     Pert. #  1: Fermi energy shift (Ry) =    -6.5611E-02     6.4623E-27

      iter #   2 total cpu time :  7563.2 secs   av.it.:  21.0
      thresh= 1.380E-05 alpha_mix =  0.700 |ddv_scf|^2 =  2.155E-08

     Pert. #  1: Fermi energy shift (Ry) =     5.8240E-02    -1.2925E-26

      iter #   3 total cpu time :  7593.4 secs   av.it.:  20.1
      thresh= 1.468E-05 alpha_mix =  0.700 |ddv_scf|^2 =  6.077E-09

     Pert. #  1: Fermi energy shift (Ry) =    -1.0410E-02    -1.2925E-26

      iter #   4 total cpu time :  7622.5 secs   av.it.:  19.4
      thresh= 7.796E-06 alpha_mix =  0.700 |ddv_scf|^2 =  1.807E-10

     Pert. #  1: Fermi energy shift (Ry) =    -2.8396E-03    -1.2925E-26

      iter #   5 total cpu time :  7652.1 secs   av.it.:  19.8
      thresh= 1.344E-06 alpha_mix =  0.700 |ddv_scf|^2 =  2.081E-11

     Pert. #  1: Fermi energy shift (Ry) =    -3.4194E-03    -1.2925E-26

      iter #   6 total cpu time :  7681.1 secs   av.it.:  19.4
      thresh= 4.562E-07 alpha_mix =  0.700 |ddv_scf|^2 =  1.420E-12

     Pert. #  1: Fermi energy shift (Ry) =    -3.0891E-03    -1.2925E-26

      iter #   7 total cpu time :  7711.0 secs   av.it.:  20.2
      thresh= 1.192E-07 alpha_mix =  0.700 |ddv_scf|^2 =  2.500E-13

     Pert. #  1: Fermi energy shift (Ry) =    -3.1600E-03    -1.2925E-26

      iter #   8 total cpu time :  7740.7 secs   av.it.:  20.4
      thresh= 5.000E-08 alpha_mix =  0.700 |ddv_scf|^2 =  6.925E-14

     Pert. #  1: Fermi energy shift (Ry) =    -3.4289E-03    -1.2925E-26

      iter #   9 total cpu time :  7771.7 secs   av.it.:  20.9
      thresh= 2.632E-08 alpha_mix =  0.700 |ddv_scf|^2 =  7.120E-14

     Pert. #  1: Fermi energy shift (Ry) =    -3.1609E-03    -1.2925E-26

      iter #  10 total cpu time :  7801.0 secs   av.it.:  19.5
      thresh= 2.668E-08 alpha_mix =  0.700 |ddv_scf|^2 =  1.764E-14

     Pert. #  1: Fermi energy shift (Ry) =    -3.2763E-03    -1.2925E-26

      iter #  11 total cpu time :  7830.8 secs   av.it.:  19.9
      thresh= 1.328E-08 alpha_mix =  0.700 |ddv_scf|^2 =  3.891E-15

     End of self-consistent calculation

     Convergence has been achieved 


     Representation #  26 mode #  26

     Self-consistent Calculation

     Pert. #  1: Fermi energy shift (Ry) =     7.0010E-02     1.0340E-25

      iter #   1 total cpu time :  7848.0 secs   av.it.:   6.5
      thresh= 1.000E-02 alpha_mix =  0.700 |ddv_scf|^2 =  1.748E-08

     Pert. #  1: Fermi energy shift (Ry) =    -2.0381E-01     2.5849E-26

      iter #   2 total cpu time :  7879.1 secs   av.it.:  21.2
      thresh= 1.322E-05 alpha_mix =  0.700 |ddv_scf|^2 =  7.470E-08

     Pert. #  1: Fermi energy shift (Ry) =     4.3283E-02    -3.2312E-27

      iter #   3 total cpu time :  7907.6 secs   av.it.:  18.6
      thresh= 2.733E-05 alpha_mix =  0.700 |ddv_scf|^2 =  3.664E-09

     Pert. #  1: Fermi energy shift (Ry) =    -6.6409E-03    -1.6156E-27

      iter #   4 total cpu time :  7936.9 secs   av.it.:  19.2
      thresh= 6.053E-06 alpha_mix =  0.700 |ddv_scf|^2 =  7.477E-11

     Pert. #  1: Fermi energy shift (Ry) =    -4.1375E-03    -8.0779E-28

      iter #   5 total cpu time :  7966.2 secs   av.it.:  19.5
      thresh= 8.647E-07 alpha_mix =  0.700 |ddv_scf|^2 =  9.013E-12

     Pert. #  1: Fermi energy shift (Ry) =    -3.3065E-03    -4.0390E-28

      iter #   6 total cpu time :  7995.3 secs   av.it.:  19.5
      thresh= 3.002E-07 alpha_mix =  0.700 |ddv_scf|^2 =  5.736E-13

     Pert. #  1: Fermi energy shift (Ry) =    -3.2555E-03    -4.0390E-28

      iter #   7 total cpu time :  8025.5 secs   av.it.:  20.5
      thresh= 7.574E-08 alpha_mix =  0.700 |ddv_scf|^2 =  1.762E-13

     Pert. #  1: Fermi energy shift (Ry) =    -3.2814E-03    -4.0390E-28

      iter #   8 total cpu time :  8055.0 secs   av.it.:  20.0
      thresh= 4.198E-08 alpha_mix =  0.700 |ddv_scf|^2 =  3.166E-14

     Pert. #  1: Fermi energy shift (Ry) =    -3.3668E-03    -4.0390E-28

      iter #   9 total cpu time :  8084.8 secs   av.it.:  20.4
      thresh= 1.779E-08 alpha_mix =  0.700 |ddv_scf|^2 =  1.717E-14

     Pert. #  1: Fermi energy shift (Ry) =    -3.1708E-03    -4.0390E-28

      iter #  10 total cpu time :  8114.4 secs   av.it.:  20.0
      thresh= 1.310E-08 alpha_mix =  0.700 |ddv_scf|^2 =  1.775E-14

     Pert. #  1: Fermi energy shift (Ry) =    -3.2735E-03    -4.0390E-28

      iter #  11 total cpu time :  8143.2 secs   av.it.:  19.1
      thresh= 1.332E-08 alpha_mix =  0.700 |ddv_scf|^2 =  5.781E-16

     End of self-consistent calculation

     Convergence has been achieved 


     Representation #  27 mode #  27

     Self-consistent Calculation

     Pert. #  1: Fermi energy shift (Ry) =    -5.2276E-02     0.0000E+00

      iter #   1 total cpu time :  8160.4 secs   av.it.:   6.5
      thresh= 1.000E-02 alpha_mix =  0.700 |ddv_scf|^2 =  1.469E-08

     Pert. #  1: Fermi energy shift (Ry) =     1.8510E-01     0.0000E+00

      iter #   2 total cpu time :  8191.7 secs   av.it.:  21.2
      thresh= 1.212E-05 alpha_mix =  0.700 |ddv_scf|^2 =  5.789E-08

     Pert. #  1: Fermi energy shift (Ry) =    -4.1375E-02     0.0000E+00

      iter #   3 total cpu time :  8220.3 secs   av.it.:  19.0
      thresh= 2.406E-05 alpha_mix =  0.700 |ddv_scf|^2 =  4.001E-09

     Pert. #  1: Fermi energy shift (Ry) =     4.8957E-03     0.0000E+00

      iter #   4 total cpu time :  8249.4 secs   av.it.:  19.4
      thresh= 6.326E-06 alpha_mix =  0.700 |ddv_scf|^2 =  7.695E-11

     Pert. #  1: Fermi energy shift (Ry) =     7.3120E-03     0.0000E+00

      iter #   5 total cpu time :  8278.6 secs   av.it.:  19.8
      thresh= 8.772E-07 alpha_mix =  0.700 |ddv_scf|^2 =  1.115E-11

     Pert. #  1: Fermi energy shift (Ry) =     5.9457E-03     0.0000E+00

      iter #   6 total cpu time :  8307.9 secs   av.it.:  19.9
      thresh= 3.340E-07 alpha_mix =  0.700 |ddv_scf|^2 =  7.147E-13

     Pert. #  1: Fermi energy shift (Ry) =     5.7147E-03     0.0000E+00

      iter #   7 total cpu time :  8338.2 secs   av.it.:  20.5
      thresh= 8.454E-08 alpha_mix =  0.700 |ddv_scf|^2 =  2.948E-13

     Pert. #  1: Fermi energy shift (Ry) =     5.7024E-03     0.0000E+00

      iter #   8 total cpu time :  8367.5 secs   av.it.:  19.6
      thresh= 5.430E-08 alpha_mix =  0.700 |ddv_scf|^2 =  6.637E-14

     Pert. #  1: Fermi energy shift (Ry) =     6.0581E-03     0.0000E+00

      iter #   9 total cpu time :  8398.0 secs   av.it.:  20.8
      thresh= 2.576E-08 alpha_mix =  0.700 |ddv_scf|^2 =  1.381E-13

     Pert. #  1: Fermi energy shift (Ry) =     5.7508E-03     0.0000E+00

      iter #  10 total cpu time :  8426.4 secs   av.it.:  18.6
      thresh= 3.716E-08 alpha_mix =  0.700 |ddv_scf|^2 =  5.160E-15

     End of self-consistent calculation

     Convergence has been achieved 


     Representation #  28 mode #  28

     Self-consistent Calculation

     Pert. #  1: Fermi energy shift (Ry) =    -4.5918E-03    -2.0680E-25

      iter #   1 total cpu time :  8443.4 secs   av.it.:   6.4
      thresh= 1.000E-02 alpha_mix =  0.700 |ddv_scf|^2 =  1.904E-08

     Pert. #  1: Fermi energy shift (Ry) =     6.5609E-02     1.2925E-26

      iter #   2 total cpu time :  8474.2 secs   av.it.:  21.0
      thresh= 1.380E-05 alpha_mix =  0.700 |ddv_scf|^2 =  2.155E-08

     Pert. #  1: Fermi energy shift (Ry) =    -5.8239E-02    -1.2925E-26

      iter #   3 total cpu time :  8504.3 secs   av.it.:  20.1
      thresh= 1.468E-05 alpha_mix =  0.700 |ddv_scf|^2 =  6.077E-09

     Pert. #  1: Fermi energy shift (Ry) =     1.0411E-02    -1.6156E-27

      iter #   4 total cpu time :  8533.3 secs   av.it.:  19.4
      thresh= 7.796E-06 alpha_mix =  0.700 |ddv_scf|^2 =  1.807E-10

     Pert. #  1: Fermi energy shift (Ry) =     2.8399E-03    -2.5244E-29

      iter #   5 total cpu time :  8562.9 secs   av.it.:  19.8
      thresh= 1.344E-06 alpha_mix =  0.700 |ddv_scf|^2 =  2.081E-11

     Pert. #  1: Fermi energy shift (Ry) =     3.4195E-03    -8.0779E-28

      iter #   6 total cpu time :  8591.9 secs   av.it.:  19.4
      thresh= 4.562E-07 alpha_mix =  0.700 |ddv_scf|^2 =  1.420E-12

     Pert. #  1: Fermi energy shift (Ry) =     3.0890E-03    -8.0779E-28

      iter #   7 total cpu time :  8622.1 secs   av.it.:  20.2
      thresh= 1.192E-07 alpha_mix =  0.700 |ddv_scf|^2 =  2.499E-13

     Pert. #  1: Fermi energy shift (Ry) =     3.1600E-03    -8.0779E-28

      iter #   8 total cpu time :  8651.7 secs   av.it.:  20.2
      thresh= 4.999E-08 alpha_mix =  0.700 |ddv_scf|^2 =  6.923E-14

     Pert. #  1: Fermi energy shift (Ry) =     3.4288E-03    -8.0779E-28

      iter #   9 total cpu time :  8682.3 secs   av.it.:  20.9
      thresh= 2.631E-08 alpha_mix =  0.700 |ddv_scf|^2 =  7.119E-14

     Pert. #  1: Fermi energy shift (Ry) =     3.1609E-03    -8.0779E-28

      iter #  10 total cpu time :  8711.7 secs   av.it.:  19.5
      thresh= 2.668E-08 alpha_mix =  0.700 |ddv_scf|^2 =  1.764E-14

     Pert. #  1: Fermi energy shift (Ry) =     3.2762E-03    -8.0779E-28

      iter #  11 total cpu time :  8741.6 secs   av.it.:  19.9
      thresh= 1.328E-08 alpha_mix =  0.700 |ddv_scf|^2 =  3.889E-15

     End of self-consistent calculation

     Convergence has been achieved 


     Representation #  29 mode #  29

     Self-consistent Calculation

     Pert. #  1: Fermi energy shift (Ry) =    -7.0010E-02     5.1699E-26

      iter #   1 total cpu time :  8759.0 secs   av.it.:   6.5
      thresh= 1.000E-02 alpha_mix =  0.700 |ddv_scf|^2 =  1.748E-08

     Pert. #  1: Fermi energy shift (Ry) =     2.0381E-01    -6.4623E-27

      iter #   2 total cpu time :  8790.3 secs   av.it.:  21.2
      thresh= 1.322E-05 alpha_mix =  0.700 |ddv_scf|^2 =  7.470E-08

     Pert. #  1: Fermi energy shift (Ry) =    -4.3285E-02     1.2925E-26

      iter #   3 total cpu time :  8819.0 secs   av.it.:  18.6
      thresh= 2.733E-05 alpha_mix =  0.700 |ddv_scf|^2 =  3.664E-09

     Pert. #  1: Fermi energy shift (Ry) =     6.6403E-03     1.6156E-27

      iter #   4 total cpu time :  8848.2 secs   av.it.:  19.2
      thresh= 6.053E-06 alpha_mix =  0.700 |ddv_scf|^2 =  7.477E-11

     Pert. #  1: Fermi energy shift (Ry) =     4.1374E-03     3.2312E-27

      iter #   5 total cpu time :  8877.6 secs   av.it.:  19.5
      thresh= 8.647E-07 alpha_mix =  0.700 |ddv_scf|^2 =  9.010E-12

     Pert. #  1: Fermi energy shift (Ry) =     3.3064E-03     3.2312E-27

      iter #   6 total cpu time :  8907.0 secs   av.it.:  19.5
      thresh= 3.002E-07 alpha_mix =  0.700 |ddv_scf|^2 =  5.735E-13

     Pert. #  1: Fermi energy shift (Ry) =     3.2554E-03     3.2312E-27

      iter #   7 total cpu time :  8937.1 secs   av.it.:  20.5
      thresh= 7.573E-08 alpha_mix =  0.700 |ddv_scf|^2 =  1.762E-13

     Pert. #  1: Fermi energy shift (Ry) =     3.2813E-03     3.2312E-27

      iter #   8 total cpu time :  8966.8 secs   av.it.:  20.0
      thresh= 4.198E-08 alpha_mix =  0.700 |ddv_scf|^2 =  3.167E-14

     Pert. #  1: Fermi energy shift (Ry) =     3.3667E-03     3.2312E-27

      iter #   9 total cpu time :  8996.4 secs   av.it.:  20.4
      thresh= 1.780E-08 alpha_mix =  0.700 |ddv_scf|^2 =  1.717E-14

     Pert. #  1: Fermi energy shift (Ry) =     3.1707E-03     3.2312E-27

      iter #  10 total cpu time :  9026.4 secs   av.it.:  20.0
      thresh= 1.310E-08 alpha_mix =  0.700 |ddv_scf|^2 =  1.775E-14

     Pert. #  1: Fermi energy shift (Ry) =     3.2734E-03     3.2312E-27

      iter #  11 total cpu time :  9055.1 secs   av.it.:  19.0
      thresh= 1.332E-08 alpha_mix =  0.700 |ddv_scf|^2 =  5.781E-16

     End of self-consistent calculation

     Convergence has been achieved 


     Representation #  30 mode #  30

     Self-consistent Calculation

     Pert. #  1: Fermi energy shift (Ry) =    -5.2276E-02     0.0000E+00

      iter #   1 total cpu time :  9072.5 secs   av.it.:   6.5
      thresh= 1.000E-02 alpha_mix =  0.700 |ddv_scf|^2 =  1.469E-08

     Pert. #  1: Fermi energy shift (Ry) =     1.8510E-01     0.0000E+00

      iter #   2 total cpu time :  9103.9 secs   av.it.:  21.1
      thresh= 1.212E-05 alpha_mix =  0.700 |ddv_scf|^2 =  5.789E-08

     Pert. #  1: Fermi energy shift (Ry) =    -4.1376E-02     0.0000E+00

      iter #   3 total cpu time :  9132.8 secs   av.it.:  19.0
      thresh= 2.406E-05 alpha_mix =  0.700 |ddv_scf|^2 =  4.002E-09

     Pert. #  1: Fermi energy shift (Ry) =     4.8956E-03     0.0000E+00

      iter #   4 total cpu time :  9161.9 secs   av.it.:  19.2
      thresh= 6.326E-06 alpha_mix =  0.700 |ddv_scf|^2 =  7.695E-11

     Pert. #  1: Fermi energy shift (Ry) =     7.3121E-03     0.0000E+00

      iter #   5 total cpu time :  9191.4 secs   av.it.:  19.8
      thresh= 8.772E-07 alpha_mix =  0.700 |ddv_scf|^2 =  1.115E-11

     Pert. #  1: Fermi energy shift (Ry) =     5.9459E-03     0.0000E+00

      iter #   6 total cpu time :  9221.0 secs   av.it.:  19.9
      thresh= 3.339E-07 alpha_mix =  0.700 |ddv_scf|^2 =  7.147E-13

     Pert. #  1: Fermi energy shift (Ry) =     5.7148E-03     0.0000E+00

      iter #   7 total cpu time :  9251.5 secs   av.it.:  20.5
      thresh= 8.454E-08 alpha_mix =  0.700 |ddv_scf|^2 =  2.947E-13

     Pert. #  1: Fermi energy shift (Ry) =     5.7024E-03     0.0000E+00

      iter #   8 total cpu time :  9281.3 secs   av.it.:  19.6
      thresh= 5.429E-08 alpha_mix =  0.700 |ddv_scf|^2 =  6.635E-14

     Pert. #  1: Fermi energy shift (Ry) =     6.0580E-03     0.0000E+00

      iter #   9 total cpu time :  9312.4 secs   av.it.:  20.8
      thresh= 2.576E-08 alpha_mix =  0.700 |ddv_scf|^2 =  1.380E-13

     Pert. #  1: Fermi energy shift (Ry) =     5.7508E-03     0.0000E+00

      iter #  10 total cpu time :  9341.4 secs   av.it.:  18.6
      thresh= 3.715E-08 alpha_mix =  0.700 |ddv_scf|^2 =  5.158E-15

     End of self-consistent calculation

     Convergence has been achieved 


     Representation #  31 mode #  31

     Self-consistent Calculation

     Pert. #  1: Fermi energy shift (Ry) =    -9.0964E-03     2.5849E-26

      iter #   1 total cpu time :  9357.5 secs   av.it.:   5.4
      thresh= 1.000E-02 alpha_mix =  0.700 |ddv_scf|^2 =  9.521E-09

     Pert. #  1: Fermi energy shift (Ry) =     6.5509E-02    -6.4623E-27

      iter #   2 total cpu time :  9388.1 secs   av.it.:  20.8
      thresh= 9.757E-06 alpha_mix =  0.700 |ddv_scf|^2 =  1.128E-08

     Pert. #  1: Fermi energy shift (Ry) =    -5.4001E-02     1.2925E-26

      iter #   3 total cpu time :  9417.2 secs   av.it.:  19.8
      thresh= 1.062E-05 alpha_mix =  0.700 |ddv_scf|^2 =  5.059E-09

     Pert. #  1: Fermi energy shift (Ry) =     1.0296E-02     6.4623E-27

      iter #   4 total cpu time :  9446.4 secs   av.it.:  19.2
      thresh= 7.113E-06 alpha_mix =  0.700 |ddv_scf|^2 =  1.354E-10

     Pert. #  1: Fermi energy shift (Ry) =     4.3957E-03     6.4623E-27

      iter #   5 total cpu time :  9476.1 secs   av.it.:  20.0
      thresh= 1.163E-06 alpha_mix =  0.700 |ddv_scf|^2 =  1.238E-11

     Pert. #  1: Fermi energy shift (Ry) =     2.8544E-03     6.4623E-27

      iter #   6 total cpu time :  9505.6 secs   av.it.:  19.9
      thresh= 3.519E-07 alpha_mix =  0.700 |ddv_scf|^2 =  8.251E-13

     Pert. #  1: Fermi energy shift (Ry) =     2.7384E-03     6.4623E-27

      iter #   7 total cpu time :  9535.8 secs   av.it.:  20.4
      thresh= 9.083E-08 alpha_mix =  0.700 |ddv_scf|^2 =  2.274E-13

     Pert. #  1: Fermi energy shift (Ry) =     3.0435E-03     6.4623E-27

      iter #   8 total cpu time :  9565.5 secs   av.it.:  20.5
      thresh= 4.768E-08 alpha_mix =  0.700 |ddv_scf|^2 =  3.116E-14

     Pert. #  1: Fermi energy shift (Ry) =     3.0209E-03     6.4623E-27

      iter #   9 total cpu time :  9595.3 secs   av.it.:  20.0
      thresh= 1.765E-08 alpha_mix =  0.700 |ddv_scf|^2 =  7.982E-15

     End of self-consistent calculation

     Convergence has been achieved 


     Representation #  32 mode #  32

     Self-consistent Calculation

     Pert. #  1: Fermi energy shift (Ry) =     1.0118E-02    -2.0680E-25

      iter #   1 total cpu time :  9612.3 secs   av.it.:   6.0
      thresh= 1.000E-02 alpha_mix =  0.700 |ddv_scf|^2 =  1.605E-08

     Pert. #  1: Fermi energy shift (Ry) =     7.6792E-03    -1.6156E-27

      iter #   2 total cpu time :  9642.6 secs   av.it.:  20.4
      thresh= 1.267E-05 alpha_mix =  0.700 |ddv_scf|^2 =  1.153E-08

     Pert. #  1: Fermi energy shift (Ry) =    -1.8827E-02     6.4623E-27

      iter #   3 total cpu time :  9672.0 secs   av.it.:  20.0
      thresh= 1.074E-05 alpha_mix =  0.700 |ddv_scf|^2 =  8.500E-10

     Pert. #  1: Fermi energy shift (Ry) =     1.4899E-02     6.4623E-27

      iter #   4 total cpu time :  9701.9 secs   av.it.:  19.9
      thresh= 2.916E-06 alpha_mix =  0.700 |ddv_scf|^2 =  4.138E-10

     Pert. #  1: Fermi energy shift (Ry) =    -3.8937E-03     6.4623E-27

      iter #   5 total cpu time :  9731.1 secs   av.it.:  19.2
      thresh= 2.034E-06 alpha_mix =  0.700 |ddv_scf|^2 =  3.598E-11

     Pert. #  1: Fermi energy shift (Ry) =    -1.1190E-04     6.4623E-27

      iter #   6 total cpu time :  9760.7 secs   av.it.:  19.8
      thresh= 5.999E-07 alpha_mix =  0.700 |ddv_scf|^2 =  1.466E-12

     Pert. #  1: Fermi energy shift (Ry) =    -1.5809E-04     6.4623E-27

      iter #   7 total cpu time :  9790.8 secs   av.it.:  20.4
      thresh= 1.211E-07 alpha_mix =  0.700 |ddv_scf|^2 =  2.575E-13

     Pert. #  1: Fermi energy shift (Ry) =    -3.9871E-04     6.4623E-27

      iter #   8 total cpu time :  9820.6 secs   av.it.:  20.4
      thresh= 5.074E-08 alpha_mix =  0.700 |ddv_scf|^2 =  7.705E-14

     Pert. #  1: Fermi energy shift (Ry) =    -2.2418E-04     6.4623E-27

      iter #   9 total cpu time :  9851.5 secs   av.it.:  20.5
      thresh= 2.776E-08 alpha_mix =  0.700 |ddv_scf|^2 =  2.345E-14

     Pert. #  1: Fermi energy shift (Ry) =    -2.8592E-04     6.4623E-27

      iter #  10 total cpu time :  9881.4 secs   av.it.:  19.9
      thresh= 1.531E-08 alpha_mix =  0.700 |ddv_scf|^2 =  4.237E-15

     End of self-consistent calculation

     Convergence has been achieved 


     Representation #  33 mode #  33

     Self-consistent Calculation

     Pert. #  1: Fermi energy shift (Ry) =     1.4663E-02     0.0000E+00

      iter #   1 total cpu time :  9897.7 secs   av.it.:   5.5
      thresh= 1.000E-02 alpha_mix =  0.700 |ddv_scf|^2 =  8.520E-09

     Pert. #  1: Fermi energy shift (Ry) =    -4.4774E-02     0.0000E+00

      iter #   2 total cpu time :  9928.8 secs   av.it.:  20.9
      thresh= 9.231E-06 alpha_mix =  0.700 |ddv_scf|^2 =  6.512E-09

     Pert. #  1: Fermi energy shift (Ry) =     4.2286E-02     0.0000E+00

      iter #   3 total cpu time :  9959.5 secs   av.it.:  20.1
      thresh= 8.070E-06 alpha_mix =  0.700 |ddv_scf|^2 =  3.077E-09

     Pert. #  1: Fermi energy shift (Ry) =    -1.0265E-02     0.0000E+00

      iter #   4 total cpu time :  9988.7 secs   av.it.:  18.9
      thresh= 5.547E-06 alpha_mix =  0.700 |ddv_scf|^2 =  2.241E-10

     Pert. #  1: Fermi energy shift (Ry) =    -2.8458E-03     0.0000E+00

      iter #   5 total cpu time : 10018.3 secs   av.it.:  19.6
      thresh= 1.497E-06 alpha_mix =  0.700 |ddv_scf|^2 =  1.205E-11

     Pert. #  1: Fermi energy shift (Ry) =    -1.3908E-03     0.0000E+00

      iter #   6 total cpu time : 10048.7 secs   av.it.:  20.1
      thresh= 3.471E-07 alpha_mix =  0.700 |ddv_scf|^2 =  8.967E-13

     Pert. #  1: Fermi energy shift (Ry) =    -1.1158E-03     0.0000E+00

      iter #   7 total cpu time : 10079.3 secs   av.it.:  20.4
      thresh= 9.469E-08 alpha_mix =  0.700 |ddv_scf|^2 =  2.337E-13

     Pert. #  1: Fermi energy shift (Ry) =    -1.4645E-03     0.0000E+00

      iter #   8 total cpu time : 10110.3 secs   av.it.:  20.9
      thresh= 4.834E-08 alpha_mix =  0.700 |ddv_scf|^2 =  5.244E-14

     Pert. #  1: Fermi energy shift (Ry) =    -1.4178E-03     0.0000E+00

      iter #   9 total cpu time : 10140.4 secs   av.it.:  20.1
      thresh= 2.290E-08 alpha_mix =  0.700 |ddv_scf|^2 =  1.549E-14

     Pert. #  1: Fermi energy shift (Ry) =    -1.3110E-03     0.0000E+00

      iter #  10 total cpu time : 10170.8 secs   av.it.:  20.2
      thresh= 1.245E-08 alpha_mix =  0.700 |ddv_scf|^2 =  7.191E-15

     End of self-consistent calculation

     Convergence has been achieved 


     Representation #  34 mode #  34

     Self-consistent Calculation

     Pert. #  1: Fermi energy shift (Ry) =     9.0965E-03    -2.5849E-26

      iter #   1 total cpu time : 10187.2 secs   av.it.:   5.4
      thresh= 1.000E-02 alpha_mix =  0.700 |ddv_scf|^2 =  9.521E-09

     Pert. #  1: Fermi energy shift (Ry) =    -6.5509E-02    -1.2925E-26

      iter #   2 total cpu time : 10218.3 secs   av.it.:  20.8
      thresh= 9.757E-06 alpha_mix =  0.700 |ddv_scf|^2 =  1.128E-08

     Pert. #  1: Fermi energy shift (Ry) =     5.4001E-02    -1.2925E-26

      iter #   3 total cpu time : 10248.5 secs   av.it.:  19.8
      thresh= 1.062E-05 alpha_mix =  0.700 |ddv_scf|^2 =  5.059E-09

     Pert. #  1: Fermi energy shift (Ry) =    -1.0295E-02    -3.2312E-27

      iter #   4 total cpu time : 10278.1 secs   av.it.:  19.2
      thresh= 7.113E-06 alpha_mix =  0.700 |ddv_scf|^2 =  1.354E-10

     Pert. #  1: Fermi energy shift (Ry) =    -4.3959E-03    -6.4623E-27

      iter #   5 total cpu time : 10308.5 secs   av.it.:  20.0
      thresh= 1.163E-06 alpha_mix =  0.700 |ddv_scf|^2 =  1.238E-11

     Pert. #  1: Fermi energy shift (Ry) =    -2.8545E-03    -1.2925E-26

      iter #   6 total cpu time : 10338.6 secs   av.it.:  19.9
      thresh= 3.519E-07 alpha_mix =  0.700 |ddv_scf|^2 =  8.250E-13

     Pert. #  1: Fermi energy shift (Ry) =    -2.7385E-03    -1.2925E-26

      iter #   7 total cpu time : 10369.6 secs   av.it.:  20.4
      thresh= 9.083E-08 alpha_mix =  0.700 |ddv_scf|^2 =  2.273E-13

     Pert. #  1: Fermi energy shift (Ry) =    -3.0435E-03    -1.2925E-26

      iter #   8 total cpu time : 10400.8 secs   av.it.:  20.5
      thresh= 4.768E-08 alpha_mix =  0.700 |ddv_scf|^2 =  3.115E-14

     Pert. #  1: Fermi energy shift (Ry) =    -3.0210E-03    -1.2925E-26

      iter #   9 total cpu time : 10431.2 secs   av.it.:  20.0
      thresh= 1.765E-08 alpha_mix =  0.700 |ddv_scf|^2 =  7.981E-15

     End of self-consistent calculation

     Convergence has been achieved 


     Representation #  35 mode #  35

     Self-consistent Calculation

     Pert. #  1: Fermi energy shift (Ry) =    -1.0119E-02     1.0340E-25

      iter #   1 total cpu time : 10448.9 secs   av.it.:   6.0
      thresh= 1.000E-02 alpha_mix =  0.700 |ddv_scf|^2 =  1.605E-08

     Pert. #  1: Fermi energy shift (Ry) =    -7.6807E-03     2.0195E-28

      iter #   2 total cpu time : 10480.7 secs   av.it.:  20.4
      thresh= 1.267E-05 alpha_mix =  0.700 |ddv_scf|^2 =  1.153E-08

     Pert. #  1: Fermi energy shift (Ry) =     1.8829E-02     1.6156E-27

      iter #   3 total cpu time : 10510.8 secs   av.it.:  20.0
      thresh= 1.074E-05 alpha_mix =  0.700 |ddv_scf|^2 =  8.502E-10

     Pert. #  1: Fermi energy shift (Ry) =    -1.4897E-02     6.4623E-27

      iter #   4 total cpu time : 10541.1 secs   av.it.:  19.9
      thresh= 2.916E-06 alpha_mix =  0.700 |ddv_scf|^2 =  4.138E-10

     Pert. #  1: Fermi energy shift (Ry) =     3.8939E-03     8.0779E-28

      iter #   5 total cpu time : 10570.6 secs   av.it.:  19.2
      thresh= 2.034E-06 alpha_mix =  0.700 |ddv_scf|^2 =  3.599E-11

     Pert. #  1: Fermi energy shift (Ry) =     1.1208E-04     1.6156E-27

      iter #   6 total cpu time : 10600.7 secs   av.it.:  19.8
      thresh= 5.999E-07 alpha_mix =  0.700 |ddv_scf|^2 =  1.466E-12

     Pert. #  1: Fermi energy shift (Ry) =     1.5822E-04     1.6156E-27

      iter #   7 total cpu time : 10631.3 secs   av.it.:  20.4
      thresh= 1.211E-07 alpha_mix =  0.700 |ddv_scf|^2 =  2.577E-13

     Pert. #  1: Fermi energy shift (Ry) =     3.9888E-04     1.6156E-27

      iter #   8 total cpu time : 10661.9 secs   av.it.:  20.4
      thresh= 5.077E-08 alpha_mix =  0.700 |ddv_scf|^2 =  7.711E-14

     Pert. #  1: Fermi energy shift (Ry) =     2.2427E-04     1.6156E-27

      iter #   9 total cpu time : 10692.4 secs   av.it.:  20.5
      thresh= 2.777E-08 alpha_mix =  0.700 |ddv_scf|^2 =  2.348E-14

     Pert. #  1: Fermi energy shift (Ry) =     2.8607E-04     1.6156E-27

      iter #  10 total cpu time : 10722.5 secs   av.it.:  19.9
      thresh= 1.532E-08 alpha_mix =  0.700 |ddv_scf|^2 =  4.245E-15

     End of self-consistent calculation

     Convergence has been achieved 


     Representation #  36 mode #  36

     Self-consistent Calculation

     Pert. #  1: Fermi energy shift (Ry) =     1.4663E-02     0.0000E+00

      iter #   1 total cpu time : 10738.8 secs   av.it.:   5.5
      thresh= 1.000E-02 alpha_mix =  0.700 |ddv_scf|^2 =  8.520E-09

     Pert. #  1: Fermi energy shift (Ry) =    -4.4774E-02     0.0000E+00

      iter #   2 total cpu time : 10769.6 secs   av.it.:  20.9
      thresh= 9.231E-06 alpha_mix =  0.700 |ddv_scf|^2 =  6.512E-09

     Pert. #  1: Fermi energy shift (Ry) =     4.2285E-02     0.0000E+00

      iter #   3 total cpu time : 10799.8 secs   av.it.:  20.1
      thresh= 8.070E-06 alpha_mix =  0.700 |ddv_scf|^2 =  3.077E-09

     Pert. #  1: Fermi energy shift (Ry) =    -1.0265E-02     0.0000E+00

      iter #   4 total cpu time : 10829.2 secs   av.it.:  18.9
      thresh= 5.547E-06 alpha_mix =  0.700 |ddv_scf|^2 =  2.241E-10

     Pert. #  1: Fermi energy shift (Ry) =    -2.8457E-03     0.0000E+00

      iter #   5 total cpu time : 10858.6 secs   av.it.:  19.6
      thresh= 1.497E-06 alpha_mix =  0.700 |ddv_scf|^2 =  1.205E-11

     Pert. #  1: Fermi energy shift (Ry) =    -1.3907E-03     0.0000E+00

      iter #   6 total cpu time : 10888.7 secs   av.it.:  20.1
      thresh= 3.471E-07 alpha_mix =  0.700 |ddv_scf|^2 =  8.971E-13

     Pert. #  1: Fermi energy shift (Ry) =    -1.1157E-03     0.0000E+00

      iter #   7 total cpu time : 10919.0 secs   av.it.:  20.4
      thresh= 9.472E-08 alpha_mix =  0.700 |ddv_scf|^2 =  2.337E-13

     Pert. #  1: Fermi energy shift (Ry) =    -1.4645E-03     0.0000E+00

      iter #   8 total cpu time : 10949.9 secs   av.it.:  21.0
      thresh= 4.835E-08 alpha_mix =  0.700 |ddv_scf|^2 =  5.247E-14

     Pert. #  1: Fermi energy shift (Ry) =    -1.4178E-03     0.0000E+00

      iter #   9 total cpu time : 10979.7 secs   av.it.:  20.1
      thresh= 2.291E-08 alpha_mix =  0.700 |ddv_scf|^2 =  1.550E-14

     Pert. #  1: Fermi energy shift (Ry) =    -1.3109E-03     0.0000E+00

      iter #  10 total cpu time : 11009.6 secs   av.it.:  20.2
      thresh= 1.245E-08 alpha_mix =  0.700 |ddv_scf|^2 =  7.194E-15

     End of self-consistent calculation

     Convergence has been achieved 


     Representation #  37 mode #  37

     Self-consistent Calculation

     Pert. #  1: Fermi energy shift (Ry) =     7.0011E-02     1.2925E-26

      iter #   1 total cpu time : 11027.1 secs   av.it.:   6.5
      thresh= 1.000E-02 alpha_mix =  0.700 |ddv_scf|^2 =  1.748E-08

     Pert. #  1: Fermi energy shift (Ry) =    -2.0381E-01     5.1699E-26

      iter #   2 total cpu time : 11058.5 secs   av.it.:  21.2
      thresh= 1.322E-05 alpha_mix =  0.700 |ddv_scf|^2 =  7.470E-08

     Pert. #  1: Fermi energy shift (Ry) =     4.3284E-02    -1.2925E-26

      iter #   3 total cpu time : 11087.0 secs   av.it.:  18.6
      thresh= 2.733E-05 alpha_mix =  0.700 |ddv_scf|^2 =  3.664E-09

     Pert. #  1: Fermi energy shift (Ry) =    -6.6413E-03     1.2925E-26

      iter #   4 total cpu time : 11116.3 secs   av.it.:  19.2
      thresh= 6.053E-06 alpha_mix =  0.700 |ddv_scf|^2 =  7.478E-11

     Pert. #  1: Fermi energy shift (Ry) =    -4.1375E-03     1.2925E-26

      iter #   5 total cpu time : 11146.0 secs   av.it.:  19.5
      thresh= 8.647E-07 alpha_mix =  0.700 |ddv_scf|^2 =  9.012E-12

     Pert. #  1: Fermi energy shift (Ry) =    -3.3065E-03     1.2925E-26

      iter #   6 total cpu time : 11175.5 secs   av.it.:  19.5
      thresh= 3.002E-07 alpha_mix =  0.700 |ddv_scf|^2 =  5.739E-13

     Pert. #  1: Fermi energy shift (Ry) =    -3.2554E-03     1.2925E-26

      iter #   7 total cpu time : 11206.0 secs   av.it.:  20.5
      thresh= 7.575E-08 alpha_mix =  0.700 |ddv_scf|^2 =  1.762E-13

     Pert. #  1: Fermi energy shift (Ry) =    -3.2814E-03     1.2925E-26

      iter #   8 total cpu time : 11235.7 secs   av.it.:  20.0
      thresh= 4.198E-08 alpha_mix =  0.700 |ddv_scf|^2 =  3.168E-14

     Pert. #  1: Fermi energy shift (Ry) =    -3.3668E-03     1.2925E-26

      iter #   9 total cpu time : 11265.7 secs   av.it.:  20.4
      thresh= 1.780E-08 alpha_mix =  0.700 |ddv_scf|^2 =  1.718E-14

     Pert. #  1: Fermi energy shift (Ry) =    -3.1708E-03     1.2925E-26

      iter #  10 total cpu time : 11295.7 secs   av.it.:  20.0
      thresh= 1.311E-08 alpha_mix =  0.700 |ddv_scf|^2 =  1.776E-14

     Pert. #  1: Fermi energy shift (Ry) =    -3.2735E-03     1.2925E-26

      iter #  11 total cpu time : 11324.8 secs   av.it.:  19.0
      thresh= 1.333E-08 alpha_mix =  0.700 |ddv_scf|^2 =  5.781E-16

     End of self-consistent calculation

     Convergence has been achieved 


     Representation #  38 mode #  38

     Self-consistent Calculation

     Pert. #  1: Fermi energy shift (Ry) =     4.5917E-03    -5.1699E-26

      iter #   1 total cpu time : 11341.8 secs   av.it.:   6.4
      thresh= 1.000E-02 alpha_mix =  0.700 |ddv_scf|^2 =  1.904E-08

     Pert. #  1: Fermi energy shift (Ry) =    -6.5608E-02     1.2925E-26

      iter #   2 total cpu time : 11373.0 secs   av.it.:  21.0
      thresh= 1.380E-05 alpha_mix =  0.700 |ddv_scf|^2 =  2.155E-08

     Pert. #  1: Fermi energy shift (Ry) =     5.8238E-02    -2.0195E-28

      iter #   3 total cpu time : 11403.2 secs   av.it.:  20.1
      thresh= 1.468E-05 alpha_mix =  0.700 |ddv_scf|^2 =  6.077E-09

     Pert. #  1: Fermi energy shift (Ry) =    -1.0410E-02    -6.4623E-27

      iter #   4 total cpu time : 11432.4 secs   av.it.:  19.4
      thresh= 7.796E-06 alpha_mix =  0.700 |ddv_scf|^2 =  1.807E-10

     Pert. #  1: Fermi energy shift (Ry) =    -2.8398E-03    -3.2312E-27

      iter #   5 total cpu time : 11461.8 secs   av.it.:  19.8
      thresh= 1.344E-06 alpha_mix =  0.700 |ddv_scf|^2 =  2.081E-11

     Pert. #  1: Fermi energy shift (Ry) =    -3.4195E-03    -3.2312E-27

      iter #   6 total cpu time : 11491.2 secs   av.it.:  19.4
      thresh= 4.562E-07 alpha_mix =  0.700 |ddv_scf|^2 =  1.419E-12

     Pert. #  1: Fermi energy shift (Ry) =    -3.0890E-03    -3.2312E-27

      iter #   7 total cpu time : 11521.5 secs   av.it.:  20.2
      thresh= 1.191E-07 alpha_mix =  0.700 |ddv_scf|^2 =  2.500E-13

     Pert. #  1: Fermi energy shift (Ry) =    -3.1600E-03    -3.2312E-27

      iter #   8 total cpu time : 11551.5 secs   av.it.:  20.4
      thresh= 5.000E-08 alpha_mix =  0.700 |ddv_scf|^2 =  6.924E-14

     Pert. #  1: Fermi energy shift (Ry) =    -3.4288E-03    -3.2312E-27

      iter #   9 total cpu time : 11582.3 secs   av.it.:  20.9
      thresh= 2.631E-08 alpha_mix =  0.700 |ddv_scf|^2 =  7.117E-14

     Pert. #  1: Fermi energy shift (Ry) =    -3.1609E-03    -3.2312E-27

      iter #  10 total cpu time : 11611.9 secs   av.it.:  19.5
      thresh= 2.668E-08 alpha_mix =  0.700 |ddv_scf|^2 =  1.764E-14

     Pert. #  1: Fermi energy shift (Ry) =    -3.2762E-03    -3.2312E-27

      iter #  11 total cpu time : 11641.8 secs   av.it.:  20.0
      thresh= 1.328E-08 alpha_mix =  0.700 |ddv_scf|^2 =  3.892E-15

     End of self-consistent calculation

     Convergence has been achieved 


     Representation #  39 mode #  39

     Self-consistent Calculation

     Pert. #  1: Fermi energy shift (Ry) =    -5.2276E-02     0.0000E+00

      iter #   1 total cpu time : 11659.1 secs   av.it.:   6.5
      thresh= 1.000E-02 alpha_mix =  0.700 |ddv_scf|^2 =  1.469E-08

     Pert. #  1: Fermi energy shift (Ry) =     1.8510E-01     0.0000E+00

      iter #   2 total cpu time : 11690.5 secs   av.it.:  21.2
      thresh= 1.212E-05 alpha_mix =  0.700 |ddv_scf|^2 =  5.788E-08

     Pert. #  1: Fermi energy shift (Ry) =    -4.1376E-02     0.0000E+00

      iter #   3 total cpu time : 11719.3 secs   av.it.:  19.0
      thresh= 2.406E-05 alpha_mix =  0.700 |ddv_scf|^2 =  4.002E-09

     Pert. #  1: Fermi energy shift (Ry) =     4.8962E-03     0.0000E+00

      iter #   4 total cpu time : 11748.6 secs   av.it.:  19.2
      thresh= 6.326E-06 alpha_mix =  0.700 |ddv_scf|^2 =  7.695E-11

     Pert. #  1: Fermi energy shift (Ry) =     7.3125E-03     0.0000E+00

      iter #   5 total cpu time : 11778.5 secs   av.it.:  19.8
      thresh= 8.772E-07 alpha_mix =  0.700 |ddv_scf|^2 =  1.115E-11

     Pert. #  1: Fermi energy shift (Ry) =     5.9462E-03     0.0000E+00

      iter #   6 total cpu time : 11808.4 secs   av.it.:  19.9
      thresh= 3.340E-07 alpha_mix =  0.700 |ddv_scf|^2 =  7.149E-13

     Pert. #  1: Fermi energy shift (Ry) =     5.7151E-03     0.0000E+00

      iter #   7 total cpu time : 11839.0 secs   av.it.:  20.5
      thresh= 8.455E-08 alpha_mix =  0.700 |ddv_scf|^2 =  2.946E-13

     Pert. #  1: Fermi energy shift (Ry) =     5.7028E-03     0.0000E+00

      iter #   8 total cpu time : 11868.5 secs   av.it.:  19.6
      thresh= 5.428E-08 alpha_mix =  0.700 |ddv_scf|^2 =  6.635E-14

     Pert. #  1: Fermi energy shift (Ry) =     6.0583E-03     0.0000E+00

      iter #   9 total cpu time : 11899.5 secs   av.it.:  20.8
      thresh= 2.576E-08 alpha_mix =  0.700 |ddv_scf|^2 =  1.380E-13

     Pert. #  1: Fermi energy shift (Ry) =     5.7511E-03     0.0000E+00

      iter #  10 total cpu time : 11928.4 secs   av.it.:  18.6
      thresh= 3.714E-08 alpha_mix =  0.700 |ddv_scf|^2 =  5.159E-15

     End of self-consistent calculation

     Convergence has been achieved 


     Representation #  40 mode #  40

     Self-consistent Calculation

     Pert. #  1: Fermi energy shift (Ry) =    -7.0011E-02     1.0340E-25

      iter #   1 total cpu time : 11945.9 secs   av.it.:   6.5
      thresh= 1.000E-02 alpha_mix =  0.700 |ddv_scf|^2 =  1.748E-08

     Pert. #  1: Fermi energy shift (Ry) =     2.0381E-01    -2.0680E-25

      iter #   2 total cpu time : 11977.0 secs   av.it.:  21.2
      thresh= 1.322E-05 alpha_mix =  0.700 |ddv_scf|^2 =  7.470E-08

     Pert. #  1: Fermi energy shift (Ry) =    -4.3284E-02     1.2925E-26

      iter #   3 total cpu time : 12005.8 secs   av.it.:  18.6
      thresh= 2.733E-05 alpha_mix =  0.700 |ddv_scf|^2 =  3.664E-09

     Pert. #  1: Fermi energy shift (Ry) =     6.6409E-03    -3.2312E-27

      iter #   4 total cpu time : 12035.3 secs   av.it.:  19.2
      thresh= 6.053E-06 alpha_mix =  0.700 |ddv_scf|^2 =  7.477E-11

     Pert. #  1: Fermi energy shift (Ry) =     4.1374E-03     1.0097E-28

      iter #   5 total cpu time : 12065.0 secs   av.it.:  19.5
      thresh= 8.647E-07 alpha_mix =  0.700 |ddv_scf|^2 =  9.011E-12

     Pert. #  1: Fermi energy shift (Ry) =     3.3066E-03     4.0390E-28

      iter #   6 total cpu time : 12094.6 secs   av.it.:  19.5
      thresh= 3.002E-07 alpha_mix =  0.700 |ddv_scf|^2 =  5.738E-13

     Pert. #  1: Fermi energy shift (Ry) =     3.2556E-03     4.0390E-28

      iter #   7 total cpu time : 12125.4 secs   av.it.:  20.5
      thresh= 7.575E-08 alpha_mix =  0.700 |ddv_scf|^2 =  1.762E-13

     Pert. #  1: Fermi energy shift (Ry) =     3.2815E-03     4.0390E-28

      iter #   8 total cpu time : 12155.3 secs   av.it.:  19.9
      thresh= 4.198E-08 alpha_mix =  0.700 |ddv_scf|^2 =  3.168E-14

     Pert. #  1: Fermi energy shift (Ry) =     3.3669E-03     4.0390E-28

      iter #   9 total cpu time : 12185.6 secs   av.it.:  20.4
      thresh= 1.780E-08 alpha_mix =  0.700 |ddv_scf|^2 =  1.717E-14

     Pert. #  1: Fermi energy shift (Ry) =     3.1709E-03     4.0390E-28

      iter #  10 total cpu time : 12215.7 secs   av.it.:  20.0
      thresh= 1.310E-08 alpha_mix =  0.700 |ddv_scf|^2 =  1.776E-14

     Pert. #  1: Fermi energy shift (Ry) =     3.2736E-03     4.0390E-28

      iter #  11 total cpu time : 12244.8 secs   av.it.:  19.0
      thresh= 1.333E-08 alpha_mix =  0.700 |ddv_scf|^2 =  5.781E-16

     End of self-consistent calculation

     Convergence has been achieved 


     Representation #  41 mode #  41

     Self-consistent Calculation

     Pert. #  1: Fermi energy shift (Ry) =    -4.5918E-03     2.5849E-26

      iter #   1 total cpu time : 12262.1 secs   av.it.:   6.4
      thresh= 1.000E-02 alpha_mix =  0.700 |ddv_scf|^2 =  1.904E-08

     Pert. #  1: Fermi energy shift (Ry) =     6.5609E-02     3.2312E-27

      iter #   2 total cpu time : 12293.5 secs   av.it.:  21.0
      thresh= 1.380E-05 alpha_mix =  0.700 |ddv_scf|^2 =  2.154E-08

     Pert. #  1: Fermi energy shift (Ry) =    -5.8239E-02     2.5849E-26

      iter #   3 total cpu time : 12323.9 secs   av.it.:  20.1
      thresh= 1.468E-05 alpha_mix =  0.700 |ddv_scf|^2 =  6.077E-09

     Pert. #  1: Fermi energy shift (Ry) =     1.0409E-02     1.2925E-26

      iter #   4 total cpu time : 12352.9 secs   av.it.:  19.4
      thresh= 7.796E-06 alpha_mix =  0.700 |ddv_scf|^2 =  1.807E-10

     Pert. #  1: Fermi energy shift (Ry) =     2.8396E-03     1.2925E-26

      iter #   5 total cpu time : 12382.3 secs   av.it.:  19.8
      thresh= 1.344E-06 alpha_mix =  0.700 |ddv_scf|^2 =  2.081E-11

     Pert. #  1: Fermi energy shift (Ry) =     3.4195E-03     1.2925E-26

      iter #   6 total cpu time : 12411.5 secs   av.it.:  19.4
      thresh= 4.562E-07 alpha_mix =  0.700 |ddv_scf|^2 =  1.420E-12

     Pert. #  1: Fermi energy shift (Ry) =     3.0890E-03     1.2925E-26

      iter #   7 total cpu time : 12441.7 secs   av.it.:  20.2
      thresh= 1.192E-07 alpha_mix =  0.700 |ddv_scf|^2 =  2.500E-13

     Pert. #  1: Fermi energy shift (Ry) =     3.1600E-03     1.2925E-26

      iter #   8 total cpu time : 12471.7 secs   av.it.:  20.2
      thresh= 5.000E-08 alpha_mix =  0.700 |ddv_scf|^2 =  6.924E-14

     Pert. #  1: Fermi energy shift (Ry) =     3.4289E-03     1.2925E-26

      iter #   9 total cpu time : 12502.8 secs   av.it.:  20.9
      thresh= 2.631E-08 alpha_mix =  0.700 |ddv_scf|^2 =  7.122E-14

     Pert. #  1: Fermi energy shift (Ry) =     3.1609E-03     1.2925E-26

      iter #  10 total cpu time : 12532.4 secs   av.it.:  19.5
      thresh= 2.669E-08 alpha_mix =  0.700 |ddv_scf|^2 =  1.765E-14

     Pert. #  1: Fermi energy shift (Ry) =     3.2762E-03     1.2925E-26

      iter #  11 total cpu time : 12562.6 secs   av.it.:  20.0
      thresh= 1.328E-08 alpha_mix =  0.700 |ddv_scf|^2 =  3.891E-15

     End of self-consistent calculation

     Convergence has been achieved 


     Representation #  42 mode #  42

     Self-consistent Calculation

     Pert. #  1: Fermi energy shift (Ry) =    -5.2276E-02     0.0000E+00

      iter #   1 total cpu time : 12580.3 secs   av.it.:   6.5
      thresh= 1.000E-02 alpha_mix =  0.700 |ddv_scf|^2 =  1.469E-08

     Pert. #  1: Fermi energy shift (Ry) =     1.8510E-01     0.0000E+00

      iter #   2 total cpu time : 12611.9 secs   av.it.:  21.1
      thresh= 1.212E-05 alpha_mix =  0.700 |ddv_scf|^2 =  5.789E-08

     Pert. #  1: Fermi energy shift (Ry) =    -4.1375E-02     0.0000E+00

      iter #   3 total cpu time : 12641.1 secs   av.it.:  19.0
      thresh= 2.406E-05 alpha_mix =  0.700 |ddv_scf|^2 =  4.002E-09

     Pert. #  1: Fermi energy shift (Ry) =     4.8963E-03     0.0000E+00

      iter #   4 total cpu time : 12670.6 secs   av.it.:  19.4
      thresh= 6.326E-06 alpha_mix =  0.700 |ddv_scf|^2 =  7.695E-11

     Pert. #  1: Fermi energy shift (Ry) =     7.3129E-03     0.0000E+00

      iter #   5 total cpu time : 12700.4 secs   av.it.:  19.8
      thresh= 8.772E-07 alpha_mix =  0.700 |ddv_scf|^2 =  1.116E-11

     Pert. #  1: Fermi energy shift (Ry) =     5.9463E-03     0.0000E+00

      iter #   6 total cpu time : 12730.0 secs   av.it.:  19.9
      thresh= 3.340E-07 alpha_mix =  0.700 |ddv_scf|^2 =  7.149E-13

     Pert. #  1: Fermi energy shift (Ry) =     5.7151E-03     0.0000E+00

      iter #   7 total cpu time : 12760.7 secs   av.it.:  20.5
      thresh= 8.455E-08 alpha_mix =  0.700 |ddv_scf|^2 =  2.947E-13

     Pert. #  1: Fermi energy shift (Ry) =     5.7028E-03     0.0000E+00

      iter #   8 total cpu time : 12790.3 secs   av.it.:  19.6
      thresh= 5.429E-08 alpha_mix =  0.700 |ddv_scf|^2 =  6.636E-14

     Pert. #  1: Fermi energy shift (Ry) =     6.0585E-03     0.0000E+00

      iter #   9 total cpu time : 12821.1 secs   av.it.:  20.8
      thresh= 2.576E-08 alpha_mix =  0.700 |ddv_scf|^2 =  1.380E-13

     Pert. #  1: Fermi energy shift (Ry) =     5.7513E-03     0.0000E+00

      iter #  10 total cpu time : 12849.9 secs   av.it.:  18.6
      thresh= 3.715E-08 alpha_mix =  0.700 |ddv_scf|^2 =  5.158E-15

     End of self-consistent calculation

     Convergence has been achieved 


     Representation #  43 mode #  43

     Self-consistent Calculation

     Pert. #  1: Fermi energy shift (Ry) =    -2.8256E-02     8.2718E-25

      iter #   1 total cpu time : 12867.1 secs   av.it.:   6.2
      thresh= 1.000E-02 alpha_mix =  0.700 |ddv_scf|^2 =  1.536E-08

     Pert. #  1: Fermi energy shift (Ry) =     1.1433E-01    -2.5849E-26

      iter #   2 total cpu time : 12898.7 secs   av.it.:  21.0
      thresh= 1.239E-05 alpha_mix =  0.700 |ddv_scf|^2 =  3.042E-08

     Pert. #  1: Fermi energy shift (Ry) =    -6.8113E-02     4.0390E-28

      iter #   3 total cpu time : 12928.5 secs   av.it.:  19.6
      thresh= 1.744E-05 alpha_mix =  0.700 |ddv_scf|^2 =  8.414E-09

     Pert. #  1: Fermi energy shift (Ry) =     3.7491E-03    -1.2925E-26

      iter #   4 total cpu time : 12957.8 secs   av.it.:  19.1
      thresh= 9.173E-06 alpha_mix =  0.700 |ddv_scf|^2 =  6.042E-11

     Pert. #  1: Fermi energy shift (Ry) =     2.4144E-03    -6.4623E-27

      iter #   5 total cpu time : 12988.0 secs   av.it.:  20.1
      thresh= 7.773E-07 alpha_mix =  0.700 |ddv_scf|^2 =  7.950E-12

     Pert. #  1: Fermi energy shift (Ry) =     3.2016E-03    -6.4623E-27

      iter #   6 total cpu time : 13018.0 secs   av.it.:  20.0
      thresh= 2.820E-07 alpha_mix =  0.700 |ddv_scf|^2 =  1.260E-12

     Pert. #  1: Fermi energy shift (Ry) =     2.5930E-03    -6.4623E-27

      iter #   7 total cpu time : 13048.2 secs   av.it.:  20.5
      thresh= 1.122E-07 alpha_mix =  0.700 |ddv_scf|^2 =  1.309E-13

     Pert. #  1: Fermi energy shift (Ry) =     2.6744E-03    -6.4623E-27

      iter #   8 total cpu time : 13078.4 secs   av.it.:  20.4
      thresh= 3.617E-08 alpha_mix =  0.700 |ddv_scf|^2 =  2.382E-14

     Pert. #  1: Fermi energy shift (Ry) =     2.9162E-03    -6.4623E-27

      iter #   9 total cpu time : 13109.8 secs   av.it.:  21.2
      thresh= 1.543E-08 alpha_mix =  0.700 |ddv_scf|^2 =  5.945E-14

     Pert. #  1: Fermi energy shift (Ry) =     2.6996E-03    -6.4623E-27

      iter #  10 total cpu time : 13139.1 secs   av.it.:  19.4
      thresh= 2.438E-08 alpha_mix =  0.700 |ddv_scf|^2 =  4.824E-15

     End of self-consistent calculation

     Convergence has been achieved 


     Representation #  44 mode #  44

     Self-consistent Calculation

     Pert. #  1: Fermi energy shift (Ry) =     2.8255E-02    -2.5849E-26

      iter #   1 total cpu time : 13156.2 secs   av.it.:   6.2
      thresh= 1.000E-02 alpha_mix =  0.700 |ddv_scf|^2 =  1.536E-08

     Pert. #  1: Fermi energy shift (Ry) =    -1.1433E-01    -2.0195E-28

      iter #   2 total cpu time : 13187.6 secs   av.it.:  21.1
      thresh= 1.239E-05 alpha_mix =  0.700 |ddv_scf|^2 =  3.042E-08

     Pert. #  1: Fermi energy shift (Ry) =     6.8113E-02    -6.4623E-27

      iter #   3 total cpu time : 13217.6 secs   av.it.:  19.6
      thresh= 1.744E-05 alpha_mix =  0.700 |ddv_scf|^2 =  8.414E-09

     Pert. #  1: Fermi energy shift (Ry) =    -3.7490E-03    -4.0390E-28

      iter #   4 total cpu time : 13246.8 secs   av.it.:  19.1
      thresh= 9.173E-06 alpha_mix =  0.700 |ddv_scf|^2 =  6.041E-11

     Pert. #  1: Fermi energy shift (Ry) =    -2.4148E-03     1.6156E-27

      iter #   5 total cpu time : 13276.9 secs   av.it.:  20.1
      thresh= 7.773E-07 alpha_mix =  0.700 |ddv_scf|^2 =  7.951E-12

     Pert. #  1: Fermi energy shift (Ry) =    -3.2019E-03     8.0779E-28

      iter #   6 total cpu time : 13306.8 secs   av.it.:  20.0
      thresh= 2.820E-07 alpha_mix =  0.700 |ddv_scf|^2 =  1.260E-12

     Pert. #  1: Fermi energy shift (Ry) =    -2.5931E-03     8.0779E-28

      iter #   7 total cpu time : 13337.4 secs   av.it.:  20.5
      thresh= 1.122E-07 alpha_mix =  0.700 |ddv_scf|^2 =  1.308E-13

     Pert. #  1: Fermi energy shift (Ry) =    -2.6745E-03     8.0779E-28

      iter #   8 total cpu time : 13367.6 secs   av.it.:  20.4
      thresh= 3.617E-08 alpha_mix =  0.700 |ddv_scf|^2 =  2.381E-14

     Pert. #  1: Fermi energy shift (Ry) =    -2.9162E-03     8.0779E-28

      iter #   9 total cpu time : 13399.1 secs   av.it.:  21.2
      thresh= 1.543E-08 alpha_mix =  0.700 |ddv_scf|^2 =  5.939E-14

     Pert. #  1: Fermi energy shift (Ry) =    -2.6997E-03     8.0779E-28

      iter #  10 total cpu time : 13428.5 secs   av.it.:  19.4
      thresh= 2.437E-08 alpha_mix =  0.700 |ddv_scf|^2 =  4.821E-15

     End of self-consistent calculation

     Convergence has been achieved 


     Representation #  45 mode #  45

     Self-consistent Calculation

     Pert. #  1: Fermi energy shift (Ry) =     6.3637E-02     0.0000E+00

      iter #   1 total cpu time : 13445.5 secs   av.it.:   6.1
      thresh= 1.000E-02 alpha_mix =  0.700 |ddv_scf|^2 =  1.511E-08

     Pert. #  1: Fermi energy shift (Ry) =    -1.7862E-01     0.0000E+00

      iter #   2 total cpu time : 13476.4 secs   av.it.:  20.8
      thresh= 1.229E-05 alpha_mix =  0.700 |ddv_scf|^2 =  5.701E-08

     Pert. #  1: Fermi energy shift (Ry) =     4.8907E-02     0.0000E+00

      iter #   3 total cpu time : 13505.3 secs   av.it.:  18.9
      thresh= 2.388E-05 alpha_mix =  0.700 |ddv_scf|^2 =  4.301E-09

     Pert. #  1: Fermi energy shift (Ry) =     7.0636E-04     0.0000E+00

      iter #   4 total cpu time : 13534.2 secs   av.it.:  18.9
      thresh= 6.558E-06 alpha_mix =  0.700 |ddv_scf|^2 =  1.152E-10

     Pert. #  1: Fermi energy shift (Ry) =    -1.0115E-03     0.0000E+00

      iter #   5 total cpu time : 13563.2 secs   av.it.:  19.2
      thresh= 1.073E-06 alpha_mix =  0.700 |ddv_scf|^2 =  1.125E-11

     Pert. #  1: Fermi energy shift (Ry) =     1.3568E-04     0.0000E+00

      iter #   6 total cpu time : 13592.8 secs   av.it.:  19.8
      thresh= 3.354E-07 alpha_mix =  0.700 |ddv_scf|^2 =  9.577E-13

     Pert. #  1: Fermi energy shift (Ry) =     6.6920E-04     0.0000E+00

      iter #   7 total cpu time : 13622.7 secs   av.it.:  19.9
      thresh= 9.786E-08 alpha_mix =  0.700 |ddv_scf|^2 =  2.201E-13

     Pert. #  1: Fermi energy shift (Ry) =     4.5541E-04     0.0000E+00

      iter #   8 total cpu time : 13651.9 secs   av.it.:  19.9
      thresh= 4.691E-08 alpha_mix =  0.700 |ddv_scf|^2 =  2.982E-14

     Pert. #  1: Fermi energy shift (Ry) =     4.2953E-04     0.0000E+00

      iter #   9 total cpu time : 13681.7 secs   av.it.:  19.8
      thresh= 1.727E-08 alpha_mix =  0.700 |ddv_scf|^2 =  1.754E-14

     Pert. #  1: Fermi energy shift (Ry) =     5.6049E-04     0.0000E+00

      iter #  10 total cpu time : 13710.8 secs   av.it.:  18.9
      thresh= 1.324E-08 alpha_mix =  0.700 |ddv_scf|^2 =  7.324E-15

     End of self-consistent calculation

     Convergence has been achieved 


     Representation #  46 mode #  46

     Self-consistent Calculation

     Pert. #  1: Fermi energy shift (Ry) =     2.8255E-02     4.1359E-25

      iter #   1 total cpu time : 13728.1 secs   av.it.:   6.2
      thresh= 1.000E-02 alpha_mix =  0.700 |ddv_scf|^2 =  1.536E-08

     Pert. #  1: Fermi energy shift (Ry) =    -1.1433E-01     2.5849E-26

      iter #   2 total cpu time : 13759.5 secs   av.it.:  21.2
      thresh= 1.239E-05 alpha_mix =  0.700 |ddv_scf|^2 =  3.042E-08

     Pert. #  1: Fermi energy shift (Ry) =     6.8113E-02    -1.2925E-26

      iter #   3 total cpu time : 13789.6 secs   av.it.:  19.6
      thresh= 1.744E-05 alpha_mix =  0.700 |ddv_scf|^2 =  8.414E-09

     Pert. #  1: Fermi energy shift (Ry) =    -3.7495E-03    -1.2925E-26

      iter #   4 total cpu time : 13818.9 secs   av.it.:  19.1
      thresh= 9.173E-06 alpha_mix =  0.700 |ddv_scf|^2 =  6.043E-11

     Pert. #  1: Fermi energy shift (Ry) =    -2.4148E-03    -6.4623E-27

      iter #   5 total cpu time : 13848.9 secs   av.it.:  20.1
      thresh= 7.773E-07 alpha_mix =  0.700 |ddv_scf|^2 =  7.950E-12

     Pert. #  1: Fermi energy shift (Ry) =    -3.2018E-03    -6.4623E-27

      iter #   6 total cpu time : 13878.8 secs   av.it.:  20.0
      thresh= 2.820E-07 alpha_mix =  0.700 |ddv_scf|^2 =  1.260E-12

     Pert. #  1: Fermi energy shift (Ry) =    -2.5931E-03    -6.4623E-27

      iter #   7 total cpu time : 13909.5 secs   av.it.:  20.5
      thresh= 1.123E-07 alpha_mix =  0.700 |ddv_scf|^2 =  1.308E-13

     Pert. #  1: Fermi energy shift (Ry) =    -2.6744E-03    -6.4623E-27

      iter #   8 total cpu time : 13939.9 secs   av.it.:  20.4
      thresh= 3.617E-08 alpha_mix =  0.700 |ddv_scf|^2 =  2.382E-14

     Pert. #  1: Fermi energy shift (Ry) =    -2.9161E-03    -6.4623E-27

      iter #   9 total cpu time : 13971.4 secs   av.it.:  21.2
      thresh= 1.543E-08 alpha_mix =  0.700 |ddv_scf|^2 =  5.939E-14

     Pert. #  1: Fermi energy shift (Ry) =    -2.6997E-03    -6.4623E-27

      iter #  10 total cpu time : 14000.7 secs   av.it.:  19.4
      thresh= 2.437E-08 alpha_mix =  0.700 |ddv_scf|^2 =  4.823E-15

     End of self-consistent calculation

     Convergence has been achieved 


     Representation #  47 mode #  47

     Self-consistent Calculation

     Pert. #  1: Fermi energy shift (Ry) =    -2.8255E-02     2.0680E-25

      iter #   1 total cpu time : 14017.9 secs   av.it.:   6.2
      thresh= 1.000E-02 alpha_mix =  0.700 |ddv_scf|^2 =  1.536E-08

     Pert. #  1: Fermi energy shift (Ry) =     1.1433E-01    -2.5849E-26

      iter #   2 total cpu time : 14049.5 secs   av.it.:  21.1
      thresh= 1.239E-05 alpha_mix =  0.700 |ddv_scf|^2 =  3.042E-08

     Pert. #  1: Fermi energy shift (Ry) =    -6.8114E-02     1.2925E-26

      iter #   3 total cpu time : 14079.4 secs   av.it.:  19.6
      thresh= 1.744E-05 alpha_mix =  0.700 |ddv_scf|^2 =  8.414E-09

     Pert. #  1: Fermi energy shift (Ry) =     3.7489E-03    -3.2312E-27

      iter #   4 total cpu time : 14109.8 secs   av.it.:  19.1
      thresh= 9.173E-06 alpha_mix =  0.700 |ddv_scf|^2 =  6.041E-11

     Pert. #  1: Fermi energy shift (Ry) =     2.4145E-03    -3.2312E-27

      iter #   5 total cpu time : 14140.7 secs   av.it.:  20.1
      thresh= 7.773E-07 alpha_mix =  0.700 |ddv_scf|^2 =  7.951E-12

     Pert. #  1: Fermi energy shift (Ry) =     3.2017E-03    -6.4623E-27

      iter #   6 total cpu time : 14170.7 secs   av.it.:  20.0
      thresh= 2.820E-07 alpha_mix =  0.700 |ddv_scf|^2 =  1.260E-12

     Pert. #  1: Fermi energy shift (Ry) =     2.5930E-03    -6.4623E-27

      iter #   7 total cpu time : 14201.2 secs   av.it.:  20.5
      thresh= 1.122E-07 alpha_mix =  0.700 |ddv_scf|^2 =  1.308E-13

     Pert. #  1: Fermi energy shift (Ry) =     2.6744E-03    -6.4623E-27

      iter #   8 total cpu time : 14231.1 secs   av.it.:  20.4
      thresh= 3.617E-08 alpha_mix =  0.700 |ddv_scf|^2 =  2.381E-14

     Pert. #  1: Fermi energy shift (Ry) =     2.9161E-03    -6.4623E-27

      iter #   9 total cpu time : 14262.1 secs   av.it.:  21.1
      thresh= 1.543E-08 alpha_mix =  0.700 |ddv_scf|^2 =  5.941E-14

     Pert. #  1: Fermi energy shift (Ry) =     2.6996E-03    -6.4623E-27

      iter #  10 total cpu time : 14291.5 secs   av.it.:  19.4
      thresh= 2.437E-08 alpha_mix =  0.700 |ddv_scf|^2 =  4.820E-15

     End of self-consistent calculation

     Convergence has been achieved 


     Representation #  48 mode #  48

     Self-consistent Calculation

     Pert. #  1: Fermi energy shift (Ry) =     6.3638E-02     0.0000E+00

      iter #   1 total cpu time : 14308.7 secs   av.it.:   6.1
      thresh= 1.000E-02 alpha_mix =  0.700 |ddv_scf|^2 =  1.511E-08

     Pert. #  1: Fermi energy shift (Ry) =    -1.7857E-01     0.0000E+00

      iter #   2 total cpu time : 14339.5 secs   av.it.:  20.8
      thresh= 1.229E-05 alpha_mix =  0.700 |ddv_scf|^2 =  5.697E-08

     Pert. #  1: Fermi energy shift (Ry) =     4.8917E-02     0.0000E+00

      iter #   3 total cpu time : 14368.4 secs   av.it.:  18.9
      thresh= 2.387E-05 alpha_mix =  0.700 |ddv_scf|^2 =  4.303E-09

     Pert. #  1: Fermi energy shift (Ry) =     7.0931E-04     0.0000E+00

      iter #   4 total cpu time : 14397.2 secs   av.it.:  19.0
      thresh= 6.559E-06 alpha_mix =  0.700 |ddv_scf|^2 =  1.152E-10

     Pert. #  1: Fermi energy shift (Ry) =    -1.0106E-03     0.0000E+00

      iter #   5 total cpu time : 14426.1 secs   av.it.:  19.2
      thresh= 1.073E-06 alpha_mix =  0.700 |ddv_scf|^2 =  1.125E-11

     Pert. #  1: Fermi energy shift (Ry) =     1.3552E-04     0.0000E+00

      iter #   6 total cpu time : 14456.0 secs   av.it.:  19.8
      thresh= 3.354E-07 alpha_mix =  0.700 |ddv_scf|^2 =  9.580E-13

     Pert. #  1: Fermi energy shift (Ry) =     6.6927E-04     0.0000E+00

      iter #   7 total cpu time : 14485.7 secs   av.it.:  19.9
      thresh= 9.788E-08 alpha_mix =  0.700 |ddv_scf|^2 =  2.199E-13

     Pert. #  1: Fermi energy shift (Ry) =     4.5545E-04     0.0000E+00

      iter #   8 total cpu time : 14514.9 secs   av.it.:  19.9
      thresh= 4.690E-08 alpha_mix =  0.700 |ddv_scf|^2 =  2.981E-14

     Pert. #  1: Fermi energy shift (Ry) =     4.2962E-04     0.0000E+00

      iter #   9 total cpu time : 14544.7 secs   av.it.:  19.8
      thresh= 1.727E-08 alpha_mix =  0.700 |ddv_scf|^2 =  1.752E-14

     Pert. #  1: Fermi energy shift (Ry) =     5.6050E-04     0.0000E+00

      iter #  10 total cpu time : 14573.8 secs   av.it.:  18.9
      thresh= 1.324E-08 alpha_mix =  0.700 |ddv_scf|^2 =  7.312E-15

     End of self-consistent calculation

     Convergence has been achieved 


     Representation #  49 mode #  49

     Self-consistent Calculation

     Pert. #  1: Fermi energy shift (Ry) =     1.6222E-02    -1.0340E-25

      iter #   1 total cpu time : 14590.6 secs   av.it.:   6.0
      thresh= 1.000E-02 alpha_mix =  0.700 |ddv_scf|^2 =  1.329E-08

     Pert. #  1: Fermi energy shift (Ry) =    -4.7284E-02    -6.4623E-27

      iter #   2 total cpu time : 14621.7 secs   av.it.:  21.0
      thresh= 1.153E-05 alpha_mix =  0.700 |ddv_scf|^2 =  1.135E-08

     Pert. #  1: Fermi energy shift (Ry) =     3.1632E-02    -2.5849E-26

      iter #   3 total cpu time : 14652.1 secs   av.it.:  20.2
      thresh= 1.066E-05 alpha_mix =  0.700 |ddv_scf|^2 =  2.509E-09

     Pert. #  1: Fermi energy shift (Ry) =    -1.8879E-02    -5.0487E-29

      iter #   4 total cpu time : 14681.3 secs   av.it.:  19.2
      thresh= 5.009E-06 alpha_mix =  0.700 |ddv_scf|^2 =  3.522E-10

     Pert. #  1: Fermi energy shift (Ry) =    -5.1717E-03    -6.4623E-27

      iter #   5 total cpu time : 14710.7 secs   av.it.:  19.6
      thresh= 1.877E-06 alpha_mix =  0.700 |ddv_scf|^2 =  1.652E-11

     Pert. #  1: Fermi energy shift (Ry) =    -5.4209E-03    -3.2312E-27

      iter #   6 total cpu time : 14740.1 secs   av.it.:  19.8
      thresh= 4.064E-07 alpha_mix =  0.700 |ddv_scf|^2 =  1.880E-12

     Pert. #  1: Fermi energy shift (Ry) =    -4.9246E-03    -3.2312E-27

      iter #   7 total cpu time : 14770.8 secs   av.it.:  20.6
      thresh= 1.371E-07 alpha_mix =  0.700 |ddv_scf|^2 =  3.100E-13

     Pert. #  1: Fermi energy shift (Ry) =    -5.1312E-03    -3.2312E-27

      iter #   8 total cpu time : 14801.4 secs   av.it.:  20.6
      thresh= 5.567E-08 alpha_mix =  0.700 |ddv_scf|^2 =  6.960E-14

     Pert. #  1: Fermi energy shift (Ry) =    -5.1474E-03    -3.2312E-27

      iter #   9 total cpu time : 14831.4 secs   av.it.:  20.4
      thresh= 2.638E-08 alpha_mix =  0.700 |ddv_scf|^2 =  2.892E-14

     Pert. #  1: Fermi energy shift (Ry) =    -4.9567E-03    -3.2312E-27

      iter #  10 total cpu time : 14862.1 secs   av.it.:  20.8
      thresh= 1.700E-08 alpha_mix =  0.700 |ddv_scf|^2 =  2.014E-14

     Pert. #  1: Fermi energy shift (Ry) =    -5.0770E-03    -3.2312E-27

      iter #  11 total cpu time : 14891.8 secs   av.it.:  19.9
      thresh= 1.419E-08 alpha_mix =  0.700 |ddv_scf|^2 =  2.156E-15

     End of self-consistent calculation

     Convergence has been achieved 


     Representation #  50 mode #  50

     Self-consistent Calculation

     Pert. #  1: Fermi energy shift (Ry) =     1.6221E-02     1.0340E-25

      iter #   1 total cpu time : 14908.9 secs   av.it.:   6.0
      thresh= 1.000E-02 alpha_mix =  0.700 |ddv_scf|^2 =  1.329E-08

     Pert. #  1: Fermi energy shift (Ry) =    -4.7283E-02     3.2312E-27

      iter #   2 total cpu time : 14939.9 secs   av.it.:  21.0
      thresh= 1.153E-05 alpha_mix =  0.700 |ddv_scf|^2 =  1.135E-08

     Pert. #  1: Fermi energy shift (Ry) =     3.1630E-02     6.4623E-27

      iter #   3 total cpu time : 14970.3 secs   av.it.:  20.2
      thresh= 1.066E-05 alpha_mix =  0.700 |ddv_scf|^2 =  2.509E-09

     Pert. #  1: Fermi energy shift (Ry) =    -1.8880E-02     3.2312E-27

      iter #   4 total cpu time : 14999.6 secs   av.it.:  19.2
      thresh= 5.009E-06 alpha_mix =  0.700 |ddv_scf|^2 =  3.522E-10

     Pert. #  1: Fermi energy shift (Ry) =    -5.1715E-03     3.2312E-27

      iter #   5 total cpu time : 15029.4 secs   av.it.:  19.8
      thresh= 1.877E-06 alpha_mix =  0.700 |ddv_scf|^2 =  1.652E-11

     Pert. #  1: Fermi energy shift (Ry) =    -5.4208E-03     3.2312E-27

      iter #   6 total cpu time : 15058.9 secs   av.it.:  19.8
      thresh= 4.064E-07 alpha_mix =  0.700 |ddv_scf|^2 =  1.880E-12

     Pert. #  1: Fermi energy shift (Ry) =    -4.9245E-03     3.2312E-27

      iter #   7 total cpu time : 15089.7 secs   av.it.:  20.6
      thresh= 1.371E-07 alpha_mix =  0.700 |ddv_scf|^2 =  3.099E-13

     Pert. #  1: Fermi energy shift (Ry) =    -5.1310E-03     3.2312E-27

      iter #   8 total cpu time : 15120.0 secs   av.it.:  20.5
      thresh= 5.567E-08 alpha_mix =  0.700 |ddv_scf|^2 =  6.960E-14

     Pert. #  1: Fermi energy shift (Ry) =    -5.1472E-03     3.2312E-27

      iter #   9 total cpu time : 15162.8 secs   av.it.:  20.4
      thresh= 2.638E-08 alpha_mix =  0.700 |ddv_scf|^2 =  2.891E-14

     Pert. #  1: Fermi energy shift (Ry) =    -4.9565E-03     3.2312E-27

      iter #  10 total cpu time : 15205.2 secs   av.it.:  20.8
      thresh= 1.700E-08 alpha_mix =  0.700 |ddv_scf|^2 =  2.014E-14

     Pert. #  1: Fermi energy shift (Ry) =    -5.0768E-03     3.2312E-27

      iter #  11 total cpu time : 15249.0 secs   av.it.:  19.9
      thresh= 1.419E-08 alpha_mix =  0.700 |ddv_scf|^2 =  2.155E-15

     End of self-consistent calculation

     Convergence has been achieved 


     Representation #  51 mode #  51

     Self-consistent Calculation

     Pert. #  1: Fermi energy shift (Ry) =    -8.0967E-03     0.0000E+00

      iter #   1 total cpu time : 15271.1 secs   av.it.:   5.2
      thresh= 1.000E-02 alpha_mix =  0.700 |ddv_scf|^2 =  9.424E-09

     Pert. #  1: Fermi energy shift (Ry) =     7.1058E-02     0.0000E+00

      iter #   2 total cpu time : 15301.7 secs   av.it.:  20.4
      thresh= 9.708E-06 alpha_mix =  0.700 |ddv_scf|^2 =  1.137E-08

     Pert. #  1: Fermi energy shift (Ry) =    -5.2880E-02     0.0000E+00

      iter #   3 total cpu time : 15331.4 secs   av.it.:  19.8
      thresh= 1.066E-05 alpha_mix =  0.700 |ddv_scf|^2 =  5.197E-09

     Pert. #  1: Fermi energy shift (Ry) =     1.0525E-02     0.0000E+00

      iter #   4 total cpu time : 15360.2 secs   av.it.:  18.8
      thresh= 7.209E-06 alpha_mix =  0.700 |ddv_scf|^2 =  1.530E-10

     Pert. #  1: Fermi energy shift (Ry) =     7.5280E-03     0.0000E+00

      iter #   5 total cpu time : 15388.6 secs   av.it.:  19.0
      thresh= 1.237E-06 alpha_mix =  0.700 |ddv_scf|^2 =  1.325E-11

     Pert. #  1: Fermi energy shift (Ry) =     5.0330E-03     0.0000E+00

      iter #   6 total cpu time : 15418.0 secs   av.it.:  19.9
      thresh= 3.640E-07 alpha_mix =  0.700 |ddv_scf|^2 =  1.269E-12

     Pert. #  1: Fermi energy shift (Ry) =     4.8252E-03     0.0000E+00

      iter #   7 total cpu time : 15447.4 secs   av.it.:  19.6
      thresh= 1.126E-07 alpha_mix =  0.700 |ddv_scf|^2 =  3.585E-13

     Pert. #  1: Fermi energy shift (Ry) =     5.3376E-03     0.0000E+00

      iter #   8 total cpu time : 15478.0 secs   av.it.:  20.6
      thresh= 5.987E-08 alpha_mix =  0.700 |ddv_scf|^2 =  5.056E-14

     Pert. #  1: Fermi energy shift (Ry) =     5.2497E-03     0.0000E+00

      iter #   9 total cpu time : 15507.5 secs   av.it.:  19.9
      thresh= 2.249E-08 alpha_mix =  0.700 |ddv_scf|^2 =  2.235E-14

     Pert. #  1: Fermi energy shift (Ry) =     5.1689E-03     0.0000E+00

      iter #  10 total cpu time : 15536.5 secs   av.it.:  19.2
      thresh= 1.495E-08 alpha_mix =  0.700 |ddv_scf|^2 =  6.645E-15

     End of self-consistent calculation

     Convergence has been achieved 


     Representation #  52 mode #  52

     Self-consistent Calculation

     Pert. #  1: Fermi energy shift (Ry) =    -1.6222E-02    -5.1699E-26

      iter #   1 total cpu time : 15553.4 secs   av.it.:   6.0
      thresh= 1.000E-02 alpha_mix =  0.700 |ddv_scf|^2 =  1.329E-08

     Pert. #  1: Fermi energy shift (Ry) =     4.7285E-02     1.6156E-27

      iter #   2 total cpu time : 15584.6 secs   av.it.:  21.0
      thresh= 1.153E-05 alpha_mix =  0.700 |ddv_scf|^2 =  1.135E-08

     Pert. #  1: Fermi energy shift (Ry) =    -3.1632E-02     3.2312E-27

      iter #   3 total cpu time : 15614.9 secs   av.it.:  20.2
      thresh= 1.066E-05 alpha_mix =  0.700 |ddv_scf|^2 =  2.509E-09

     Pert. #  1: Fermi energy shift (Ry) =     1.8880E-02     4.0390E-28

      iter #   4 total cpu time : 15644.0 secs   av.it.:  19.2
      thresh= 5.009E-06 alpha_mix =  0.700 |ddv_scf|^2 =  3.522E-10

     Pert. #  1: Fermi energy shift (Ry) =     5.1720E-03    -1.0097E-28

      iter #   5 total cpu time : 15673.6 secs   av.it.:  19.8
      thresh= 1.877E-06 alpha_mix =  0.700 |ddv_scf|^2 =  1.652E-11

     Pert. #  1: Fermi energy shift (Ry) =     5.4210E-03     8.0779E-28

      iter #   6 total cpu time : 15703.1 secs   av.it.:  19.6
      thresh= 4.064E-07 alpha_mix =  0.700 |ddv_scf|^2 =  1.880E-12

     Pert. #  1: Fermi energy shift (Ry) =     4.9247E-03     1.6156E-27

      iter #   7 total cpu time : 15733.5 secs   av.it.:  20.6
      thresh= 1.371E-07 alpha_mix =  0.700 |ddv_scf|^2 =  3.099E-13

     Pert. #  1: Fermi energy shift (Ry) =     5.1312E-03     1.6156E-27

      iter #   8 total cpu time : 15764.0 secs   av.it.:  20.6
      thresh= 5.567E-08 alpha_mix =  0.700 |ddv_scf|^2 =  6.960E-14

     Pert. #  1: Fermi energy shift (Ry) =     5.1473E-03     1.6156E-27

      iter #   9 total cpu time : 15794.1 secs   av.it.:  20.2
      thresh= 2.638E-08 alpha_mix =  0.700 |ddv_scf|^2 =  2.891E-14

     Pert. #  1: Fermi energy shift (Ry) =     4.9567E-03     1.6156E-27

      iter #  10 total cpu time : 15824.8 secs   av.it.:  20.8
      thresh= 1.700E-08 alpha_mix =  0.700 |ddv_scf|^2 =  2.015E-14

     Pert. #  1: Fermi energy shift (Ry) =     5.0770E-03     1.6156E-27

      iter #  11 total cpu time : 15854.6 secs   av.it.:  20.0
      thresh= 1.419E-08 alpha_mix =  0.700 |ddv_scf|^2 =  2.156E-15

     End of self-consistent calculation

     Convergence has been achieved 


     Representation #  53 mode #  53

     Self-consistent Calculation

     Pert. #  1: Fermi energy shift (Ry) =    -1.6221E-02     1.0340E-25

      iter #   1 total cpu time : 15871.8 secs   av.it.:   6.0
      thresh= 1.000E-02 alpha_mix =  0.700 |ddv_scf|^2 =  1.329E-08

     Pert. #  1: Fermi energy shift (Ry) =     4.7282E-02    -3.2312E-27

      iter #   2 total cpu time : 15903.1 secs   av.it.:  21.0
      thresh= 1.153E-05 alpha_mix =  0.700 |ddv_scf|^2 =  1.135E-08

     Pert. #  1: Fermi energy shift (Ry) =    -3.1629E-02     1.2925E-26

      iter #   3 total cpu time : 15933.8 secs   av.it.:  20.2
      thresh= 1.066E-05 alpha_mix =  0.700 |ddv_scf|^2 =  2.509E-09

     Pert. #  1: Fermi energy shift (Ry) =     1.8881E-02     3.2312E-27

      iter #   4 total cpu time : 15963.1 secs   av.it.:  19.2
      thresh= 5.009E-06 alpha_mix =  0.700 |ddv_scf|^2 =  3.523E-10

     Pert. #  1: Fermi energy shift (Ry) =     5.1718E-03     6.4623E-27

      iter #   5 total cpu time : 15993.0 secs   av.it.:  19.6
      thresh= 1.877E-06 alpha_mix =  0.700 |ddv_scf|^2 =  1.652E-11

     Pert. #  1: Fermi energy shift (Ry) =     5.4209E-03     6.4623E-27

      iter #   6 total cpu time : 16022.8 secs   av.it.:  19.8
      thresh= 4.064E-07 alpha_mix =  0.700 |ddv_scf|^2 =  1.880E-12

     Pert. #  1: Fermi energy shift (Ry) =     4.9246E-03     6.4623E-27

      iter #   7 total cpu time : 16053.4 secs   av.it.:  20.6
      thresh= 1.371E-07 alpha_mix =  0.700 |ddv_scf|^2 =  3.099E-13

     Pert. #  1: Fermi energy shift (Ry) =     5.1311E-03     6.4623E-27

      iter #   8 total cpu time : 16084.6 secs   av.it.:  20.6
      thresh= 5.567E-08 alpha_mix =  0.700 |ddv_scf|^2 =  6.962E-14

     Pert. #  1: Fermi energy shift (Ry) =     5.1473E-03     6.4623E-27

      iter #   9 total cpu time : 16115.6 secs   av.it.:  20.4
      thresh= 2.638E-08 alpha_mix =  0.700 |ddv_scf|^2 =  2.891E-14

     Pert. #  1: Fermi energy shift (Ry) =     4.9566E-03     6.4623E-27

      iter #  10 total cpu time : 16147.0 secs   av.it.:  20.8
      thresh= 1.700E-08 alpha_mix =  0.700 |ddv_scf|^2 =  2.014E-14

     Pert. #  1: Fermi energy shift (Ry) =     5.0769E-03     6.4623E-27

      iter #  11 total cpu time : 16177.7 secs   av.it.:  20.0
      thresh= 1.419E-08 alpha_mix =  0.700 |ddv_scf|^2 =  2.155E-15

     End of self-consistent calculation

     Convergence has been achieved 


     Representation #  54 mode #  54

     Self-consistent Calculation

     Pert. #  1: Fermi energy shift (Ry) =    -8.0967E-03     0.0000E+00

      iter #   1 total cpu time : 16194.0 secs   av.it.:   5.2
      thresh= 1.000E-02 alpha_mix =  0.700 |ddv_scf|^2 =  9.424E-09

     Pert. #  1: Fermi energy shift (Ry) =     7.1058E-02     0.0000E+00

      iter #   2 total cpu time : 16224.9 secs   av.it.:  20.4
      thresh= 9.708E-06 alpha_mix =  0.700 |ddv_scf|^2 =  1.137E-08
