
     Program PHONON v.6.7MaX starts on  3Feb2026 at  2:27:41 

     This program is part of the open-source Quantum ESPRESSO suite
     for quantum simulation of materials; please cite
         "P. Giannozzi et al., J. Phys.:Condens. Matter 21 395502 (2009);
         "P. Giannozzi et al., J. Phys.:Condens. Matter 29 465901 (2017);
          URL http://www.quantum-espresso.org", 
     in publications or presentations arising from this work. More details at
     http://www.quantum-espresso.org/quote

     Parallel version (MPI), running on     2 processors

     MPI processes distributed on     1 nodes
     R & G space division:  proc/nbgrp/npool/nimage =       2
     Waiting for input...
     Reading input from standard input

     Reading xml data from directory:

     ./tmp/HfTiBH42.save/
     file H.UPF: wavefunction(s)  1S renormalized
     file Hf.UPF: wavefunction(s)  5P 4F renormalized

     IMPORTANT: XC functional enforced from input :
     Exchange-correlation= PBE
                           (   1   4   3   4   0   0   0)
     Any further DFT definition will be discarded
     Please, verify this is what you really want


     Parallelization info
     --------------------
     sticks:   dense  smooth     PW     G-vecs:    dense   smooth      PW
     Min         472     239     72                14919     5248     951
     Max         473     240     73                14922     5249     954
     Sum         945     479    145                29841    10497    1905


     Check: negative core charge=   -0.000003
     Reading collected, re-writing distributed wavefunctions


     Dynamical matrices for ( 2, 2, 2)  uniform grid of q-points
     (   8 q-points):
       N         xq(1)         xq(2)         xq(3) 
       1   0.000000000   0.000000000   0.000000000
       2  -0.001505951   0.001147507  -0.463392771
       3  -0.000163946  -0.639818002  -0.000543334
       4  -0.001669896  -0.638670496  -0.463936105
       5  -0.638404539  -0.000358837  -0.002280611
       6  -0.639910490   0.000788669  -0.465673381
       7  -0.638568485  -0.640176840  -0.002823945
       8  -0.640074435  -0.639029333  -0.466216715

     Calculation of q =    0.0000000   0.0000000   0.0000000

     Phonons                                                                    

     bravais-lattice index     =            0
     lattice parameter (alat)  =       6.9360  a.u.
     unit-cell volume          =     220.3604 (a.u.)^3
     number of atoms/cell      =           12
     number of atomic types    =            4
     kinetic-energy cut-off    =      50.0000  Ry
     charge density cut-off    =     400.0000  Ry
     convergence threshold     =      1.0E-14
     beta                      =       0.7000
     number of iterations used =            4
     Exchange-correlation= PBE
                           (   1   4   3   4   0   0   0)


     celldm(1)=    6.93597  celldm(2)=    0.00000  celldm(3)=    0.00000
     celldm(4)=    0.00000  celldm(5)=    0.00000  celldm(6)=    0.00000

     crystal axes: (cart. coord. in units of alat)
               a(1) = (  0.7832 -0.0002 -0.0025 )  
               a(2) = ( -0.0004  0.7815  0.0019 )  
               a(3) = ( -0.0039 -0.0009  1.0790 )  

     reciprocal axes: (cart. coord. in units 2 pi/alat)
               b(1) = (  1.2768  0.0007  0.0046 )  
               b(2) = (  0.0003  1.2796  0.0011 )  
               b(3) = (  0.0030 -0.0023  0.9268 )  


     Atoms inside the unit cell: 

     Cartesian axes

     site n.  atom      mass           positions (alat units)
        1     Ti   1.0000   tau(    1) = (    0.83288    0.04352   -0.02567  )
        2     Hf   1.0000   tau(    2) = (    0.33721    0.36129    0.55903  )
        3     B    1.0000   tau(    3) = (    0.45397    0.45425    0.01753  )
        4     B    1.0000   tau(    4) = (    0.72002   -0.05183    0.50241  )
        5     H    1.0000   tau(    5) = (   -0.02560    0.46502    0.83209  )
        6     H    1.0000   tau(    6) = (    0.20147   -0.02937    0.35162  )
        7     H    1.0000   tau(    7) = (    0.72105    0.17309    0.69305  )
        8     H    1.0000   tau(    8) = (    0.43400    0.18602    0.96588  )
        9     H    1.0000   tau(    9) = (    0.17011    0.43175    0.13618  )
       10     H    1.0000   tau(   10) = (    0.67667    0.39950    0.23225  )
       11     H    1.0000   tau(   11) = (    0.41367    0.68348    0.86398  )
       12     H    1.0000   tau(   12) = (    0.50265    0.78565    0.28173  )

     Computing dynamical matrix for 
                    q = (   0.0000000   0.0000000   0.0000000 )

      2 Sym.Ops. (with q -> -q+G )


     G cutoff =  487.4323  (  14922 G-vectors)     FFT grid: ( 36, 36, 48)
     G cutoff =  243.7162  (   5249 G-vectors)  smooth grid: ( 25, 25, 36)

     number of k points=     8  Methfessel-Paxton smearing, width (Ry)=  0.0200

     PseudoPot. # 1 for B  read from file:
     /home/marco/ZOS_Cloud_Compute/pseudo/B.UPF
     MD5 check sum: d9c678ba5d3b2fd7b74e61139c9288d8
     Pseudo is Projector augmented-wave + core cor, Zval =  3.0
     Generated using "atomic" code by A. Dal Corso  v.5.1.2
     Shape of augmentation charge: PSQ
     Using radial grid of 1059 points,  4 beta functions with: 
                l(1) =   0
                l(2) =   0
                l(3) =   1
                l(4) =   1
     Q(r) pseudized with 0 coefficients 


     PseudoPot. # 2 for H  read from file:
     /home/marco/ZOS_Cloud_Compute/pseudo/H.UPF
     MD5 check sum: 850d63dcbcc06c5de8b44e0ab9f952da
     Pseudo is Projector augmented-wave, Zval =  1.0
     Generated using "atomic" code by A. Dal Corso  v.5.1.2
     Shape of augmentation charge: PSQ
     Using radial grid of  929 points,  2 beta functions with: 
                l(1) =   0
                l(2) =   0
     Q(r) pseudized with 0 coefficients 


     PseudoPot. # 3 for Hf read from file:
     /home/marco/ZOS_Cloud_Compute/pseudo/Hf.UPF
     MD5 check sum: 054ab3954715fe03e42536d2af1a941a
     Pseudo is Projector augmented-wave + core cor, Zval = 36.0
     Generated using "atomic" code by A. Dal Corso  v.5.1.2
     Shape of augmentation charge: PSQ
     Using radial grid of 1271 points,  8 beta functions with: 
                l(1) =   0
                l(2) =   0
                l(3) =   1
                l(4) =   1
                l(5) =   2
                l(6) =   2
                l(7) =   3
                l(8) =   3
     Q(r) pseudized with 0 coefficients 


     PseudoPot. # 4 for Ti read from file:
     /home/marco/ZOS_Cloud_Compute/pseudo/Ti.UPF
     MD5 check sum: 8e4df49b7f0d34bbd5052bf3f5ea0213
     Pseudo is Ultrasoft, Zval = 12.0
     Generated by new atomic code, or converted to UPF format
     Using radial grid of  851 points,  6 beta functions with: 
                l(1) =   0
                l(2) =   0
                l(3) =   1
                l(4) =   1
                l(5) =   2
                l(6) =   2
     Q(r) pseudized with  8 coefficients,  rinner =    1.000   1.000   1.000
                                                       1.000   1.000

     Mode symmetry, C_1 (1)     point group:


     Atomic displacements:
     There are   36 irreducible representations

     Representation     1      1 modes -  To be done

     Representation     2      1 modes -  To be done

     Representation     3      1 modes -  To be done

     Representation     4      1 modes -  To be done

     Representation     5      1 modes -  To be done

     Representation     6      1 modes -  To be done

     Representation     7      1 modes -  To be done

     Representation     8      1 modes -  To be done

     Representation     9      1 modes -  To be done

     Representation    10      1 modes -  To be done

     Representation    11      1 modes -  To be done

     Representation    12      1 modes -  To be done

     Representation    13      1 modes -  To be done

     Representation    14      1 modes -  To be done

     Representation    15      1 modes -  To be done

     Representation    16      1 modes -  To be done

     Representation    17      1 modes -  To be done

     Representation    18      1 modes -  To be done

     Representation    19      1 modes -  To be done

     Representation    20      1 modes -  To be done

     Representation    21      1 modes -  To be done

     Representation    22      1 modes -  To be done

     Representation    23      1 modes -  To be done

     Representation    24      1 modes -  To be done

     Representation    25      1 modes -  To be done

     Representation    26      1 modes -  To be done

     Representation    27      1 modes -  To be done

     Representation    28      1 modes -  To be done

     Representation    29      1 modes -  To be done

     Representation    30      1 modes -  To be done

     Representation    31      1 modes -  To be done

     Representation    32      1 modes -  To be done

     Representation    33      1 modes -  To be done

     Representation    34      1 modes -  To be done

     Representation    35      1 modes -  To be done

     Representation    36      1 modes -  To be done



     Alpha used in Ewald sum =   2.8000
     PHONON       :     35.69s CPU     49.36s WALL



     Representation #   1 mode #   1

     Self-consistent Calculation

     Pert. #  1: Fermi energy shift (Ry) =    -7.5358E-02    -4.8468E-27

      iter #   1 total cpu time :    57.5 secs   av.it.:  11.8
      thresh= 1.000E-02 alpha_mix =  0.700 |ddv_scf|^2 =  2.288E-05

     Pert. #  1: Fermi energy shift (Ry) =     4.4067E-03     2.6470E-23

      iter #   2 total cpu time :    65.9 secs   av.it.:  19.5
      thresh= 4.784E-04 alpha_mix =  0.700 |ddv_scf|^2 =  4.364E-06

     Pert. #  1: Fermi energy shift (Ry) =    -5.0848E-02    -6.6174E-24

      iter #   3 total cpu time :    74.6 secs   av.it.:  19.6
      thresh= 2.089E-04 alpha_mix =  0.700 |ddv_scf|^2 =  8.186E-08

     Pert. #  1: Fermi energy shift (Ry) =    -1.2371E-02     6.4623E-27

      iter #   4 total cpu time :    83.5 secs   av.it.:  21.2
      thresh= 2.861E-05 alpha_mix =  0.700 |ddv_scf|^2 =  2.445E-08

     Pert. #  1: Fermi energy shift (Ry) =    -3.5302E-02     1.2925E-26

      iter #   5 total cpu time :    92.3 secs   av.it.:  19.1
      thresh= 1.564E-05 alpha_mix =  0.700 |ddv_scf|^2 =  4.433E-09

     Pert. #  1: Fermi energy shift (Ry) =    -2.9431E-02     1.2408E-24

      iter #   6 total cpu time :   100.9 secs   av.it.:  19.4
      thresh= 6.658E-06 alpha_mix =  0.700 |ddv_scf|^2 =  3.814E-10

     Pert. #  1: Fermi energy shift (Ry) =    -3.0922E-02    -4.1359E-25

      iter #   7 total cpu time :   109.5 secs   av.it.:  18.8
      thresh= 1.953E-06 alpha_mix =  0.700 |ddv_scf|^2 =  2.250E-11

     Pert. #  1: Fermi energy shift (Ry) =    -3.0295E-02    -1.0340E-25

      iter #   8 total cpu time :   118.4 secs   av.it.:  20.8
      thresh= 4.743E-07 alpha_mix =  0.700 |ddv_scf|^2 =  2.946E-12

     Pert. #  1: Fermi energy shift (Ry) =    -3.0629E-02    -6.0585E-28

      iter #   9 total cpu time :   127.4 secs   av.it.:  21.1
      thresh= 1.716E-07 alpha_mix =  0.700 |ddv_scf|^2 =  2.642E-13

     Pert. #  1: Fermi energy shift (Ry) =    -3.0571E-02     3.2312E-27

      iter #  10 total cpu time :   136.5 secs   av.it.:  21.5
      thresh= 5.140E-08 alpha_mix =  0.700 |ddv_scf|^2 =  9.464E-14

     Pert. #  1: Fermi energy shift (Ry) =    -3.0541E-02    -4.8468E-27

      iter #  11 total cpu time :   145.5 secs   av.it.:  20.8
      thresh= 3.076E-08 alpha_mix =  0.700 |ddv_scf|^2 =  6.862E-14

     Pert. #  1: Fermi energy shift (Ry) =    -3.0573E-02    -4.8468E-27

      iter #  12 total cpu time :   153.7 secs   av.it.:  19.0
      thresh= 2.620E-08 alpha_mix =  0.700 |ddv_scf|^2 =  1.213E-14

     Pert. #  1: Fermi energy shift (Ry) =    -3.0568E-02    -4.8468E-27

      iter #  13 total cpu time :   162.3 secs   av.it.:  19.8
      thresh= 1.101E-08 alpha_mix =  0.700 |ddv_scf|^2 =  1.389E-15

     End of self-consistent calculation

     Convergence has been achieved 


     Representation #   2 mode #   2

     Self-consistent Calculation

     Pert. #  1: Fermi energy shift (Ry) =    -5.7623E-02    -3.8774E-26

      iter #   1 total cpu time :   170.9 secs   av.it.:  11.8
      thresh= 1.000E-02 alpha_mix =  0.700 |ddv_scf|^2 =  2.317E-05

     Pert. #  1: Fermi energy shift (Ry) =     1.1844E-02     2.6470E-23

      iter #   2 total cpu time :   179.5 secs   av.it.:  19.2
      thresh= 4.814E-04 alpha_mix =  0.700 |ddv_scf|^2 =  4.772E-06

     Pert. #  1: Fermi energy shift (Ry) =    -4.2301E-02     2.6470E-23

      iter #   3 total cpu time :   188.2 secs   av.it.:  19.9
      thresh= 2.184E-04 alpha_mix =  0.700 |ddv_scf|^2 =  1.255E-07

     Pert. #  1: Fermi energy shift (Ry) =    -1.5783E-02    -6.6174E-24

      iter #   4 total cpu time :   197.1 secs   av.it.:  20.5
      thresh= 3.543E-05 alpha_mix =  0.700 |ddv_scf|^2 =  1.864E-08

     Pert. #  1: Fermi energy shift (Ry) =    -2.7581E-02    -8.2718E-25

      iter #   5 total cpu time :   205.7 secs   av.it.:  19.5
      thresh= 1.365E-05 alpha_mix =  0.700 |ddv_scf|^2 =  2.391E-09

     Pert. #  1: Fermi energy shift (Ry) =    -2.1652E-02     8.2718E-25

      iter #   6 total cpu time :   214.5 secs   av.it.:  19.9
      thresh= 4.890E-06 alpha_mix =  0.700 |ddv_scf|^2 =  6.905E-10

     Pert. #  1: Fermi energy shift (Ry) =    -2.4870E-02    -2.5849E-26

      iter #   7 total cpu time :   222.9 secs   av.it.:  18.6
      thresh= 2.628E-06 alpha_mix =  0.700 |ddv_scf|^2 =  2.807E-11

     Pert. #  1: Fermi energy shift (Ry) =    -2.3883E-02     2.5849E-26

      iter #   8 total cpu time :   231.9 secs   av.it.:  21.0
      thresh= 5.298E-07 alpha_mix =  0.700 |ddv_scf|^2 =  3.986E-12

     Pert. #  1: Fermi energy shift (Ry) =    -2.4236E-02     9.6935E-27

      iter #   9 total cpu time :   240.8 secs   av.it.:  21.0
      thresh= 1.996E-07 alpha_mix =  0.700 |ddv_scf|^2 =  2.936E-13

     Pert. #  1: Fermi energy shift (Ry) =    -2.4194E-02    -6.4623E-27

      iter #  10 total cpu time :   250.0 secs   av.it.:  21.9
      thresh= 5.418E-08 alpha_mix =  0.700 |ddv_scf|^2 =  1.502E-13

     Pert. #  1: Fermi energy shift (Ry) =    -2.4176E-02    -4.8468E-27

      iter #  11 total cpu time :   258.7 secs   av.it.:  20.1
      thresh= 3.876E-08 alpha_mix =  0.700 |ddv_scf|^2 =  3.908E-14

     Pert. #  1: Fermi energy shift (Ry) =    -2.4199E-02    -6.4623E-27

      iter #  12 total cpu time :   267.5 secs   av.it.:  20.1
      thresh= 1.977E-08 alpha_mix =  0.700 |ddv_scf|^2 =  1.592E-14

     Pert. #  1: Fermi energy shift (Ry) =    -2.4187E-02    -1.2925E-26

      iter #  13 total cpu time :   275.7 secs   av.it.:  19.1
      thresh= 1.262E-08 alpha_mix =  0.700 |ddv_scf|^2 =  1.840E-15

     End of self-consistent calculation

     Convergence has been achieved 


     Representation #   3 mode #   3

     Self-consistent Calculation

     Pert. #  1: Fermi energy shift (Ry) =     1.0793E-03     1.6156E-27

      iter #   1 total cpu time :   284.4 secs   av.it.:  13.1
      thresh= 1.000E-02 alpha_mix =  0.700 |ddv_scf|^2 =  1.093E-04

     Pert. #  1: Fermi energy shift (Ry) =     1.3536E-01     1.0588E-22

      iter #   2 total cpu time :   293.2 secs   av.it.:  20.1
      thresh= 1.045E-03 alpha_mix =  0.700 |ddv_scf|^2 =  1.672E-04

     Pert. #  1: Fermi energy shift (Ry) =     6.1540E-03     5.2940E-23

      iter #   3 total cpu time :   301.6 secs   av.it.:  18.0
      thresh= 1.293E-03 alpha_mix =  0.700 |ddv_scf|^2 =  1.953E-07

     Pert. #  1: Fermi energy shift (Ry) =     2.5766E-02     1.6544E-24

      iter #   4 total cpu time :   310.7 secs   av.it.:  21.9
      thresh= 4.420E-05 alpha_mix =  0.700 |ddv_scf|^2 =  2.234E-08

     Pert. #  1: Fermi energy shift (Ry) =     1.0653E-02    -5.1699E-26

      iter #   5 total cpu time :   319.7 secs   av.it.:  20.2
      thresh= 1.495E-05 alpha_mix =  0.700 |ddv_scf|^2 =  6.948E-09

     Pert. #  1: Fermi energy shift (Ry) =     2.3184E-02    -2.0680E-25

      iter #   6 total cpu time :   328.3 secs   av.it.:  18.9
      thresh= 8.336E-06 alpha_mix =  0.700 |ddv_scf|^2 =  4.679E-10

     Pert. #  1: Fermi energy shift (Ry) =     1.9343E-02     2.5849E-26

      iter #   7 total cpu time :   337.1 secs   av.it.:  20.2
      thresh= 2.163E-06 alpha_mix =  0.700 |ddv_scf|^2 =  2.307E-11

     Pert. #  1: Fermi energy shift (Ry) =     2.0184E-02    -5.1699E-26

      iter #   8 total cpu time :   346.0 secs   av.it.:  20.0
      thresh= 4.803E-07 alpha_mix =  0.700 |ddv_scf|^2 =  4.424E-12

     Pert. #  1: Fermi energy shift (Ry) =     1.9994E-02     1.6156E-27

      iter #   9 total cpu time :   354.9 secs   av.it.:  20.1
      thresh= 2.103E-07 alpha_mix =  0.700 |ddv_scf|^2 =  1.972E-13

     Pert. #  1: Fermi energy shift (Ry) =     2.0023E-02     3.2312E-27

      iter #  10 total cpu time :   363.8 secs   av.it.:  20.5
      thresh= 4.441E-08 alpha_mix =  0.700 |ddv_scf|^2 =  4.180E-14

     Pert. #  1: Fermi energy shift (Ry) =     2.0019E-02     1.6156E-27

      iter #  11 total cpu time :   372.4 secs   av.it.:  19.2
      thresh= 2.045E-08 alpha_mix =  0.700 |ddv_scf|^2 =  2.923E-15

     End of self-consistent calculation

     Convergence has been achieved 


     Representation #   4 mode #   4

     Self-consistent Calculation

     Pert. #  1: Fermi energy shift (Ry) =     2.0005E-01     3.1019E-25

      iter #   1 total cpu time :   381.7 secs   av.it.:  16.1
      thresh= 1.000E-02 alpha_mix =  0.700 |ddv_scf|^2 =  5.466E-04

     Pert. #  1: Fermi energy shift (Ry) =    -6.4842E-01     4.2352E-22

      iter #   2 total cpu time :   390.8 secs   av.it.:  21.6
      thresh= 2.338E-03 alpha_mix =  0.700 |ddv_scf|^2 =  1.576E-04

     Pert. #  1: Fermi energy shift (Ry) =     1.1080E+00     1.0588E-22

      iter #   3 total cpu time :   399.8 secs   av.it.:  21.1
      thresh= 1.256E-03 alpha_mix =  0.700 |ddv_scf|^2 =  8.348E-05

     Pert. #  1: Fermi energy shift (Ry) =    -8.8962E-02    -9.9262E-24

      iter #   4 total cpu time :   408.3 secs   av.it.:  18.4
      thresh= 9.137E-04 alpha_mix =  0.700 |ddv_scf|^2 =  2.659E-06

     Pert. #  1: Fermi energy shift (Ry) =    -3.8257E-02     9.9262E-24

      iter #   5 total cpu time :   416.8 secs   av.it.:  19.9
      thresh= 1.631E-04 alpha_mix =  0.700 |ddv_scf|^2 =  1.972E-07

     Pert. #  1: Fermi energy shift (Ry) =     3.5926E-02     3.3087E-24

      iter #   6 total cpu time :   425.8 secs   av.it.:  20.9
      thresh= 4.441E-05 alpha_mix =  0.700 |ddv_scf|^2 =  1.093E-08

     Pert. #  1: Fermi energy shift (Ry) =     2.6955E-02    -1.6544E-24

      iter #   7 total cpu time :   434.6 secs   av.it.:  20.5
      thresh= 1.046E-05 alpha_mix =  0.700 |ddv_scf|^2 =  2.313E-09

     Pert. #  1: Fermi energy shift (Ry) =     2.3281E-02     1.5510E-25

      iter #   8 total cpu time :   443.4 secs   av.it.:  20.2
      thresh= 4.810E-06 alpha_mix =  0.700 |ddv_scf|^2 =  1.954E-10

     Pert. #  1: Fermi energy shift (Ry) =     2.4226E-02     1.0340E-25

      iter #   9 total cpu time :   452.2 secs   av.it.:  20.2
      thresh= 1.398E-06 alpha_mix =  0.700 |ddv_scf|^2 =  2.792E-11

     Pert. #  1: Fermi energy shift (Ry) =     2.4869E-02     2.0680E-25

      iter #  10 total cpu time :   461.1 secs   av.it.:  20.6
      thresh= 5.284E-07 alpha_mix =  0.700 |ddv_scf|^2 =  2.317E-11

     Pert. #  1: Fermi energy shift (Ry) =     2.4570E-02     1.5510E-25

      iter #  11 total cpu time :   469.8 secs   av.it.:  18.9
      thresh= 4.813E-07 alpha_mix =  0.700 |ddv_scf|^2 =  9.693E-13

     Pert. #  1: Fermi energy shift (Ry) =     2.4365E-02     1.5510E-25

      iter #  12 total cpu time :   478.8 secs   av.it.:  21.6
      thresh= 9.845E-08 alpha_mix =  0.700 |ddv_scf|^2 =  6.127E-13

     Pert. #  1: Fermi energy shift (Ry) =     2.4485E-02     1.5510E-25

      iter #  13 total cpu time :   486.9 secs   av.it.:  19.6
      thresh= 7.827E-08 alpha_mix =  0.700 |ddv_scf|^2 =  5.177E-14

     Pert. #  1: Fermi energy shift (Ry) =     2.4491E-02     1.5510E-25

      iter #  14 total cpu time :   495.8 secs   av.it.:  20.2
      thresh= 2.275E-08 alpha_mix =  0.700 |ddv_scf|^2 =  1.636E-14

     Pert. #  1: Fermi energy shift (Ry) =     2.4477E-02     1.5510E-25

      iter #  15 total cpu time :   504.6 secs   av.it.:  20.0
      thresh= 1.279E-08 alpha_mix =  0.700 |ddv_scf|^2 =  2.021E-15

     End of self-consistent calculation

     Convergence has been achieved 


     Representation #   5 mode #   5

     Self-consistent Calculation

     Pert. #  1: Fermi energy shift (Ry) =     4.3115E-01     7.7548E-26

      iter #   1 total cpu time :   514.0 secs   av.it.:  16.4
      thresh= 1.000E-02 alpha_mix =  0.700 |ddv_scf|^2 =  5.424E-04

     Pert. #  1: Fermi energy shift (Ry) =    -7.4866E-01     2.1176E-22

      iter #   2 total cpu time :   522.9 secs   av.it.:  21.5
      thresh= 2.329E-03 alpha_mix =  0.700 |ddv_scf|^2 =  1.426E-04

     Pert. #  1: Fermi energy shift (Ry) =     9.9363E-01     5.2940E-23

      iter #   3 total cpu time :   531.9 secs   av.it.:  21.1
      thresh= 1.194E-03 alpha_mix =  0.700 |ddv_scf|^2 =  6.708E-05

     Pert. #  1: Fermi energy shift (Ry) =    -8.0168E-02     3.3087E-24

      iter #   4 total cpu time :   540.4 secs   av.it.:  18.6
      thresh= 8.191E-04 alpha_mix =  0.700 |ddv_scf|^2 =  2.770E-06

     Pert. #  1: Fermi energy shift (Ry) =     2.1140E-03    -1.2925E-26

      iter #   5 total cpu time :   549.2 secs   av.it.:  19.9
      thresh= 1.664E-04 alpha_mix =  0.700 |ddv_scf|^2 =  1.263E-07

     Pert. #  1: Fermi energy shift (Ry) =     4.9951E-02     8.2718E-25

      iter #   6 total cpu time :   558.3 secs   av.it.:  21.4
      thresh= 3.555E-05 alpha_mix =  0.700 |ddv_scf|^2 =  1.752E-08

     Pert. #  1: Fermi energy shift (Ry) =     4.3851E-02    -6.2039E-25

      iter #   7 total cpu time :   567.1 secs   av.it.:  20.2
      thresh= 1.324E-05 alpha_mix =  0.700 |ddv_scf|^2 =  2.262E-09

     Pert. #  1: Fermi energy shift (Ry) =     3.8869E-02    -1.5510E-25

      iter #   8 total cpu time :   576.0 secs   av.it.:  20.6
      thresh= 4.757E-06 alpha_mix =  0.700 |ddv_scf|^2 =  1.892E-10

     Pert. #  1: Fermi energy shift (Ry) =     4.0450E-02     1.0340E-25

      iter #   9 total cpu time :   585.1 secs   av.it.:  20.9
      thresh= 1.376E-06 alpha_mix =  0.700 |ddv_scf|^2 =  2.848E-11

     Pert. #  1: Fermi energy shift (Ry) =     4.0898E-02    -8.0779E-28

      iter #  10 total cpu time :   593.7 secs   av.it.:  20.9
      thresh= 5.336E-07 alpha_mix =  0.700 |ddv_scf|^2 =  2.435E-11

     Pert. #  1: Fermi energy shift (Ry) =     4.0495E-02    -3.8774E-26

      iter #  11 total cpu time :   602.3 secs   av.it.:  18.9
      thresh= 4.935E-07 alpha_mix =  0.700 |ddv_scf|^2 =  1.062E-12

     Pert. #  1: Fermi energy shift (Ry) =     4.0402E-02    -3.8774E-26

      iter #  12 total cpu time :   611.4 secs   av.it.:  21.4
      thresh= 1.030E-07 alpha_mix =  0.700 |ddv_scf|^2 =  4.473E-13

     Pert. #  1: Fermi energy shift (Ry) =     4.0490E-02    -3.8774E-26

      iter #  13 total cpu time :   620.2 secs   av.it.:  20.1
      thresh= 6.688E-08 alpha_mix =  0.700 |ddv_scf|^2 =  6.453E-14

     Pert. #  1: Fermi energy shift (Ry) =     4.0497E-02    -5.1699E-26

      iter #  14 total cpu time :   629.1 secs   av.it.:  20.0
      thresh= 2.540E-08 alpha_mix =  0.700 |ddv_scf|^2 =  1.330E-14

     Pert. #  1: Fermi energy shift (Ry) =     4.0478E-02    -3.8774E-26

      iter #  15 total cpu time :   638.1 secs   av.it.:  20.5
      thresh= 1.153E-08 alpha_mix =  0.700 |ddv_scf|^2 =  2.200E-15

     End of self-consistent calculation

     Convergence has been achieved 


     Representation #   6 mode #   6

     Self-consistent Calculation

     Pert. #  1: Fermi energy shift (Ry) =    -5.0783E-01    -4.1359E-25

      iter #   1 total cpu time :   647.5 secs   av.it.:  16.6
      thresh= 1.000E-02 alpha_mix =  0.700 |ddv_scf|^2 =  1.608E-03

     Pert. #  1: Fermi energy shift (Ry) =     8.3339E-01    -1.6544E-24

      iter #   2 total cpu time :   656.6 secs   av.it.:  21.4
      thresh= 4.010E-03 alpha_mix =  0.700 |ddv_scf|^2 =  2.488E-03

     Pert. #  1: Fermi energy shift (Ry) =    -8.8523E-01    -2.6470E-23

      iter #   3 total cpu time :   665.1 secs   av.it.:  18.4
      thresh= 4.988E-03 alpha_mix =  0.700 |ddv_scf|^2 =  4.894E-05

     Pert. #  1: Fermi energy shift (Ry) =     5.7639E-01     2.6470E-23

      iter #   4 total cpu time :   674.0 secs   av.it.:  20.6
      thresh= 6.996E-04 alpha_mix =  0.700 |ddv_scf|^2 =  3.538E-05

     Pert. #  1: Fermi energy shift (Ry) =    -3.1105E-02     6.6174E-24

      iter #   5 total cpu time :   682.0 secs   av.it.:  18.5
      thresh= 5.948E-04 alpha_mix =  0.700 |ddv_scf|^2 =  1.207E-07

     Pert. #  1: Fermi energy shift (Ry) =    -9.5819E-02     1.6544E-24

      iter #   6 total cpu time :   691.4 secs   av.it.:  23.2
      thresh= 3.474E-05 alpha_mix =  0.700 |ddv_scf|^2 =  3.999E-08

     Pert. #  1: Fermi energy shift (Ry) =    -6.0669E-02    -2.0680E-25

      iter #   7 total cpu time :   700.4 secs   av.it.:  20.4
      thresh= 2.000E-05 alpha_mix =  0.700 |ddv_scf|^2 =  1.601E-09

     Pert. #  1: Fermi energy shift (Ry) =    -6.4519E-02    -1.0340E-25

      iter #   8 total cpu time :   709.5 secs   av.it.:  21.6
      thresh= 4.001E-06 alpha_mix =  0.700 |ddv_scf|^2 =  1.043E-10

     Pert. #  1: Fermi energy shift (Ry) =    -6.4757E-02     1.0340E-25

      iter #   9 total cpu time :   718.6 secs   av.it.:  21.6
      thresh= 1.021E-06 alpha_mix =  0.700 |ddv_scf|^2 =  6.918E-11

     Pert. #  1: Fermi energy shift (Ry) =    -6.5096E-02    -1.2925E-26

      iter #  10 total cpu time :   727.3 secs   av.it.:  20.0
      thresh= 8.318E-07 alpha_mix =  0.700 |ddv_scf|^2 =  1.840E-11

     Pert. #  1: Fermi energy shift (Ry) =    -6.4675E-02    -5.1699E-26

      iter #  11 total cpu time :   735.9 secs   av.it.:  18.9
      thresh= 4.290E-07 alpha_mix =  0.700 |ddv_scf|^2 =  2.735E-12

     Pert. #  1: Fermi energy shift (Ry) =    -6.4740E-02    -1.2925E-26

      iter #  12 total cpu time :   744.6 secs   av.it.:  20.2
      thresh= 1.654E-07 alpha_mix =  0.700 |ddv_scf|^2 =  3.134E-13

     Pert. #  1: Fermi energy shift (Ry) =    -6.4819E-02    -1.2925E-26

      iter #  13 total cpu time :   753.7 secs   av.it.:  21.1
      thresh= 5.598E-08 alpha_mix =  0.700 |ddv_scf|^2 =  6.987E-14

     Pert. #  1: Fermi energy shift (Ry) =    -6.4765E-02    -1.2925E-26

      iter #  14 total cpu time :   762.5 secs   av.it.:  20.2
      thresh= 2.643E-08 alpha_mix =  0.700 |ddv_scf|^2 =  1.052E-14

     Pert. #  1: Fermi energy shift (Ry) =    -6.4778E-02    -1.2925E-26

      iter #  15 total cpu time :   771.4 secs   av.it.:  20.4
      thresh= 1.026E-08 alpha_mix =  0.700 |ddv_scf|^2 =  1.072E-15

     End of self-consistent calculation

     Convergence has been achieved 


     Representation #   7 mode #   7

     Self-consistent Calculation

     Pert. #  1: Fermi energy shift (Ry) =    -3.0981E-02     2.0680E-25

      iter #   1 total cpu time :   779.1 secs   av.it.:   8.0
      thresh= 1.000E-02 alpha_mix =  0.700 |ddv_scf|^2 =  6.159E-07

     Pert. #  1: Fermi energy shift (Ry) =     7.0082E-03    -6.6174E-24

      iter #   2 total cpu time :   787.7 secs   av.it.:  19.5
      thresh= 7.848E-05 alpha_mix =  0.700 |ddv_scf|^2 =  1.211E-07

     Pert. #  1: Fermi energy shift (Ry) =    -3.2191E-02    -3.3087E-24

      iter #   3 total cpu time :   796.7 secs   av.it.:  21.0
      thresh= 3.480E-05 alpha_mix =  0.700 |ddv_scf|^2 =  4.917E-08

     Pert. #  1: Fermi energy shift (Ry) =     7.2744E-05     8.2718E-25

      iter #   4 total cpu time :   805.3 secs   av.it.:  19.0
      thresh= 2.217E-05 alpha_mix =  0.700 |ddv_scf|^2 =  1.165E-08

     Pert. #  1: Fermi energy shift (Ry) =    -1.2132E-02     2.4815E-24

      iter #   5 total cpu time :   813.8 secs   av.it.:  18.6
      thresh= 1.079E-05 alpha_mix =  0.700 |ddv_scf|^2 =  8.289E-10

     Pert. #  1: Fermi energy shift (Ry) =    -1.0639E-02    -7.7548E-26

      iter #   6 total cpu time :   822.6 secs   av.it.:  19.9
      thresh= 2.879E-06 alpha_mix =  0.700 |ddv_scf|^2 =  9.219E-11

     Pert. #  1: Fermi energy shift (Ry) =    -1.0644E-02    -4.8468E-27

      iter #   7 total cpu time :   831.3 secs   av.it.:  19.8
      thresh= 9.602E-07 alpha_mix =  0.700 |ddv_scf|^2 =  9.925E-12

     Pert. #  1: Fermi energy shift (Ry) =    -1.0677E-02     7.7548E-26

      iter #   8 total cpu time :   839.9 secs   av.it.:  20.5
      thresh= 3.150E-07 alpha_mix =  0.700 |ddv_scf|^2 =  5.370E-13

     Pert. #  1: Fermi energy shift (Ry) =    -1.0658E-02     2.5849E-26

      iter #   9 total cpu time :   848.7 secs   av.it.:  21.1
      thresh= 7.328E-08 alpha_mix =  0.700 |ddv_scf|^2 =  7.838E-14

     Pert. #  1: Fermi energy shift (Ry) =    -1.0709E-02     1.9387E-26

      iter #  10 total cpu time :   857.8 secs   av.it.:  21.2
      thresh= 2.800E-08 alpha_mix =  0.700 |ddv_scf|^2 =  1.245E-13

     Pert. #  1: Fermi energy shift (Ry) =    -1.0668E-02     1.9387E-26

      iter #  11 total cpu time :   866.3 secs   av.it.:  18.1
      thresh= 3.529E-08 alpha_mix =  0.700 |ddv_scf|^2 =  5.437E-15

     End of self-consistent calculation

     Convergence has been achieved 


     Representation #   8 mode #   8

     Self-consistent Calculation

     Pert. #  1: Fermi energy shift (Ry) =    -1.5399E-02     5.1699E-26

      iter #   1 total cpu time :   874.0 secs   av.it.:   8.0
      thresh= 1.000E-02 alpha_mix =  0.700 |ddv_scf|^2 =  6.049E-07

     Pert. #  1: Fermi energy shift (Ry) =     2.5074E-02     3.3087E-24

      iter #   2 total cpu time :   882.7 secs   av.it.:  19.6
      thresh= 7.777E-05 alpha_mix =  0.700 |ddv_scf|^2 =  1.422E-07

     Pert. #  1: Fermi energy shift (Ry) =    -2.8606E-02    -2.0680E-25

      iter #   3 total cpu time :   891.7 secs   av.it.:  20.9
      thresh= 3.772E-05 alpha_mix =  0.700 |ddv_scf|^2 =  8.764E-08

     Pert. #  1: Fermi energy shift (Ry) =     1.0085E-02    -2.0680E-25

      iter #   4 total cpu time :   899.9 secs   av.it.:  18.5
      thresh= 2.960E-05 alpha_mix =  0.700 |ddv_scf|^2 =  8.184E-09

     Pert. #  1: Fermi energy shift (Ry) =     7.3810E-04    -8.2718E-25

      iter #   5 total cpu time :   908.0 secs   av.it.:  19.0
      thresh= 9.046E-06 alpha_mix =  0.700 |ddv_scf|^2 =  3.990E-10

     Pert. #  1: Fermi energy shift (Ry) =     1.4075E-03     2.5849E-26

      iter #   6 total cpu time :   916.3 secs   av.it.:  20.8
      thresh= 1.997E-06 alpha_mix =  0.700 |ddv_scf|^2 =  6.411E-11

     Pert. #  1: Fermi energy shift (Ry) =     1.5684E-03     2.5849E-26

      iter #   7 total cpu time :   925.0 secs   av.it.:  20.0
      thresh= 8.007E-07 alpha_mix =  0.700 |ddv_scf|^2 =  8.697E-12

     Pert. #  1: Fermi energy shift (Ry) =     1.4856E-03     4.8468E-27

      iter #   8 total cpu time :   933.8 secs   av.it.:  20.0
      thresh= 2.949E-07 alpha_mix =  0.700 |ddv_scf|^2 =  6.448E-13

     Pert. #  1: Fermi energy shift (Ry) =     1.5047E-03     2.5849E-26

      iter #   9 total cpu time :   942.7 secs   av.it.:  20.6
      thresh= 8.030E-08 alpha_mix =  0.700 |ddv_scf|^2 =  7.700E-14

     Pert. #  1: Fermi energy shift (Ry) =     1.4487E-03     1.2925E-26

      iter #  10 total cpu time :   951.6 secs   av.it.:  21.2
      thresh= 2.775E-08 alpha_mix =  0.700 |ddv_scf|^2 =  1.565E-13

     Pert. #  1: Fermi energy shift (Ry) =     1.4935E-03     2.5849E-26

      iter #  11 total cpu time :   959.5 secs   av.it.:  18.1
      thresh= 3.955E-08 alpha_mix =  0.700 |ddv_scf|^2 =  3.270E-15

     End of self-consistent calculation

     Convergence has been achieved 


     Representation #   9 mode #   9

     Self-consistent Calculation

     Pert. #  1: Fermi energy shift (Ry) =    -4.6514E-02    -8.2718E-25

      iter #   1 total cpu time :   967.4 secs   av.it.:   9.4
      thresh= 1.000E-02 alpha_mix =  0.700 |ddv_scf|^2 =  5.000E-06

     Pert. #  1: Fermi energy shift (Ry) =    -1.2539E-01     1.3235E-23

      iter #   2 total cpu time :   976.3 secs   av.it.:  20.5
      thresh= 2.236E-04 alpha_mix =  0.700 |ddv_scf|^2 =  8.653E-06

     Pert. #  1: Fermi energy shift (Ry) =     1.0701E-02    -1.6544E-24

      iter #   3 total cpu time :   984.8 secs   av.it.:  18.4
      thresh= 2.942E-04 alpha_mix =  0.700 |ddv_scf|^2 =  2.203E-07

     Pert. #  1: Fermi energy shift (Ry) =    -5.7891E-02    -1.0340E-25

      iter #   4 total cpu time :   993.4 secs   av.it.:  18.8
      thresh= 4.694E-05 alpha_mix =  0.700 |ddv_scf|^2 =  2.146E-08

     Pert. #  1: Fermi energy shift (Ry) =    -4.9125E-02     5.1699E-26

      iter #   5 total cpu time :  1001.9 secs   av.it.:  18.5
      thresh= 1.465E-05 alpha_mix =  0.700 |ddv_scf|^2 =  7.068E-10

     Pert. #  1: Fermi energy shift (Ry) =    -4.3771E-02     2.0680E-25

      iter #   6 total cpu time :  1010.9 secs   av.it.:  20.9
      thresh= 2.659E-06 alpha_mix =  0.700 |ddv_scf|^2 =  1.707E-10

     Pert. #  1: Fermi energy shift (Ry) =    -4.5786E-02    -1.0340E-25

      iter #   7 total cpu time :  1019.7 secs   av.it.:  20.0
      thresh= 1.307E-06 alpha_mix =  0.700 |ddv_scf|^2 =  4.882E-12

     Pert. #  1: Fermi energy shift (Ry) =    -4.5686E-02     1.2925E-26

      iter #   8 total cpu time :  1028.6 secs   av.it.:  20.5
      thresh= 2.210E-07 alpha_mix =  0.700 |ddv_scf|^2 =  5.753E-13

     Pert. #  1: Fermi energy shift (Ry) =    -4.5704E-02     6.4623E-27

      iter #   9 total cpu time :  1037.6 secs   av.it.:  21.4
      thresh= 7.585E-08 alpha_mix =  0.700 |ddv_scf|^2 =  5.510E-13

     Pert. #  1: Fermi energy shift (Ry) =    -4.5659E-02     6.4623E-27

      iter #  10 total cpu time :  1046.2 secs   av.it.:  19.2
      thresh= 7.423E-08 alpha_mix =  0.700 |ddv_scf|^2 =  5.229E-14

     Pert. #  1: Fermi energy shift (Ry) =    -4.5680E-02     6.4623E-27

      iter #  11 total cpu time :  1054.7 secs   av.it.:  18.9
      thresh= 2.287E-08 alpha_mix =  0.700 |ddv_scf|^2 =  6.833E-15

     End of self-consistent calculation

     Convergence has been achieved 


     Representation #  10 mode #  10

     Self-consistent Calculation

     Pert. #  1: Fermi energy shift (Ry) =     3.0457E-02     7.7548E-26

      iter #   1 total cpu time :  1062.6 secs   av.it.:   8.9
      thresh= 1.000E-02 alpha_mix =  0.700 |ddv_scf|^2 =  7.279E-07

     Pert. #  1: Fermi energy shift (Ry) =     8.3025E-02     1.2408E-24

      iter #   2 total cpu time :  1071.6 secs   av.it.:  20.9
      thresh= 8.532E-05 alpha_mix =  0.700 |ddv_scf|^2 =  4.101E-07

     Pert. #  1: Fermi energy shift (Ry) =    -3.4441E-02     1.2408E-24

      iter #   3 total cpu time :  1080.4 secs   av.it.:  20.4
      thresh= 6.404E-05 alpha_mix =  0.700 |ddv_scf|^2 =  2.774E-07

     Pert. #  1: Fermi energy shift (Ry) =     2.6428E-02     1.3235E-23

      iter #   4 total cpu time :  1089.0 secs   av.it.:  18.1
      thresh= 5.267E-05 alpha_mix =  0.700 |ddv_scf|^2 =  3.715E-09

     Pert. #  1: Fermi energy shift (Ry) =     3.0694E-02    -1.2408E-24

      iter #   5 total cpu time :  1097.8 secs   av.it.:  20.0
      thresh= 6.095E-06 alpha_mix =  0.700 |ddv_scf|^2 =  1.065E-09

     Pert. #  1: Fermi energy shift (Ry) =     2.6315E-02     3.1019E-25

      iter #   6 total cpu time :  1106.4 secs   av.it.:  19.8
      thresh= 3.263E-06 alpha_mix =  0.700 |ddv_scf|^2 =  5.052E-11

     Pert. #  1: Fermi energy shift (Ry) =     2.6104E-02    -5.1699E-26

      iter #   7 total cpu time :  1115.2 secs   av.it.:  20.0
      thresh= 7.108E-07 alpha_mix =  0.700 |ddv_scf|^2 =  1.983E-11

     Pert. #  1: Fermi energy shift (Ry) =     2.6595E-02    -2.5849E-26

      iter #   8 total cpu time :  1123.8 secs   av.it.:  19.0
      thresh= 4.453E-07 alpha_mix =  0.700 |ddv_scf|^2 =  7.281E-13

     Pert. #  1: Fermi energy shift (Ry) =     2.6597E-02     1.2925E-26

      iter #   9 total cpu time :  1132.2 secs   av.it.:  20.8
      thresh= 8.533E-08 alpha_mix =  0.700 |ddv_scf|^2 =  5.089E-13

     Pert. #  1: Fermi energy shift (Ry) =     2.6520E-02    -9.6935E-27

      iter #  10 total cpu time :  1140.8 secs   av.it.:  18.8
      thresh= 7.134E-08 alpha_mix =  0.700 |ddv_scf|^2 =  8.273E-14

     Pert. #  1: Fermi energy shift (Ry) =     2.6526E-02     6.4623E-27

      iter #  11 total cpu time :  1149.3 secs   av.it.:  18.9
      thresh= 2.876E-08 alpha_mix =  0.700 |ddv_scf|^2 =  6.670E-15

     End of self-consistent calculation

     Convergence has been achieved 


     Representation #  11 mode #  11

     Self-consistent Calculation

     Pert. #  1: Fermi energy shift (Ry) =    -5.3377E-02    -5.1699E-26

      iter #   1 total cpu time :  1157.1 secs   av.it.:   8.9
      thresh= 1.000E-02 alpha_mix =  0.700 |ddv_scf|^2 =  6.439E-07

     Pert. #  1: Fermi energy shift (Ry) =     2.0221E-02    -2.0680E-25

      iter #   2 total cpu time :  1166.0 secs   av.it.:  20.9
      thresh= 8.025E-05 alpha_mix =  0.700 |ddv_scf|^2 =  2.613E-07

     Pert. #  1: Fermi energy shift (Ry) =    -8.0758E-02     1.3235E-23

      iter #   3 total cpu time :  1175.0 secs   av.it.:  20.8
      thresh= 5.112E-05 alpha_mix =  0.700 |ddv_scf|^2 =  2.072E-07

     Pert. #  1: Fermi energy shift (Ry) =    -2.7717E-02    -1.3235E-23

      iter #   4 total cpu time :  1183.5 secs   av.it.:  18.1
      thresh= 4.552E-05 alpha_mix =  0.700 |ddv_scf|^2 =  3.645E-09

     Pert. #  1: Fermi energy shift (Ry) =    -2.5595E-02     4.1359E-25

      iter #   5 total cpu time :  1192.2 secs   av.it.:  19.4
      thresh= 6.037E-06 alpha_mix =  0.700 |ddv_scf|^2 =  7.339E-10

     Pert. #  1: Fermi energy shift (Ry) =    -2.9510E-02     2.5849E-26

      iter #   6 total cpu time :  1200.9 secs   av.it.:  19.1
      thresh= 2.709E-06 alpha_mix =  0.700 |ddv_scf|^2 =  3.845E-11

     Pert. #  1: Fermi energy shift (Ry) =    -2.9210E-02    -5.1699E-26

      iter #   7 total cpu time :  1209.7 secs   av.it.:  20.1
      thresh= 6.201E-07 alpha_mix =  0.700 |ddv_scf|^2 =  7.454E-12

     Pert. #  1: Fermi energy shift (Ry) =    -2.8996E-02    -3.8774E-26

      iter #   8 total cpu time :  1218.4 secs   av.it.:  20.0
      thresh= 2.730E-07 alpha_mix =  0.700 |ddv_scf|^2 =  1.046E-12

     Pert. #  1: Fermi energy shift (Ry) =    -2.8996E-02    -9.6935E-27

      iter #   9 total cpu time :  1227.1 secs   av.it.:  20.0
      thresh= 1.023E-07 alpha_mix =  0.700 |ddv_scf|^2 =  3.044E-13

     Pert. #  1: Fermi energy shift (Ry) =    -2.9057E-02    -9.6935E-27

      iter #  10 total cpu time :  1235.7 secs   av.it.:  18.9
      thresh= 5.517E-08 alpha_mix =  0.700 |ddv_scf|^2 =  5.703E-14

     Pert. #  1: Fermi energy shift (Ry) =    -2.9049E-02    -4.8468E-27

      iter #  11 total cpu time :  1244.2 secs   av.it.:  18.9
      thresh= 2.388E-08 alpha_mix =  0.700 |ddv_scf|^2 =  3.600E-15

     End of self-consistent calculation

     Convergence has been achieved 


     Representation #  12 mode #  12

     Self-consistent Calculation

     Pert. #  1: Fermi energy shift (Ry) =     1.1167E-01    -5.1699E-26

      iter #   1 total cpu time :  1252.2 secs   av.it.:   9.2
      thresh= 1.000E-02 alpha_mix =  0.700 |ddv_scf|^2 =  4.866E-06

     Pert. #  1: Fermi energy shift (Ry) =    -2.8890E-02    -6.6174E-24

      iter #   2 total cpu time :  1260.7 secs   av.it.:  20.2
      thresh= 2.206E-04 alpha_mix =  0.700 |ddv_scf|^2 =  7.729E-06

     Pert. #  1: Fermi energy shift (Ry) =     7.5097E-02    -1.3235E-23

      iter #   3 total cpu time :  1269.1 secs   av.it.:  18.2
      thresh= 2.780E-04 alpha_mix =  0.700 |ddv_scf|^2 =  6.471E-08

     Pert. #  1: Fermi energy shift (Ry) =     3.1539E-02     4.1359E-25

      iter #   4 total cpu time :  1278.0 secs   av.it.:  20.0
      thresh= 2.544E-05 alpha_mix =  0.700 |ddv_scf|^2 =  4.071E-08

     Pert. #  1: Fermi energy shift (Ry) =     5.3782E-02    -1.6544E-24

      iter #   5 total cpu time :  1286.5 secs   av.it.:  18.1
      thresh= 2.018E-05 alpha_mix =  0.700 |ddv_scf|^2 =  3.947E-10

     Pert. #  1: Fermi energy shift (Ry) =     5.1123E-02     2.5849E-26

      iter #   6 total cpu time :  1295.6 secs   av.it.:  21.6
      thresh= 1.987E-06 alpha_mix =  0.700 |ddv_scf|^2 =  6.079E-11

     Pert. #  1: Fermi energy shift (Ry) =     5.2296E-02    -6.4623E-27

      iter #   7 total cpu time :  1304.8 secs   av.it.:  21.4
      thresh= 7.797E-07 alpha_mix =  0.700 |ddv_scf|^2 =  4.626E-12

     Pert. #  1: Fermi energy shift (Ry) =     5.1963E-02     6.4623E-27

      iter #   8 total cpu time :  1313.7 secs   av.it.:  20.6
      thresh= 2.151E-07 alpha_mix =  0.700 |ddv_scf|^2 =  2.326E-13

     Pert. #  1: Fermi energy shift (Ry) =     5.2003E-02    -3.2312E-27

      iter #   9 total cpu time :  1322.8 secs   av.it.:  21.1
      thresh= 4.823E-08 alpha_mix =  0.700 |ddv_scf|^2 =  1.558E-13

     Pert. #  1: Fermi energy shift (Ry) =     5.2015E-02     1.6156E-27

      iter #  10 total cpu time :  1331.3 secs   av.it.:  18.8
      thresh= 3.947E-08 alpha_mix =  0.700 |ddv_scf|^2 =  2.931E-14

     Pert. #  1: Fermi energy shift (Ry) =     5.1996E-02    -1.6156E-27

      iter #  11 total cpu time :  1340.1 secs   av.it.:  19.0
      thresh= 1.712E-08 alpha_mix =  0.700 |ddv_scf|^2 =  3.465E-15

     End of self-consistent calculation

     Convergence has been achieved 


     Representation #  13 mode #  13

     Self-consistent Calculation

     Pert. #  1: Fermi energy shift (Ry) =    -3.7533E-02    -1.5510E-25

      iter #   1 total cpu time :  1347.7 secs   av.it.:   7.2
      thresh= 1.000E-02 alpha_mix =  0.700 |ddv_scf|^2 =  1.252E-07

     Pert. #  1: Fermi energy shift (Ry) =     5.0198E-03     9.9262E-24

      iter #   2 total cpu time :  1356.8 secs   av.it.:  21.0
      thresh= 3.539E-05 alpha_mix =  0.700 |ddv_scf|^2 =  6.318E-08

     Pert. #  1: Fermi energy shift (Ry) =    -4.5764E-02     4.1359E-25

      iter #   3 total cpu time :  1365.7 secs   av.it.:  20.4
      thresh= 2.514E-05 alpha_mix =  0.700 |ddv_scf|^2 =  4.217E-08

     Pert. #  1: Fermi energy shift (Ry) =    -2.2503E-02    -9.9262E-24

      iter #   4 total cpu time :  1374.3 secs   av.it.:  18.1
      thresh= 2.054E-05 alpha_mix =  0.700 |ddv_scf|^2 =  8.464E-10

     Pert. #  1: Fermi energy shift (Ry) =    -2.1438E-02     6.2039E-25

      iter #   5 total cpu time :  1383.2 secs   av.it.:  20.1
      thresh= 2.909E-06 alpha_mix =  0.700 |ddv_scf|^2 =  1.063E-10

     Pert. #  1: Fermi energy shift (Ry) =    -2.1738E-02    -1.0340E-25

      iter #   6 total cpu time :  1391.9 secs   av.it.:  19.6
      thresh= 1.031E-06 alpha_mix =  0.700 |ddv_scf|^2 =  8.831E-12

     Pert. #  1: Fermi energy shift (Ry) =    -2.2185E-02     2.4234E-27

      iter #   7 total cpu time :  1400.8 secs   av.it.:  20.4
      thresh= 2.972E-07 alpha_mix =  0.700 |ddv_scf|^2 =  2.566E-12

     Pert. #  1: Fermi energy shift (Ry) =    -2.1950E-02     9.6935E-27

      iter #   8 total cpu time :  1409.7 secs   av.it.:  19.8
      thresh= 1.602E-07 alpha_mix =  0.700 |ddv_scf|^2 =  9.342E-14

     Pert. #  1: Fermi energy shift (Ry) =    -2.1931E-02     4.8468E-27

      iter #   9 total cpu time :  1418.8 secs   av.it.:  20.9
      thresh= 3.057E-08 alpha_mix =  0.700 |ddv_scf|^2 =  1.225E-13

     Pert. #  1: Fermi energy shift (Ry) =    -2.1970E-02    -3.2312E-27

      iter #  10 total cpu time :  1427.4 secs   av.it.:  18.9
      thresh= 3.500E-08 alpha_mix =  0.700 |ddv_scf|^2 =  2.051E-14

     Pert. #  1: Fermi energy shift (Ry) =    -2.1970E-02     4.8468E-27

      iter #  11 total cpu time :  1436.4 secs   av.it.:  20.1
      thresh= 1.432E-08 alpha_mix =  0.700 |ddv_scf|^2 =  3.370E-15

     End of self-consistent calculation

     Convergence has been achieved 


     Representation #  14 mode #  14

     Self-consistent Calculation

     Pert. #  1: Fermi energy shift (Ry) =    -2.1529E-02    -6.4623E-27

      iter #   1 total cpu time :  1444.0 secs   av.it.:   7.0
      thresh= 1.000E-02 alpha_mix =  0.700 |ddv_scf|^2 =  1.264E-07

     Pert. #  1: Fermi energy shift (Ry) =     1.6209E-02    -4.1359E-25

      iter #   2 total cpu time :  1452.9 secs   av.it.:  20.8
      thresh= 3.555E-05 alpha_mix =  0.700 |ddv_scf|^2 =  6.295E-08

     Pert. #  1: Fermi energy shift (Ry) =    -2.9570E-02     1.0340E-25

      iter #   3 total cpu time :  1462.0 secs   av.it.:  20.8
      thresh= 2.509E-05 alpha_mix =  0.700 |ddv_scf|^2 =  4.301E-08

     Pert. #  1: Fermi energy shift (Ry) =    -6.5254E-03     4.1359E-25

      iter #   4 total cpu time :  1470.4 secs   av.it.:  18.2
      thresh= 2.074E-05 alpha_mix =  0.700 |ddv_scf|^2 =  5.773E-10

     Pert. #  1: Fermi energy shift (Ry) =    -7.5111E-03     5.1699E-26

      iter #   5 total cpu time :  1479.4 secs   av.it.:  20.8
      thresh= 2.403E-06 alpha_mix =  0.700 |ddv_scf|^2 =  7.659E-11

     Pert. #  1: Fermi energy shift (Ry) =    -7.6307E-03     5.1699E-26

      iter #   6 total cpu time :  1487.7 secs   av.it.:  19.8
      thresh= 8.751E-07 alpha_mix =  0.700 |ddv_scf|^2 =  6.779E-12

     Pert. #  1: Fermi energy shift (Ry) =    -7.6366E-03     1.2925E-26

      iter #   7 total cpu time :  1496.6 secs   av.it.:  20.2
      thresh= 2.604E-07 alpha_mix =  0.700 |ddv_scf|^2 =  1.292E-12

     Pert. #  1: Fermi energy shift (Ry) =    -7.5926E-03    -6.4623E-27

      iter #   8 total cpu time :  1505.5 secs   av.it.:  20.1
      thresh= 1.137E-07 alpha_mix =  0.700 |ddv_scf|^2 =  8.572E-14

     Pert. #  1: Fermi energy shift (Ry) =    -7.5878E-03    -6.4623E-27

      iter #   9 total cpu time :  1514.5 secs   av.it.:  21.0
      thresh= 2.928E-08 alpha_mix =  0.700 |ddv_scf|^2 =  4.399E-14

     Pert. #  1: Fermi energy shift (Ry) =    -7.6186E-03    -6.4623E-27

      iter #  10 total cpu time :  1523.4 secs   av.it.:  19.9
      thresh= 2.097E-08 alpha_mix =  0.700 |ddv_scf|^2 =  3.139E-14

     Pert. #  1: Fermi energy shift (Ry) =    -7.5981E-03    -6.4623E-27

      iter #  11 total cpu time :  1532.0 secs   av.it.:  18.9
      thresh= 1.772E-08 alpha_mix =  0.700 |ddv_scf|^2 =  1.618E-15

     End of self-consistent calculation

     Convergence has been achieved 


     Representation #  15 mode #  15

     Self-consistent Calculation

     Pert. #  1: Fermi energy shift (Ry) =    -7.7861E-02     6.4623E-27

      iter #   1 total cpu time :  1539.6 secs   av.it.:   7.2
      thresh= 1.000E-02 alpha_mix =  0.700 |ddv_scf|^2 =  9.917E-07

     Pert. #  1: Fermi energy shift (Ry) =     1.7144E-01     3.3087E-24

      iter #   2 total cpu time :  1548.6 secs   av.it.:  20.8
      thresh= 9.958E-05 alpha_mix =  0.700 |ddv_scf|^2 =  3.833E-06

     Pert. #  1: Fermi energy shift (Ry) =    -3.3559E-02    -1.3235E-23

      iter #   3 total cpu time :  1557.1 secs   av.it.:  17.8
      thresh= 1.958E-04 alpha_mix =  0.700 |ddv_scf|^2 =  3.447E-08

     Pert. #  1: Fermi energy shift (Ry) =    -7.5951E-03    -5.1699E-26

      iter #   4 total cpu time :  1565.8 secs   av.it.:  19.4
      thresh= 1.857E-05 alpha_mix =  0.700 |ddv_scf|^2 =  1.581E-09

     Pert. #  1: Fermi energy shift (Ry) =    -8.7282E-03     5.1699E-26

      iter #   5 total cpu time :  1574.5 secs   av.it.:  19.4
      thresh= 3.976E-06 alpha_mix =  0.700 |ddv_scf|^2 =  1.396E-10

     Pert. #  1: Fermi energy shift (Ry) =    -9.7924E-03     6.4623E-27

      iter #   6 total cpu time :  1583.3 secs   av.it.:  20.2
      thresh= 1.182E-06 alpha_mix =  0.700 |ddv_scf|^2 =  8.936E-12

     Pert. #  1: Fermi energy shift (Ry) =    -9.6364E-03    -2.5849E-26

      iter #   7 total cpu time :  1592.1 secs   av.it.:  19.8
      thresh= 2.989E-07 alpha_mix =  0.700 |ddv_scf|^2 =  3.923E-13

     Pert. #  1: Fermi energy shift (Ry) =    -9.6379E-03     1.6156E-27

      iter #   8 total cpu time :  1600.9 secs   av.it.:  20.6
      thresh= 6.264E-08 alpha_mix =  0.700 |ddv_scf|^2 =  4.113E-14

     Pert. #  1: Fermi energy shift (Ry) =    -9.5804E-03     3.2312E-27

      iter #   9 total cpu time :  1610.2 secs   av.it.:  22.5
      thresh= 2.028E-08 alpha_mix =  0.700 |ddv_scf|^2 =  7.869E-14

     Pert. #  1: Fermi energy shift (Ry) =    -9.6207E-03     8.0779E-28

      iter #  10 total cpu time :  1619.0 secs   av.it.:  19.1
      thresh= 2.805E-08 alpha_mix =  0.700 |ddv_scf|^2 =  2.964E-15

     End of self-consistent calculation

     Convergence has been achieved 


     Representation #  16 mode #  16

     Self-consistent Calculation

     Pert. #  1: Fermi energy shift (Ry) =    -2.1115E-02    -1.2622E-29

      iter #   1 total cpu time :  1626.5 secs   av.it.:   6.9
      thresh= 1.000E-02 alpha_mix =  0.700 |ddv_scf|^2 =  1.697E-07

     Pert. #  1: Fermi energy shift (Ry) =    -6.0027E-02    -2.0680E-25

      iter #   2 total cpu time :  1635.5 secs   av.it.:  20.9
      thresh= 4.119E-05 alpha_mix =  0.700 |ddv_scf|^2 =  1.005E-07

     Pert. #  1: Fermi energy shift (Ry) =    -4.1890E-03    -2.4815E-24

      iter #   3 total cpu time :  1644.4 secs   av.it.:  20.8
      thresh= 3.171E-05 alpha_mix =  0.700 |ddv_scf|^2 =  4.864E-08

     Pert. #  1: Fermi energy shift (Ry) =    -3.0494E-02    -3.1019E-25

      iter #   4 total cpu time :  1652.9 secs   av.it.:  17.9
      thresh= 2.206E-05 alpha_mix =  0.700 |ddv_scf|^2 =  1.430E-09

     Pert. #  1: Fermi energy shift (Ry) =    -3.1512E-02    -1.5510E-25

      iter #   5 total cpu time :  1661.6 secs   av.it.:  19.5
      thresh= 3.781E-06 alpha_mix =  0.700 |ddv_scf|^2 =  5.310E-11

     Pert. #  1: Fermi energy shift (Ry) =    -3.0565E-02    -1.2925E-26

      iter #   6 total cpu time :  1670.0 secs   av.it.:  20.1
      thresh= 7.287E-07 alpha_mix =  0.700 |ddv_scf|^2 =  9.812E-12

     Pert. #  1: Fermi energy shift (Ry) =    -3.0610E-02     9.6935E-27

      iter #   7 total cpu time :  1678.8 secs   av.it.:  20.2
      thresh= 3.132E-07 alpha_mix =  0.700 |ddv_scf|^2 =  2.433E-12

     Pert. #  1: Fermi energy shift (Ry) =    -3.0725E-02    -9.6935E-27

      iter #   8 total cpu time :  1687.5 secs   av.it.:  19.2
      thresh= 1.560E-07 alpha_mix =  0.700 |ddv_scf|^2 =  1.454E-13

     Pert. #  1: Fermi energy shift (Ry) =    -3.0702E-02    -6.4623E-27

      iter #   9 total cpu time :  1696.7 secs   av.it.:  21.8
      thresh= 3.813E-08 alpha_mix =  0.700 |ddv_scf|^2 =  8.428E-14

     Pert. #  1: Fermi energy shift (Ry) =    -3.0678E-02    -4.8468E-27

      iter #  10 total cpu time :  1705.5 secs   av.it.:  20.1
      thresh= 2.903E-08 alpha_mix =  0.700 |ddv_scf|^2 =  2.427E-14

     Pert. #  1: Fermi energy shift (Ry) =    -3.0681E-02    -1.6156E-27

      iter #  11 total cpu time :  1714.1 secs   av.it.:  19.0
      thresh= 1.558E-08 alpha_mix =  0.700 |ddv_scf|^2 =  2.958E-15

     End of self-consistent calculation

     Convergence has been achieved 


     Representation #  17 mode #  17

     Self-consistent Calculation

     Pert. #  1: Fermi energy shift (Ry) =    -2.3941E-02    -1.9387E-26

      iter #   1 total cpu time :  1721.7 secs   av.it.:   7.6
      thresh= 1.000E-02 alpha_mix =  0.700 |ddv_scf|^2 =  1.349E-07

     Pert. #  1: Fermi energy shift (Ry) =     2.0591E-02    -1.3235E-23

      iter #   2 total cpu time :  1730.6 secs   av.it.:  21.5
      thresh= 3.673E-05 alpha_mix =  0.700 |ddv_scf|^2 =  7.470E-08

     Pert. #  1: Fermi energy shift (Ry) =    -3.6579E-02    -1.6544E-24

      iter #   3 total cpu time :  1739.6 secs   av.it.:  20.4
      thresh= 2.733E-05 alpha_mix =  0.700 |ddv_scf|^2 =  5.431E-08

     Pert. #  1: Fermi energy shift (Ry) =    -1.1479E-02     1.6544E-24

      iter #   4 total cpu time :  1748.1 secs   av.it.:  18.1
      thresh= 2.330E-05 alpha_mix =  0.700 |ddv_scf|^2 =  3.928E-10

     Pert. #  1: Fermi energy shift (Ry) =    -9.3226E-03    -5.1699E-26

      iter #   5 total cpu time :  1757.2 secs   av.it.:  21.0
      thresh= 1.982E-06 alpha_mix =  0.700 |ddv_scf|^2 =  6.019E-11

     Pert. #  1: Fermi energy shift (Ry) =    -1.0495E-02     5.1699E-26

      iter #   6 total cpu time :  1766.0 secs   av.it.:  20.2
      thresh= 7.758E-07 alpha_mix =  0.700 |ddv_scf|^2 =  3.256E-12

     Pert. #  1: Fermi energy shift (Ry) =    -1.0416E-02     3.8774E-26

      iter #   7 total cpu time :  1774.9 secs   av.it.:  20.2
      thresh= 1.804E-07 alpha_mix =  0.700 |ddv_scf|^2 =  1.046E-12

     Pert. #  1: Fermi energy shift (Ry) =    -1.0348E-02     4.8468E-27

      iter #   8 total cpu time :  1783.7 secs   av.it.:  19.8
      thresh= 1.023E-07 alpha_mix =  0.700 |ddv_scf|^2 =  1.204E-13

     Pert. #  1: Fermi energy shift (Ry) =    -1.0340E-02     3.2312E-27

      iter #   9 total cpu time :  1792.5 secs   av.it.:  20.1
      thresh= 3.470E-08 alpha_mix =  0.700 |ddv_scf|^2 =  5.612E-14

     Pert. #  1: Fermi energy shift (Ry) =    -1.0368E-02    -1.2117E-27

      iter #  10 total cpu time :  1801.2 secs   av.it.:  18.9
      thresh= 2.369E-08 alpha_mix =  0.700 |ddv_scf|^2 =  1.406E-14

     Pert. #  1: Fermi energy shift (Ry) =    -1.0367E-02     3.2312E-27

      iter #  11 total cpu time :  1809.9 secs   av.it.:  19.9
      thresh= 1.186E-08 alpha_mix =  0.700 |ddv_scf|^2 =  1.292E-15

     End of self-consistent calculation

     Convergence has been achieved 


     Representation #  18 mode #  18

     Self-consistent Calculation

     Pert. #  1: Fermi energy shift (Ry) =     7.4696E-02     6.4623E-27

      iter #   1 total cpu time :  1817.5 secs   av.it.:   7.8
      thresh= 1.000E-02 alpha_mix =  0.700 |ddv_scf|^2 =  1.090E-06

     Pert. #  1: Fermi energy shift (Ry) =    -1.9754E-01     3.3087E-24

      iter #   2 total cpu time :  1826.3 secs   av.it.:  21.1
      thresh= 1.044E-04 alpha_mix =  0.700 |ddv_scf|^2 =  4.139E-06

     Pert. #  1: Fermi energy shift (Ry) =     2.2433E-02    -1.6544E-24

      iter #   3 total cpu time :  1834.7 secs   av.it.:  17.9
      thresh= 2.034E-04 alpha_mix =  0.700 |ddv_scf|^2 =  5.514E-08

     Pert. #  1: Fermi energy shift (Ry) =     5.1048E-04     8.2718E-25

      iter #   4 total cpu time :  1843.4 secs   av.it.:  18.9
      thresh= 2.348E-05 alpha_mix =  0.700 |ddv_scf|^2 =  1.811E-09

     Pert. #  1: Fermi energy shift (Ry) =     5.9895E-04    -1.0340E-25

      iter #   5 total cpu time :  1851.8 secs   av.it.:  19.5
      thresh= 4.256E-06 alpha_mix =  0.700 |ddv_scf|^2 =  8.836E-11

     Pert. #  1: Fermi energy shift (Ry) =     1.1563E-03     1.0340E-25

      iter #   6 total cpu time :  1860.8 secs   av.it.:  21.0
      thresh= 9.400E-07 alpha_mix =  0.700 |ddv_scf|^2 =  8.058E-12

     Pert. #  1: Fermi energy shift (Ry) =     8.6646E-04    -1.2925E-26

      iter #   7 total cpu time :  1869.7 secs   av.it.:  20.4
      thresh= 2.839E-07 alpha_mix =  0.700 |ddv_scf|^2 =  5.332E-13

     Pert. #  1: Fermi energy shift (Ry) =     1.0281E-03     5.0487E-29

      iter #   8 total cpu time :  1878.8 secs   av.it.:  21.2
      thresh= 7.302E-08 alpha_mix =  0.700 |ddv_scf|^2 =  2.294E-13

     Pert. #  1: Fermi energy shift (Ry) =     9.2670E-04    -2.0195E-28

      iter #   9 total cpu time :  1887.6 secs   av.it.:  20.0
      thresh= 4.789E-08 alpha_mix =  0.700 |ddv_scf|^2 =  1.195E-13

     Pert. #  1: Fermi energy shift (Ry) =     9.5786E-04     2.0195E-28

      iter #  10 total cpu time :  1896.3 secs   av.it.:  19.5
      thresh= 3.456E-08 alpha_mix =  0.700 |ddv_scf|^2 =  1.588E-14

     Pert. #  1: Fermi energy shift (Ry) =     9.5628E-04     2.0195E-28

      iter #  11 total cpu time :  1905.1 secs   av.it.:  19.6
      thresh= 1.260E-08 alpha_mix =  0.700 |ddv_scf|^2 =  2.254E-15

     End of self-consistent calculation

     Convergence has been achieved 


     Representation #  19 mode #  19

     Self-consistent Calculation

     Pert. #  1: Fermi energy shift (Ry) =    -4.5415E-04     5.1699E-26

      iter #   1 total cpu time :  1912.7 secs   av.it.:   7.8
      thresh= 1.000E-02 alpha_mix =  0.700 |ddv_scf|^2 =  1.597E-07

     Pert. #  1: Fermi energy shift (Ry) =     5.3376E-02    -1.6544E-24

      iter #   2 total cpu time :  1921.8 secs   av.it.:  21.8
      thresh= 3.997E-05 alpha_mix =  0.700 |ddv_scf|^2 =  1.284E-07

     Pert. #  1: Fermi energy shift (Ry) =    -1.4148E-02    -2.4815E-24

      iter #   3 total cpu time :  1930.6 secs   av.it.:  19.8
      thresh= 3.583E-05 alpha_mix =  0.700 |ddv_scf|^2 =  6.701E-08

     Pert. #  1: Fermi energy shift (Ry) =     1.3027E-02     1.3235E-23

      iter #   4 total cpu time :  1938.9 secs   av.it.:  18.1
      thresh= 2.589E-05 alpha_mix =  0.700 |ddv_scf|^2 =  6.111E-10

     Pert. #  1: Fermi energy shift (Ry) =     1.5243E-02    -2.0680E-25

      iter #   5 total cpu time :  1948.0 secs   av.it.:  20.5
      thresh= 2.472E-06 alpha_mix =  0.700 |ddv_scf|^2 =  1.082E-10

     Pert. #  1: Fermi energy shift (Ry) =     1.4186E-02    -5.1699E-26

      iter #   6 total cpu time :  1956.8 secs   av.it.:  20.0
      thresh= 1.040E-06 alpha_mix =  0.700 |ddv_scf|^2 =  6.154E-12

     Pert. #  1: Fermi energy shift (Ry) =     1.3931E-02     1.9387E-26

      iter #   7 total cpu time :  1965.8 secs   av.it.:  20.6
      thresh= 2.481E-07 alpha_mix =  0.700 |ddv_scf|^2 =  2.644E-12

     Pert. #  1: Fermi energy shift (Ry) =     1.4110E-02    -2.5849E-26

      iter #   8 total cpu time :  1974.5 secs   av.it.:  19.6
      thresh= 1.626E-07 alpha_mix =  0.700 |ddv_scf|^2 =  7.345E-14

     Pert. #  1: Fermi energy shift (Ry) =     1.4120E-02    -2.0195E-28

      iter #   9 total cpu time :  1983.7 secs   av.it.:  21.4
      thresh= 2.710E-08 alpha_mix =  0.700 |ddv_scf|^2 =  9.302E-14

     Pert. #  1: Fermi energy shift (Ry) =     1.4086E-02     6.0585E-28

      iter #  10 total cpu time :  1992.4 secs   av.it.:  18.9
      thresh= 3.050E-08 alpha_mix =  0.700 |ddv_scf|^2 =  1.735E-14

     Pert. #  1: Fermi energy shift (Ry) =     1.4086E-02    -2.4234E-27

      iter #  11 total cpu time :  2001.2 secs   av.it.:  19.2
      thresh= 1.317E-08 alpha_mix =  0.700 |ddv_scf|^2 =  2.888E-15

     End of self-consistent calculation

     Convergence has been achieved 


     Representation #  20 mode #  20

     Self-consistent Calculation

     Pert. #  1: Fermi energy shift (Ry) =     3.1845E-02     1.9387E-26

      iter #   1 total cpu time :  2008.7 secs   av.it.:   7.0
      thresh= 1.000E-02 alpha_mix =  0.700 |ddv_scf|^2 =  1.638E-07

     Pert. #  1: Fermi energy shift (Ry) =    -7.4893E-03     3.3087E-24

      iter #   2 total cpu time :  2017.7 secs   av.it.:  20.9
      thresh= 4.048E-05 alpha_mix =  0.700 |ddv_scf|^2 =  7.199E-08

     Pert. #  1: Fermi energy shift (Ry) =     3.8512E-02     8.2718E-25

      iter #   3 total cpu time :  2026.7 secs   av.it.:  20.8
      thresh= 2.683E-05 alpha_mix =  0.700 |ddv_scf|^2 =  3.275E-08

     Pert. #  1: Fermi energy shift (Ry) =     1.5248E-02     8.2718E-25

      iter #   4 total cpu time :  2035.3 secs   av.it.:  18.4
      thresh= 1.810E-05 alpha_mix =  0.700 |ddv_scf|^2 =  1.947E-09

     Pert. #  1: Fermi energy shift (Ry) =     1.6488E-02     1.2925E-26

      iter #   5 total cpu time :  2043.9 secs   av.it.:  18.8
      thresh= 4.412E-06 alpha_mix =  0.700 |ddv_scf|^2 =  4.091E-11

     Pert. #  1: Fermi energy shift (Ry) =     1.7219E-02    -5.1699E-26

      iter #   6 total cpu time :  2052.5 secs   av.it.:  19.9
      thresh= 6.396E-07 alpha_mix =  0.700 |ddv_scf|^2 =  3.950E-12

     Pert. #  1: Fermi energy shift (Ry) =     1.6924E-02    -1.2925E-26

      iter #   7 total cpu time :  2061.6 secs   av.it.:  21.8
      thresh= 1.987E-07 alpha_mix =  0.700 |ddv_scf|^2 =  6.187E-13

     Pert. #  1: Fermi energy shift (Ry) =     1.7018E-02    -9.6935E-27

      iter #   8 total cpu time :  2070.6 secs   av.it.:  21.4
      thresh= 7.866E-08 alpha_mix =  0.700 |ddv_scf|^2 =  5.067E-14

     Pert. #  1: Fermi energy shift (Ry) =     1.6987E-02    -1.2925E-26

      iter #   9 total cpu time :  2079.7 secs   av.it.:  21.2
      thresh= 2.251E-08 alpha_mix =  0.700 |ddv_scf|^2 =  3.934E-14

     Pert. #  1: Fermi energy shift (Ry) =     1.7009E-02    -1.2925E-26

      iter #  10 total cpu time :  2088.4 secs   av.it.:  19.4
      thresh= 1.983E-08 alpha_mix =  0.700 |ddv_scf|^2 =  9.694E-15

     End of self-consistent calculation

     Convergence has been achieved 


     Representation #  21 mode #  21

     Self-consistent Calculation

     Pert. #  1: Fermi energy shift (Ry) =    -7.0392E-02    -1.2925E-26

      iter #   1 total cpu time :  2096.1 secs   av.it.:   7.9
      thresh= 1.000E-02 alpha_mix =  0.700 |ddv_scf|^2 =  1.307E-06

     Pert. #  1: Fermi energy shift (Ry) =     2.1898E-01    -1.6544E-24

      iter #   2 total cpu time :  2104.9 secs   av.it.:  20.9
      thresh= 1.143E-04 alpha_mix =  0.700 |ddv_scf|^2 =  5.203E-06

     Pert. #  1: Fermi energy shift (Ry) =    -1.9466E-02     2.6470E-23

      iter #   3 total cpu time :  2113.5 secs   av.it.:  18.0
      thresh= 2.281E-04 alpha_mix =  0.700 |ddv_scf|^2 =  5.167E-08

     Pert. #  1: Fermi energy shift (Ry) =     6.1839E-03    -2.0680E-25

      iter #   4 total cpu time :  2122.3 secs   av.it.:  19.8
      thresh= 2.273E-05 alpha_mix =  0.700 |ddv_scf|^2 =  2.082E-09

     Pert. #  1: Fermi energy shift (Ry) =     5.1360E-03    -1.0340E-25

      iter #   5 total cpu time :  2131.0 secs   av.it.:  19.2
      thresh= 4.563E-06 alpha_mix =  0.700 |ddv_scf|^2 =  1.350E-10

     Pert. #  1: Fermi energy shift (Ry) =     4.0778E-03     1.2925E-26

      iter #   6 total cpu time :  2139.8 secs   av.it.:  19.9
      thresh= 1.162E-06 alpha_mix =  0.700 |ddv_scf|^2 =  1.078E-11

     Pert. #  1: Fermi energy shift (Ry) =     4.4869E-03    -3.2312E-27

      iter #   7 total cpu time :  2148.7 secs   av.it.:  20.1
      thresh= 3.283E-07 alpha_mix =  0.700 |ddv_scf|^2 =  6.807E-13

     Pert. #  1: Fermi energy shift (Ry) =     4.3165E-03     3.2312E-27

      iter #   8 total cpu time :  2157.8 secs   av.it.:  21.1
      thresh= 8.251E-08 alpha_mix =  0.700 |ddv_scf|^2 =  3.199E-13

     Pert. #  1: Fermi energy shift (Ry) =     4.4049E-03     8.0779E-28

      iter #   9 total cpu time :  2166.5 secs   av.it.:  19.6
      thresh= 5.656E-08 alpha_mix =  0.700 |ddv_scf|^2 =  1.211E-13

     Pert. #  1: Fermi energy shift (Ry) =     4.3715E-03     1.6156E-27

      iter #  10 total cpu time :  2175.3 secs   av.it.:  19.9
      thresh= 3.480E-08 alpha_mix =  0.700 |ddv_scf|^2 =  2.275E-14

     Pert. #  1: Fermi energy shift (Ry) =     4.3802E-03     3.2312E-27

      iter #  11 total cpu time :  2184.2 secs   av.it.:  20.1
      thresh= 1.508E-08 alpha_mix =  0.700 |ddv_scf|^2 =  2.361E-15

     End of self-consistent calculation

     Convergence has been achieved 


     Representation #  22 mode #  22

     Self-consistent Calculation

     Pert. #  1: Fermi energy shift (Ry) =     6.2350E-03    -3.8774E-26

      iter #   1 total cpu time :  2191.7 secs   av.it.:   6.9
      thresh= 1.000E-02 alpha_mix =  0.700 |ddv_scf|^2 =  1.332E-07

     Pert. #  1: Fermi energy shift (Ry) =    -6.0238E-03    -2.0680E-25

      iter #   2 total cpu time :  2200.5 secs   av.it.:  20.2
      thresh= 3.650E-05 alpha_mix =  0.700 |ddv_scf|^2 =  2.240E-08

     Pert. #  1: Fermi energy shift (Ry) =     2.2221E-03    -7.7548E-26

      iter #   3 total cpu time :  2209.5 secs   av.it.:  20.6
      thresh= 1.497E-05 alpha_mix =  0.700 |ddv_scf|^2 =  1.957E-09

     Pert. #  1: Fermi energy shift (Ry) =    -3.7042E-03    -1.6544E-24

      iter #   4 total cpu time :  2218.4 secs   av.it.:  20.2
      thresh= 4.424E-06 alpha_mix =  0.700 |ddv_scf|^2 =  7.686E-10

     Pert. #  1: Fermi energy shift (Ry) =     2.8936E-05     9.6935E-27

      iter #   5 total cpu time :  2227.1 secs   av.it.:  18.9
      thresh= 2.772E-06 alpha_mix =  0.700 |ddv_scf|^2 =  1.551E-10

     Pert. #  1: Fermi energy shift (Ry) =    -1.1135E-03     4.1359E-25

      iter #   6 total cpu time :  2235.8 secs   av.it.:  19.2
      thresh= 1.245E-06 alpha_mix =  0.700 |ddv_scf|^2 =  9.450E-12

     Pert. #  1: Fermi energy shift (Ry) =    -7.4860E-04     4.0390E-28

      iter #   7 total cpu time :  2244.6 secs   av.it.:  19.8
      thresh= 3.074E-07 alpha_mix =  0.700 |ddv_scf|^2 =  1.164E-12

     Pert. #  1: Fermi energy shift (Ry) =    -9.0954E-04     2.4234E-27

      iter #   8 total cpu time :  2253.5 secs   av.it.:  20.5
      thresh= 1.079E-07 alpha_mix =  0.700 |ddv_scf|^2 =  6.688E-14

     Pert. #  1: Fermi energy shift (Ry) =    -8.6301E-04     1.2925E-26

      iter #   9 total cpu time :  2262.7 secs   av.it.:  21.6
      thresh= 2.586E-08 alpha_mix =  0.700 |ddv_scf|^2 =  1.136E-14

     Pert. #  1: Fermi energy shift (Ry) =    -8.6616E-04     1.2925E-26

      iter #  10 total cpu time :  2271.7 secs   av.it.:  20.9
      thresh= 1.066E-08 alpha_mix =  0.700 |ddv_scf|^2 =  6.569E-15

     End of self-consistent calculation

     Convergence has been achieved 


     Representation #  23 mode #  23

     Self-consistent Calculation

     Pert. #  1: Fermi energy shift (Ry) =     4.3875E-02     6.4623E-27

      iter #   1 total cpu time :  2279.2 secs   av.it.:   7.2
      thresh= 1.000E-02 alpha_mix =  0.700 |ddv_scf|^2 =  1.899E-07

     Pert. #  1: Fermi energy shift (Ry) =    -6.7986E-02    -1.3235E-23

      iter #   2 total cpu time :  2288.2 secs   av.it.:  20.6
      thresh= 4.358E-05 alpha_mix =  0.700 |ddv_scf|^2 =  2.318E-07

     Pert. #  1: Fermi energy shift (Ry) =     2.7356E-02    -4.9631E-24

      iter #   3 total cpu time :  2296.9 secs   av.it.:  19.2
      thresh= 4.814E-05 alpha_mix =  0.700 |ddv_scf|^2 =  8.002E-08

     Pert. #  1: Fermi energy shift (Ry) =     4.4067E-03    -1.3235E-23

      iter #   4 total cpu time :  2305.3 secs   av.it.:  17.9
      thresh= 2.829E-05 alpha_mix =  0.700 |ddv_scf|^2 =  1.495E-09

     Pert. #  1: Fermi energy shift (Ry) =    -1.5868E-04    -8.2718E-25

      iter #   5 total cpu time :  2313.6 secs   av.it.:  19.1
      thresh= 3.866E-06 alpha_mix =  0.700 |ddv_scf|^2 =  2.395E-11

     Pert. #  1: Fermi energy shift (Ry) =    -7.9381E-05     1.2925E-26

      iter #   6 total cpu time :  2322.6 secs   av.it.:  20.9
      thresh= 4.894E-07 alpha_mix =  0.700 |ddv_scf|^2 =  3.735E-12

     Pert. #  1: Fermi energy shift (Ry) =     1.8968E-05     7.7548E-26

      iter #   7 total cpu time :  2331.6 secs   av.it.:  21.0
      thresh= 1.933E-07 alpha_mix =  0.700 |ddv_scf|^2 =  1.899E-12

     Pert. #  1: Fermi energy shift (Ry) =     3.3414E-05    -6.4623E-27

      iter #   8 total cpu time :  2340.2 secs   av.it.:  19.0
      thresh= 1.378E-07 alpha_mix =  0.700 |ddv_scf|^2 =  1.178E-13

     Pert. #  1: Fermi energy shift (Ry) =     3.4220E-06    -6.4623E-27

      iter #   9 total cpu time :  2349.1 secs   av.it.:  20.0
      thresh= 3.433E-08 alpha_mix =  0.700 |ddv_scf|^2 =  8.995E-15

     End of self-consistent calculation

     Convergence has been achieved 


     Representation #  24 mode #  24

     Self-consistent Calculation

     Pert. #  1: Fermi energy shift (Ry) =    -5.4520E-02     1.2925E-26

      iter #   1 total cpu time :  2356.7 secs   av.it.:   7.8
      thresh= 1.000E-02 alpha_mix =  0.700 |ddv_scf|^2 =  8.393E-07

     Pert. #  1: Fermi energy shift (Ry) =     1.0172E-01     1.6544E-24

      iter #   2 total cpu time :  2365.8 secs   av.it.:  21.2
      thresh= 9.161E-05 alpha_mix =  0.700 |ddv_scf|^2 =  2.016E-06

     Pert. #  1: Fermi energy shift (Ry) =    -3.5696E-02    -6.6174E-24

      iter #   3 total cpu time :  2374.4 secs   av.it.:  18.6
      thresh= 1.420E-04 alpha_mix =  0.700 |ddv_scf|^2 =  8.580E-08

     Pert. #  1: Fermi energy shift (Ry) =    -2.4242E-03     3.3087E-24

      iter #   4 total cpu time :  2382.9 secs   av.it.:  18.5
      thresh= 2.929E-05 alpha_mix =  0.700 |ddv_scf|^2 =  1.886E-09

     Pert. #  1: Fermi energy shift (Ry) =    -3.6773E-03     3.2312E-27

      iter #   5 total cpu time :  2391.5 secs   av.it.:  19.1
      thresh= 4.343E-06 alpha_mix =  0.700 |ddv_scf|^2 =  7.180E-11

     Pert. #  1: Fermi energy shift (Ry) =    -5.0009E-03    -5.1699E-26

      iter #   6 total cpu time :  2400.6 secs   av.it.:  20.9
      thresh= 8.474E-07 alpha_mix =  0.700 |ddv_scf|^2 =  1.298E-11

     Pert. #  1: Fermi energy shift (Ry) =    -4.5334E-03     2.5849E-26

      iter #   7 total cpu time :  2409.3 secs   av.it.:  19.8
      thresh= 3.603E-07 alpha_mix =  0.700 |ddv_scf|^2 =  4.701E-13

     Pert. #  1: Fermi energy shift (Ry) =    -4.5857E-03    -3.2312E-27

      iter #   8 total cpu time :  2418.4 secs   av.it.:  21.4
      thresh= 6.856E-08 alpha_mix =  0.700 |ddv_scf|^2 =  4.061E-14

     Pert. #  1: Fermi energy shift (Ry) =    -4.5483E-03    -4.0390E-28

      iter #   9 total cpu time :  2427.8 secs   av.it.:  22.5
      thresh= 2.015E-08 alpha_mix =  0.700 |ddv_scf|^2 =  5.963E-14

     Pert. #  1: Fermi energy shift (Ry) =    -4.5769E-03    -2.0195E-28

      iter #  10 total cpu time :  2436.4 secs   av.it.:  19.0
      thresh= 2.442E-08 alpha_mix =  0.700 |ddv_scf|^2 =  4.954E-15

     End of self-consistent calculation

     Convergence has been achieved 


     Representation #  25 mode #  25

     Self-consistent Calculation

     Pert. #  1: Fermi energy shift (Ry) =     4.0396E-02     1.0340E-25

      iter #   1 total cpu time :  2443.9 secs   av.it.:   7.0
      thresh= 1.000E-02 alpha_mix =  0.700 |ddv_scf|^2 =  1.738E-07

     Pert. #  1: Fermi energy shift (Ry) =    -2.8885E-02     3.8774E-26

      iter #   2 total cpu time :  2452.9 secs   av.it.:  20.5
      thresh= 4.169E-05 alpha_mix =  0.700 |ddv_scf|^2 =  1.619E-07

     Pert. #  1: Fermi energy shift (Ry) =     5.1347E-02     1.6544E-24

      iter #   3 total cpu time :  2461.7 secs   av.it.:  19.8
      thresh= 4.024E-05 alpha_mix =  0.700 |ddv_scf|^2 =  7.183E-08

     Pert. #  1: Fermi energy shift (Ry) =     2.5055E-02     6.6174E-24

      iter #   4 total cpu time :  2470.0 secs   av.it.:  17.8
      thresh= 2.680E-05 alpha_mix =  0.700 |ddv_scf|^2 =  1.374E-09

     Pert. #  1: Fermi energy shift (Ry) =     2.1862E-02    -1.0340E-25

      iter #   5 total cpu time :  2478.7 secs   av.it.:  19.0
      thresh= 3.707E-06 alpha_mix =  0.700 |ddv_scf|^2 =  3.734E-11

     Pert. #  1: Fermi energy shift (Ry) =     2.2149E-02    -7.7548E-26

      iter #   6 total cpu time :  2487.7 secs   av.it.:  20.5
      thresh= 6.111E-07 alpha_mix =  0.700 |ddv_scf|^2 =  1.428E-11

     Pert. #  1: Fermi energy shift (Ry) =     2.2352E-02    -1.0340E-25

      iter #   7 total cpu time :  2496.5 secs   av.it.:  19.9
      thresh= 3.779E-07 alpha_mix =  0.700 |ddv_scf|^2 =  1.904E-12

     Pert. #  1: Fermi energy shift (Ry) =     2.2262E-02    -3.2312E-27

      iter #   8 total cpu time :  2505.2 secs   av.it.:  19.4
      thresh= 1.380E-07 alpha_mix =  0.700 |ddv_scf|^2 =  9.147E-14

     Pert. #  1: Fermi energy shift (Ry) =     2.2231E-02     8.0779E-28

      iter #   9 total cpu time :  2514.3 secs   av.it.:  21.6
      thresh= 3.024E-08 alpha_mix =  0.700 |ddv_scf|^2 =  1.274E-13

     Pert. #  1: Fermi energy shift (Ry) =     2.2267E-02    -2.5849E-26

      iter #  10 total cpu time :  2522.9 secs   av.it.:  18.9
      thresh= 3.569E-08 alpha_mix =  0.700 |ddv_scf|^2 =  1.965E-14

     Pert. #  1: Fermi energy shift (Ry) =     2.2270E-02     3.2312E-27

      iter #  11 total cpu time :  2531.8 secs   av.it.:  18.9
      thresh= 1.402E-08 alpha_mix =  0.700 |ddv_scf|^2 =  3.499E-15

     End of self-consistent calculation

     Convergence has been achieved 


     Representation #  26 mode #  26

     Self-consistent Calculation

     Pert. #  1: Fermi energy shift (Ry) =     2.9661E-02     4.1359E-25

      iter #   1 total cpu time :  2539.3 secs   av.it.:   6.8
      thresh= 1.000E-02 alpha_mix =  0.700 |ddv_scf|^2 =  1.251E-07

     Pert. #  1: Fermi energy shift (Ry) =     2.5169E-02    -4.9631E-24

      iter #   2 total cpu time :  2548.5 secs   av.it.:  20.0
      thresh= 3.537E-05 alpha_mix =  0.700 |ddv_scf|^2 =  2.216E-08

     Pert. #  1: Fermi energy shift (Ry) =     2.1969E-02     5.1699E-26

      iter #   3 total cpu time :  2557.5 secs   av.it.:  20.9
      thresh= 1.488E-05 alpha_mix =  0.700 |ddv_scf|^2 =  2.909E-09

     Pert. #  1: Fermi energy shift (Ry) =     2.8731E-02     4.1359E-25

      iter #   4 total cpu time :  2566.6 secs   av.it.:  20.2
      thresh= 5.393E-06 alpha_mix =  0.700 |ddv_scf|^2 =  1.504E-09

     Pert. #  1: Fermi energy shift (Ry) =     2.3658E-02     5.1699E-26

      iter #   5 total cpu time :  2575.1 secs   av.it.:  18.5
      thresh= 3.878E-06 alpha_mix =  0.700 |ddv_scf|^2 =  5.749E-11

     Pert. #  1: Fermi energy shift (Ry) =     2.4902E-02    -5.1699E-26

      iter #   6 total cpu time :  2584.0 secs   av.it.:  20.2
      thresh= 7.582E-07 alpha_mix =  0.700 |ddv_scf|^2 =  5.392E-12

     Pert. #  1: Fermi energy shift (Ry) =     2.4717E-02    -2.5849E-26

      iter #   7 total cpu time :  2592.8 secs   av.it.:  20.1
      thresh= 2.322E-07 alpha_mix =  0.700 |ddv_scf|^2 =  1.102E-12

     Pert. #  1: Fermi energy shift (Ry) =     2.4657E-02    -3.2312E-27

      iter #   8 total cpu time :  2601.6 secs   av.it.:  19.8
      thresh= 1.050E-07 alpha_mix =  0.700 |ddv_scf|^2 =  8.192E-14

     Pert. #  1: Fermi energy shift (Ry) =     2.4691E-02    -3.2312E-27

      iter #   9 total cpu time :  2610.6 secs   av.it.:  21.0
      thresh= 2.862E-08 alpha_mix =  0.700 |ddv_scf|^2 =  1.124E-14

     Pert. #  1: Fermi energy shift (Ry) =     2.4677E-02    -3.2312E-27

      iter #  10 total cpu time :  2619.8 secs   av.it.:  21.8
      thresh= 1.060E-08 alpha_mix =  0.700 |ddv_scf|^2 =  9.534E-15

     End of self-consistent calculation

     Convergence has been achieved 


     Representation #  27 mode #  27

     Self-consistent Calculation

     Pert. #  1: Fermi energy shift (Ry) =     5.5286E-02    -6.4623E-27

      iter #   1 total cpu time :  2627.4 secs   av.it.:   7.9
      thresh= 1.000E-02 alpha_mix =  0.700 |ddv_scf|^2 =  9.829E-07

     Pert. #  1: Fermi energy shift (Ry) =    -1.4115E-01     1.6544E-24

      iter #   2 total cpu time :  2636.5 secs   av.it.:  21.2
      thresh= 9.914E-05 alpha_mix =  0.700 |ddv_scf|^2 =  3.177E-06

     Pert. #  1: Fermi energy shift (Ry) =     3.7376E-02    -1.3235E-23

      iter #   3 total cpu time :  2645.0 secs   av.it.:  18.1
      thresh= 1.782E-04 alpha_mix =  0.700 |ddv_scf|^2 =  7.290E-08

     Pert. #  1: Fermi energy shift (Ry) =     2.7620E-03    -2.0680E-25

      iter #   4 total cpu time :  2653.6 secs   av.it.:  18.9
      thresh= 2.700E-05 alpha_mix =  0.700 |ddv_scf|^2 =  1.767E-09

     Pert. #  1: Fermi energy shift (Ry) =     2.6013E-03     4.1359E-25

      iter #   5 total cpu time :  2662.4 secs   av.it.:  19.4
      thresh= 4.204E-06 alpha_mix =  0.700 |ddv_scf|^2 =  1.901E-10

     Pert. #  1: Fermi energy shift (Ry) =     4.5623E-03     5.1699E-26

      iter #   6 total cpu time :  2671.0 secs   av.it.:  19.6
      thresh= 1.379E-06 alpha_mix =  0.700 |ddv_scf|^2 =  1.113E-11

     Pert. #  1: Fermi energy shift (Ry) =     4.2350E-03    -6.4623E-27

      iter #   7 total cpu time :  2679.9 secs   av.it.:  20.2
      thresh= 3.336E-07 alpha_mix =  0.700 |ddv_scf|^2 =  5.765E-13

     Pert. #  1: Fermi energy shift (Ry) =     4.2510E-03    -8.0779E-28

      iter #   8 total cpu time :  2688.9 secs   av.it.:  21.0
      thresh= 7.593E-08 alpha_mix =  0.700 |ddv_scf|^2 =  5.980E-14

     Pert. #  1: Fermi energy shift (Ry) =     4.2251E-03     2.0195E-28

      iter #   9 total cpu time :  2698.1 secs   av.it.:  22.2
      thresh= 2.445E-08 alpha_mix =  0.700 |ddv_scf|^2 =  1.080E-13

     Pert. #  1: Fermi energy shift (Ry) =     4.2578E-03    -1.6156E-27

      iter #  10 total cpu time :  2706.8 secs   av.it.:  18.9
      thresh= 3.286E-08 alpha_mix =  0.700 |ddv_scf|^2 =  8.268E-15

     End of self-consistent calculation

     Convergence has been achieved 


     Representation #  28 mode #  28

     Self-consistent Calculation

     Pert. #  1: Fermi energy shift (Ry) =     3.8909E-02     1.5510E-25

      iter #   1 total cpu time :  2714.3 secs   av.it.:   7.2
      thresh= 1.000E-02 alpha_mix =  0.700 |ddv_scf|^2 =  1.600E-07

     Pert. #  1: Fermi energy shift (Ry) =     8.6784E-02     3.3087E-24

      iter #   2 total cpu time :  2723.9 secs   av.it.:  21.2
      thresh= 4.001E-05 alpha_mix =  0.700 |ddv_scf|^2 =  1.693E-07

     Pert. #  1: Fermi energy shift (Ry) =     1.2049E-02    -6.6174E-24

      iter #   3 total cpu time :  2732.8 secs   av.it.:  19.6
      thresh= 4.115E-05 alpha_mix =  0.700 |ddv_scf|^2 =  6.315E-08

     Pert. #  1: Fermi energy shift (Ry) =     3.7548E-02    -1.2408E-24

      iter #   4 total cpu time :  2741.2 secs   av.it.:  17.9
      thresh= 2.513E-05 alpha_mix =  0.700 |ddv_scf|^2 =  1.294E-09

     Pert. #  1: Fermi energy shift (Ry) =     4.0929E-02     3.1019E-25

      iter #   5 total cpu time :  2749.4 secs   av.it.:  19.4
      thresh= 3.597E-06 alpha_mix =  0.700 |ddv_scf|^2 =  7.039E-11

     Pert. #  1: Fermi energy shift (Ry) =     4.0631E-02     5.1699E-26

      iter #   6 total cpu time :  2758.2 secs   av.it.:  20.2
      thresh= 8.390E-07 alpha_mix =  0.700 |ddv_scf|^2 =  1.758E-11

     Pert. #  1: Fermi energy shift (Ry) =     4.0111E-02     3.8774E-26

      iter #   7 total cpu time :  2766.9 secs   av.it.:  20.0
      thresh= 4.193E-07 alpha_mix =  0.700 |ddv_scf|^2 =  2.128E-12

     Pert. #  1: Fermi energy shift (Ry) =     4.0282E-02     2.5849E-26

      iter #   8 total cpu time :  2775.7 secs   av.it.:  20.0
      thresh= 1.459E-07 alpha_mix =  0.700 |ddv_scf|^2 =  9.229E-14

     Pert. #  1: Fermi energy shift (Ry) =     4.0309E-02    -1.2925E-26

      iter #   9 total cpu time :  2784.9 secs   av.it.:  22.0
      thresh= 3.038E-08 alpha_mix =  0.700 |ddv_scf|^2 =  1.432E-13

     Pert. #  1: Fermi energy shift (Ry) =     4.0279E-02    -4.8468E-27

      iter #  10 total cpu time :  2793.3 secs   av.it.:  18.5
      thresh= 3.785E-08 alpha_mix =  0.700 |ddv_scf|^2 =  9.616E-15

     End of self-consistent calculation

     Convergence has been achieved 


     Representation #  29 mode #  29

     Self-consistent Calculation

     Pert. #  1: Fermi energy shift (Ry) =     2.1807E-02     1.2925E-26

      iter #   1 total cpu time :  2800.7 secs   av.it.:   6.8
      thresh= 1.000E-02 alpha_mix =  0.700 |ddv_scf|^2 =  1.121E-07

     Pert. #  1: Fermi energy shift (Ry) =    -1.8818E-02     2.0680E-25

      iter #   2 total cpu time :  2809.2 secs   av.it.:  20.4
      thresh= 3.348E-05 alpha_mix =  0.700 |ddv_scf|^2 =  5.515E-08

     Pert. #  1: Fermi energy shift (Ry) =     3.1100E-02    -1.6544E-24

      iter #   3 total cpu time :  2818.0 secs   av.it.:  19.9
      thresh= 2.348E-05 alpha_mix =  0.700 |ddv_scf|^2 =  4.142E-08

     Pert. #  1: Fermi energy shift (Ry) =     8.5655E-03    -6.6174E-24

      iter #   4 total cpu time :  2826.4 secs   av.it.:  18.1
      thresh= 2.035E-05 alpha_mix =  0.700 |ddv_scf|^2 =  5.787E-10

     Pert. #  1: Fermi energy shift (Ry) =     7.5975E-03    -4.1359E-25

      iter #   5 total cpu time :  2835.3 secs   av.it.:  20.8
      thresh= 2.406E-06 alpha_mix =  0.700 |ddv_scf|^2 =  8.476E-11

     Pert. #  1: Fermi energy shift (Ry) =     8.0037E-03    -1.6156E-27

      iter #   6 total cpu time :  2844.0 secs   av.it.:  19.9
      thresh= 9.207E-07 alpha_mix =  0.700 |ddv_scf|^2 =  6.445E-12

     Pert. #  1: Fermi energy shift (Ry) =     8.2682E-03    -6.4623E-27

      iter #   7 total cpu time :  2852.3 secs   av.it.:  20.4
      thresh= 2.539E-07 alpha_mix =  0.700 |ddv_scf|^2 =  1.443E-12

     Pert. #  1: Fermi energy shift (Ry) =     8.0855E-03     2.5849E-26

      iter #   8 total cpu time :  2861.1 secs   av.it.:  20.4
      thresh= 1.201E-07 alpha_mix =  0.700 |ddv_scf|^2 =  9.415E-14

     Pert. #  1: Fermi energy shift (Ry) =     8.0854E-03    -6.4623E-27

      iter #   9 total cpu time :  2870.1 secs   av.it.:  21.0
      thresh= 3.068E-08 alpha_mix =  0.700 |ddv_scf|^2 =  7.070E-14

     Pert. #  1: Fermi energy shift (Ry) =     8.1209E-03    -3.2312E-27

      iter #  10 total cpu time :  2878.8 secs   av.it.:  19.1
      thresh= 2.659E-08 alpha_mix =  0.700 |ddv_scf|^2 =  2.864E-14

     Pert. #  1: Fermi energy shift (Ry) =     8.1118E-03     2.0195E-28

      iter #  11 total cpu time :  2887.6 secs   av.it.:  19.9
      thresh= 1.692E-08 alpha_mix =  0.700 |ddv_scf|^2 =  2.136E-15

     End of self-consistent calculation

     Convergence has been achieved 


     Representation #  30 mode #  30

     Self-consistent Calculation

     Pert. #  1: Fermi energy shift (Ry) =     3.9617E-02    -1.6156E-27

      iter #   1 total cpu time :  2895.1 secs   av.it.:   7.5
      thresh= 1.000E-02 alpha_mix =  0.700 |ddv_scf|^2 =  9.578E-07

     Pert. #  1: Fermi energy shift (Ry) =    -1.7592E-01    -3.3087E-24

      iter #   2 total cpu time :  2904.1 secs   av.it.:  21.0
      thresh= 9.787E-05 alpha_mix =  0.700 |ddv_scf|^2 =  3.474E-06

     Pert. #  1: Fermi energy shift (Ry) =     1.3145E-02     4.1359E-25

      iter #   3 total cpu time :  2911.9 secs   av.it.:  17.9
      thresh= 1.864E-04 alpha_mix =  0.700 |ddv_scf|^2 =  4.011E-08

     Pert. #  1: Fermi energy shift (Ry) =    -2.0501E-02    -1.0340E-25

      iter #   4 total cpu time :  2920.6 secs   av.it.:  19.1
      thresh= 2.003E-05 alpha_mix =  0.700 |ddv_scf|^2 =  1.094E-09

     Pert. #  1: Fermi energy shift (Ry) =    -1.6725E-02    -5.1699E-26

      iter #   5 total cpu time :  2929.4 secs   av.it.:  20.0
      thresh= 3.308E-06 alpha_mix =  0.700 |ddv_scf|^2 =  1.472E-11

     Pert. #  1: Fermi energy shift (Ry) =    -1.6411E-02     1.0340E-25

      iter #   6 total cpu time :  2938.5 secs   av.it.:  21.6
      thresh= 3.837E-07 alpha_mix =  0.700 |ddv_scf|^2 =  2.118E-12

     Pert. #  1: Fermi energy shift (Ry) =    -1.6415E-02     1.2925E-26

      iter #   7 total cpu time :  2947.3 secs   av.it.:  20.5
      thresh= 1.455E-07 alpha_mix =  0.700 |ddv_scf|^2 =  1.075E-12

     Pert. #  1: Fermi energy shift (Ry) =    -1.6434E-02     6.4623E-27

      iter #   8 total cpu time :  2955.9 secs   av.it.:  19.1
      thresh= 1.037E-07 alpha_mix =  0.700 |ddv_scf|^2 =  2.779E-14

     Pert. #  1: Fermi energy shift (Ry) =    -1.6446E-02     2.0195E-28

      iter #   9 total cpu time :  2965.0 secs   av.it.:  21.9
      thresh= 1.667E-08 alpha_mix =  0.700 |ddv_scf|^2 =  2.243E-14

     Pert. #  1: Fermi energy shift (Ry) =    -1.6425E-02     8.0779E-28

      iter #  10 total cpu time :  2973.8 secs   av.it.:  19.2
      thresh= 1.498E-08 alpha_mix =  0.700 |ddv_scf|^2 =  2.414E-15

     End of self-consistent calculation

     Convergence has been achieved 


     Representation #  31 mode #  31

     Self-consistent Calculation

     Pert. #  1: Fermi energy shift (Ry) =     3.8388E-02    -2.5849E-26

      iter #   1 total cpu time :  2981.2 secs   av.it.:   7.0
      thresh= 1.000E-02 alpha_mix =  0.700 |ddv_scf|^2 =  1.156E-07

     Pert. #  1: Fermi energy shift (Ry) =     9.6830E-03    -4.9631E-24

      iter #   2 total cpu time :  2990.0 secs   av.it.:  20.5
      thresh= 3.401E-05 alpha_mix =  0.700 |ddv_scf|^2 =  3.230E-08

     Pert. #  1: Fermi energy shift (Ry) =     4.1209E-02    -6.2039E-25

      iter #   3 total cpu time :  2998.9 secs   av.it.:  20.5
      thresh= 1.797E-05 alpha_mix =  0.700 |ddv_scf|^2 =  2.023E-08

     Pert. #  1: Fermi energy shift (Ry) =     2.3264E-02     3.1019E-25

      iter #   4 total cpu time :  3006.8 secs   av.it.:  17.9
      thresh= 1.422E-05 alpha_mix =  0.700 |ddv_scf|^2 =  1.017E-09

     Pert. #  1: Fermi energy shift (Ry) =     2.5198E-02     1.5510E-25

      iter #   5 total cpu time :  3015.6 secs   av.it.:  19.9
      thresh= 3.189E-06 alpha_mix =  0.700 |ddv_scf|^2 =  1.138E-10

     Pert. #  1: Fermi energy shift (Ry) =     2.5130E-02    -1.2925E-26

      iter #   6 total cpu time :  3024.2 secs   av.it.:  19.5
      thresh= 1.067E-06 alpha_mix =  0.700 |ddv_scf|^2 =  5.451E-12

     Pert. #  1: Fermi energy shift (Ry) =     2.5372E-02     1.9387E-26

      iter #   7 total cpu time :  3033.2 secs   av.it.:  20.9
      thresh= 2.335E-07 alpha_mix =  0.700 |ddv_scf|^2 =  1.158E-12

     Pert. #  1: Fermi energy shift (Ry) =     2.5195E-02    -9.6935E-27

      iter #   8 total cpu time :  3041.6 secs   av.it.:  21.0
      thresh= 1.076E-07 alpha_mix =  0.700 |ddv_scf|^2 =  7.096E-14

     Pert. #  1: Fermi energy shift (Ry) =     2.5225E-02     6.4623E-27

      iter #   9 total cpu time :  3050.6 secs   av.it.:  21.2
      thresh= 2.664E-08 alpha_mix =  0.700 |ddv_scf|^2 =  2.213E-14

     Pert. #  1: Fermi energy shift (Ry) =     2.5246E-02     6.4623E-27

      iter #  10 total cpu time :  3059.5 secs   av.it.:  20.2
      thresh= 1.488E-08 alpha_mix =  0.700 |ddv_scf|^2 =  2.950E-14

     Pert. #  1: Fermi energy shift (Ry) =     2.5228E-02     6.4623E-27

      iter #  11 total cpu time :  3068.1 secs   av.it.:  19.0
      thresh= 1.718E-08 alpha_mix =  0.700 |ddv_scf|^2 =  2.321E-15

     End of self-consistent calculation

     Convergence has been achieved 


     Representation #  32 mode #  32

     Self-consistent Calculation

     Pert. #  1: Fermi energy shift (Ry) =    -3.1470E-02    -1.2925E-26

      iter #   1 total cpu time :  3075.6 secs   av.it.:   7.2
      thresh= 1.000E-02 alpha_mix =  0.700 |ddv_scf|^2 =  1.577E-07

     Pert. #  1: Fermi energy shift (Ry) =     6.0739E-02    -6.6174E-24

      iter #   2 total cpu time :  3084.7 secs   av.it.:  21.2
      thresh= 3.971E-05 alpha_mix =  0.700 |ddv_scf|^2 =  1.999E-07

     Pert. #  1: Fermi energy shift (Ry) =    -2.4120E-02     1.6544E-24

      iter #   3 total cpu time :  3093.5 secs   av.it.:  19.6
      thresh= 4.471E-05 alpha_mix =  0.700 |ddv_scf|^2 =  6.334E-08

     Pert. #  1: Fermi energy shift (Ry) =    -3.3991E-03     4.9631E-24

      iter #   4 total cpu time :  3101.4 secs   av.it.:  18.0
      thresh= 2.517E-05 alpha_mix =  0.700 |ddv_scf|^2 =  1.006E-09

     Pert. #  1: Fermi energy shift (Ry) =     8.9999E-04    -5.1699E-26

      iter #   5 total cpu time :  3110.2 secs   av.it.:  19.6
      thresh= 3.172E-06 alpha_mix =  0.700 |ddv_scf|^2 =  4.537E-11

     Pert. #  1: Fermi energy shift (Ry) =     1.3178E-04     5.1699E-26

      iter #   6 total cpu time :  3118.5 secs   av.it.:  20.5
      thresh= 6.736E-07 alpha_mix =  0.700 |ddv_scf|^2 =  2.221E-12

     Pert. #  1: Fermi energy shift (Ry) =     1.0168E-04    -4.8468E-27

      iter #   7 total cpu time :  3127.4 secs   av.it.:  20.5
      thresh= 1.490E-07 alpha_mix =  0.700 |ddv_scf|^2 =  1.478E-13

     Pert. #  1: Fermi energy shift (Ry) =     1.0819E-04     6.4623E-27

      iter #   8 total cpu time :  3136.2 secs   av.it.:  20.4
      thresh= 3.844E-08 alpha_mix =  0.700 |ddv_scf|^2 =  7.677E-15

     End of self-consistent calculation

     Convergence has been achieved 


     Representation #  33 mode #  33

     Self-consistent Calculation

     Pert. #  1: Fermi energy shift (Ry) =    -7.0464E-02     3.2312E-27

      iter #   1 total cpu time :  3143.8 secs   av.it.:   7.5
      thresh= 1.000E-02 alpha_mix =  0.700 |ddv_scf|^2 =  1.085E-06

     Pert. #  1: Fermi energy shift (Ry) =     1.7768E-01     2.0680E-25

      iter #   2 total cpu time :  3152.8 secs   av.it.:  21.0
      thresh= 1.041E-04 alpha_mix =  0.700 |ddv_scf|^2 =  3.926E-06

     Pert. #  1: Fermi energy shift (Ry) =    -2.6505E-02     2.6470E-23

      iter #   3 total cpu time :  3161.3 secs   av.it.:  17.9
      thresh= 1.981E-04 alpha_mix =  0.700 |ddv_scf|^2 =  5.209E-08

     Pert. #  1: Fermi energy shift (Ry) =     3.8873E-03     2.0680E-25

      iter #   4 total cpu time :  3169.9 secs   av.it.:  19.1
      thresh= 2.282E-05 alpha_mix =  0.700 |ddv_scf|^2 =  1.852E-09

     Pert. #  1: Fermi energy shift (Ry) =     3.3474E-03     8.2718E-25

      iter #   5 total cpu time :  3178.5 secs   av.it.:  19.4
      thresh= 4.304E-06 alpha_mix =  0.700 |ddv_scf|^2 =  1.891E-10

     Pert. #  1: Fermi energy shift (Ry) =     1.7069E-03    -4.0390E-28

      iter #   6 total cpu time :  3187.3 secs   av.it.:  20.0
      thresh= 1.375E-06 alpha_mix =  0.700 |ddv_scf|^2 =  8.225E-12

     Pert. #  1: Fermi energy shift (Ry) =     1.8731E-03    -1.6156E-27

      iter #   7 total cpu time :  3196.2 secs   av.it.:  20.6
      thresh= 2.868E-07 alpha_mix =  0.700 |ddv_scf|^2 =  4.562E-13

     Pert. #  1: Fermi energy shift (Ry) =     1.8922E-03     3.2312E-27

      iter #   8 total cpu time :  3205.2 secs   av.it.:  21.1
      thresh= 6.754E-08 alpha_mix =  0.700 |ddv_scf|^2 =  2.535E-14

     Pert. #  1: Fermi energy shift (Ry) =     1.9129E-03     4.0390E-28

      iter #   9 total cpu time :  3214.6 secs   av.it.:  22.5
      thresh= 1.592E-08 alpha_mix =  0.700 |ddv_scf|^2 =  2.608E-14

     Pert. #  1: Fermi energy shift (Ry) =     1.8892E-03    -1.6156E-27

      iter #  10 total cpu time :  3223.4 secs   av.it.:  19.8
      thresh= 1.615E-08 alpha_mix =  0.700 |ddv_scf|^2 =  3.176E-15

     End of self-consistent calculation

     Convergence has been achieved 


     Representation #  34 mode #  34

     Self-consistent Calculation

     Pert. #  1: Fermi energy shift (Ry) =    -7.9478E-02    -1.5510E-25

      iter #   1 total cpu time :  3230.8 secs   av.it.:   7.0
      thresh= 1.000E-02 alpha_mix =  0.700 |ddv_scf|^2 =  1.452E-07

     Pert. #  1: Fermi energy shift (Ry) =    -4.5384E-02    -8.2718E-25

      iter #   2 total cpu time :  3239.7 secs   av.it.:  20.4
      thresh= 3.811E-05 alpha_mix =  0.700 |ddv_scf|^2 =  4.862E-08

     Pert. #  1: Fermi energy shift (Ry) =    -7.0126E-02     8.2718E-25

      iter #   3 total cpu time :  3248.7 secs   av.it.:  20.8
      thresh= 2.205E-05 alpha_mix =  0.700 |ddv_scf|^2 =  1.152E-08

     Pert. #  1: Fermi energy shift (Ry) =    -5.3445E-02     8.2718E-25

      iter #   4 total cpu time :  3257.4 secs   av.it.:  19.5
      thresh= 1.073E-05 alpha_mix =  0.700 |ddv_scf|^2 =  2.817E-09

     Pert. #  1: Fermi energy shift (Ry) =    -5.8234E-02     4.1359E-25

      iter #   5 total cpu time :  3265.9 secs   av.it.:  18.2
      thresh= 5.308E-06 alpha_mix =  0.700 |ddv_scf|^2 =  9.131E-11

     Pert. #  1: Fermi energy shift (Ry) =    -5.8004E-02    -9.6935E-27

      iter #   6 total cpu time :  3274.6 secs   av.it.:  19.6
      thresh= 9.555E-07 alpha_mix =  0.700 |ddv_scf|^2 =  1.353E-11

     Pert. #  1: Fermi energy shift (Ry) =    -5.8228E-02    -6.4623E-27

      iter #   7 total cpu time :  3283.4 secs   av.it.:  20.0
      thresh= 3.678E-07 alpha_mix =  0.700 |ddv_scf|^2 =  1.925E-12

     Pert. #  1: Fermi energy shift (Ry) =    -5.8092E-02     5.1699E-26

      iter #   8 total cpu time :  3291.9 secs   av.it.:  19.9
      thresh= 1.387E-07 alpha_mix =  0.700 |ddv_scf|^2 =  1.247E-13

     Pert. #  1: Fermi energy shift (Ry) =    -5.8111E-02    -4.8468E-27

      iter #   9 total cpu time :  3301.1 secs   av.it.:  21.4
      thresh= 3.531E-08 alpha_mix =  0.700 |ddv_scf|^2 =  5.211E-14

     Pert. #  1: Fermi energy shift (Ry) =    -5.8134E-02    -6.4623E-27

      iter #  10 total cpu time :  3310.1 secs   av.it.:  20.9
      thresh= 2.283E-08 alpha_mix =  0.700 |ddv_scf|^2 =  3.460E-14

     Pert. #  1: Fermi energy shift (Ry) =    -5.8115E-02    -2.4234E-27

      iter #  11 total cpu time :  3318.7 secs   av.it.:  18.8
      thresh= 1.860E-08 alpha_mix =  0.700 |ddv_scf|^2 =  3.662E-15

     End of self-consistent calculation

     Convergence has been achieved 


     Representation #  35 mode #  35

     Self-consistent Calculation

     Pert. #  1: Fermi energy shift (Ry) =    -2.7838E-02     9.6935E-27

      iter #   1 total cpu time :  3326.2 secs   av.it.:   6.9
      thresh= 1.000E-02 alpha_mix =  0.700 |ddv_scf|^2 =  1.144E-07

     Pert. #  1: Fermi energy shift (Ry) =    -3.1672E-03     4.9631E-24

      iter #   2 total cpu time :  3335.0 secs   av.it.:  20.8
      thresh= 3.383E-05 alpha_mix =  0.700 |ddv_scf|^2 =  3.484E-08

     Pert. #  1: Fermi energy shift (Ry) =    -3.8239E-02    -8.2718E-25

      iter #   3 total cpu time :  3344.0 secs   av.it.:  20.8
      thresh= 1.867E-05 alpha_mix =  0.700 |ddv_scf|^2 =  2.111E-08

     Pert. #  1: Fermi energy shift (Ry) =    -1.9322E-02    -6.2039E-25

      iter #   4 total cpu time :  3352.5 secs   av.it.:  18.1
      thresh= 1.453E-05 alpha_mix =  0.700 |ddv_scf|^2 =  1.011E-09

     Pert. #  1: Fermi energy shift (Ry) =    -2.0198E-02    -2.5849E-26

      iter #   5 total cpu time :  3361.2 secs   av.it.:  19.9
      thresh= 3.180E-06 alpha_mix =  0.700 |ddv_scf|^2 =  9.562E-11

     Pert. #  1: Fermi energy shift (Ry) =    -2.0484E-02    -1.6156E-27

      iter #   6 total cpu time :  3369.7 secs   av.it.:  19.8
      thresh= 9.778E-07 alpha_mix =  0.700 |ddv_scf|^2 =  6.233E-12

     Pert. #  1: Fermi energy shift (Ry) =    -2.0813E-02    -1.2925E-26

      iter #   7 total cpu time :  3378.6 secs   av.it.:  20.5
      thresh= 2.497E-07 alpha_mix =  0.700 |ddv_scf|^2 =  1.636E-12

     Pert. #  1: Fermi energy shift (Ry) =    -2.0607E-02    -6.4623E-27

      iter #   8 total cpu time :  3387.4 secs   av.it.:  20.2
      thresh= 1.279E-07 alpha_mix =  0.700 |ddv_scf|^2 =  9.634E-14

     Pert. #  1: Fermi energy shift (Ry) =    -2.0610E-02    -4.8468E-27

      iter #   9 total cpu time :  3396.4 secs   av.it.:  21.0
      thresh= 3.104E-08 alpha_mix =  0.700 |ddv_scf|^2 =  5.458E-14

     Pert. #  1: Fermi energy shift (Ry) =    -2.0642E-02    -4.8468E-27

      iter #  10 total cpu time :  3405.1 secs   av.it.:  19.4
      thresh= 2.336E-08 alpha_mix =  0.700 |ddv_scf|^2 =  2.560E-14

     Pert. #  1: Fermi energy shift (Ry) =    -2.0632E-02    -4.8468E-27

      iter #  11 total cpu time :  3413.8 secs   av.it.:  19.8
      thresh= 1.600E-08 alpha_mix =  0.700 |ddv_scf|^2 =  2.564E-15

     End of self-consistent calculation

     Convergence has been achieved 


     Representation #  36 mode #  36

     Self-consistent Calculation

     Pert. #  1: Fermi energy shift (Ry) =     1.2968E-01     6.4623E-27

      iter #   1 total cpu time :  3421.3 secs   av.it.:   7.4
      thresh= 1.000E-02 alpha_mix =  0.700 |ddv_scf|^2 =  9.888E-07

     Pert. #  1: Fermi energy shift (Ry) =    -1.1994E-01     6.6174E-24

      iter #   2 total cpu time :  3430.3 secs   av.it.:  20.9
      thresh= 9.944E-05 alpha_mix =  0.700 |ddv_scf|^2 =  3.792E-06

     Pert. #  1: Fermi energy shift (Ry) =     8.2492E-02     6.6174E-24

      iter #   3 total cpu time :  3438.6 secs   av.it.:  17.8
      thresh= 1.947E-04 alpha_mix =  0.700 |ddv_scf|^2 =  3.491E-08

     Pert. #  1: Fermi energy shift (Ry) =     5.5013E-02    -1.0340E-25

      iter #   4 total cpu time :  3447.4 secs   av.it.:  19.2
      thresh= 1.868E-05 alpha_mix =  0.700 |ddv_scf|^2 =  1.162E-09

     Pert. #  1: Fermi energy shift (Ry) =     5.7459E-02    -1.0340E-25

      iter #   5 total cpu time :  3456.1 secs   av.it.:  19.8
      thresh= 3.409E-06 alpha_mix =  0.700 |ddv_scf|^2 =  1.087E-10

     Pert. #  1: Fermi energy shift (Ry) =     5.7750E-02     1.2925E-26

      iter #   6 total cpu time :  3464.9 secs   av.it.:  20.0
      thresh= 1.042E-06 alpha_mix =  0.700 |ddv_scf|^2 =  9.606E-12

     Pert. #  1: Fermi energy shift (Ry) =     5.7569E-02     6.4623E-27

      iter #   7 total cpu time :  3473.7 secs   av.it.:  20.1
      thresh= 3.099E-07 alpha_mix =  0.700 |ddv_scf|^2 =  4.814E-13

     Pert. #  1: Fermi energy shift (Ry) =     5.7640E-02    -4.0390E-28

      iter #   8 total cpu time :  3482.9 secs   av.it.:  22.0
      thresh= 6.939E-08 alpha_mix =  0.700 |ddv_scf|^2 =  1.548E-13

     Pert. #  1: Fermi energy shift (Ry) =     5.7545E-02    -8.0779E-28

      iter #   9 total cpu time :  3491.9 secs   av.it.:  21.0
      thresh= 3.935E-08 alpha_mix =  0.700 |ddv_scf|^2 =  2.295E-13

     Pert. #  1: Fermi energy shift (Ry) =     5.7604E-02    -2.0195E-28

      iter #  10 total cpu time :  3500.4 secs   av.it.:  18.8
      thresh= 4.790E-08 alpha_mix =  0.700 |ddv_scf|^2 =  1.123E-14

     Pert. #  1: Fermi energy shift (Ry) =     5.7594E-02    -2.0195E-28

      iter #  11 total cpu time :  3509.3 secs   av.it.:  20.4
      thresh= 1.060E-08 alpha_mix =  0.700 |ddv_scf|^2 =  1.507E-15

     End of self-consistent calculation

     Convergence has been achieved 

     Number of q in the star =    1
     List of q in the star:
          1   0.000000000   0.000000000   0.000000000

     Diagonalizing the dynamical matrix

     q = (    0.000000000   0.000000000   0.000000000 ) 

 **************************************************************************
     freq (    1) =      -4.600345 [THz] =    -153.451004 [cm-1]
     freq (    2) =      -3.954281 [THz] =    -131.900622 [cm-1]
     freq (    3) =      -0.414643 [THz] =     -13.830995 [cm-1]
     freq (    4) =      21.360421 [THz] =     712.506945 [cm-1]
     freq (    5) =      30.138569 [THz] =    1005.314445 [cm-1]
     freq (    6) =      37.033477 [THz] =    1235.303826 [cm-1]
     freq (    7) =      38.255993 [THz] =    1276.082573 [cm-1]
     freq (    8) =      42.736357 [THz] =    1425.531431 [cm-1]
     freq (    9) =      46.090140 [THz] =    1537.401575 [cm-1]
     freq (   10) =      49.373241 [THz] =    1646.914050 [cm-1]
     freq (   11) =      51.116102 [THz] =    1705.049635 [cm-1]
     freq (   12) =      52.175905 [THz] =    1740.400839 [cm-1]
     freq (   13) =      53.695929 [THz] =    1791.103408 [cm-1]
     freq (   14) =      58.022726 [THz] =    1935.429800 [cm-1]
     freq (   15) =      58.250435 [THz] =    1943.025357 [cm-1]
     freq (   16) =      61.678421 [THz] =    2057.370678 [cm-1]
     freq (   17) =      62.983386 [THz] =    2100.899613 [cm-1]
     freq (   18) =      63.975703 [THz] =    2133.999753 [cm-1]
     freq (   19) =      67.279229 [THz] =    2244.193526 [cm-1]
     freq (   20) =      68.639572 [THz] =    2289.569685 [cm-1]
     freq (   21) =      76.303277 [THz] =    2545.203340 [cm-1]
     freq (   22) =      77.110261 [THz] =    2572.121458 [cm-1]
     freq (   23) =      78.884075 [THz] =    2631.289498 [cm-1]
     freq (   24) =      81.669715 [THz] =    2724.208449 [cm-1]
     freq (   25) =      90.408095 [THz] =    3015.689445 [cm-1]
     freq (   26) =      96.065938 [THz] =    3204.414766 [cm-1]
     freq (   27) =     105.221277 [THz] =    3509.803991 [cm-1]
     freq (   28) =     108.356549 [THz] =    3614.385411 [cm-1]
     freq (   29) =     117.746918 [THz] =    3927.614430 [cm-1]
     freq (   30) =     131.378039 [THz] =    4382.299657 [cm-1]
     freq (   31) =     141.193406 [THz] =    4709.705069 [cm-1]
     freq (   32) =     148.957264 [THz] =    4968.679504 [cm-1]
     freq (   33) =     155.617881 [THz] =    5190.853767 [cm-1]
     freq (   34) =     160.741556 [THz] =    5361.761162 [cm-1]
     freq (   35) =     165.066805 [THz] =    5506.035951 [cm-1]
     freq (   36) =     173.909477 [THz] =    5800.995744 [cm-1]
 **************************************************************************

     Mode symmetry, C_1 (1)     point group:

     freq (   1-   1) =       -153.5  [cm-1]   --> A               I+R
     freq (   2-   2) =       -131.9  [cm-1]   --> A               I+R
     freq (   3-   3) =        -13.8  [cm-1]   --> A               I+R
     freq (   4-   4) =        712.5  [cm-1]   --> A               I+R
     freq (   5-   5) =       1005.3  [cm-1]   --> A               I+R
     freq (   6-   6) =       1235.3  [cm-1]   --> A               I+R
     freq (   7-   7) =       1276.1  [cm-1]   --> A               I+R
     freq (   8-   8) =       1425.5  [cm-1]   --> A               I+R
     freq (   9-   9) =       1537.4  [cm-1]   --> A               I+R
     freq (  10-  10) =       1646.9  [cm-1]   --> A               I+R
     freq (  11-  11) =       1705.0  [cm-1]   --> A               I+R
     freq (  12-  12) =       1740.4  [cm-1]   --> A               I+R
     freq (  13-  13) =       1791.1  [cm-1]   --> A               I+R
     freq (  14-  14) =       1935.4  [cm-1]   --> A               I+R
     freq (  15-  15) =       1943.0  [cm-1]   --> A               I+R
     freq (  16-  16) =       2057.4  [cm-1]   --> A               I+R
     freq (  17-  17) =       2100.9  [cm-1]   --> A               I+R
     freq (  18-  18) =       2134.0  [cm-1]   --> A               I+R
     freq (  19-  19) =       2244.2  [cm-1]   --> A               I+R
     freq (  20-  20) =       2289.6  [cm-1]   --> A               I+R
     freq (  21-  21) =       2545.2  [cm-1]   --> A               I+R
     freq (  22-  22) =       2572.1  [cm-1]   --> A               I+R
     freq (  23-  23) =       2631.3  [cm-1]   --> A               I+R
     freq (  24-  24) =       2724.2  [cm-1]   --> A               I+R
     freq (  25-  25) =       3015.7  [cm-1]   --> A               I+R
     freq (  26-  26) =       3204.4  [cm-1]   --> A               I+R
     freq (  27-  27) =       3509.8  [cm-1]   --> A               I+R
     freq (  28-  28) =       3614.4  [cm-1]   --> A               I+R
     freq (  29-  29) =       3927.6  [cm-1]   --> A               I+R
     freq (  30-  30) =       4382.3  [cm-1]   --> A               I+R
     freq (  31-  31) =       4709.7  [cm-1]   --> A               I+R
     freq (  32-  32) =       4968.7  [cm-1]   --> A               I+R
     freq (  33-  33) =       5190.9  [cm-1]   --> A               I+R
     freq (  34-  34) =       5361.8  [cm-1]   --> A               I+R
     freq (  35-  35) =       5506.0  [cm-1]   --> A               I+R
     freq (  36-  36) =       5801.0  [cm-1]   --> A               I+R

     Calculation of q =   -0.0015060   0.0011475  -0.4633928

     Subspace diagonalization in iterative solution of the eigenvalue problem:
     a serial algorithm will be used


     Parallelization info
     --------------------
     sticks:   dense  smooth     PW     G-vecs:    dense   smooth      PW
     Min         472     239     80                14919     5248    1038
     Max         473     240     81                14922     5249    1039
     Sum         945     479    161                29841    10497    2077


     Title: 
     Phonons                                                                    


     bravais-lattice index     =            0
     lattice parameter (alat)  =       6.9360  a.u.
     unit-cell volume          =     220.3604 (a.u.)^3
     number of atoms/cell      =           12
     number of atomic types    =            4
     number of electrons       =        62.00
     number of Kohn-Sham states=           37
     kinetic-energy cutoff     =      50.0000  Ry
     charge density cutoff     =     400.0000  Ry
     Exchange-correlation= PBE
                           (   1   4   3   4   0   0   0)

     celldm(1)=   6.935967  celldm(2)=   0.000000  celldm(3)=   0.000000
     celldm(4)=   0.000000  celldm(5)=   0.000000  celldm(6)=   0.000000

     crystal axes: (cart. coord. in units of alat)
               a(1) = (   0.783212  -0.000199  -0.002546 )  
               a(2) = (  -0.000446   0.781471   0.001937 )  
               a(3) = (  -0.003854  -0.000915   1.079009 )  

     reciprocal axes: (cart. coord. in units 2 pi/alat)
               b(1) = (  1.276809  0.000718  0.004561 )  
               b(2) = (  0.000328  1.279636  0.001087 )  
               b(3) = (  0.003012 -0.002295  0.926786 )  


     PseudoPot. # 1 for B  read from file:
     /home/marco/ZOS_Cloud_Compute/pseudo/B.UPF
     MD5 check sum: d9c678ba5d3b2fd7b74e61139c9288d8
     Pseudo is Projector augmented-wave + core cor, Zval =  3.0
     Generated using "atomic" code by A. Dal Corso  v.5.1.2
     Shape of augmentation charge: PSQ
     Using radial grid of 1059 points,  4 beta functions with: 
                l(1) =   0
                l(2) =   0
                l(3) =   1
                l(4) =   1
     Q(r) pseudized with 0 coefficients 


     PseudoPot. # 2 for H  read from file:
     /home/marco/ZOS_Cloud_Compute/pseudo/H.UPF
     MD5 check sum: 850d63dcbcc06c5de8b44e0ab9f952da
     Pseudo is Projector augmented-wave, Zval =  1.0
     Generated using "atomic" code by A. Dal Corso  v.5.1.2
     Shape of augmentation charge: PSQ
     Using radial grid of  929 points,  2 beta functions with: 
                l(1) =   0
                l(2) =   0
     Q(r) pseudized with 0 coefficients 


     PseudoPot. # 3 for Hf read from file:
     /home/marco/ZOS_Cloud_Compute/pseudo/Hf.UPF
     MD5 check sum: 054ab3954715fe03e42536d2af1a941a
     Pseudo is Projector augmented-wave + core cor, Zval = 36.0
     Generated using "atomic" code by A. Dal Corso  v.5.1.2
     Shape of augmentation charge: PSQ
     Using radial grid of 1271 points,  8 beta functions with: 
                l(1) =   0
                l(2) =   0
                l(3) =   1
                l(4) =   1
                l(5) =   2
                l(6) =   2
                l(7) =   3
                l(8) =   3
     Q(r) pseudized with 0 coefficients 


     PseudoPot. # 4 for Ti read from file:
     /home/marco/ZOS_Cloud_Compute/pseudo/Ti.UPF
     MD5 check sum: 8e4df49b7f0d34bbd5052bf3f5ea0213
     Pseudo is Ultrasoft, Zval = 12.0
     Generated by new atomic code, or converted to UPF format
     Using radial grid of  851 points,  6 beta functions with: 
                l(1) =   0
                l(2) =   0
                l(3) =   1
                l(4) =   1
                l(5) =   2
                l(6) =   2
     Q(r) pseudized with  8 coefficients,  rinner =    1.000   1.000   1.000
                                                       1.000   1.000

     atomic species   valence    mass     pseudopotential
        B              3.00     1.00000     B ( 1.00)
        H              1.00     1.00000     H ( 1.00)
        Hf            36.00     1.00000     Hf( 1.00)
        Ti            12.00     1.00000     Ti( 1.00)

     No symmetry found



   Cartesian axes

     site n.     atom                  positions (alat units)
         1           Ti  tau(   1) = (   0.8328786   0.0435249  -0.0256727  )
         2           Hf  tau(   2) = (   0.3372088   0.3612871   0.5590328  )
         3           B   tau(   3) = (   0.4539714   0.4542505   0.0175264  )
         4           B   tau(   4) = (   0.7200178  -0.0518344   0.5024055  )
         5           H   tau(   5) = (  -0.0256008   0.4650200   0.8320925  )
         6           H   tau(   6) = (   0.2014697  -0.0293658   0.3516208  )
         7           H   tau(   7) = (   0.7210522   0.1730909   0.6930471  )
         8           H   tau(   8) = (   0.4339971   0.1860250   0.9658756  )
         9           H   tau(   9) = (   0.1701144   0.4317520   0.1361768  )
        10           H   tau(  10) = (   0.6766716   0.3995010   0.2322497  )
        11           H   tau(  11) = (   0.4136734   0.6834833   0.8639849  )
        12           H   tau(  12) = (   0.5026499   0.7856495   0.2817314  )

     number of k points=    16  Methfessel-Paxton smearing, width (Ry)=  0.0200
                       cart. coord. in units 2pi/alat
        k(    1) = (   0.0000000   0.0000000   0.0000000), wk =   0.2500000
        k(    2) = (  -0.0015060   0.0011475  -0.4633928), wk =   0.0000000
        k(    3) = (  -0.0015060   0.0011475  -0.4633928), wk =   0.2500000
        k(    4) = (  -0.0030119   0.0022950  -0.9267855), wk =   0.0000000
        k(    5) = (  -0.0001639  -0.6398180  -0.0005433), wk =   0.2500000
        k(    6) = (  -0.0016699  -0.6386705  -0.4639361), wk =   0.0000000
        k(    7) = (  -0.0016699  -0.6386705  -0.4639361), wk =   0.2500000
        k(    8) = (  -0.0031758  -0.6375230  -0.9273289), wk =   0.0000000
        k(    9) = (  -0.6384045  -0.0003588  -0.0022806), wk =   0.2500000
        k(   10) = (  -0.6399105   0.0007887  -0.4656734), wk =   0.0000000
        k(   11) = (  -0.6399105   0.0007887  -0.4656734), wk =   0.2500000
        k(   12) = (  -0.6414164   0.0019362  -0.9290662), wk =   0.0000000
        k(   13) = (  -0.6385685  -0.6401768  -0.0028239), wk =   0.2500000
        k(   14) = (  -0.6400744  -0.6390293  -0.4662167), wk =   0.0000000
        k(   15) = (  -0.6400744  -0.6390293  -0.4662167), wk =   0.2500000
        k(   16) = (  -0.6415804  -0.6378818  -0.9296095), wk =   0.0000000

     Dense  grid:    29841 G-vectors     FFT dimensions: (  36,  36,  48)

     Smooth grid:    10497 G-vectors     FFT dimensions: (  25,  25,  36)

     Estimated max dynamical RAM per process >     151.04 MB

     Estimated total dynamical RAM >     302.07 MB

     Check: negative core charge=   -0.000003

     The potential is recalculated from file :
     ./tmp/_ph0/HfTiBH42.save/charge-density

     Starting wfcs are   48 atomic wfcs
     Checking if some PAW data can be deallocated... 

     Band Structure Calculation
     Davidson diagonalization with overlap

     ethr =  1.61E-11,  avg # of iterations = 16.9

     total cpu time spent up to now is       10.9 secs

     End of band structure calculation

          k = 0.0000 0.0000 0.0000 (  1301 PWs)   bands (ev):

  -145.8687-144.9786-144.3005-144.1146-142.2253 -32.1459 -26.3092  -4.4735
    -3.0279  -3.0018  -1.3223  -1.0973  -0.9137   9.1820  13.4131  13.4925
    13.5719  13.6270  13.7080  13.7481  13.7691  14.6301  17.1910  17.8612
    21.6575  22.9043  25.6861  26.3974  26.5808  27.7656  28.9348  29.1155
    30.0907  30.1663  31.9809  33.2037  35.0753

          k =-0.0015 0.0011-0.4634 (  1318 PWs)   bands (ev):

  -146.6711-146.1798-145.7930-145.7011-143.4910 -32.1360 -26.3319  -3.8150
    -3.1476  -2.9392  -2.2100  -1.1691  -1.0108  12.2824  12.8857  13.4436
    13.4870  13.5348  13.5719  13.6225  13.7122  13.7434  17.1982  18.2071
    20.5067  22.4473  22.6953  24.0304  26.1162  27.0909  30.0490  30.8239
    32.1048  32.7708  33.4059  34.4025  36.3078

          k =-0.0015 0.0011-0.4634 (  1318 PWs)   bands (ev):

  -146.6711-146.1798-145.7930-145.7011-143.4910 -32.1360 -26.3319  -3.8150
    -3.1476  -2.9392  -2.2100  -1.1691  -1.0108  12.2824  12.8857  13.4436
    13.4870  13.5348  13.5719  13.6225  13.7122  13.7434  17.1982  18.2071
    20.5067  22.4473  22.6953  24.0304  26.1162  27.0909  30.0490  30.8239
    32.1048  32.7708  33.4059  34.4025  36.3078

          k =-0.0030 0.0023-0.9268 (  1301 PWs)   bands (ev):

  -145.8687-144.9786-144.3005-144.1146-142.2253 -32.1459 -26.3092  -4.4735
    -3.0279  -3.0018  -1.3223  -1.0973  -0.9137   9.1820  13.4131  13.4925
    13.5719  13.6270  13.7080  13.7481  13.7691  14.6301  17.1910  17.8612
    21.6575  22.9043  25.6861  26.3974  26.5808  27.7656  28.9348  29.1155
    30.0907  30.1663  31.9809  33.2037  35.0753

          k =-0.0002-0.6398-0.0005 (  1322 PWs)   bands (ev):

  -147.8479-146.3374-145.3863-144.9404-144.4476 -32.0270 -26.2258  -4.1758
    -3.6521  -3.1050  -2.6804  -1.7684  -0.8101  13.3558  13.4315  13.4679
    13.5711  13.6183  13.6419  13.6949  13.7767  14.8129  15.6037  17.3983
    19.4553  21.2184  21.3954  24.8048  27.5059  28.6438  29.4270  31.7340
    33.1624  34.4001  34.9579  36.1765  36.8862

          k =-0.0017-0.6387-0.4639 (  1292 PWs)   bands (ev):

  -145.7922-145.0251-143.2316-142.5662-141.7360 -32.0233 -26.2268  -4.7272
    -4.3700  -2.8283  -1.8714  -1.2593  -0.7943  12.6124  13.4100  13.5516
    13.6177  13.6623  13.7363  13.7557  13.8224  14.3059  16.7301  18.2220
    19.6943  20.4747  21.4406  23.3713  27.5636  29.0851  31.4134  32.1187
    32.6377  34.0737  34.5963  35.6552  36.0355

          k =-0.0017-0.6387-0.4639 (  1292 PWs)   bands (ev):

  -145.7922-145.0251-143.2316-142.5662-141.7360 -32.0233 -26.2268  -4.7272
    -4.3700  -2.8283  -1.8714  -1.2593  -0.7943  12.6124  13.4100  13.5516
    13.6177  13.6623  13.7363  13.7557  13.8224  14.3059  16.7301  18.2220
    19.6943  20.4747  21.4406  23.3713  27.5636  29.0851  31.4134  32.1187
    32.6377  34.0737  34.5963  35.6552  36.0355

          k =-0.0032-0.6375-0.9273 (  1322 PWs)   bands (ev):

  -147.8479-146.3374-145.3863-144.9404-144.4476 -32.0270 -26.2258  -4.1758
    -3.6521  -3.1050  -2.6804  -1.7684  -0.8101  13.3558  13.4315  13.4679
    13.5711  13.6183  13.6419  13.6949  13.7767  14.8129  15.6037  17.3983
    19.4553  21.2184  21.3954  24.8048  27.5059  28.6438  29.4270  31.7340
    33.1624  34.4001  34.9579  36.1765  36.8862

          k =-0.6384-0.0004-0.0023 (  1324 PWs)   bands (ev):

  -147.7827-147.0483-145.1938-145.1786-144.4808 -32.0287 -26.2207  -4.2800
    -3.8205  -2.9695  -2.7355  -1.5979  -0.8528  13.3547  13.4047  13.4955
    13.5847  13.6161  13.6763  13.7026  13.8471  14.8974  15.9197  17.0979
    19.0162  21.0688  22.2350  25.0445  27.2855  29.1361  29.7773  31.4290
    32.3192  33.9142  34.6769  35.8967  36.5703

          k =-0.6399 0.0008-0.4657 (  1286 PWs)   bands (ev):

  -145.1380-144.6247-142.7278-142.2087-141.6591 -32.0240 -26.2251  -4.7274
    -4.3585  -2.7940  -1.9506  -1.2964  -0.8618  12.7747  13.4194  13.5640
    13.6174  13.7296  13.7506  13.7671  13.8266  14.1294  17.0666  18.4008
    19.8022  20.5075  22.2441  23.1571  27.3894  27.8976  31.8841  32.0182
    32.2496  33.6984  34.6216  35.0827  36.5541

          k =-0.6399 0.0008-0.4657 (  1286 PWs)   bands (ev):

  -145.1380-144.6247-142.7278-142.2087-141.6591 -32.0240 -26.2251  -4.7274
    -4.3585  -2.7940  -1.9506  -1.2964  -0.8618  12.7747  13.4194  13.5640
    13.6174  13.7296  13.7506  13.7671  13.8266  14.1294  17.0666  18.4008
    19.8022  20.5075  22.2441  23.1571  27.3894  27.8976  31.8841  32.0182
    32.2496  33.6984  34.6216  35.0827  36.5541

          k =-0.6414 0.0019-0.9291 (  1324 PWs)   bands (ev):

  -147.7827-147.0483-145.1938-145.1786-144.4808 -32.0287 -26.2207  -4.2800
    -3.8205  -2.9695  -2.7355  -1.5979  -0.8528  13.3547  13.4047  13.4955
    13.5847  13.6161  13.6763  13.7026  13.8471  14.8974  15.9197  17.0979
    19.0162  21.0688  22.2350  25.0445  27.2855  29.1361  29.7773  31.4290
    32.3192  33.9142  34.6769  35.8967  36.5703

          k =-0.6386-0.6402-0.0028 (  1316 PWs)   bands (ev):

  -147.4579-146.8647-146.6998-143.5456-142.8592 -31.9136 -26.1212  -4.4869
    -4.2368  -3.2888  -2.3481  -2.2387  -1.5150  13.4809  13.5293  13.5355
    13.5735  13.6213  13.6746  13.7335  13.8514  14.6022  16.4654  16.8082
    18.9742  19.0393  23.0409  25.6150  28.3651  29.3881  32.6170  32.8603
    34.3880  34.8920  36.1203  36.9623  37.6793

          k =-0.6401-0.6390-0.4662 (  1338 PWs)   bands (ev):

  -148.5610-147.4924-146.9483-146.2407-145.7269 -31.9118 -26.1203  -4.2224
    -4.0799  -3.7326  -2.7947  -2.1460  -1.3980  13.4562  13.4765  13.5066
    13.5359  13.5511  13.5968  13.6630  14.9540  15.5734  16.2084  17.5656
    19.5237  19.9925  21.4954  21.7919  29.3189  29.7585  31.5422  32.3811
    32.6939  33.8140  36.9042  37.1226  37.5780

          k =-0.6401-0.6390-0.4662 (  1338 PWs)   bands (ev):

  -148.5610-147.4924-146.9483-146.2407-145.7269 -31.9118 -26.1203  -4.2224
    -4.0799  -3.7326  -2.7947  -2.1460  -1.3980  13.4562  13.4765  13.5066
    13.5359  13.5511  13.5968  13.6630  14.9540  15.5734  16.2084  17.5656
    19.5237  19.9925  21.4954  21.7919  29.3189  29.7585  31.5422  32.3811
    32.6939  33.8140  36.9042  37.1226  37.5780

          k =-0.6416-0.6379-0.9296 (  1316 PWs)   bands (ev):

  -147.4579-146.8647-146.6998-143.5456-142.8592 -31.9136 -26.1212  -4.4869
    -4.2368  -3.2888  -2.3481  -2.2387  -1.5150  13.4809  13.5293  13.5355
    13.5735  13.6213  13.6746  13.7335  13.8514  14.6022  16.4654  16.8082
    18.9742  19.0393  23.0409  25.6150  28.3651  29.3881  32.6170  32.8603
    34.3880  34.8920  36.1203  36.9623  37.6793

     the Fermi energy is    31.1994 ev

     Writing output data file ./tmp/_ph0/HfTiBH42.save/

     Phonons                                                                    

     bravais-lattice index     =            0
     lattice parameter (alat)  =       6.9360  a.u.
     unit-cell volume          =     220.3604 (a.u.)^3
     number of atoms/cell      =           12
     number of atomic types    =            4
     kinetic-energy cut-off    =      50.0000  Ry
     charge density cut-off    =     400.0000  Ry
     convergence threshold     =      1.0E-14
     beta                      =       0.7000
     number of iterations used =            4
     Exchange-correlation= PBE
                           (   1   4   3   4   0   0   0)


     celldm(1)=    6.93597  celldm(2)=    0.00000  celldm(3)=    0.00000
     celldm(4)=    0.00000  celldm(5)=    0.00000  celldm(6)=    0.00000

     crystal axes: (cart. coord. in units of alat)
               a(1) = (  0.7832 -0.0002 -0.0025 )  
               a(2) = ( -0.0004  0.7815  0.0019 )  
               a(3) = ( -0.0039 -0.0009  1.0790 )  

     reciprocal axes: (cart. coord. in units 2 pi/alat)
               b(1) = (  1.2768  0.0007  0.0046 )  
               b(2) = (  0.0003  1.2796  0.0011 )  
               b(3) = (  0.0030 -0.0023  0.9268 )  


     Atoms inside the unit cell: 

     Cartesian axes

     site n.  atom      mass           positions (alat units)
        1     Ti   1.0000   tau(    1) = (    0.83288    0.04352   -0.02567  )
        2     Hf   1.0000   tau(    2) = (    0.33721    0.36129    0.55903  )
        3     B    1.0000   tau(    3) = (    0.45397    0.45425    0.01753  )
        4     B    1.0000   tau(    4) = (    0.72002   -0.05183    0.50241  )
        5     H    1.0000   tau(    5) = (   -0.02560    0.46502    0.83209  )
        6     H    1.0000   tau(    6) = (    0.20147   -0.02937    0.35162  )
        7     H    1.0000   tau(    7) = (    0.72105    0.17309    0.69305  )
        8     H    1.0000   tau(    8) = (    0.43400    0.18602    0.96588  )
        9     H    1.0000   tau(    9) = (    0.17011    0.43175    0.13618  )
       10     H    1.0000   tau(   10) = (    0.67667    0.39950    0.23225  )
       11     H    1.0000   tau(   11) = (    0.41367    0.68348    0.86398  )
       12     H    1.0000   tau(   12) = (    0.50265    0.78565    0.28173  )

     Computing dynamical matrix for 
                    q = (  -0.0015060   0.0011475  -0.4633928 )

      2 Sym.Ops. (with q -> -q+G )


     G cutoff =  487.4323  (  14922 G-vectors)     FFT grid: ( 36, 36, 48)
     G cutoff =  243.7162  (   5249 G-vectors)  smooth grid: ( 25, 25, 36)

     number of k points=    16  Methfessel-Paxton smearing, width (Ry)=  0.0200

     PseudoPot. # 1 for B  read from file:
     /home/marco/ZOS_Cloud_Compute/pseudo/B.UPF
     MD5 check sum: d9c678ba5d3b2fd7b74e61139c9288d8
     Pseudo is Projector augmented-wave + core cor, Zval =  3.0
     Generated using "atomic" code by A. Dal Corso  v.5.1.2
     Shape of augmentation charge: PSQ
     Using radial grid of 1059 points,  4 beta functions with: 
                l(1) =   0
                l(2) =   0
                l(3) =   1
                l(4) =   1
     Q(r) pseudized with 0 coefficients 


     PseudoPot. # 2 for H  read from file:
     /home/marco/ZOS_Cloud_Compute/pseudo/H.UPF
     MD5 check sum: 850d63dcbcc06c5de8b44e0ab9f952da
     Pseudo is Projector augmented-wave, Zval =  1.0
     Generated using "atomic" code by A. Dal Corso  v.5.1.2
     Shape of augmentation charge: PSQ
     Using radial grid of  929 points,  2 beta functions with: 
                l(1) =   0
                l(2) =   0
     Q(r) pseudized with 0 coefficients 


     PseudoPot. # 3 for Hf read from file:
     /home/marco/ZOS_Cloud_Compute/pseudo/Hf.UPF
     MD5 check sum: 054ab3954715fe03e42536d2af1a941a
     Pseudo is Projector augmented-wave + core cor, Zval = 36.0
     Generated using "atomic" code by A. Dal Corso  v.5.1.2
     Shape of augmentation charge: PSQ
     Using radial grid of 1271 points,  8 beta functions with: 
                l(1) =   0
                l(2) =   0
                l(3) =   1
                l(4) =   1
                l(5) =   2
                l(6) =   2
                l(7) =   3
                l(8) =   3
     Q(r) pseudized with 0 coefficients 


     PseudoPot. # 4 for Ti read from file:
     /home/marco/ZOS_Cloud_Compute/pseudo/Ti.UPF
     MD5 check sum: 8e4df49b7f0d34bbd5052bf3f5ea0213
     Pseudo is Ultrasoft, Zval = 12.0
     Generated by new atomic code, or converted to UPF format
     Using radial grid of  851 points,  6 beta functions with: 
                l(1) =   0
                l(2) =   0
                l(3) =   1
                l(4) =   1
                l(5) =   2
                l(6) =   2
     Q(r) pseudized with  8 coefficients,  rinner =    1.000   1.000   1.000
                                                       1.000   1.000

     Mode symmetry, C_1 (1)     point group:


     Atomic displacements:
     There are   36 irreducible representations

     Representation     1      1 modes -  To be done

     Representation     2      1 modes -  To be done

     Representation     3      1 modes -  To be done

     Representation     4      1 modes -  To be done

     Representation     5      1 modes -  To be done

     Representation     6      1 modes -  To be done

     Representation     7      1 modes -  To be done

     Representation     8      1 modes -  To be done

     Representation     9      1 modes -  To be done

     Representation    10      1 modes -  To be done

     Representation    11      1 modes -  To be done

     Representation    12      1 modes -  To be done

     Representation    13      1 modes -  To be done

     Representation    14      1 modes -  To be done

     Representation    15      1 modes -  To be done

     Representation    16      1 modes -  To be done

     Representation    17      1 modes -  To be done

     Representation    18      1 modes -  To be done

     Representation    19      1 modes -  To be done

     Representation    20      1 modes -  To be done

     Representation    21      1 modes -  To be done

     Representation    22      1 modes -  To be done

     Representation    23      1 modes -  To be done

     Representation    24      1 modes -  To be done

     Representation    25      1 modes -  To be done

     Representation    26      1 modes -  To be done

     Representation    27      1 modes -  To be done

     Representation    28      1 modes -  To be done

     Representation    29      1 modes -  To be done

     Representation    30      1 modes -  To be done

     Representation    31      1 modes -  To be done

     Representation    32      1 modes -  To be done

     Representation    33      1 modes -  To be done

     Representation    34      1 modes -  To be done

     Representation    35      1 modes -  To be done

     Representation    36      1 modes -  To be done



     Alpha used in Ewald sum =   2.8000
     PHONON       :  45m32.68s CPU  59m29.47s WALL



     Representation #   1 mode #   1

     Self-consistent Calculation

      iter #   1 total cpu time :  3576.9 secs   av.it.:  11.9
      thresh= 1.000E-02 alpha_mix =  0.700 |ddv_scf|^2 =  2.222E-05

      iter #   2 total cpu time :  3585.8 secs   av.it.:  19.1
      thresh= 4.714E-04 alpha_mix =  0.700 |ddv_scf|^2 =  1.462E-05

      iter #   3 total cpu time :  3594.5 secs   av.it.:  18.6
      thresh= 3.824E-04 alpha_mix =  0.700 |ddv_scf|^2 =  1.566E-04

      iter #   4 total cpu time :  3602.2 secs   av.it.:  13.6
      thresh= 1.251E-03 alpha_mix =  0.700 |ddv_scf|^2 =  1.598E-06

      iter #   5 total cpu time :  3610.2 secs   av.it.:  14.6
      thresh= 1.264E-04 alpha_mix =  0.700 |ddv_scf|^2 =  1.668E-07

      iter #   6 total cpu time :  3618.6 secs   av.it.:  17.0
      thresh= 4.084E-05 alpha_mix =  0.700 |ddv_scf|^2 =  4.957E-08

      iter #   7 total cpu time :  3626.8 secs   av.it.:  16.4
      thresh= 2.226E-05 alpha_mix =  0.700 |ddv_scf|^2 =  6.697E-10

      iter #   8 total cpu time :  3635.4 secs   av.it.:  17.8
      thresh= 2.588E-06 alpha_mix =  0.700 |ddv_scf|^2 =  2.085E-11

      iter #   9 total cpu time :  3644.2 secs   av.it.:  19.4
      thresh= 4.567E-07 alpha_mix =  0.700 |ddv_scf|^2 =  1.456E-11

      iter #  10 total cpu time :  3652.7 secs   av.it.:  17.9
      thresh= 3.816E-07 alpha_mix =  0.700 |ddv_scf|^2 =  4.136E-12

      iter #  11 total cpu time :  3661.2 secs   av.it.:  17.5
      thresh= 2.034E-07 alpha_mix =  0.700 |ddv_scf|^2 =  9.647E-14

      iter #  12 total cpu time :  3670.0 secs   av.it.:  19.4
      thresh= 3.106E-08 alpha_mix =  0.700 |ddv_scf|^2 =  6.411E-14

      iter #  13 total cpu time :  3678.2 secs   av.it.:  16.1
      thresh= 2.532E-08 alpha_mix =  0.700 |ddv_scf|^2 =  6.114E-15

     End of self-consistent calculation

     Convergence has been achieved 


     Representation #   2 mode #   2

     Self-consistent Calculation

      iter #   1 total cpu time :  3686.2 secs   av.it.:  11.5
      thresh= 1.000E-02 alpha_mix =  0.700 |ddv_scf|^2 =  2.275E-05

      iter #   2 total cpu time :  3694.9 secs   av.it.:  19.2
      thresh= 4.770E-04 alpha_mix =  0.700 |ddv_scf|^2 =  8.149E-05

      iter #   3 total cpu time :  3703.2 secs   av.it.:  15.9
      thresh= 9.027E-04 alpha_mix =  0.700 |ddv_scf|^2 =  1.742E-04

      iter #   4 total cpu time :  3711.1 secs   av.it.:  14.5
      thresh= 1.320E-03 alpha_mix =  0.700 |ddv_scf|^2 =  1.043E-05

      iter #   5 total cpu time :  3718.8 secs   av.it.:  13.6
      thresh= 3.229E-04 alpha_mix =  0.700 |ddv_scf|^2 =  6.545E-08

      iter #   6 total cpu time :  3727.3 secs   av.it.:  17.8
      thresh= 2.558E-05 alpha_mix =  0.700 |ddv_scf|^2 =  3.654E-08

      iter #   7 total cpu time :  3735.4 secs   av.it.:  15.8
      thresh= 1.912E-05 alpha_mix =  0.700 |ddv_scf|^2 =  1.121E-09

      iter #   8 total cpu time :  3743.8 secs   av.it.:  17.2
      thresh= 3.348E-06 alpha_mix =  0.700 |ddv_scf|^2 =  4.646E-11

      iter #   9 total cpu time :  3752.4 secs   av.it.:  18.6
      thresh= 6.816E-07 alpha_mix =  0.700 |ddv_scf|^2 =  1.955E-12

      iter #  10 total cpu time :  3761.3 secs   av.it.:  19.4
      thresh= 1.398E-07 alpha_mix =  0.700 |ddv_scf|^2 =  1.562E-12

      iter #  11 total cpu time :  3769.6 secs   av.it.:  16.6
      thresh= 1.250E-07 alpha_mix =  0.700 |ddv_scf|^2 =  5.747E-13

      iter #  12 total cpu time :  3778.0 secs   av.it.:  16.9
      thresh= 7.581E-08 alpha_mix =  0.700 |ddv_scf|^2 =  1.475E-13

      iter #  13 total cpu time :  3785.7 secs   av.it.:  15.9
      thresh= 3.841E-08 alpha_mix =  0.700 |ddv_scf|^2 =  5.948E-15

     End of self-consistent calculation

     Convergence has been achieved 


     Representation #   3 mode #   3

     Self-consistent Calculation

      iter #   1 total cpu time :  3794.1 secs   av.it.:  13.6
      thresh= 1.000E-02 alpha_mix =  0.700 |ddv_scf|^2 =  7.120E-03

      iter #   2 total cpu time :  3802.8 secs   av.it.:  18.6
      thresh= 8.438E-03 alpha_mix =  0.700 |ddv_scf|^2 =  3.279E-01

      iter #   3 total cpu time :  3811.4 secs   av.it.:  17.8
      thresh= 1.000E-02 alpha_mix =  0.700 |ddv_scf|^2 =  8.270E-05

      iter #   4 total cpu time :  3819.8 secs   av.it.:  18.6
      thresh= 9.094E-04 alpha_mix =  0.700 |ddv_scf|^2 =  9.288E-04

      iter #   5 total cpu time :  3827.7 secs   av.it.:  14.1
      thresh= 3.048E-03 alpha_mix =  0.700 |ddv_scf|^2 =  3.065E-06

      iter #   6 total cpu time :  3836.4 secs   av.it.:  19.0
      thresh= 1.751E-04 alpha_mix =  0.700 |ddv_scf|^2 =  4.789E-07

      iter #   7 total cpu time :  3844.8 secs   av.it.:  17.0
      thresh= 6.920E-05 alpha_mix =  0.700 |ddv_scf|^2 =  2.079E-08

      iter #   8 total cpu time :  3852.7 secs   av.it.:  17.5
      thresh= 1.442E-05 alpha_mix =  0.700 |ddv_scf|^2 =  1.875E-09

      iter #   9 total cpu time :  3861.1 secs   av.it.:  16.2
      thresh= 4.330E-06 alpha_mix =  0.700 |ddv_scf|^2 =  2.026E-10

      iter #  10 total cpu time :  3869.7 secs   av.it.:  18.0
      thresh= 1.423E-06 alpha_mix =  0.700 |ddv_scf|^2 =  6.060E-12

      iter #  11 total cpu time :  3878.3 secs   av.it.:  18.2
      thresh= 2.462E-07 alpha_mix =  0.700 |ddv_scf|^2 =  1.917E-12

      iter #  12 total cpu time :  3887.0 secs   av.it.:  18.6
      thresh= 1.384E-07 alpha_mix =  0.700 |ddv_scf|^2 =  1.000E-12

      iter #  13 total cpu time :  3895.4 secs   av.it.:  17.0
      thresh= 1.000E-07 alpha_mix =  0.700 |ddv_scf|^2 =  1.481E-13

      iter #  14 total cpu time :  3903.6 secs   av.it.:  17.1
      thresh= 3.848E-08 alpha_mix =  0.700 |ddv_scf|^2 =  1.683E-14

      iter #  15 total cpu time :  3912.6 secs   av.it.:  20.4
      thresh= 1.297E-08 alpha_mix =  0.700 |ddv_scf|^2 =  1.227E-13

      iter #  16 total cpu time :  3920.8 secs   av.it.:  15.9
      thresh= 3.503E-08 alpha_mix =  0.700 |ddv_scf|^2 =  1.242E-15

     End of self-consistent calculation

     Convergence has been achieved 


     Representation #   4 mode #   4

     Self-consistent Calculation

      iter #   1 total cpu time :  3929.6 secs   av.it.:  16.0
      thresh= 1.000E-02 alpha_mix =  0.700 |ddv_scf|^2 =  5.294E-04

      iter #   2 total cpu time :  3938.8 secs   av.it.:  21.4
      thresh= 2.301E-03 alpha_mix =  0.700 |ddv_scf|^2 =  1.833E-04

      iter #   3 total cpu time :  3947.9 secs   av.it.:  20.4
      thresh= 1.354E-03 alpha_mix =  0.700 |ddv_scf|^2 =  2.433E-03

      iter #   4 total cpu time :  3955.6 secs   av.it.:  13.8
      thresh= 4.933E-03 alpha_mix =  0.700 |ddv_scf|^2 =  5.349E-06

      iter #   5 total cpu time :  3964.5 secs   av.it.:  20.1
      thresh= 2.313E-04 alpha_mix =  0.700 |ddv_scf|^2 =  8.166E-05

      iter #   6 total cpu time :  3972.3 secs   av.it.:  14.2
      thresh= 9.036E-04 alpha_mix =  0.700 |ddv_scf|^2 =  1.479E-06

      iter #   7 total cpu time :  3980.5 secs   av.it.:  17.2
      thresh= 1.216E-04 alpha_mix =  0.700 |ddv_scf|^2 =  2.929E-07

      iter #   8 total cpu time :  3988.9 secs   av.it.:  17.0
      thresh= 5.412E-05 alpha_mix =  0.700 |ddv_scf|^2 =  6.976E-10

      iter #   9 total cpu time :  3998.4 secs   av.it.:  22.0
      thresh= 2.641E-06 alpha_mix =  0.700 |ddv_scf|^2 =  5.243E-10

      iter #  10 total cpu time :  4007.1 secs   av.it.:  18.1
      thresh= 2.290E-06 alpha_mix =  0.700 |ddv_scf|^2 =  3.587E-11

      iter #  11 total cpu time :  4015.8 secs   av.it.:  18.5
      thresh= 5.989E-07 alpha_mix =  0.700 |ddv_scf|^2 =  1.454E-11

      iter #  12 total cpu time :  4024.1 secs   av.it.:  16.6
      thresh= 3.813E-07 alpha_mix =  0.700 |ddv_scf|^2 =  1.860E-12

      iter #  13 total cpu time :  4032.7 secs   av.it.:  18.0
      thresh= 1.364E-07 alpha_mix =  0.700 |ddv_scf|^2 =  2.423E-13

      iter #  14 total cpu time :  4041.4 secs   av.it.:  18.8
      thresh= 4.923E-08 alpha_mix =  0.700 |ddv_scf|^2 =  3.321E-14

      iter #  15 total cpu time :  4050.3 secs   av.it.:  19.9
      thresh= 1.822E-08 alpha_mix =  0.700 |ddv_scf|^2 =  2.775E-14

      iter #  16 total cpu time :  4058.6 secs   av.it.:  16.4
      thresh= 1.666E-08 alpha_mix =  0.700 |ddv_scf|^2 =  1.081E-15

     End of self-consistent calculation

     Convergence has been achieved 


     Representation #   5 mode #   5

     Self-consistent Calculation

      iter #   1 total cpu time :  4067.4 secs   av.it.:  16.0
      thresh= 1.000E-02 alpha_mix =  0.700 |ddv_scf|^2 =  5.357E-04

      iter #   2 total cpu time :  4076.8 secs   av.it.:  21.4
      thresh= 2.315E-03 alpha_mix =  0.700 |ddv_scf|^2 =  9.879E-04

      iter #   3 total cpu time :  4085.5 secs   av.it.:  17.6
      thresh= 3.143E-03 alpha_mix =  0.700 |ddv_scf|^2 =  4.634E-03

      iter #   4 total cpu time :  4093.5 secs   av.it.:  14.6
      thresh= 6.808E-03 alpha_mix =  0.700 |ddv_scf|^2 =  1.203E-04

      iter #   5 total cpu time :  4101.5 secs   av.it.:  14.6
      thresh= 1.097E-03 alpha_mix =  0.700 |ddv_scf|^2 =  2.518E-05

      iter #   6 total cpu time :  4109.8 secs   av.it.:  16.5
      thresh= 5.018E-04 alpha_mix =  0.700 |ddv_scf|^2 =  1.942E-06

      iter #   7 total cpu time :  4118.2 secs   av.it.:  16.8
      thresh= 1.393E-04 alpha_mix =  0.700 |ddv_scf|^2 =  2.285E-07

      iter #   8 total cpu time :  4126.2 secs   av.it.:  17.6
      thresh= 4.780E-05 alpha_mix =  0.700 |ddv_scf|^2 =  6.404E-09

      iter #   9 total cpu time :  4135.0 secs   av.it.:  19.0
      thresh= 8.002E-06 alpha_mix =  0.700 |ddv_scf|^2 =  1.635E-10

      iter #  10 total cpu time :  4144.1 secs   av.it.:  21.4
      thresh= 1.279E-06 alpha_mix =  0.700 |ddv_scf|^2 =  5.611E-10

      iter #  11 total cpu time :  4152.5 secs   av.it.:  16.9
      thresh= 2.369E-06 alpha_mix =  0.700 |ddv_scf|^2 =  2.548E-12

      iter #  12 total cpu time :  4161.8 secs   av.it.:  21.9
      thresh= 1.596E-07 alpha_mix =  0.700 |ddv_scf|^2 =  8.585E-13

      iter #  13 total cpu time :  4170.7 secs   av.it.:  19.6
      thresh= 9.265E-08 alpha_mix =  0.700 |ddv_scf|^2 =  4.134E-12

      iter #  14 total cpu time :  4178.8 secs   av.it.:  15.4
      thresh= 2.033E-07 alpha_mix =  0.700 |ddv_scf|^2 =  8.396E-14

      iter #  15 total cpu time :  4187.6 secs   av.it.:  18.5
      thresh= 2.898E-08 alpha_mix =  0.700 |ddv_scf|^2 =  6.271E-14

      iter #  16 total cpu time :  4196.1 secs   av.it.:  18.0
      thresh= 2.504E-08 alpha_mix =  0.700 |ddv_scf|^2 =  5.491E-14

      iter #  17 total cpu time :  4204.3 secs   av.it.:  15.6
      thresh= 2.343E-08 alpha_mix =  0.700 |ddv_scf|^2 =  3.454E-16

     End of self-consistent calculation

     Convergence has been achieved 


     Representation #   6 mode #   6

     Self-consistent Calculation

      iter #   1 total cpu time :  4213.6 secs   av.it.:  18.4
      thresh= 1.000E-02 alpha_mix =  0.700 |ddv_scf|^2 =  8.094E-02

      iter #   2 total cpu time :  4223.3 secs   av.it.:  23.4
      thresh= 1.000E-02 alpha_mix =  0.700 |ddv_scf|^2 =  4.932E+00

      iter #   3 total cpu time :  4232.9 secs   av.it.:  22.4
      thresh= 1.000E-02 alpha_mix =  0.700 |ddv_scf|^2 =  5.028E-03

      iter #   4 total cpu time :  4241.2 secs   av.it.:  16.5
      thresh= 7.091E-03 alpha_mix =  0.700 |ddv_scf|^2 =  1.009E-02

      iter #   5 total cpu time :  4249.1 secs   av.it.:  14.9
      thresh= 1.000E-02 alpha_mix =  0.700 |ddv_scf|^2 =  1.185E-03

      iter #   6 total cpu time :  4256.7 secs   av.it.:  15.4
      thresh= 3.443E-03 alpha_mix =  0.700 |ddv_scf|^2 =  6.747E-06

      iter #   7 total cpu time :  4265.1 secs   av.it.:  17.6
      thresh= 2.597E-04 alpha_mix =  0.700 |ddv_scf|^2 =  9.057E-08

      iter #   8 total cpu time :  4273.8 secs   av.it.:  18.8
      thresh= 3.009E-05 alpha_mix =  0.700 |ddv_scf|^2 =  6.417E-09

      iter #   9 total cpu time :  4282.8 secs   av.it.:  20.0
      thresh= 8.011E-06 alpha_mix =  0.700 |ddv_scf|^2 =  1.659E-09

      iter #  10 total cpu time :  4291.4 secs   av.it.:  18.1
      thresh= 4.073E-06 alpha_mix =  0.700 |ddv_scf|^2 =  5.551E-10

      iter #  11 total cpu time :  4299.4 secs   av.it.:  16.6
      thresh= 2.356E-06 alpha_mix =  0.700 |ddv_scf|^2 =  5.816E-10

      iter #  12 total cpu time :  4307.6 secs   av.it.:  16.2
      thresh= 2.412E-06 alpha_mix =  0.700 |ddv_scf|^2 =  6.900E-12

      iter #  13 total cpu time :  4316.4 secs   av.it.:  20.4
      thresh= 2.627E-07 alpha_mix =  0.700 |ddv_scf|^2 =  3.820E-12

      iter #  14 total cpu time :  4324.6 secs   av.it.:  18.8
      thresh= 1.955E-07 alpha_mix =  0.700 |ddv_scf|^2 =  7.806E-13

      iter #  15 total cpu time :  4332.5 secs   av.it.:  16.8
      thresh= 8.835E-08 alpha_mix =  0.700 |ddv_scf|^2 =  6.917E-14

      iter #  16 total cpu time :  4341.2 secs   av.it.:  18.4
      thresh= 2.630E-08 alpha_mix =  0.700 |ddv_scf|^2 =  6.061E-15

     End of self-consistent calculation

     Convergence has been achieved 


     Representation #   7 mode #   7

     Self-consistent Calculation

      iter #   1 total cpu time :  4348.2 secs   av.it.:   7.9
      thresh= 1.000E-02 alpha_mix =  0.700 |ddv_scf|^2 =  1.168E-06

      iter #   2 total cpu time :  4357.1 secs   av.it.:  19.5
      thresh= 1.081E-04 alpha_mix =  0.700 |ddv_scf|^2 =  4.063E-05

      iter #   3 total cpu time :  4364.7 secs   av.it.:  13.6
      thresh= 6.374E-04 alpha_mix =  0.700 |ddv_scf|^2 =  3.494E-07

      iter #   4 total cpu time :  4373.4 secs   av.it.:  18.5
      thresh= 5.911E-05 alpha_mix =  0.700 |ddv_scf|^2 =  2.686E-06

      iter #   5 total cpu time :  4381.2 secs   av.it.:  13.5
      thresh= 1.639E-04 alpha_mix =  0.700 |ddv_scf|^2 =  5.182E-08

      iter #   6 total cpu time :  4389.6 secs   av.it.:  17.1
      thresh= 2.276E-05 alpha_mix =  0.700 |ddv_scf|^2 =  2.899E-08

      iter #   7 total cpu time :  4397.8 secs   av.it.:  15.9
      thresh= 1.703E-05 alpha_mix =  0.700 |ddv_scf|^2 =  6.518E-10

      iter #   8 total cpu time :  4406.2 secs   av.it.:  17.1
      thresh= 2.553E-06 alpha_mix =  0.700 |ddv_scf|^2 =  7.141E-11

      iter #   9 total cpu time :  4414.9 secs   av.it.:  18.4
      thresh= 8.451E-07 alpha_mix =  0.700 |ddv_scf|^2 =  2.496E-11

      iter #  10 total cpu time :  4423.5 secs   av.it.:  18.2
      thresh= 4.996E-07 alpha_mix =  0.700 |ddv_scf|^2 =  1.097E-11

      iter #  11 total cpu time :  4431.8 secs   av.it.:  16.0
      thresh= 3.312E-07 alpha_mix =  0.700 |ddv_scf|^2 =  4.486E-13

      iter #  12 total cpu time :  4440.3 secs   av.it.:  17.6
      thresh= 6.698E-08 alpha_mix =  0.700 |ddv_scf|^2 =  2.873E-14

      iter #  13 total cpu time :  4448.7 secs   av.it.:  19.4
      thresh= 1.695E-08 alpha_mix =  0.700 |ddv_scf|^2 =  3.495E-15

     End of self-consistent calculation

     Convergence has been achieved 


     Representation #   8 mode #   8

     Self-consistent Calculation

      iter #   1 total cpu time :  4455.9 secs   av.it.:   8.0
      thresh= 1.000E-02 alpha_mix =  0.700 |ddv_scf|^2 =  7.575E-07

      iter #   2 total cpu time :  4464.8 secs   av.it.:  19.5
      thresh= 8.704E-05 alpha_mix =  0.700 |ddv_scf|^2 =  1.664E-05

      iter #   3 total cpu time :  4472.6 secs   av.it.:  13.6
      thresh= 4.080E-04 alpha_mix =  0.700 |ddv_scf|^2 =  4.407E-07

      iter #   4 total cpu time :  4481.1 secs   av.it.:  17.4
      thresh= 6.638E-05 alpha_mix =  0.700 |ddv_scf|^2 =  8.593E-07

      iter #   5 total cpu time :  4488.8 secs   av.it.:  13.5
      thresh= 9.270E-05 alpha_mix =  0.700 |ddv_scf|^2 =  5.910E-08

      iter #   6 total cpu time :  4497.1 secs   av.it.:  16.5
      thresh= 2.431E-05 alpha_mix =  0.700 |ddv_scf|^2 =  2.784E-08

      iter #   7 total cpu time :  4505.4 secs   av.it.:  15.9
      thresh= 1.669E-05 alpha_mix =  0.700 |ddv_scf|^2 =  5.582E-10

      iter #   8 total cpu time :  4513.3 secs   av.it.:  17.4
      thresh= 2.363E-06 alpha_mix =  0.700 |ddv_scf|^2 =  4.451E-11

      iter #   9 total cpu time :  4522.1 secs   av.it.:  19.2
      thresh= 6.672E-07 alpha_mix =  0.700 |ddv_scf|^2 =  1.941E-11

      iter #  10 total cpu time :  4530.7 secs   av.it.:  18.1
      thresh= 4.406E-07 alpha_mix =  0.700 |ddv_scf|^2 =  5.852E-12

      iter #  11 total cpu time :  4538.9 secs   av.it.:  15.6
      thresh= 2.419E-07 alpha_mix =  0.700 |ddv_scf|^2 =  3.636E-12

      iter #  12 total cpu time :  4546.8 secs   av.it.:  14.5
      thresh= 1.907E-07 alpha_mix =  0.700 |ddv_scf|^2 =  3.026E-14

      iter #  13 total cpu time :  4555.8 secs   av.it.:  20.0
      thresh= 1.740E-08 alpha_mix =  0.700 |ddv_scf|^2 =  3.281E-15

     End of self-consistent calculation

     Convergence has been achieved 


     Representation #   9 mode #   9

     Self-consistent Calculation

      iter #   1 total cpu time :  4563.5 secs   av.it.:   9.8
      thresh= 1.000E-02 alpha_mix =  0.700 |ddv_scf|^2 =  4.471E-04

      iter #   2 total cpu time :  4572.2 secs   av.it.:  18.8
      thresh= 2.115E-03 alpha_mix =  0.700 |ddv_scf|^2 =  2.104E-02

      iter #   3 total cpu time :  4580.0 secs   av.it.:  13.9
      thresh= 1.000E-02 alpha_mix =  0.700 |ddv_scf|^2 =  3.281E-05

      iter #   4 total cpu time :  4588.3 secs   av.it.:  16.1
      thresh= 5.728E-04 alpha_mix =  0.700 |ddv_scf|^2 =  2.167E-05

      iter #   5 total cpu time :  4596.1 secs   av.it.:  14.2
      thresh= 4.655E-04 alpha_mix =  0.700 |ddv_scf|^2 =  4.260E-08

      iter #   6 total cpu time :  4605.0 secs   av.it.:  19.2
      thresh= 2.064E-05 alpha_mix =  0.700 |ddv_scf|^2 =  1.108E-08

      iter #   7 total cpu time :  4613.3 secs   av.it.:  17.0
      thresh= 1.053E-05 alpha_mix =  0.700 |ddv_scf|^2 =  3.182E-09

      iter #   8 total cpu time :  4621.5 secs   av.it.:  16.1
      thresh= 5.641E-06 alpha_mix =  0.700 |ddv_scf|^2 =  1.742E-11

      iter #   9 total cpu time :  4630.5 secs   av.it.:  20.0
      thresh= 4.174E-07 alpha_mix =  0.700 |ddv_scf|^2 =  2.019E-12

      iter #  10 total cpu time :  4639.5 secs   av.it.:  20.4
      thresh= 1.421E-07 alpha_mix =  0.700 |ddv_scf|^2 =  5.023E-13

      iter #  11 total cpu time :  4647.9 secs   av.it.:  17.1
      thresh= 7.087E-08 alpha_mix =  0.700 |ddv_scf|^2 =  2.119E-14

      iter #  12 total cpu time :  4656.8 secs   av.it.:  19.9
      thresh= 1.456E-08 alpha_mix =  0.700 |ddv_scf|^2 =  2.403E-14

      iter #  13 total cpu time :  4665.1 secs   av.it.:  16.2
      thresh= 1.550E-08 alpha_mix =  0.700 |ddv_scf|^2 =  2.415E-14

      iter #  14 total cpu time :  4673.1 secs   av.it.:  15.6
      thresh= 1.554E-08 alpha_mix =  0.700 |ddv_scf|^2 =  8.751E-16

     End of self-consistent calculation

     Convergence has been achieved 


     Representation #  10 mode #  10

     Self-consistent Calculation

      iter #   1 total cpu time :  4680.5 secs   av.it.:   8.8
      thresh= 1.000E-02 alpha_mix =  0.700 |ddv_scf|^2 =  7.642E-07

      iter #   2 total cpu time :  4689.7 secs   av.it.:  20.9
      thresh= 8.742E-05 alpha_mix =  0.700 |ddv_scf|^2 =  5.231E-06

      iter #   3 total cpu time :  4697.7 secs   av.it.:  14.9
      thresh= 2.287E-04 alpha_mix =  0.700 |ddv_scf|^2 =  2.557E-06

      iter #   4 total cpu time :  4705.8 secs   av.it.:  15.6
      thresh= 1.599E-04 alpha_mix =  0.700 |ddv_scf|^2 =  2.866E-07

      iter #   5 total cpu time :  4713.5 secs   av.it.:  14.5
      thresh= 5.354E-05 alpha_mix =  0.700 |ddv_scf|^2 =  3.835E-08

      iter #   6 total cpu time :  4721.8 secs   av.it.:  16.5
      thresh= 1.958E-05 alpha_mix =  0.700 |ddv_scf|^2 =  8.699E-10

      iter #   7 total cpu time :  4730.7 secs   av.it.:  19.6
      thresh= 2.949E-06 alpha_mix =  0.700 |ddv_scf|^2 =  1.079E-09

      iter #   8 total cpu time :  4739.1 secs   av.it.:  17.4
      thresh= 3.285E-06 alpha_mix =  0.700 |ddv_scf|^2 =  7.214E-11

      iter #   9 total cpu time :  4747.5 secs   av.it.:  17.4
      thresh= 8.494E-07 alpha_mix =  0.700 |ddv_scf|^2 =  9.682E-11

      iter #  10 total cpu time :  4755.7 secs   av.it.:  16.1
      thresh= 9.839E-07 alpha_mix =  0.700 |ddv_scf|^2 =  9.156E-13

      iter #  11 total cpu time :  4764.8 secs   av.it.:  20.6
      thresh= 9.569E-08 alpha_mix =  0.700 |ddv_scf|^2 =  3.808E-13

      iter #  12 total cpu time :  4773.5 secs   av.it.:  18.4
      thresh= 6.171E-08 alpha_mix =  0.700 |ddv_scf|^2 =  4.517E-14

      iter #  13 total cpu time :  4781.7 secs   av.it.:  18.6
      thresh= 2.125E-08 alpha_mix =  0.700 |ddv_scf|^2 =  2.972E-15

     End of self-consistent calculation

     Convergence has been achieved 


     Representation #  11 mode #  11

     Self-consistent Calculation

      iter #   1 total cpu time :  4789.0 secs   av.it.:   8.8
      thresh= 1.000E-02 alpha_mix =  0.700 |ddv_scf|^2 =  7.096E-07

      iter #   2 total cpu time :  4798.1 secs   av.it.:  20.8
      thresh= 8.424E-05 alpha_mix =  0.700 |ddv_scf|^2 =  5.049E-06

      iter #   3 total cpu time :  4805.9 secs   av.it.:  15.0
      thresh= 2.247E-04 alpha_mix =  0.700 |ddv_scf|^2 =  2.126E-06

      iter #   4 total cpu time :  4813.5 secs   av.it.:  15.8
      thresh= 1.458E-04 alpha_mix =  0.700 |ddv_scf|^2 =  3.247E-07

      iter #   5 total cpu time :  4821.4 secs   av.it.:  14.2
      thresh= 5.698E-05 alpha_mix =  0.700 |ddv_scf|^2 =  2.988E-08

      iter #   6 total cpu time :  4829.7 secs   av.it.:  16.8
      thresh= 1.729E-05 alpha_mix =  0.700 |ddv_scf|^2 =  5.676E-10

      iter #   7 total cpu time :  4838.8 secs   av.it.:  20.8
      thresh= 2.382E-06 alpha_mix =  0.700 |ddv_scf|^2 =  4.619E-10

      iter #   8 total cpu time :  4847.5 secs   av.it.:  18.8
      thresh= 2.149E-06 alpha_mix =  0.700 |ddv_scf|^2 =  1.057E-10

      iter #   9 total cpu time :  4855.7 secs   av.it.:  16.1
      thresh= 1.028E-06 alpha_mix =  0.700 |ddv_scf|^2 =  2.447E-11

      iter #  10 total cpu time :  4864.1 secs   av.it.:  17.2
      thresh= 4.947E-07 alpha_mix =  0.700 |ddv_scf|^2 =  3.811E-12

      iter #  11 total cpu time :  4872.7 secs   av.it.:  18.1
      thresh= 1.952E-07 alpha_mix =  0.700 |ddv_scf|^2 =  5.729E-13

      iter #  12 total cpu time :  4881.2 secs   av.it.:  17.0
      thresh= 7.569E-08 alpha_mix =  0.700 |ddv_scf|^2 =  3.032E-14

      iter #  13 total cpu time :  4889.9 secs   av.it.:  18.4
      thresh= 1.741E-08 alpha_mix =  0.700 |ddv_scf|^2 =  5.171E-15

     End of self-consistent calculation

     Convergence has been achieved 


     Representation #  12 mode #  12

     Self-consistent Calculation

      iter #   1 total cpu time :  4897.6 secs   av.it.:  10.4
      thresh= 1.000E-02 alpha_mix =  0.700 |ddv_scf|^2 =  5.396E-04

      iter #   2 total cpu time :  4906.6 secs   av.it.:  19.5
      thresh= 2.323E-03 alpha_mix =  0.700 |ddv_scf|^2 =  3.433E-02

      iter #   3 total cpu time :  4914.6 secs   av.it.:  14.8
      thresh= 1.000E-02 alpha_mix =  0.700 |ddv_scf|^2 =  4.425E-06

      iter #   4 total cpu time :  4923.5 secs   av.it.:  19.6
      thresh= 2.103E-04 alpha_mix =  0.700 |ddv_scf|^2 =  7.643E-06

      iter #   5 total cpu time :  4930.9 secs   av.it.:  14.2
      thresh= 2.765E-04 alpha_mix =  0.700 |ddv_scf|^2 =  2.350E-06

      iter #   6 total cpu time :  4939.0 secs   av.it.:  15.1
      thresh= 1.533E-04 alpha_mix =  0.700 |ddv_scf|^2 =  3.120E-09

      iter #   7 total cpu time :  4947.9 secs   av.it.:  19.2
      thresh= 5.586E-06 alpha_mix =  0.700 |ddv_scf|^2 =  8.057E-11

      iter #   8 total cpu time :  4956.8 secs   av.it.:  19.1
      thresh= 8.976E-07 alpha_mix =  0.700 |ddv_scf|^2 =  4.714E-12

      iter #   9 total cpu time :  4966.0 secs   av.it.:  21.9
      thresh= 2.171E-07 alpha_mix =  0.700 |ddv_scf|^2 =  3.543E-12

      iter #  10 total cpu time :  4974.8 secs   av.it.:  19.0
      thresh= 1.882E-07 alpha_mix =  0.700 |ddv_scf|^2 =  1.321E-14

      iter #  11 total cpu time :  4984.2 secs   av.it.:  21.9
      thresh= 1.149E-08 alpha_mix =  0.700 |ddv_scf|^2 =  5.842E-14

      iter #  12 total cpu time :  4992.2 secs   av.it.:  14.5
      thresh= 2.417E-08 alpha_mix =  0.700 |ddv_scf|^2 =  2.083E-14

      iter #  13 total cpu time :  5000.6 secs   av.it.:  17.6
      thresh= 1.443E-08 alpha_mix =  0.700 |ddv_scf|^2 =  3.914E-15

     End of self-consistent calculation

     Convergence has been achieved 


     Representation #  13 mode #  13

     Self-consistent Calculation

      iter #   1 total cpu time :  5007.7 secs   av.it.:   7.1
      thresh= 1.000E-02 alpha_mix =  0.700 |ddv_scf|^2 =  1.561E-07

      iter #   2 total cpu time :  5016.9 secs   av.it.:  21.2
      thresh= 3.951E-05 alpha_mix =  0.700 |ddv_scf|^2 =  3.154E-06

      iter #   3 total cpu time :  5024.6 secs   av.it.:  14.1
      thresh= 1.776E-04 alpha_mix =  0.700 |ddv_scf|^2 =  1.857E-07

      iter #   4 total cpu time :  5033.0 secs   av.it.:  17.0
      thresh= 4.309E-05 alpha_mix =  0.700 |ddv_scf|^2 =  9.730E-08

      iter #   5 total cpu time :  5040.6 secs   av.it.:  14.5
      thresh= 3.119E-05 alpha_mix =  0.700 |ddv_scf|^2 =  2.306E-08

      iter #   6 total cpu time :  5048.8 secs   av.it.:  15.9
      thresh= 1.519E-05 alpha_mix =  0.700 |ddv_scf|^2 =  1.985E-09

      iter #   7 total cpu time :  5057.1 secs   av.it.:  16.6
      thresh= 4.455E-06 alpha_mix =  0.700 |ddv_scf|^2 =  5.246E-12

      iter #   8 total cpu time :  5066.3 secs   av.it.:  21.2
      thresh= 2.290E-07 alpha_mix =  0.700 |ddv_scf|^2 =  2.093E-12

      iter #   9 total cpu time :  5075.3 secs   av.it.:  20.0
      thresh= 1.447E-07 alpha_mix =  0.700 |ddv_scf|^2 =  2.739E-13

      iter #  10 total cpu time :  5084.3 secs   av.it.:  20.1
      thresh= 5.233E-08 alpha_mix =  0.700 |ddv_scf|^2 =  1.374E-13

      iter #  11 total cpu time :  5092.9 secs   av.it.:  18.1
      thresh= 3.707E-08 alpha_mix =  0.700 |ddv_scf|^2 =  5.829E-13

      iter #  12 total cpu time :  5101.0 secs   av.it.:  15.4
      thresh= 7.635E-08 alpha_mix =  0.700 |ddv_scf|^2 =  1.087E-14

      iter #  13 total cpu time :  5109.5 secs   av.it.:  18.1
      thresh= 1.043E-08 alpha_mix =  0.700 |ddv_scf|^2 =  6.119E-15

     End of self-consistent calculation

     Convergence has been achieved 


     Representation #  14 mode #  14

     Self-consistent Calculation

      iter #   1 total cpu time :  5116.5 secs   av.it.:   7.0
      thresh= 1.000E-02 alpha_mix =  0.700 |ddv_scf|^2 =  2.741E-07

      iter #   2 total cpu time :  5125.7 secs   av.it.:  20.4
      thresh= 5.235E-05 alpha_mix =  0.700 |ddv_scf|^2 =  1.292E-05

      iter #   3 total cpu time :  5132.9 secs   av.it.:  13.2
      thresh= 3.595E-04 alpha_mix =  0.700 |ddv_scf|^2 =  2.839E-08

      iter #   4 total cpu time :  5142.1 secs   av.it.:  20.8
      thresh= 1.685E-05 alpha_mix =  0.700 |ddv_scf|^2 =  2.138E-07

      iter #   5 total cpu time :  5149.5 secs   av.it.:  13.6
      thresh= 4.623E-05 alpha_mix =  0.700 |ddv_scf|^2 =  2.158E-08

      iter #   6 total cpu time :  5157.8 secs   av.it.:  16.5
      thresh= 1.469E-05 alpha_mix =  0.700 |ddv_scf|^2 =  1.242E-09

      iter #   7 total cpu time :  5165.9 secs   av.it.:  16.5
      thresh= 3.524E-06 alpha_mix =  0.700 |ddv_scf|^2 =  1.408E-11

      iter #   8 total cpu time :  5174.6 secs   av.it.:  19.9
      thresh= 3.753E-07 alpha_mix =  0.700 |ddv_scf|^2 =  2.632E-12

      iter #   9 total cpu time :  5183.4 secs   av.it.:  19.6
      thresh= 1.622E-07 alpha_mix =  0.700 |ddv_scf|^2 =  2.800E-13

      iter #  10 total cpu time :  5192.2 secs   av.it.:  19.2
      thresh= 5.291E-08 alpha_mix =  0.700 |ddv_scf|^2 =  2.545E-14

      iter #  11 total cpu time :  5201.6 secs   av.it.:  21.2
      thresh= 1.595E-08 alpha_mix =  0.700 |ddv_scf|^2 =  3.813E-13

      iter #  12 total cpu time :  5209.6 secs   av.it.:  15.4
      thresh= 6.175E-08 alpha_mix =  0.700 |ddv_scf|^2 =  4.290E-15

     End of self-consistent calculation

     Convergence has been achieved 


     Representation #  15 mode #  15

     Self-consistent Calculation

      iter #   1 total cpu time :  5216.9 secs   av.it.:   7.9
      thresh= 1.000E-02 alpha_mix =  0.700 |ddv_scf|^2 =  5.786E-05

      iter #   2 total cpu time :  5225.9 secs   av.it.:  19.5
      thresh= 7.607E-04 alpha_mix =  0.700 |ddv_scf|^2 =  3.112E-03

      iter #   3 total cpu time :  5233.7 secs   av.it.:  13.6
      thresh= 5.579E-03 alpha_mix =  0.700 |ddv_scf|^2 =  1.852E-05

      iter #   4 total cpu time :  5241.8 secs   av.it.:  14.8
      thresh= 4.303E-04 alpha_mix =  0.700 |ddv_scf|^2 =  8.194E-07

      iter #   5 total cpu time :  5249.6 secs   av.it.:  14.8
      thresh= 9.052E-05 alpha_mix =  0.700 |ddv_scf|^2 =  5.595E-10

      iter #   6 total cpu time :  5259.1 secs   av.it.:  22.1
      thresh= 2.365E-06 alpha_mix =  0.700 |ddv_scf|^2 =  3.645E-11

      iter #   7 total cpu time :  5268.1 secs   av.it.:  20.4
      thresh= 6.037E-07 alpha_mix =  0.700 |ddv_scf|^2 =  5.676E-11

      iter #   8 total cpu time :  5276.5 secs   av.it.:  16.9
      thresh= 7.534E-07 alpha_mix =  0.700 |ddv_scf|^2 =  9.544E-12

      iter #   9 total cpu time :  5284.2 secs   av.it.:  16.2
      thresh= 3.089E-07 alpha_mix =  0.700 |ddv_scf|^2 =  1.159E-12

      iter #  10 total cpu time :  5292.9 secs   av.it.:  18.4
      thresh= 1.076E-07 alpha_mix =  0.700 |ddv_scf|^2 =  1.971E-13

      iter #  11 total cpu time :  5301.3 secs   av.it.:  17.6
      thresh= 4.439E-08 alpha_mix =  0.700 |ddv_scf|^2 =  1.844E-13

      iter #  12 total cpu time :  5309.7 secs   av.it.:  16.9
      thresh= 4.294E-08 alpha_mix =  0.700 |ddv_scf|^2 =  1.485E-14

      iter #  13 total cpu time :  5318.3 secs   av.it.:  18.2
      thresh= 1.218E-08 alpha_mix =  0.700 |ddv_scf|^2 =  2.425E-16

     End of self-consistent calculation

     Convergence has been achieved 


     Representation #  16 mode #  16

     Self-consistent Calculation

      iter #   1 total cpu time :  5325.3 secs   av.it.:   7.0
      thresh= 1.000E-02 alpha_mix =  0.700 |ddv_scf|^2 =  2.827E-07

      iter #   2 total cpu time :  5334.5 secs   av.it.:  20.6
      thresh= 5.317E-05 alpha_mix =  0.700 |ddv_scf|^2 =  9.278E-06

      iter #   3 total cpu time :  5342.3 secs   av.it.:  13.6
      thresh= 3.046E-04 alpha_mix =  0.700 |ddv_scf|^2 =  1.209E-07

      iter #   4 total cpu time :  5351.0 secs   av.it.:  18.6
      thresh= 3.476E-05 alpha_mix =  0.700 |ddv_scf|^2 =  3.492E-07

      iter #   5 total cpu time :  5358.7 secs   av.it.:  13.5
      thresh= 5.909E-05 alpha_mix =  0.700 |ddv_scf|^2 =  2.035E-08

      iter #   6 total cpu time :  5367.2 secs   av.it.:  17.1
      thresh= 1.427E-05 alpha_mix =  0.700 |ddv_scf|^2 =  3.514E-09

      iter #   7 total cpu time :  5375.3 secs   av.it.:  16.2
      thresh= 5.928E-06 alpha_mix =  0.700 |ddv_scf|^2 =  6.926E-11

      iter #   8 total cpu time :  5384.2 secs   av.it.:  19.1
      thresh= 8.322E-07 alpha_mix =  0.700 |ddv_scf|^2 =  5.124E-12

      iter #   9 total cpu time :  5393.1 secs   av.it.:  19.6
      thresh= 2.264E-07 alpha_mix =  0.700 |ddv_scf|^2 =  8.366E-13

      iter #  10 total cpu time :  5401.8 secs   av.it.:  18.2
      thresh= 9.147E-08 alpha_mix =  0.700 |ddv_scf|^2 =  9.810E-13

      iter #  11 total cpu time :  5410.2 secs   av.it.:  17.1
      thresh= 9.905E-08 alpha_mix =  0.700 |ddv_scf|^2 =  3.147E-13

      iter #  12 total cpu time :  5418.3 secs   av.it.:  16.8
      thresh= 5.609E-08 alpha_mix =  0.700 |ddv_scf|^2 =  1.645E-13

      iter #  13 total cpu time :  5426.5 secs   av.it.:  16.1
      thresh= 4.056E-08 alpha_mix =  0.700 |ddv_scf|^2 =  5.649E-15

     End of self-consistent calculation

     Convergence has been achieved 


     Representation #  17 mode #  17

     Self-consistent Calculation

      iter #   1 total cpu time :  5433.6 secs   av.it.:   7.5
      thresh= 1.000E-02 alpha_mix =  0.700 |ddv_scf|^2 =  1.602E-07

      iter #   2 total cpu time :  5442.8 secs   av.it.:  21.1
      thresh= 4.003E-05 alpha_mix =  0.700 |ddv_scf|^2 =  2.997E-06

      iter #   3 total cpu time :  5450.7 secs   av.it.:  14.1
      thresh= 1.731E-04 alpha_mix =  0.700 |ddv_scf|^2 =  2.107E-07

      iter #   4 total cpu time :  5458.5 secs   av.it.:  16.8
      thresh= 4.590E-05 alpha_mix =  0.700 |ddv_scf|^2 =  8.914E-08

      iter #   5 total cpu time :  5466.4 secs   av.it.:  14.1
      thresh= 2.986E-05 alpha_mix =  0.700 |ddv_scf|^2 =  9.862E-09

      iter #   6 total cpu time :  5474.8 secs   av.it.:  16.9
      thresh= 9.931E-06 alpha_mix =  0.700 |ddv_scf|^2 =  2.827E-09

      iter #   7 total cpu time :  5483.0 secs   av.it.:  16.1
      thresh= 5.317E-06 alpha_mix =  0.700 |ddv_scf|^2 =  8.181E-12

      iter #   8 total cpu time :  5492.0 secs   av.it.:  19.6
      thresh= 2.860E-07 alpha_mix =  0.700 |ddv_scf|^2 =  1.851E-12

      iter #   9 total cpu time :  5500.8 secs   av.it.:  18.9
      thresh= 1.360E-07 alpha_mix =  0.700 |ddv_scf|^2 =  2.350E-13

      iter #  10 total cpu time :  5509.8 secs   av.it.:  20.4
      thresh= 4.848E-08 alpha_mix =  0.700 |ddv_scf|^2 =  5.048E-13

      iter #  11 total cpu time :  5518.1 secs   av.it.:  16.2
      thresh= 7.105E-08 alpha_mix =  0.700 |ddv_scf|^2 =  1.932E-14

      iter #  12 total cpu time :  5526.7 secs   av.it.:  17.8
      thresh= 1.390E-08 alpha_mix =  0.700 |ddv_scf|^2 =  5.854E-15

     End of self-consistent calculation

     Convergence has been achieved 


     Representation #  18 mode #  18

     Self-consistent Calculation

      iter #   1 total cpu time :  5534.0 secs   av.it.:   8.4
      thresh= 1.000E-02 alpha_mix =  0.700 |ddv_scf|^2 =  6.984E-05

      iter #   2 total cpu time :  5542.9 secs   av.it.:  19.5
      thresh= 8.357E-04 alpha_mix =  0.700 |ddv_scf|^2 =  4.385E-03

      iter #   3 total cpu time :  5550.6 secs   av.it.:  13.5
      thresh= 6.622E-03 alpha_mix =  0.700 |ddv_scf|^2 =  7.733E-06

      iter #   4 total cpu time :  5558.9 secs   av.it.:  16.0
      thresh= 2.781E-04 alpha_mix =  0.700 |ddv_scf|^2 =  2.647E-06

      iter #   5 total cpu time :  5566.7 secs   av.it.:  14.1
      thresh= 1.627E-04 alpha_mix =  0.700 |ddv_scf|^2 =  5.184E-09

      iter #   6 total cpu time :  5575.7 secs   av.it.:  19.8
      thresh= 7.200E-06 alpha_mix =  0.700 |ddv_scf|^2 =  7.194E-10

      iter #   7 total cpu time :  5584.2 secs   av.it.:  17.5
      thresh= 2.682E-06 alpha_mix =  0.700 |ddv_scf|^2 =  1.668E-10

      iter #   8 total cpu time :  5592.2 secs   av.it.:  15.4
      thresh= 1.291E-06 alpha_mix =  0.700 |ddv_scf|^2 =  2.721E-12

      iter #   9 total cpu time :  5600.7 secs   av.it.:  19.2
      thresh= 1.649E-07 alpha_mix =  0.700 |ddv_scf|^2 =  7.552E-13

      iter #  10 total cpu time :  5609.4 secs   av.it.:  18.5
      thresh= 8.690E-08 alpha_mix =  0.700 |ddv_scf|^2 =  1.305E-13

      iter #  11 total cpu time :  5617.8 secs   av.it.:  17.2
      thresh= 3.613E-08 alpha_mix =  0.700 |ddv_scf|^2 =  1.682E-14

      iter #  12 total cpu time :  5626.2 secs   av.it.:  16.6
      thresh= 1.297E-08 alpha_mix =  0.700 |ddv_scf|^2 =  1.208E-14

      iter #  13 total cpu time :  5634.3 secs   av.it.:  16.5
      thresh= 1.099E-08 alpha_mix =  0.700 |ddv_scf|^2 =  7.916E-17

     End of self-consistent calculation

     Convergence has been achieved 


     Representation #  19 mode #  19

     Self-consistent Calculation

      iter #   1 total cpu time :  5641.5 secs   av.it.:   7.8
      thresh= 1.000E-02 alpha_mix =  0.700 |ddv_scf|^2 =  2.516E-07

      iter #   2 total cpu time :  5650.8 secs   av.it.:  21.4
      thresh= 5.016E-05 alpha_mix =  0.700 |ddv_scf|^2 =  9.120E-06

      iter #   3 total cpu time :  5658.5 secs   av.it.:  13.5
      thresh= 3.020E-04 alpha_mix =  0.700 |ddv_scf|^2 =  4.391E-08

      iter #   4 total cpu time :  5667.2 secs   av.it.:  20.0
      thresh= 2.095E-05 alpha_mix =  0.700 |ddv_scf|^2 =  8.599E-08

      iter #   5 total cpu time :  5675.1 secs   av.it.:  14.1
      thresh= 2.932E-05 alpha_mix =  0.700 |ddv_scf|^2 =  2.147E-08

      iter #   6 total cpu time :  5683.3 secs   av.it.:  16.0
      thresh= 1.465E-05 alpha_mix =  0.700 |ddv_scf|^2 =  2.071E-09

      iter #   7 total cpu time :  5691.6 secs   av.it.:  16.8
      thresh= 4.551E-06 alpha_mix =  0.700 |ddv_scf|^2 =  3.798E-12

      iter #   8 total cpu time :  5700.8 secs   av.it.:  20.8
      thresh= 1.949E-07 alpha_mix =  0.700 |ddv_scf|^2 =  1.719E-12

      iter #   9 total cpu time :  5709.6 secs   av.it.:  18.9
      thresh= 1.311E-07 alpha_mix =  0.700 |ddv_scf|^2 =  4.796E-13

      iter #  10 total cpu time :  5718.2 secs   av.it.:  18.0
      thresh= 6.926E-08 alpha_mix =  0.700 |ddv_scf|^2 =  1.462E-13

      iter #  11 total cpu time :  5726.5 secs   av.it.:  16.2
      thresh= 3.823E-08 alpha_mix =  0.700 |ddv_scf|^2 =  6.521E-14

      iter #  12 total cpu time :  5734.7 secs   av.it.:  15.9
      thresh= 2.554E-08 alpha_mix =  0.700 |ddv_scf|^2 =  1.834E-15

     End of self-consistent calculation

     Convergence has been achieved 


     Representation #  20 mode #  20

     Self-consistent Calculation

      iter #   1 total cpu time :  5741.7 secs   av.it.:   7.1
      thresh= 1.000E-02 alpha_mix =  0.700 |ddv_scf|^2 =  3.483E-07

      iter #   2 total cpu time :  5750.8 secs   av.it.:  20.1
      thresh= 5.902E-05 alpha_mix =  0.700 |ddv_scf|^2 =  1.428E-05

      iter #   3 total cpu time :  5758.5 secs   av.it.:  13.5
      thresh= 3.779E-04 alpha_mix =  0.700 |ddv_scf|^2 =  9.126E-08

      iter #   4 total cpu time :  5767.3 secs   av.it.:  19.1
      thresh= 3.021E-05 alpha_mix =  0.700 |ddv_scf|^2 =  4.137E-07

      iter #   5 total cpu time :  5775.3 secs   av.it.:  14.2
      thresh= 6.432E-05 alpha_mix =  0.700 |ddv_scf|^2 =  3.267E-08

      iter #   6 total cpu time :  5783.6 secs   av.it.:  16.6
      thresh= 1.808E-05 alpha_mix =  0.700 |ddv_scf|^2 =  2.541E-09

      iter #   7 total cpu time :  5791.9 secs   av.it.:  16.4
      thresh= 5.041E-06 alpha_mix =  0.700 |ddv_scf|^2 =  5.800E-11

      iter #   8 total cpu time :  5800.7 secs   av.it.:  19.0
      thresh= 7.616E-07 alpha_mix =  0.700 |ddv_scf|^2 =  5.882E-12

      iter #   9 total cpu time :  5809.4 secs   av.it.:  18.8
      thresh= 2.425E-07 alpha_mix =  0.700 |ddv_scf|^2 =  2.167E-12

      iter #  10 total cpu time :  5817.8 secs   av.it.:  16.9
      thresh= 1.472E-07 alpha_mix =  0.700 |ddv_scf|^2 =  2.309E-13

      iter #  11 total cpu time :  5826.4 secs   av.it.:  18.5
      thresh= 4.805E-08 alpha_mix =  0.700 |ddv_scf|^2 =  2.148E-14

      iter #  12 total cpu time :  5835.4 secs   av.it.:  19.8
      thresh= 1.466E-08 alpha_mix =  0.700 |ddv_scf|^2 =  6.744E-15

     End of self-consistent calculation

     Convergence has been achieved 


     Representation #  21 mode #  21

     Self-consistent Calculation

      iter #   1 total cpu time :  5842.7 secs   av.it.:   8.4
      thresh= 1.000E-02 alpha_mix =  0.700 |ddv_scf|^2 =  6.675E-05

      iter #   2 total cpu time :  5851.7 secs   av.it.:  19.8
      thresh= 8.170E-04 alpha_mix =  0.700 |ddv_scf|^2 =  3.996E-03

      iter #   3 total cpu time :  5859.4 secs   av.it.:  13.5
      thresh= 6.321E-03 alpha_mix =  0.700 |ddv_scf|^2 =  1.502E-05

      iter #   4 total cpu time :  5867.5 secs   av.it.:  15.4
      thresh= 3.875E-04 alpha_mix =  0.700 |ddv_scf|^2 =  1.284E-06

      iter #   5 total cpu time :  5875.5 secs   av.it.:  15.4
      thresh= 1.133E-04 alpha_mix =  0.700 |ddv_scf|^2 =  5.216E-09

      iter #   6 total cpu time :  5884.5 secs   av.it.:  20.1
      thresh= 7.222E-06 alpha_mix =  0.700 |ddv_scf|^2 =  1.732E-09

      iter #   7 total cpu time :  5893.0 secs   av.it.:  17.0
      thresh= 4.161E-06 alpha_mix =  0.700 |ddv_scf|^2 =  1.184E-10

      iter #   8 total cpu time :  5901.4 secs   av.it.:  17.0
      thresh= 1.088E-06 alpha_mix =  0.700 |ddv_scf|^2 =  7.003E-12

      iter #   9 total cpu time :  5909.5 secs   av.it.:  18.9
      thresh= 2.646E-07 alpha_mix =  0.700 |ddv_scf|^2 =  5.615E-13

      iter #  10 total cpu time :  5918.3 secs   av.it.:  18.8
      thresh= 7.493E-08 alpha_mix =  0.700 |ddv_scf|^2 =  5.348E-13

      iter #  11 total cpu time :  5926.6 secs   av.it.:  16.5
      thresh= 7.313E-08 alpha_mix =  0.700 |ddv_scf|^2 =  1.030E-14

      iter #  12 total cpu time :  5935.6 secs   av.it.:  20.0
      thresh= 1.015E-08 alpha_mix =  0.700 |ddv_scf|^2 =  1.045E-14

      iter #  13 total cpu time :  5944.0 secs   av.it.:  17.4
      thresh= 1.022E-08 alpha_mix =  0.700 |ddv_scf|^2 =  4.154E-15

     End of self-consistent calculation

     Convergence has been achieved 


     Representation #  22 mode #  22

     Self-consistent Calculation

      iter #   1 total cpu time :  5951.0 secs   av.it.:   6.8
      thresh= 1.000E-02 alpha_mix =  0.700 |ddv_scf|^2 =  1.564E-07

      iter #   2 total cpu time :  5960.0 secs   av.it.:  20.2
      thresh= 3.955E-05 alpha_mix =  0.700 |ddv_scf|^2 =  1.695E-06

      iter #   3 total cpu time :  5968.0 secs   av.it.:  14.6
      thresh= 1.302E-04 alpha_mix =  0.700 |ddv_scf|^2 =  3.879E-07

      iter #   4 total cpu time :  5976.1 secs   av.it.:  15.5
      thresh= 6.228E-05 alpha_mix =  0.700 |ddv_scf|^2 =  2.415E-07

      iter #   5 total cpu time :  5983.9 secs   av.it.:  13.8
      thresh= 4.915E-05 alpha_mix =  0.700 |ddv_scf|^2 =  6.239E-10

      iter #   6 total cpu time :  5992.9 secs   av.it.:  19.8
      thresh= 2.498E-06 alpha_mix =  0.700 |ddv_scf|^2 =  1.643E-10

      iter #   7 total cpu time :  6001.6 secs   av.it.:  18.6
      thresh= 1.282E-06 alpha_mix =  0.700 |ddv_scf|^2 =  3.615E-11

      iter #   8 total cpu time :  6010.0 secs   av.it.:  17.5
      thresh= 6.013E-07 alpha_mix =  0.700 |ddv_scf|^2 =  6.545E-12

      iter #   9 total cpu time :  6018.6 secs   av.it.:  17.8
      thresh= 2.558E-07 alpha_mix =  0.700 |ddv_scf|^2 =  9.618E-13

      iter #  10 total cpu time :  6027.1 secs   av.it.:  17.2
      thresh= 9.807E-08 alpha_mix =  0.700 |ddv_scf|^2 =  4.205E-14

      iter #  11 total cpu time :  6035.7 secs   av.it.:  18.5
      thresh= 2.051E-08 alpha_mix =  0.700 |ddv_scf|^2 =  3.782E-15

     End of self-consistent calculation

     Convergence has been achieved 


     Representation #  23 mode #  23

     Self-consistent Calculation

      iter #   1 total cpu time :  6042.5 secs   av.it.:   7.0
      thresh= 1.000E-02 alpha_mix =  0.700 |ddv_scf|^2 =  2.269E-07

      iter #   2 total cpu time :  6051.2 secs   av.it.:  20.4
      thresh= 4.764E-05 alpha_mix =  0.700 |ddv_scf|^2 =  4.564E-06

      iter #   3 total cpu time :  6059.0 secs   av.it.:  14.0
      thresh= 2.136E-04 alpha_mix =  0.700 |ddv_scf|^2 =  2.596E-07

      iter #   4 total cpu time :  6067.6 secs   av.it.:  17.6
      thresh= 5.095E-05 alpha_mix =  0.700 |ddv_scf|^2 =  3.081E-07

      iter #   5 total cpu time :  6075.4 secs   av.it.:  14.4
      thresh= 5.551E-05 alpha_mix =  0.700 |ddv_scf|^2 =  1.218E-07

      iter #   6 total cpu time :  6083.5 secs   av.it.:  15.0
      thresh= 3.489E-05 alpha_mix =  0.700 |ddv_scf|^2 =  2.646E-10

      iter #   7 total cpu time :  6092.1 secs   av.it.:  18.2
      thresh= 1.627E-06 alpha_mix =  0.700 |ddv_scf|^2 =  2.928E-12

      iter #   8 total cpu time :  6101.4 secs   av.it.:  21.2
      thresh= 1.711E-07 alpha_mix =  0.700 |ddv_scf|^2 =  1.062E-12

      iter #   9 total cpu time :  6110.6 secs   av.it.:  20.6
      thresh= 1.031E-07 alpha_mix =  0.700 |ddv_scf|^2 =  4.311E-13

      iter #  10 total cpu time :  6119.3 secs   av.it.:  18.6
      thresh= 6.566E-08 alpha_mix =  0.700 |ddv_scf|^2 =  2.668E-13

      iter #  11 total cpu time :  6127.8 secs   av.it.:  17.5
      thresh= 5.165E-08 alpha_mix =  0.700 |ddv_scf|^2 =  7.054E-13

      iter #  12 total cpu time :  6135.3 secs   av.it.:  15.2
      thresh= 8.399E-08 alpha_mix =  0.700 |ddv_scf|^2 =  5.203E-15

     End of self-consistent calculation

     Convergence has been achieved 


     Representation #  24 mode #  24

     Self-consistent Calculation

      iter #   1 total cpu time :  6142.6 secs   av.it.:   8.0
      thresh= 1.000E-02 alpha_mix =  0.700 |ddv_scf|^2 =  5.062E-05

      iter #   2 total cpu time :  6151.5 secs   av.it.:  19.2
      thresh= 7.115E-04 alpha_mix =  0.700 |ddv_scf|^2 =  2.385E-03

      iter #   3 total cpu time :  6159.2 secs   av.it.:  13.6
      thresh= 4.884E-03 alpha_mix =  0.700 |ddv_scf|^2 =  4.845E-06

      iter #   4 total cpu time :  6167.6 secs   av.it.:  16.1
      thresh= 2.201E-04 alpha_mix =  0.700 |ddv_scf|^2 =  2.465E-06

      iter #   5 total cpu time :  6175.9 secs   av.it.:  14.1
      thresh= 1.570E-04 alpha_mix =  0.700 |ddv_scf|^2 =  5.659E-09

      iter #   6 total cpu time :  6185.0 secs   av.it.:  19.4
      thresh= 7.523E-06 alpha_mix =  0.700 |ddv_scf|^2 =  1.415E-09

      iter #   7 total cpu time :  6193.6 secs   av.it.:  17.0
      thresh= 3.762E-06 alpha_mix =  0.700 |ddv_scf|^2 =  1.842E-10

      iter #   8 total cpu time :  6201.4 secs   av.it.:  16.4
      thresh= 1.357E-06 alpha_mix =  0.700 |ddv_scf|^2 =  7.073E-12

      iter #   9 total cpu time :  6210.1 secs   av.it.:  18.8
      thresh= 2.660E-07 alpha_mix =  0.700 |ddv_scf|^2 =  7.843E-12

      iter #  10 total cpu time :  6218.4 secs   av.it.:  16.2
      thresh= 2.800E-07 alpha_mix =  0.700 |ddv_scf|^2 =  1.975E-13

      iter #  11 total cpu time :  6227.5 secs   av.it.:  20.4
      thresh= 4.444E-08 alpha_mix =  0.700 |ddv_scf|^2 =  1.292E-13

      iter #  12 total cpu time :  6236.1 secs   av.it.:  17.8
      thresh= 3.594E-08 alpha_mix =  0.700 |ddv_scf|^2 =  7.476E-14

      iter #  13 total cpu time :  6244.4 secs   av.it.:  16.9
      thresh= 2.734E-08 alpha_mix =  0.700 |ddv_scf|^2 =  3.476E-15

     End of self-consistent calculation

     Convergence has been achieved 


     Representation #  25 mode #  25

     Self-consistent Calculation

      iter #   1 total cpu time :  6251.4 secs   av.it.:   7.0
      thresh= 1.000E-02 alpha_mix =  0.700 |ddv_scf|^2 =  2.860E-07

      iter #   2 total cpu time :  6260.5 secs   av.it.:  20.4
      thresh= 5.348E-05 alpha_mix =  0.700 |ddv_scf|^2 =  1.167E-05

      iter #   3 total cpu time :  6268.2 secs   av.it.:  13.2
      thresh= 3.416E-04 alpha_mix =  0.700 |ddv_scf|^2 =  6.136E-08

      iter #   4 total cpu time :  6277.2 secs   av.it.:  20.0
      thresh= 2.477E-05 alpha_mix =  0.700 |ddv_scf|^2 =  1.428E-07

      iter #   5 total cpu time :  6285.2 secs   av.it.:  14.6
      thresh= 3.779E-05 alpha_mix =  0.700 |ddv_scf|^2 =  8.912E-08

      iter #   6 total cpu time :  6293.2 secs   av.it.:  14.9
      thresh= 2.985E-05 alpha_mix =  0.700 |ddv_scf|^2 =  6.311E-10

      iter #   7 total cpu time :  6301.7 secs   av.it.:  17.9
      thresh= 2.512E-06 alpha_mix =  0.700 |ddv_scf|^2 =  7.656E-12

      iter #   8 total cpu time :  6311.0 secs   av.it.:  21.4
      thresh= 2.767E-07 alpha_mix =  0.700 |ddv_scf|^2 =  1.908E-12

      iter #   9 total cpu time :  6320.1 secs   av.it.:  20.4
      thresh= 1.381E-07 alpha_mix =  0.700 |ddv_scf|^2 =  6.304E-13

      iter #  10 total cpu time :  6328.8 secs   av.it.:  18.5
      thresh= 7.940E-08 alpha_mix =  0.700 |ddv_scf|^2 =  2.027E-12

      iter #  11 total cpu time :  6336.7 secs   av.it.:  15.0
      thresh= 1.424E-07 alpha_mix =  0.700 |ddv_scf|^2 =  2.893E-13

      iter #  12 total cpu time :  6345.0 secs   av.it.:  15.8
      thresh= 5.378E-08 alpha_mix =  0.700 |ddv_scf|^2 =  3.061E-13

      iter #  13 total cpu time :  6353.1 secs   av.it.:  15.8
      thresh= 5.532E-08 alpha_mix =  0.700 |ddv_scf|^2 =  1.479E-14

      iter #  14 total cpu time :  6361.8 secs   av.it.:  18.5
      thresh= 1.216E-08 alpha_mix =  0.700 |ddv_scf|^2 =  3.931E-16

     End of self-consistent calculation

     Convergence has been achieved 


     Representation #  26 mode #  26

     Self-consistent Calculation

      iter #   1 total cpu time :  6368.7 secs   av.it.:   7.0
      thresh= 1.000E-02 alpha_mix =  0.700 |ddv_scf|^2 =  1.253E-07

      iter #   2 total cpu time :  6377.7 secs   av.it.:  19.9
      thresh= 3.540E-05 alpha_mix =  0.700 |ddv_scf|^2 =  6.876E-07

      iter #   3 total cpu time :  6385.8 secs   av.it.:  15.5
      thresh= 8.292E-05 alpha_mix =  0.700 |ddv_scf|^2 =  7.733E-07

      iter #   4 total cpu time :  6393.8 secs   av.it.:  15.0
      thresh= 8.794E-05 alpha_mix =  0.700 |ddv_scf|^2 =  1.535E-08

      iter #   5 total cpu time :  6401.9 secs   av.it.:  15.4
      thresh= 1.239E-05 alpha_mix =  0.700 |ddv_scf|^2 =  1.002E-08

      iter #   6 total cpu time :  6410.1 secs   av.it.:  16.0
      thresh= 1.001E-05 alpha_mix =  0.700 |ddv_scf|^2 =  1.561E-09

      iter #   7 total cpu time :  6418.4 secs   av.it.:  16.6
      thresh= 3.951E-06 alpha_mix =  0.700 |ddv_scf|^2 =  3.803E-11

      iter #   8 total cpu time :  6427.0 secs   av.it.:  17.9
      thresh= 6.167E-07 alpha_mix =  0.700 |ddv_scf|^2 =  2.185E-12

      iter #   9 total cpu time :  6435.5 secs   av.it.:  19.6
      thresh= 1.478E-07 alpha_mix =  0.700 |ddv_scf|^2 =  2.703E-13

      iter #  10 total cpu time :  6444.4 secs   av.it.:  19.9
      thresh= 5.199E-08 alpha_mix =  0.700 |ddv_scf|^2 =  9.114E-14

      iter #  11 total cpu time :  6453.1 secs   av.it.:  18.2
      thresh= 3.019E-08 alpha_mix =  0.700 |ddv_scf|^2 =  7.986E-15

     End of self-consistent calculation

     Convergence has been achieved 


     Representation #  27 mode #  27

     Self-consistent Calculation

      iter #   1 total cpu time :  6460.3 secs   av.it.:   8.4
      thresh= 1.000E-02 alpha_mix =  0.700 |ddv_scf|^2 =  5.795E-05

      iter #   2 total cpu time :  6469.3 secs   av.it.:  19.4
      thresh= 7.613E-04 alpha_mix =  0.700 |ddv_scf|^2 =  3.049E-03

      iter #   3 total cpu time :  6476.9 secs   av.it.:  13.5
      thresh= 5.521E-03 alpha_mix =  0.700 |ddv_scf|^2 =  1.734E-05

      iter #   4 total cpu time :  6485.0 secs   av.it.:  14.9
      thresh= 4.164E-04 alpha_mix =  0.700 |ddv_scf|^2 =  1.053E-06

      iter #   5 total cpu time :  6493.0 secs   av.it.:  15.1
      thresh= 1.026E-04 alpha_mix =  0.700 |ddv_scf|^2 =  5.840E-09

      iter #   6 total cpu time :  6501.8 secs   av.it.:  18.9
      thresh= 7.642E-06 alpha_mix =  0.700 |ddv_scf|^2 =  1.074E-09

      iter #   7 total cpu time :  6510.0 secs   av.it.:  16.1
      thresh= 3.277E-06 alpha_mix =  0.700 |ddv_scf|^2 =  9.161E-11

      iter #   8 total cpu time :  6517.9 secs   av.it.:  16.5
      thresh= 9.571E-07 alpha_mix =  0.700 |ddv_scf|^2 =  8.948E-13

      iter #   9 total cpu time :  6527.1 secs   av.it.:  20.9
      thresh= 9.459E-08 alpha_mix =  0.700 |ddv_scf|^2 =  2.980E-12

      iter #  10 total cpu time :  6535.4 secs   av.it.:  16.4
      thresh= 1.726E-07 alpha_mix =  0.700 |ddv_scf|^2 =  2.631E-13

      iter #  11 total cpu time :  6543.8 secs   av.it.:  17.4
      thresh= 5.129E-08 alpha_mix =  0.700 |ddv_scf|^2 =  6.480E-15

     End of self-consistent calculation

     Convergence has been achieved 


     Representation #  28 mode #  28

     Self-consistent Calculation

      iter #   1 total cpu time :  6550.9 secs   av.it.:   7.2
      thresh= 1.000E-02 alpha_mix =  0.700 |ddv_scf|^2 =  2.592E-07

      iter #   2 total cpu time :  6560.0 secs   av.it.:  21.0
      thresh= 5.091E-05 alpha_mix =  0.700 |ddv_scf|^2 =  4.660E-06

      iter #   3 total cpu time :  6567.6 secs   av.it.:  14.4
      thresh= 2.159E-04 alpha_mix =  0.700 |ddv_scf|^2 =  4.163E-07

      iter #   4 total cpu time :  6576.0 secs   av.it.:  16.8
      thresh= 6.452E-05 alpha_mix =  0.700 |ddv_scf|^2 =  5.029E-07

      iter #   5 total cpu time :  6583.7 secs   av.it.:  13.1
      thresh= 7.092E-05 alpha_mix =  0.700 |ddv_scf|^2 =  5.136E-08

      iter #   6 total cpu time :  6591.9 secs   av.it.:  15.9
      thresh= 2.266E-05 alpha_mix =  0.700 |ddv_scf|^2 =  6.880E-10

      iter #   7 total cpu time :  6600.0 secs   av.it.:  17.9
      thresh= 2.623E-06 alpha_mix =  0.700 |ddv_scf|^2 =  8.042E-12

      iter #   8 total cpu time :  6609.1 secs   av.it.:  20.9
      thresh= 2.836E-07 alpha_mix =  0.700 |ddv_scf|^2 =  3.766E-12

      iter #   9 total cpu time :  6617.4 secs   av.it.:  19.8
      thresh= 1.941E-07 alpha_mix =  0.700 |ddv_scf|^2 =  6.132E-13

      iter #  10 total cpu time :  6625.9 secs   av.it.:  19.1
      thresh= 7.831E-08 alpha_mix =  0.700 |ddv_scf|^2 =  1.192E-13

      iter #  11 total cpu time :  6634.7 secs   av.it.:  18.4
      thresh= 3.453E-08 alpha_mix =  0.700 |ddv_scf|^2 =  1.575E-13

      iter #  12 total cpu time :  6642.8 secs   av.it.:  15.9
      thresh= 3.969E-08 alpha_mix =  0.700 |ddv_scf|^2 =  6.111E-15

     End of self-consistent calculation

     Convergence has been achieved 


     Representation #  29 mode #  29

     Self-consistent Calculation

      iter #   1 total cpu time :  6649.7 secs   av.it.:   6.6
      thresh= 1.000E-02 alpha_mix =  0.700 |ddv_scf|^2 =  1.254E-07

      iter #   2 total cpu time :  6658.8 secs   av.it.:  20.1
      thresh= 3.542E-05 alpha_mix =  0.700 |ddv_scf|^2 =  1.300E-06

      iter #   3 total cpu time :  6666.7 secs   av.it.:  14.6
      thresh= 1.140E-04 alpha_mix =  0.700 |ddv_scf|^2 =  3.344E-07

      iter #   4 total cpu time :  6674.8 secs   av.it.:  16.1
      thresh= 5.783E-05 alpha_mix =  0.700 |ddv_scf|^2 =  2.040E-07

      iter #   5 total cpu time :  6682.4 secs   av.it.:  13.1
      thresh= 4.517E-05 alpha_mix =  0.700 |ddv_scf|^2 =  1.095E-08

      iter #   6 total cpu time :  6690.9 secs   av.it.:  16.9
      thresh= 1.046E-05 alpha_mix =  0.700 |ddv_scf|^2 =  1.632E-09

      iter #   7 total cpu time :  6699.2 secs   av.it.:  16.6
      thresh= 4.040E-06 alpha_mix =  0.700 |ddv_scf|^2 =  1.084E-11

      iter #   8 total cpu time :  6708.1 secs   av.it.:  19.5
      thresh= 3.293E-07 alpha_mix =  0.700 |ddv_scf|^2 =  9.830E-13

      iter #   9 total cpu time :  6717.2 secs   av.it.:  20.9
      thresh= 9.915E-08 alpha_mix =  0.700 |ddv_scf|^2 =  2.344E-13

      iter #  10 total cpu time :  6726.4 secs   av.it.:  21.0
      thresh= 4.842E-08 alpha_mix =  0.700 |ddv_scf|^2 =  3.071E-13

      iter #  11 total cpu time :  6734.6 secs   av.it.:  15.8
      thresh= 5.541E-08 alpha_mix =  0.700 |ddv_scf|^2 =  9.525E-14

      iter #  12 total cpu time :  6742.9 secs   av.it.:  17.5
      thresh= 3.086E-08 alpha_mix =  0.700 |ddv_scf|^2 =  7.011E-15

     End of self-consistent calculation

     Convergence has been achieved 


     Representation #  30 mode #  30

     Self-consistent Calculation

      iter #   1 total cpu time :  6750.2 secs   av.it.:   8.0
      thresh= 1.000E-02 alpha_mix =  0.700 |ddv_scf|^2 =  6.022E-05

      iter #   2 total cpu time :  6759.1 secs   av.it.:  19.2
      thresh= 7.760E-04 alpha_mix =  0.700 |ddv_scf|^2 =  3.438E-03

      iter #   3 total cpu time :  6766.8 secs   av.it.:  13.5
      thresh= 5.864E-03 alpha_mix =  0.700 |ddv_scf|^2 =  1.658E-05

      iter #   4 total cpu time :  6774.3 secs   av.it.:  15.0
      thresh= 4.072E-04 alpha_mix =  0.700 |ddv_scf|^2 =  9.595E-07

      iter #   5 total cpu time :  6782.1 secs   av.it.:  15.0
      thresh= 9.795E-05 alpha_mix =  0.700 |ddv_scf|^2 =  4.391E-08

      iter #   6 total cpu time :  6790.5 secs   av.it.:  16.6
      thresh= 2.095E-05 alpha_mix =  0.700 |ddv_scf|^2 =  4.801E-09

      iter #   7 total cpu time :  6798.7 secs   av.it.:  16.2
      thresh= 6.929E-06 alpha_mix =  0.700 |ddv_scf|^2 =  1.629E-11

      iter #   8 total cpu time :  6807.6 secs   av.it.:  19.6
      thresh= 4.036E-07 alpha_mix =  0.700 |ddv_scf|^2 =  1.139E-12

      iter #   9 total cpu time :  6816.6 secs   av.it.:  20.2
      thresh= 1.067E-07 alpha_mix =  0.700 |ddv_scf|^2 =  6.133E-13

      iter #  10 total cpu time :  6825.3 secs   av.it.:  18.5
      thresh= 7.831E-08 alpha_mix =  0.700 |ddv_scf|^2 =  6.114E-14

      iter #  11 total cpu time :  6833.8 secs   av.it.:  17.0
      thresh= 2.473E-08 alpha_mix =  0.700 |ddv_scf|^2 =  5.379E-14

      iter #  12 total cpu time :  6842.2 secs   av.it.:  17.0
      thresh= 2.319E-08 alpha_mix =  0.700 |ddv_scf|^2 =  1.084E-15

     End of self-consistent calculation

     Convergence has been achieved 


     Representation #  31 mode #  31

     Self-consistent Calculation

      iter #   1 total cpu time :  6849.2 secs   av.it.:   6.9
      thresh= 1.000E-02 alpha_mix =  0.700 |ddv_scf|^2 =  1.260E-07

      iter #   2 total cpu time :  6858.2 secs   av.it.:  20.4
      thresh= 3.549E-05 alpha_mix =  0.700 |ddv_scf|^2 =  1.149E-06

      iter #   3 total cpu time :  6866.2 secs   av.it.:  14.9
      thresh= 1.072E-04 alpha_mix =  0.700 |ddv_scf|^2 =  4.835E-07

      iter #   4 total cpu time :  6874.4 secs   av.it.:  15.4
      thresh= 6.954E-05 alpha_mix =  0.700 |ddv_scf|^2 =  9.130E-08

      iter #   5 total cpu time :  6881.8 secs   av.it.:  14.2
      thresh= 3.022E-05 alpha_mix =  0.700 |ddv_scf|^2 =  8.151E-09

      iter #   6 total cpu time :  6890.2 secs   av.it.:  17.0
      thresh= 9.029E-06 alpha_mix =  0.700 |ddv_scf|^2 =  2.090E-09

      iter #   7 total cpu time :  6898.4 secs   av.it.:  16.0
      thresh= 4.571E-06 alpha_mix =  0.700 |ddv_scf|^2 =  2.184E-11

      iter #   8 total cpu time :  6907.2 secs   av.it.:  18.9
      thresh= 4.674E-07 alpha_mix =  0.700 |ddv_scf|^2 =  3.272E-12

      iter #   9 total cpu time :  6916.1 secs   av.it.:  19.4
      thresh= 1.809E-07 alpha_mix =  0.700 |ddv_scf|^2 =  1.054E-13

      iter #  10 total cpu time :  6925.2 secs   av.it.:  20.8
      thresh= 3.246E-08 alpha_mix =  0.700 |ddv_scf|^2 =  6.724E-14

      iter #  11 total cpu time :  6933.8 secs   av.it.:  18.1
      thresh= 2.593E-08 alpha_mix =  0.700 |ddv_scf|^2 =  2.660E-13

      iter #  12 total cpu time :  6941.9 secs   av.it.:  15.8
      thresh= 5.158E-08 alpha_mix =  0.700 |ddv_scf|^2 =  1.024E-14

      iter #  13 total cpu time :  6950.4 secs   av.it.:  17.5
      thresh= 1.012E-08 alpha_mix =  0.700 |ddv_scf|^2 =  3.261E-15

     End of self-consistent calculation

     Convergence has been achieved 


     Representation #  32 mode #  32

     Self-consistent Calculation

      iter #   1 total cpu time :  6957.5 secs   av.it.:   7.2
      thresh= 1.000E-02 alpha_mix =  0.700 |ddv_scf|^2 =  2.070E-07

      iter #   2 total cpu time :  6966.8 secs   av.it.:  21.2
      thresh= 4.549E-05 alpha_mix =  0.700 |ddv_scf|^2 =  3.730E-06

      iter #   3 total cpu time :  6974.6 secs   av.it.:  14.2
      thresh= 1.931E-04 alpha_mix =  0.700 |ddv_scf|^2 =  2.459E-07

      iter #   4 total cpu time :  6983.0 secs   av.it.:  17.4
      thresh= 4.958E-05 alpha_mix =  0.700 |ddv_scf|^2 =  1.791E-07

      iter #   5 total cpu time :  6991.1 secs   av.it.:  14.9
      thresh= 4.232E-05 alpha_mix =  0.700 |ddv_scf|^2 =  1.056E-07

      iter #   6 total cpu time :  6998.6 secs   av.it.:  14.9
      thresh= 3.250E-05 alpha_mix =  0.700 |ddv_scf|^2 =  6.506E-10

      iter #   7 total cpu time :  7007.1 secs   av.it.:  17.6
      thresh= 2.551E-06 alpha_mix =  0.700 |ddv_scf|^2 =  5.800E-12

      iter #   8 total cpu time :  7016.2 secs   av.it.:  21.1
      thresh= 2.408E-07 alpha_mix =  0.700 |ddv_scf|^2 =  3.391E-12

      iter #   9 total cpu time :  7024.6 secs   av.it.:  19.0
      thresh= 1.841E-07 alpha_mix =  0.700 |ddv_scf|^2 =  1.830E-12

      iter #  10 total cpu time :  7033.1 secs   av.it.:  17.2
      thresh= 1.353E-07 alpha_mix =  0.700 |ddv_scf|^2 =  4.097E-13

      iter #  11 total cpu time :  7041.7 secs   av.it.:  17.1
      thresh= 6.401E-08 alpha_mix =  0.700 |ddv_scf|^2 =  6.617E-14

      iter #  12 total cpu time :  7050.2 secs   av.it.:  17.8
      thresh= 2.572E-08 alpha_mix =  0.700 |ddv_scf|^2 =  7.722E-16

     End of self-consistent calculation

     Convergence has been achieved 


     Representation #  33 mode #  33

     Self-consistent Calculation

      iter #   1 total cpu time :  7057.5 secs   av.it.:   8.1
      thresh= 1.000E-02 alpha_mix =  0.700 |ddv_scf|^2 =  5.582E-05

      iter #   2 total cpu time :  7066.4 secs   av.it.:  19.5
      thresh= 7.471E-04 alpha_mix =  0.700 |ddv_scf|^2 =  2.860E-03

      iter #   3 total cpu time :  7074.2 secs   av.it.:  13.6
      thresh= 5.348E-03 alpha_mix =  0.700 |ddv_scf|^2 =  1.579E-05

      iter #   4 total cpu time :  7082.3 secs   av.it.:  14.9
      thresh= 3.973E-04 alpha_mix =  0.700 |ddv_scf|^2 =  8.880E-07

      iter #   5 total cpu time :  7090.3 secs   av.it.:  15.0
      thresh= 9.423E-05 alpha_mix =  0.700 |ddv_scf|^2 =  1.264E-08

      iter #   6 total cpu time :  7098.9 secs   av.it.:  18.0
      thresh= 1.124E-05 alpha_mix =  0.700 |ddv_scf|^2 =  3.963E-09

      iter #   7 total cpu time :  7107.1 secs   av.it.:  15.9
      thresh= 6.295E-06 alpha_mix =  0.700 |ddv_scf|^2 =  3.535E-11

      iter #   8 total cpu time :  7115.7 secs   av.it.:  18.0
      thresh= 5.946E-07 alpha_mix =  0.700 |ddv_scf|^2 =  4.061E-12

      iter #   9 total cpu time :  7123.9 secs   av.it.:  18.5
      thresh= 2.015E-07 alpha_mix =  0.700 |ddv_scf|^2 =  1.798E-12

      iter #  10 total cpu time :  7132.3 secs   av.it.:  16.9
      thresh= 1.341E-07 alpha_mix =  0.700 |ddv_scf|^2 =  3.307E-14

      iter #  11 total cpu time :  7141.1 secs   av.it.:  19.4
      thresh= 1.818E-08 alpha_mix =  0.700 |ddv_scf|^2 =  2.378E-15

     End of self-consistent calculation

     Convergence has been achieved 


     Representation #  34 mode #  34

     Self-consistent Calculation

      iter #   1 total cpu time :  7148.1 secs   av.it.:   6.6
      thresh= 1.000E-02 alpha_mix =  0.700 |ddv_scf|^2 =  3.319E-07

      iter #   2 total cpu time :  7157.2 secs   av.it.:  20.2
      thresh= 5.761E-05 alpha_mix =  0.700 |ddv_scf|^2 =  1.212E-05

      iter #   3 total cpu time :  7165.0 secs   av.it.:  13.6
      thresh= 3.481E-04 alpha_mix =  0.700 |ddv_scf|^2 =  1.247E-07

      iter #   4 total cpu time :  7173.7 secs   av.it.:  18.2
      thresh= 3.531E-05 alpha_mix =  0.700 |ddv_scf|^2 =  7.356E-07

      iter #   5 total cpu time :  7181.6 secs   av.it.:  14.4
      thresh= 8.577E-05 alpha_mix =  0.700 |ddv_scf|^2 =  1.545E-08

      iter #   6 total cpu time :  7190.0 secs   av.it.:  17.4
      thresh= 1.243E-05 alpha_mix =  0.700 |ddv_scf|^2 =  2.662E-09

      iter #   7 total cpu time :  7198.3 secs   av.it.:  16.1
      thresh= 5.159E-06 alpha_mix =  0.700 |ddv_scf|^2 =  7.632E-11

      iter #   8 total cpu time :  7207.0 secs   av.it.:  18.6
      thresh= 8.736E-07 alpha_mix =  0.700 |ddv_scf|^2 =  4.312E-12

      iter #   9 total cpu time :  7215.9 secs   av.it.:  19.2
      thresh= 2.077E-07 alpha_mix =  0.700 |ddv_scf|^2 =  1.448E-12

      iter #  10 total cpu time :  7224.2 secs   av.it.:  16.9
      thresh= 1.203E-07 alpha_mix =  0.700 |ddv_scf|^2 =  1.390E-13

      iter #  11 total cpu time :  7233.0 secs   av.it.:  18.6
      thresh= 3.728E-08 alpha_mix =  0.700 |ddv_scf|^2 =  8.241E-15

     End of self-consistent calculation

     Convergence has been achieved 


     Representation #  35 mode #  35

     Self-consistent Calculation

      iter #   1 total cpu time :  7240.0 secs   av.it.:   7.0
      thresh= 1.000E-02 alpha_mix =  0.700 |ddv_scf|^2 =  1.239E-07

      iter #   2 total cpu time :  7248.5 secs   av.it.:  20.5
      thresh= 3.520E-05 alpha_mix =  0.700 |ddv_scf|^2 =  9.673E-07

      iter #   3 total cpu time :  7256.4 secs   av.it.:  14.5
      thresh= 9.835E-05 alpha_mix =  0.700 |ddv_scf|^2 =  3.176E-07

      iter #   4 total cpu time :  7264.7 secs   av.it.:  16.1
      thresh= 5.636E-05 alpha_mix =  0.700 |ddv_scf|^2 =  2.314E-09

      iter #   5 total cpu time :  7273.7 secs   av.it.:  20.0
      thresh= 4.810E-06 alpha_mix =  0.700 |ddv_scf|^2 =  3.624E-08

      iter #   6 total cpu time :  7281.4 secs   av.it.:  13.1
      thresh= 1.904E-05 alpha_mix =  0.700 |ddv_scf|^2 =  9.141E-10

      iter #   7 total cpu time :  7289.9 secs   av.it.:  17.4
      thresh= 3.023E-06 alpha_mix =  0.700 |ddv_scf|^2 =  1.733E-11

      iter #   8 total cpu time :  7298.8 secs   av.it.:  19.4
      thresh= 4.163E-07 alpha_mix =  0.700 |ddv_scf|^2 =  1.403E-12

      iter #   9 total cpu time :  7307.9 secs   av.it.:  20.4
      thresh= 1.184E-07 alpha_mix =  0.700 |ddv_scf|^2 =  1.399E-13

      iter #  10 total cpu time :  7317.0 secs   av.it.:  21.4
      thresh= 3.741E-08 alpha_mix =  0.700 |ddv_scf|^2 =  2.048E-13

      iter #  11 total cpu time :  7325.1 secs   av.it.:  16.4
      thresh= 4.526E-08 alpha_mix =  0.700 |ddv_scf|^2 =  9.497E-14

      iter #  12 total cpu time :  7333.4 secs   av.it.:  16.8
      thresh= 3.082E-08 alpha_mix =  0.700 |ddv_scf|^2 =  9.118E-14

      iter #  13 total cpu time :  7341.4 secs   av.it.:  15.0
      thresh= 3.020E-08 alpha_mix =  0.700 |ddv_scf|^2 =  1.873E-15

     End of self-consistent calculation

     Convergence has been achieved 


     Representation #  36 mode #  36

     Self-consistent Calculation

      iter #   1 total cpu time :  7348.6 secs   av.it.:   7.9
      thresh= 1.000E-02 alpha_mix =  0.700 |ddv_scf|^2 =  6.411E-05

      iter #   2 total cpu time :  7357.6 secs   av.it.:  19.5
      thresh= 8.007E-04 alpha_mix =  0.700 |ddv_scf|^2 =  3.844E-03

      iter #   3 total cpu time :  7364.9 secs   av.it.:  13.5
      thresh= 6.200E-03 alpha_mix =  0.700 |ddv_scf|^2 =  1.324E-05

      iter #   4 total cpu time :  7373.0 secs   av.it.:  15.2
      thresh= 3.639E-04 alpha_mix =  0.700 |ddv_scf|^2 =  1.335E-06

      iter #   5 total cpu time :  7380.7 secs   av.it.:  15.0
      thresh= 1.156E-04 alpha_mix =  0.700 |ddv_scf|^2 =  2.000E-08

      iter #   6 total cpu time :  7389.4 secs   av.it.:  18.4
      thresh= 1.414E-05 alpha_mix =  0.700 |ddv_scf|^2 =  3.378E-09

      iter #   7 total cpu time :  7397.7 secs   av.it.:  16.4
      thresh= 5.812E-06 alpha_mix =  0.700 |ddv_scf|^2 =  8.805E-11

      iter #   8 total cpu time :  7406.3 secs   av.it.:  18.1
      thresh= 9.383E-07 alpha_mix =  0.700 |ddv_scf|^2 =  3.162E-12

      iter #   9 total cpu time :  7415.2 secs   av.it.:  19.8
      thresh= 1.778E-07 alpha_mix =  0.700 |ddv_scf|^2 =  4.488E-13

      iter #  10 total cpu time :  7424.0 secs   av.it.:  19.0
      thresh= 6.700E-08 alpha_mix =  0.700 |ddv_scf|^2 =  6.891E-13

      iter #  11 total cpu time :  7432.1 secs   av.it.:  15.6
      thresh= 8.301E-08 alpha_mix =  0.700 |ddv_scf|^2 =  8.745E-15

     End of self-consistent calculation

     Convergence has been achieved 

     Number of q in the star =    1
     List of q in the star:
          1  -0.001505951   0.001147507  -0.463392771

     Diagonalizing the dynamical matrix

     q = (   -0.001505951   0.001147507  -0.463392771 ) 

 **************************************************************************
     freq (    1) =      -7.816117 [THz] =    -260.717590 [cm-1]
     freq (    2) =      20.336366 [THz] =     678.348149 [cm-1]
     freq (    3) =      23.688010 [THz] =     790.146971 [cm-1]
     freq (    4) =      26.620638 [THz] =     887.968895 [cm-1]
     freq (    5) =      28.266008 [THz] =     942.852554 [cm-1]
     freq (    6) =      34.984875 [THz] =    1166.969829 [cm-1]
     freq (    7) =      36.653271 [THz] =    1222.621532 [cm-1]
     freq (    8) =      40.248458 [THz] =    1342.544041 [cm-1]
     freq (    9) =      43.506496 [THz] =    1451.220483 [cm-1]
     freq (   10) =      46.727593 [THz] =    1558.664727 [cm-1]
     freq (   11) =      50.599824 [THz] =    1687.828443 [cm-1]
     freq (   12) =      51.784374 [THz] =    1727.340800 [cm-1]
     freq (   13) =      53.242525 [THz] =    1775.979453 [cm-1]
     freq (   14) =      56.730124 [THz] =    1892.313241 [cm-1]
     freq (   15) =      59.202869 [THz] =    1974.795144 [cm-1]
     freq (   16) =      60.055013 [THz] =    2003.219622 [cm-1]
     freq (   17) =      62.721972 [THz] =    2092.179787 [cm-1]
     freq (   18) =      65.454257 [THz] =    2183.318998 [cm-1]
     freq (   19) =      66.717087 [THz] =    2225.442469 [cm-1]
     freq (   20) =      68.913185 [THz] =    2298.696433 [cm-1]
     freq (   21) =      72.395776 [THz] =    2414.863153 [cm-1]
     freq (   22) =      74.137544 [THz] =    2472.962278 [cm-1]
     freq (   23) =      76.964528 [THz] =    2567.260317 [cm-1]
     freq (   24) =      79.437188 [THz] =    2649.739387 [cm-1]
     freq (   25) =      93.617935 [THz] =    3122.758181 [cm-1]
     freq (   26) =     104.292300 [THz] =    3478.816655 [cm-1]
     freq (   27) =     107.705901 [THz] =    3592.682142 [cm-1]
     freq (   28) =     110.490837 [THz] =    3685.577610 [cm-1]
     freq (   29) =     121.160242 [THz] =    4041.470664 [cm-1]
     freq (   30) =     129.498307 [THz] =    4319.598558 [cm-1]
     freq (   31) =     134.709686 [THz] =    4493.431469 [cm-1]
     freq (   32) =     143.441470 [THz] =    4784.692420 [cm-1]
     freq (   33) =     150.465566 [THz] =    5018.991048 [cm-1]
     freq (   34) =     161.616957 [THz] =    5390.961395 [cm-1]
     freq (   35) =     166.526373 [THz] =    5554.721881 [cm-1]
     freq (   36) =     182.629698 [THz] =    6091.871013 [cm-1]
 **************************************************************************

     Mode symmetry, C_1 (1)     point group:

     freq (   1-   1) =       -260.7  [cm-1]   --> A                  
     freq (   2-   2) =        678.3  [cm-1]   --> A                  
     freq (   3-   3) =        790.1  [cm-1]   --> A                  
     freq (   4-   4) =        888.0  [cm-1]   --> A                  
     freq (   5-   5) =        942.9  [cm-1]   --> A                  
     freq (   6-   6) =       1167.0  [cm-1]   --> A                  
     freq (   7-   7) =       1222.6  [cm-1]   --> A                  
     freq (   8-   8) =       1342.5  [cm-1]   --> A                  
     freq (   9-   9) =       1451.2  [cm-1]   --> A                  
     freq (  10-  10) =       1558.7  [cm-1]   --> A                  
     freq (  11-  11) =       1687.8  [cm-1]   --> A                  
     freq (  12-  12) =       1727.3  [cm-1]   --> A                  
     freq (  13-  13) =       1776.0  [cm-1]   --> A                  
     freq (  14-  14) =       1892.3  [cm-1]   --> A                  
     freq (  15-  15) =       1974.8  [cm-1]   --> A                  
     freq (  16-  16) =       2003.2  [cm-1]   --> A                  
     freq (  17-  17) =       2092.2  [cm-1]   --> A                  
     freq (  18-  18) =       2183.3  [cm-1]   --> A                  
     freq (  19-  19) =       2225.4  [cm-1]   --> A                  
     freq (  20-  20) =       2298.7  [cm-1]   --> A                  
     freq (  21-  21) =       2414.9  [cm-1]   --> A                  
     freq (  22-  22) =       2473.0  [cm-1]   --> A                  
     freq (  23-  23) =       2567.3  [cm-1]   --> A                  
     freq (  24-  24) =       2649.7  [cm-1]   --> A                  
     freq (  25-  25) =       3122.8  [cm-1]   --> A                  
     freq (  26-  26) =       3478.8  [cm-1]   --> A                  
     freq (  27-  27) =       3592.7  [cm-1]   --> A                  
     freq (  28-  28) =       3685.6  [cm-1]   --> A                  
     freq (  29-  29) =       4041.5  [cm-1]   --> A                  
     freq (  30-  30) =       4319.6  [cm-1]   --> A                  
     freq (  31-  31) =       4493.4  [cm-1]   --> A                  
     freq (  32-  32) =       4784.7  [cm-1]   --> A                  
     freq (  33-  33) =       5019.0  [cm-1]   --> A                  
     freq (  34-  34) =       5391.0  [cm-1]   --> A                  
     freq (  35-  35) =       5554.7  [cm-1]   --> A                  
     freq (  36-  36) =       6091.9  [cm-1]   --> A                  

     Calculation of q =   -0.0001639  -0.6398180  -0.0005433

     Parallelization info
     --------------------
     sticks:   dense  smooth     PW     G-vecs:    dense   smooth      PW
     Min         472     239     86                14919     5248    1115
     Max         473     240     87                14922     5249    1116
     Sum         945     479    173                29841    10497    2231


     Title: 
     Phonons                                                                    


     bravais-lattice index     =            0
     lattice parameter (alat)  =       6.9360  a.u.
     unit-cell volume          =     220.3604 (a.u.)^3
     number of atoms/cell      =           12
     number of atomic types    =            4
     number of electrons       =        62.00
     number of Kohn-Sham states=           37
     kinetic-energy cutoff     =      50.0000  Ry
     charge density cutoff     =     400.0000  Ry
     Exchange-correlation= PBE
                           (   1   4   3   4   0   0   0)

     celldm(1)=   6.935967  celldm(2)=   0.000000  celldm(3)=   0.000000
     celldm(4)=   0.000000  celldm(5)=   0.000000  celldm(6)=   0.000000

     crystal axes: (cart. coord. in units of alat)
               a(1) = (   0.783212  -0.000199  -0.002546 )  
               a(2) = (  -0.000446   0.781471   0.001937 )  
               a(3) = (  -0.003854  -0.000915   1.079009 )  

     reciprocal axes: (cart. coord. in units 2 pi/alat)
               b(1) = (  1.276809  0.000718  0.004561 )  
               b(2) = (  0.000328  1.279636  0.001087 )  
               b(3) = (  0.003012 -0.002295  0.926786 )  


     PseudoPot. # 1 for B  read from file:
     /home/marco/ZOS_Cloud_Compute/pseudo/B.UPF
     MD5 check sum: d9c678ba5d3b2fd7b74e61139c9288d8
     Pseudo is Projector augmented-wave + core cor, Zval =  3.0
     Generated using "atomic" code by A. Dal Corso  v.5.1.2
     Shape of augmentation charge: PSQ
     Using radial grid of 1059 points,  4 beta functions with: 
                l(1) =   0
                l(2) =   0
                l(3) =   1
                l(4) =   1
     Q(r) pseudized with 0 coefficients 


     PseudoPot. # 2 for H  read from file:
     /home/marco/ZOS_Cloud_Compute/pseudo/H.UPF
     MD5 check sum: 850d63dcbcc06c5de8b44e0ab9f952da
     Pseudo is Projector augmented-wave, Zval =  1.0
     Generated using "atomic" code by A. Dal Corso  v.5.1.2
     Shape of augmentation charge: PSQ
     Using radial grid of  929 points,  2 beta functions with: 
                l(1) =   0
                l(2) =   0
     Q(r) pseudized with 0 coefficients 


     PseudoPot. # 3 for Hf read from file:
     /home/marco/ZOS_Cloud_Compute/pseudo/Hf.UPF
     MD5 check sum: 054ab3954715fe03e42536d2af1a941a
     Pseudo is Projector augmented-wave + core cor, Zval = 36.0
     Generated using "atomic" code by A. Dal Corso  v.5.1.2
     Shape of augmentation charge: PSQ
     Using radial grid of 1271 points,  8 beta functions with: 
                l(1) =   0
                l(2) =   0
                l(3) =   1
                l(4) =   1
                l(5) =   2
                l(6) =   2
                l(7) =   3
                l(8) =   3
     Q(r) pseudized with 0 coefficients 


     PseudoPot. # 4 for Ti read from file:
     /home/marco/ZOS_Cloud_Compute/pseudo/Ti.UPF
     MD5 check sum: 8e4df49b7f0d34bbd5052bf3f5ea0213
     Pseudo is Ultrasoft, Zval = 12.0
     Generated by new atomic code, or converted to UPF format
     Using radial grid of  851 points,  6 beta functions with: 
                l(1) =   0
                l(2) =   0
                l(3) =   1
                l(4) =   1
                l(5) =   2
                l(6) =   2
     Q(r) pseudized with  8 coefficients,  rinner =    1.000   1.000   1.000
                                                       1.000   1.000

     atomic species   valence    mass     pseudopotential
        B              3.00     1.00000     B ( 1.00)
        H              1.00     1.00000     H ( 1.00)
        Hf            36.00     1.00000     Hf( 1.00)
        Ti            12.00     1.00000     Ti( 1.00)

     No symmetry found



   Cartesian axes

     site n.     atom                  positions (alat units)
         1           Ti  tau(   1) = (   0.8328786   0.0435249  -0.0256727  )
         2           Hf  tau(   2) = (   0.3372088   0.3612871   0.5590328  )
         3           B   tau(   3) = (   0.4539714   0.4542505   0.0175264  )
         4           B   tau(   4) = (   0.7200178  -0.0518344   0.5024055  )
         5           H   tau(   5) = (  -0.0256008   0.4650200   0.8320925  )
         6           H   tau(   6) = (   0.2014697  -0.0293658   0.3516208  )
         7           H   tau(   7) = (   0.7210522   0.1730909   0.6930471  )
         8           H   tau(   8) = (   0.4339971   0.1860250   0.9658756  )
         9           H   tau(   9) = (   0.1701144   0.4317520   0.1361768  )
        10           H   tau(  10) = (   0.6766716   0.3995010   0.2322497  )
        11           H   tau(  11) = (   0.4136734   0.6834833   0.8639849  )
        12           H   tau(  12) = (   0.5026499   0.7856495   0.2817314  )

     number of k points=    16  Methfessel-Paxton smearing, width (Ry)=  0.0200
                       cart. coord. in units 2pi/alat
        k(    1) = (   0.0000000   0.0000000   0.0000000), wk =   0.2500000
        k(    2) = (  -0.0001639  -0.6398180  -0.0005433), wk =   0.0000000
        k(    3) = (  -0.0015060   0.0011475  -0.4633928), wk =   0.2500000
        k(    4) = (  -0.0016699  -0.6386705  -0.4639361), wk =   0.0000000
        k(    5) = (  -0.0001639  -0.6398180  -0.0005433), wk =   0.2500000
        k(    6) = (  -0.0003279  -1.2796360  -0.0010867), wk =   0.0000000
        k(    7) = (  -0.0016699  -0.6386705  -0.4639361), wk =   0.2500000
        k(    8) = (  -0.0018338  -1.2784885  -0.4644794), wk =   0.0000000
        k(    9) = (  -0.6384045  -0.0003588  -0.0022806), wk =   0.2500000
        k(   10) = (  -0.6385685  -0.6401768  -0.0028239), wk =   0.0000000
        k(   11) = (  -0.6399105   0.0007887  -0.4656734), wk =   0.2500000
        k(   12) = (  -0.6400744  -0.6390293  -0.4662167), wk =   0.0000000
        k(   13) = (  -0.6385685  -0.6401768  -0.0028239), wk =   0.2500000
        k(   14) = (  -0.6387324  -1.2799948  -0.0033673), wk =   0.0000000
        k(   15) = (  -0.6400744  -0.6390293  -0.4662167), wk =   0.2500000
        k(   16) = (  -0.6402384  -1.2788473  -0.4667600), wk =   0.0000000

     Dense  grid:    29841 G-vectors     FFT dimensions: (  36,  36,  48)

     Smooth grid:    10497 G-vectors     FFT dimensions: (  25,  25,  36)

     Estimated max dynamical RAM per process >     151.16 MB

     Estimated total dynamical RAM >     302.33 MB

     Check: negative core charge=   -0.000003

     The potential is recalculated from file :
     ./tmp/_ph0/HfTiBH42.save/charge-density

     Starting wfcs are   48 atomic wfcs
     Checking if some PAW data can be deallocated... 

     Band Structure Calculation
     Davidson diagonalization with overlap

     ethr =  1.61E-11,  avg # of iterations = 16.9

     total cpu time spent up to now is       21.7 secs

     End of band structure calculation

          k = 0.0000 0.0000 0.0000 (  1301 PWs)   bands (ev):

  -145.8687-144.9786-144.3005-144.1146-142.2253 -32.1459 -26.3092  -4.4735
    -3.0279  -3.0018  -1.3223  -1.0973  -0.9137   9.1820  13.4131  13.4925
    13.5719  13.6270  13.7080  13.7481  13.7691  14.6301  17.1910  17.8612
    21.6575  22.9043  25.6861  26.3974  26.5808  27.7656  28.9348  29.1155
    30.0907  30.1663  31.9809  33.2037  35.0753

          k =-0.0002-0.6398-0.0005 (  1322 PWs)   bands (ev):

  -147.8479-146.3374-145.3863-144.9404-144.4476 -32.0270 -26.2258  -4.1758
    -3.6521  -3.1050  -2.6804  -1.7684  -0.8101  13.3558  13.4315  13.4679
    13.5711  13.6183  13.6419  13.6949  13.7767  14.8129  15.6037  17.3983
    19.4553  21.2184  21.3954  24.8048  27.5059  28.6438  29.4270  31.7340
    33.1624  34.4001  34.9579  36.1765  36.8862

          k =-0.0015 0.0011-0.4634 (  1318 PWs)   bands (ev):

  -146.6711-146.1798-145.7930-145.7011-143.4910 -32.1360 -26.3319  -3.8150
    -3.1476  -2.9392  -2.2100  -1.1691  -1.0108  12.2824  12.8857  13.4436
    13.4870  13.5348  13.5719  13.6225  13.7122  13.7434  17.1982  18.2071
    20.5067  22.4473  22.6953  24.0304  26.1162  27.0909  30.0490  30.8239
    32.1048  32.7708  33.4059  34.4025  36.3078

          k =-0.0017-0.6387-0.4639 (  1292 PWs)   bands (ev):

  -145.7922-145.0251-143.2316-142.5662-141.7360 -32.0233 -26.2268  -4.7272
    -4.3700  -2.8283  -1.8714  -1.2593  -0.7943  12.6124  13.4100  13.5516
    13.6177  13.6623  13.7363  13.7557  13.8224  14.3059  16.7301  18.2220
    19.6943  20.4747  21.4406  23.3713  27.5636  29.0851  31.4134  32.1187
    32.6377  34.0737  34.5963  35.6552  36.0355

          k =-0.0002-0.6398-0.0005 (  1322 PWs)   bands (ev):

  -147.8479-146.3374-145.3863-144.9404-144.4476 -32.0270 -26.2258  -4.1758
    -3.6521  -3.1050  -2.6804  -1.7684  -0.8101  13.3558  13.4315  13.4679
    13.5711  13.6183  13.6419  13.6949  13.7767  14.8129  15.6037  17.3983
    19.4553  21.2184  21.3954  24.8048  27.5059  28.6438  29.4270  31.7340
    33.1624  34.4001  34.9579  36.1765  36.8862

          k =-0.0003-1.2796-0.0011 (  1301 PWs)   bands (ev):

  -145.8687-144.9786-144.3005-144.1146-142.2253 -32.1459 -26.3092  -4.4735
    -3.0279  -3.0018  -1.3223  -1.0973  -0.9137   9.1820  13.4131  13.4925
    13.5719  13.6270  13.7080  13.7481  13.7691  14.6301  17.1910  17.8612
    21.6575  22.9043  25.6861  26.3974  26.5808  27.7656  28.9348  29.1155
    30.0907  30.1663  31.9809  33.2037  35.0753

          k =-0.0017-0.6387-0.4639 (  1292 PWs)   bands (ev):

  -145.7922-145.0251-143.2316-142.5662-141.7360 -32.0233 -26.2268  -4.7272
    -4.3700  -2.8283  -1.8714  -1.2593  -0.7943  12.6124  13.4100  13.5516
    13.6177  13.6623  13.7363  13.7557  13.8224  14.3059  16.7301  18.2220
    19.6943  20.4747  21.4406  23.3713  27.5636  29.0851  31.4134  32.1187
    32.6377  34.0737  34.5963  35.6552  36.0355

          k =-0.0018-1.2785-0.4645 (  1318 PWs)   bands (ev):

  -146.6711-146.1798-145.7930-145.7011-143.4910 -32.1360 -26.3319  -3.8150
    -3.1476  -2.9392  -2.2100  -1.1691  -1.0108  12.2824  12.8857  13.4436
    13.4870  13.5348  13.5719  13.6225  13.7122  13.7434  17.1982  18.2071
    20.5067  22.4473  22.6953  24.0304  26.1162  27.0909  30.0490  30.8239
    32.1048  32.7708  33.4059  34.4025  36.3078

          k =-0.6384-0.0004-0.0023 (  1324 PWs)   bands (ev):

  -147.7827-147.0483-145.1938-145.1786-144.4808 -32.0287 -26.2207  -4.2800
    -3.8205  -2.9695  -2.7355  -1.5979  -0.8528  13.3547  13.4047  13.4955
    13.5847  13.6161  13.6763  13.7026  13.8471  14.8974  15.9197  17.0979
    19.0162  21.0688  22.2350  25.0445  27.2855  29.1361  29.7773  31.4290
    32.3192  33.9142  34.6769  35.8967  36.5703

          k =-0.6386-0.6402-0.0028 (  1316 PWs)   bands (ev):

  -147.4579-146.8647-146.6998-143.5456-142.8592 -31.9136 -26.1212  -4.4869
    -4.2368  -3.2888  -2.3481  -2.2387  -1.5150  13.4809  13.5293  13.5355
    13.5735  13.6213  13.6746  13.7335  13.8514  14.6022  16.4654  16.8082
    18.9742  19.0393  23.0409  25.6150  28.3651  29.3881  32.6170  32.8603
    34.3880  34.8920  36.1203  36.9623  37.6793

          k =-0.6399 0.0008-0.4657 (  1286 PWs)   bands (ev):

  -145.1380-144.6247-142.7278-142.2087-141.6591 -32.0240 -26.2251  -4.7274
    -4.3585  -2.7940  -1.9506  -1.2964  -0.8618  12.7747  13.4194  13.5640
    13.6174  13.7296  13.7506  13.7671  13.8266  14.1294  17.0666  18.4008
    19.8022  20.5075  22.2441  23.1571  27.3894  27.8976  31.8841  32.0182
    32.2496  33.6984  34.6216  35.0827  36.5541

          k =-0.6401-0.6390-0.4662 (  1338 PWs)   bands (ev):

  -148.5610-147.4924-146.9483-146.2407-145.7269 -31.9118 -26.1203  -4.2224
    -4.0799  -3.7326  -2.7947  -2.1460  -1.3980  13.4562  13.4765  13.5066
    13.5359  13.5511  13.5968  13.6630  14.9540  15.5734  16.2084  17.5656
    19.5237  19.9925  21.4954  21.7919  29.3189  29.7585  31.5422  32.3811
    32.6939  33.8140  36.9042  37.1226  37.5780

          k =-0.6386-0.6402-0.0028 (  1316 PWs)   bands (ev):

  -147.4579-146.8647-146.6998-143.5456-142.8592 -31.9136 -26.1212  -4.4869
    -4.2368  -3.2888  -2.3481  -2.2387  -1.5150  13.4809  13.5293  13.5355
    13.5735  13.6213  13.6746  13.7335  13.8514  14.6022  16.4654  16.8082
    18.9742  19.0393  23.0409  25.6150  28.3651  29.3881  32.6170  32.8603
    34.3880  34.8920  36.1203  36.9623  37.6793

          k =-0.6387-1.2800-0.0034 (  1324 PWs)   bands (ev):

  -147.7827-147.0483-145.1938-145.1786-144.4808 -32.0287 -26.2207  -4.2800
    -3.8205  -2.9695  -2.7355  -1.5979  -0.8528  13.3547  13.4047  13.4955
    13.5847  13.6161  13.6763  13.7026  13.8471  14.8974  15.9197  17.0979
    19.0162  21.0688  22.2350  25.0445  27.2855  29.1361  29.7773  31.4290
    32.3192  33.9142  34.6769  35.8967  36.5703

          k =-0.6401-0.6390-0.4662 (  1338 PWs)   bands (ev):

  -148.5610-147.4924-146.9483-146.2407-145.7269 -31.9118 -26.1203  -4.2224
    -4.0799  -3.7326  -2.7947  -2.1460  -1.3980  13.4562  13.4765  13.5066
    13.5359  13.5511  13.5968  13.6630  14.9540  15.5734  16.2084  17.5656
    19.5237  19.9925  21.4954  21.7919  29.3189  29.7585  31.5422  32.3811
    32.6939  33.8140  36.9042  37.1226  37.5780

          k =-0.6402-1.2788-0.4668 (  1286 PWs)   bands (ev):

  -145.1380-144.6247-142.7278-142.2087-141.6591 -32.0240 -26.2251  -4.7274
    -4.3585  -2.7940  -1.9506  -1.2964  -0.8618  12.7747  13.4194  13.5640
    13.6174  13.7296  13.7506  13.7671  13.8266  14.1294  17.0666  18.4008
    19.8022  20.5075  22.2441  23.1571  27.3894  27.8976  31.8841  32.0182
    32.2496  33.6984  34.6216  35.0827  36.5541

     the Fermi energy is    31.1994 ev

     Writing output data file ./tmp/_ph0/HfTiBH42.save/

     Phonons                                                                    

     bravais-lattice index     =            0
     lattice parameter (alat)  =       6.9360  a.u.
     unit-cell volume          =     220.3604 (a.u.)^3
     number of atoms/cell      =           12
     number of atomic types    =            4
     kinetic-energy cut-off    =      50.0000  Ry
     charge density cut-off    =     400.0000  Ry
     convergence threshold     =      1.0E-14
     beta                      =       0.7000
     number of iterations used =            4
     Exchange-correlation= PBE
                           (   1   4   3   4   0   0   0)


     celldm(1)=    6.93597  celldm(2)=    0.00000  celldm(3)=    0.00000
     celldm(4)=    0.00000  celldm(5)=    0.00000  celldm(6)=    0.00000

     crystal axes: (cart. coord. in units of alat)
               a(1) = (  0.7832 -0.0002 -0.0025 )  
               a(2) = ( -0.0004  0.7815  0.0019 )  
               a(3) = ( -0.0039 -0.0009  1.0790 )  

     reciprocal axes: (cart. coord. in units 2 pi/alat)
               b(1) = (  1.2768  0.0007  0.0046 )  
               b(2) = (  0.0003  1.2796  0.0011 )  
               b(3) = (  0.0030 -0.0023  0.9268 )  


     Atoms inside the unit cell: 

     Cartesian axes

     site n.  atom      mass           positions (alat units)
        1     Ti   1.0000   tau(    1) = (    0.83288    0.04352   -0.02567  )
        2     Hf   1.0000   tau(    2) = (    0.33721    0.36129    0.55903  )
        3     B    1.0000   tau(    3) = (    0.45397    0.45425    0.01753  )
        4     B    1.0000   tau(    4) = (    0.72002   -0.05183    0.50241  )
        5     H    1.0000   tau(    5) = (   -0.02560    0.46502    0.83209  )
        6     H    1.0000   tau(    6) = (    0.20147   -0.02937    0.35162  )
        7     H    1.0000   tau(    7) = (    0.72105    0.17309    0.69305  )
        8     H    1.0000   tau(    8) = (    0.43400    0.18602    0.96588  )
        9     H    1.0000   tau(    9) = (    0.17011    0.43175    0.13618  )
       10     H    1.0000   tau(   10) = (    0.67667    0.39950    0.23225  )
       11     H    1.0000   tau(   11) = (    0.41367    0.68348    0.86398  )
       12     H    1.0000   tau(   12) = (    0.50265    0.78565    0.28173  )

     Computing dynamical matrix for 
                    q = (  -0.0001639  -0.6398180  -0.0005433 )

      2 Sym.Ops. (with q -> -q+G )


     G cutoff =  487.4323  (  14922 G-vectors)     FFT grid: ( 36, 36, 48)
     G cutoff =  243.7162  (   5249 G-vectors)  smooth grid: ( 25, 25, 36)

     number of k points=    16  Methfessel-Paxton smearing, width (Ry)=  0.0200

     PseudoPot. # 1 for B  read from file:
     /home/marco/ZOS_Cloud_Compute/pseudo/B.UPF
     MD5 check sum: d9c678ba5d3b2fd7b74e61139c9288d8
     Pseudo is Projector augmented-wave + core cor, Zval =  3.0
     Generated using "atomic" code by A. Dal Corso  v.5.1.2
     Shape of augmentation charge: PSQ
     Using radial grid of 1059 points,  4 beta functions with: 
                l(1) =   0
                l(2) =   0
                l(3) =   1
                l(4) =   1
     Q(r) pseudized with 0 coefficients 


     PseudoPot. # 2 for H  read from file:
     /home/marco/ZOS_Cloud_Compute/pseudo/H.UPF
     MD5 check sum: 850d63dcbcc06c5de8b44e0ab9f952da
     Pseudo is Projector augmented-wave, Zval =  1.0
     Generated using "atomic" code by A. Dal Corso  v.5.1.2
     Shape of augmentation charge: PSQ
     Using radial grid of  929 points,  2 beta functions with: 
                l(1) =   0
                l(2) =   0
     Q(r) pseudized with 0 coefficients 


     PseudoPot. # 3 for Hf read from file:
     /home/marco/ZOS_Cloud_Compute/pseudo/Hf.UPF
     MD5 check sum: 054ab3954715fe03e42536d2af1a941a
     Pseudo is Projector augmented-wave + core cor, Zval = 36.0
     Generated using "atomic" code by A. Dal Corso  v.5.1.2
     Shape of augmentation charge: PSQ
     Using radial grid of 1271 points,  8 beta functions with: 
                l(1) =   0
                l(2) =   0
                l(3) =   1
                l(4) =   1
                l(5) =   2
                l(6) =   2
                l(7) =   3
                l(8) =   3
     Q(r) pseudized with 0 coefficients 


     PseudoPot. # 4 for Ti read from file:
     /home/marco/ZOS_Cloud_Compute/pseudo/Ti.UPF
     MD5 check sum: 8e4df49b7f0d34bbd5052bf3f5ea0213
     Pseudo is Ultrasoft, Zval = 12.0
     Generated by new atomic code, or converted to UPF format
     Using radial grid of  851 points,  6 beta functions with: 
                l(1) =   0
                l(2) =   0
                l(3) =   1
                l(4) =   1
                l(5) =   2
                l(6) =   2
     Q(r) pseudized with  8 coefficients,  rinner =    1.000   1.000   1.000
                                                       1.000   1.000

     Mode symmetry, C_1 (1)     point group:


     Atomic displacements:
     There are   36 irreducible representations

     Representation     1      1 modes -  To be done

     Representation     2      1 modes -  To be done

     Representation     3      1 modes -  To be done

     Representation     4      1 modes -  To be done

     Representation     5      1 modes -  To be done

     Representation     6      1 modes -  To be done

     Representation     7      1 modes -  To be done

     Representation     8      1 modes -  To be done

     Representation     9      1 modes -  To be done

     Representation    10      1 modes -  To be done

     Representation    11      1 modes -  To be done

     Representation    12      1 modes -  To be done

     Representation    13      1 modes -  To be done

     Representation    14      1 modes -  To be done

     Representation    15      1 modes -  To be done

     Representation    16      1 modes -  To be done

     Representation    17      1 modes -  To be done

     Representation    18      1 modes -  To be done

     Representation    19      1 modes -  To be done

     Representation    20      1 modes -  To be done

     Representation    21      1 modes -  To be done

     Representation    22      1 modes -  To be done

     Representation    23      1 modes -  To be done

     Representation    24      1 modes -  To be done

     Representation    25      1 modes -  To be done

     Representation    26      1 modes -  To be done

     Representation    27      1 modes -  To be done

     Representation    28      1 modes -  To be done

     Representation    29      1 modes -  To be done

     Representation    30      1 modes -  To be done

     Representation    31      1 modes -  To be done

     Representation    32      1 modes -  To be done

     Representation    33      1 modes -  To be done

     Representation    34      1 modes -  To be done

     Representation    35      1 modes -  To be done

     Representation    36      1 modes -  To be done



     Alpha used in Ewald sum =   2.8000
     PHONON       :      1h35m CPU      2h 4m WALL



     Representation #   1 mode #   1

     Self-consistent Calculation

      iter #   1 total cpu time :  7499.8 secs   av.it.:  11.8
      thresh= 1.000E-02 alpha_mix =  0.700 |ddv_scf|^2 =  1.923E-05

      iter #   2 total cpu time :  7508.6 secs   av.it.:  18.9
      thresh= 4.385E-04 alpha_mix =  0.700 |ddv_scf|^2 =  4.908E-06

      iter #   3 total cpu time :  7517.2 secs   av.it.:  19.6
      thresh= 2.215E-04 alpha_mix =  0.700 |ddv_scf|^2 =  1.231E-05

      iter #   4 total cpu time :  7525.4 secs   av.it.:  15.8
      thresh= 3.509E-04 alpha_mix =  0.700 |ddv_scf|^2 =  1.137E-06

      iter #   5 total cpu time :  7533.6 secs   av.it.:  15.6
      thresh= 1.067E-04 alpha_mix =  0.700 |ddv_scf|^2 =  6.842E-09

      iter #   6 total cpu time :  7542.9 secs   av.it.:  21.0
      thresh= 8.272E-06 alpha_mix =  0.700 |ddv_scf|^2 =  3.568E-09

      iter #   7 total cpu time :  7551.7 secs   av.it.:  18.9
      thresh= 5.973E-06 alpha_mix =  0.700 |ddv_scf|^2 =  3.260E-10

      iter #   8 total cpu time :  7560.3 secs   av.it.:  18.4
      thresh= 1.805E-06 alpha_mix =  0.700 |ddv_scf|^2 =  2.620E-11

      iter #   9 total cpu time :  7569.4 secs   av.it.:  20.2
      thresh= 5.119E-07 alpha_mix =  0.700 |ddv_scf|^2 =  1.065E-11

      iter #  10 total cpu time :  7578.3 secs   av.it.:  18.9
      thresh= 3.263E-07 alpha_mix =  0.700 |ddv_scf|^2 =  4.482E-12

      iter #  11 total cpu time :  7587.0 secs   av.it.:  18.6
      thresh= 2.117E-07 alpha_mix =  0.700 |ddv_scf|^2 =  2.610E-13

      iter #  12 total cpu time :  7596.0 secs   av.it.:  20.0
      thresh= 5.108E-08 alpha_mix =  0.700 |ddv_scf|^2 =  5.977E-13

      iter #  13 total cpu time :  7604.3 secs   av.it.:  15.9
      thresh= 7.731E-08 alpha_mix =  0.700 |ddv_scf|^2 =  4.836E-14

      iter #  14 total cpu time :  7612.9 secs   av.it.:  17.8
      thresh= 2.199E-08 alpha_mix =  0.700 |ddv_scf|^2 =  2.961E-15

     End of self-consistent calculation

     Convergence has been achieved 


     Representation #   2 mode #   2

     Self-consistent Calculation

      iter #   1 total cpu time :  7621.3 secs   av.it.:  13.2
      thresh= 1.000E-02 alpha_mix =  0.700 |ddv_scf|^2 =  9.286E-04

      iter #   2 total cpu time :  7630.4 secs   av.it.:  19.8
      thresh= 3.047E-03 alpha_mix =  0.700 |ddv_scf|^2 =  9.836E-03

      iter #   3 total cpu time :  7638.6 secs   av.it.:  15.9
      thresh= 9.918E-03 alpha_mix =  0.700 |ddv_scf|^2 =  5.031E-04

      iter #   4 total cpu time :  7646.8 secs   av.it.:  15.6
      thresh= 2.243E-03 alpha_mix =  0.700 |ddv_scf|^2 =  1.207E-05

      iter #   5 total cpu time :  7655.5 secs   av.it.:  18.5
      thresh= 3.474E-04 alpha_mix =  0.700 |ddv_scf|^2 =  2.282E-07

      iter #   6 total cpu time :  7664.5 secs   av.it.:  20.0
      thresh= 4.777E-05 alpha_mix =  0.700 |ddv_scf|^2 =  2.161E-08

      iter #   7 total cpu time :  7673.4 secs   av.it.:  19.5
      thresh= 1.470E-05 alpha_mix =  0.700 |ddv_scf|^2 =  9.997E-09

      iter #   8 total cpu time :  7682.0 secs   av.it.:  17.5
      thresh= 9.998E-06 alpha_mix =  0.700 |ddv_scf|^2 =  1.134E-10

      iter #   9 total cpu time :  7691.1 secs   av.it.:  20.1
      thresh= 1.065E-06 alpha_mix =  0.700 |ddv_scf|^2 =  3.212E-10

      iter #  10 total cpu time :  7699.3 secs   av.it.:  16.9
      thresh= 1.792E-06 alpha_mix =  0.700 |ddv_scf|^2 =  7.030E-12

      iter #  11 total cpu time :  7707.6 secs   av.it.:  19.2
      thresh= 2.651E-07 alpha_mix =  0.700 |ddv_scf|^2 =  1.480E-12

      iter #  12 total cpu time :  7716.7 secs   av.it.:  20.2
      thresh= 1.217E-07 alpha_mix =  0.700 |ddv_scf|^2 =  9.127E-13

      iter #  13 total cpu time :  7725.3 secs   av.it.:  19.2
      thresh= 9.554E-08 alpha_mix =  0.700 |ddv_scf|^2 =  1.146E-12

      iter #  14 total cpu time :  7733.8 secs   av.it.:  16.8
      thresh= 1.071E-07 alpha_mix =  0.700 |ddv_scf|^2 =  2.064E-13

      iter #  15 total cpu time :  7742.4 secs   av.it.:  17.6
      thresh= 4.543E-08 alpha_mix =  0.700 |ddv_scf|^2 =  4.332E-14

      iter #  16 total cpu time :  7750.8 secs   av.it.:  16.8
      thresh= 2.081E-08 alpha_mix =  0.700 |ddv_scf|^2 =  6.990E-15

     End of self-consistent calculation

     Convergence has been achieved 


     Representation #   3 mode #   3

     Self-consistent Calculation

      iter #   1 total cpu time :  7758.9 secs   av.it.:  12.5
      thresh= 1.000E-02 alpha_mix =  0.700 |ddv_scf|^2 =  5.036E-05

      iter #   2 total cpu time :  7768.0 secs   av.it.:  19.9
      thresh= 7.097E-04 alpha_mix =  0.700 |ddv_scf|^2 =  5.372E-05

      iter #   3 total cpu time :  7776.8 secs   av.it.:  18.6
      thresh= 7.329E-04 alpha_mix =  0.700 |ddv_scf|^2 =  1.157E-04

      iter #   4 total cpu time :  7784.9 secs   av.it.:  15.2
      thresh= 1.076E-03 alpha_mix =  0.700 |ddv_scf|^2 =  1.216E-06

      iter #   5 total cpu time :  7793.5 secs   av.it.:  17.9
      thresh= 1.103E-04 alpha_mix =  0.700 |ddv_scf|^2 =  4.224E-07

      iter #   6 total cpu time :  7801.9 secs   av.it.:  16.8
      thresh= 6.499E-05 alpha_mix =  0.700 |ddv_scf|^2 =  2.465E-08

      iter #   7 total cpu time :  7810.2 secs   av.it.:  18.5
      thresh= 1.570E-05 alpha_mix =  0.700 |ddv_scf|^2 =  1.787E-09

      iter #   8 total cpu time :  7818.5 secs   av.it.:  18.1
      thresh= 4.227E-06 alpha_mix =  0.700 |ddv_scf|^2 =  7.670E-11

      iter #   9 total cpu time :  7827.6 secs   av.it.:  19.8
      thresh= 8.758E-07 alpha_mix =  0.700 |ddv_scf|^2 =  5.346E-12

      iter #  10 total cpu time :  7836.7 secs   av.it.:  20.5
      thresh= 2.312E-07 alpha_mix =  0.700 |ddv_scf|^2 =  1.435E-12

      iter #  11 total cpu time :  7845.6 secs   av.it.:  19.2
      thresh= 1.198E-07 alpha_mix =  0.700 |ddv_scf|^2 =  3.944E-13

      iter #  12 total cpu time :  7854.5 secs   av.it.:  19.5
      thresh= 6.280E-08 alpha_mix =  0.700 |ddv_scf|^2 =  3.743E-13

      iter #  13 total cpu time :  7863.1 secs   av.it.:  17.5
      thresh= 6.118E-08 alpha_mix =  0.700 |ddv_scf|^2 =  2.228E-13

      iter #  14 total cpu time :  7871.6 secs   av.it.:  17.0
      thresh= 4.720E-08 alpha_mix =  0.700 |ddv_scf|^2 =  3.294E-14

      iter #  15 total cpu time :  7880.2 secs   av.it.:  17.5
      thresh= 1.815E-08 alpha_mix =  0.700 |ddv_scf|^2 =  8.656E-15

     End of self-consistent calculation

     Convergence has been achieved 


     Representation #   4 mode #   4

     Self-consistent Calculation

      iter #   1 total cpu time :  7889.2 secs   av.it.:  16.2
      thresh= 1.000E-02 alpha_mix =  0.700 |ddv_scf|^2 =  4.867E-04

      iter #   2 total cpu time :  7898.6 secs   av.it.:  21.5
      thresh= 2.206E-03 alpha_mix =  0.700 |ddv_scf|^2 =  3.428E-04

      iter #   3 total cpu time :  7907.8 secs   av.it.:  19.6
      thresh= 1.852E-03 alpha_mix =  0.700 |ddv_scf|^2 =  2.148E-03

      iter #   4 total cpu time :  7915.9 secs   av.it.:  15.4
      thresh= 4.635E-03 alpha_mix =  0.700 |ddv_scf|^2 =  4.068E-06

      iter #   5 total cpu time :  7925.2 secs   av.it.:  21.0
      thresh= 2.017E-04 alpha_mix =  0.700 |ddv_scf|^2 =  8.478E-06

      iter #   6 total cpu time :  7933.5 secs   av.it.:  16.9
      thresh= 2.912E-04 alpha_mix =  0.700 |ddv_scf|^2 =  5.125E-07

      iter #   7 total cpu time :  7942.2 secs   av.it.:  18.0
      thresh= 7.159E-05 alpha_mix =  0.700 |ddv_scf|^2 =  5.922E-08

      iter #   8 total cpu time :  7951.2 secs   av.it.:  19.0
      thresh= 2.433E-05 alpha_mix =  0.700 |ddv_scf|^2 =  7.229E-10

      iter #   9 total cpu time :  7960.3 secs   av.it.:  21.4
      thresh= 2.689E-06 alpha_mix =  0.700 |ddv_scf|^2 =  1.346E-10

      iter #  10 total cpu time :  7969.4 secs   av.it.:  20.8
      thresh= 1.160E-06 alpha_mix =  0.700 |ddv_scf|^2 =  4.789E-11

      iter #  11 total cpu time :  7978.3 secs   av.it.:  19.1
      thresh= 6.920E-07 alpha_mix =  0.700 |ddv_scf|^2 =  3.092E-11

      iter #  12 total cpu time :  7986.9 secs   av.it.:  17.5
      thresh= 5.561E-07 alpha_mix =  0.700 |ddv_scf|^2 =  1.040E-11

      iter #  13 total cpu time :  7995.4 secs   av.it.:  17.1
      thresh= 3.225E-07 alpha_mix =  0.700 |ddv_scf|^2 =  1.578E-13

      iter #  14 total cpu time :  8004.2 secs   av.it.:  20.9
      thresh= 3.972E-08 alpha_mix =  0.700 |ddv_scf|^2 =  4.163E-14

      iter #  15 total cpu time :  8013.4 secs   av.it.:  20.8
      thresh= 2.040E-08 alpha_mix =  0.700 |ddv_scf|^2 =  1.671E-13

      iter #  16 total cpu time :  8021.7 secs   av.it.:  16.1
      thresh= 4.088E-08 alpha_mix =  0.700 |ddv_scf|^2 =  8.603E-15

     End of self-consistent calculation

     Convergence has been achieved 


     Representation #   5 mode #   5

     Self-consistent Calculation

      iter #   1 total cpu time :  8031.1 secs   av.it.:  18.0
      thresh= 1.000E-02 alpha_mix =  0.700 |ddv_scf|^2 =  1.534E-02

      iter #   2 total cpu time :  8040.6 secs   av.it.:  21.8
      thresh= 1.000E-02 alpha_mix =  0.700 |ddv_scf|^2 =  3.431E-01

      iter #   3 total cpu time :  8049.2 secs   av.it.:  20.5
      thresh= 1.000E-02 alpha_mix =  0.700 |ddv_scf|^2 =  3.583E-03

      iter #   4 total cpu time :  8057.8 secs   av.it.:  17.5
      thresh= 5.986E-03 alpha_mix =  0.700 |ddv_scf|^2 =  2.669E-04

      iter #   5 total cpu time :  8066.3 secs   av.it.:  17.1
      thresh= 1.634E-03 alpha_mix =  0.700 |ddv_scf|^2 =  9.908E-05

      iter #   6 total cpu time :  8074.9 secs   av.it.:  17.0
      thresh= 9.954E-04 alpha_mix =  0.700 |ddv_scf|^2 =  6.591E-07

      iter #   7 total cpu time :  8083.9 secs   av.it.:  20.5
      thresh= 8.118E-05 alpha_mix =  0.700 |ddv_scf|^2 =  5.260E-08

      iter #   8 total cpu time :  8093.2 secs   av.it.:  21.1
      thresh= 2.293E-05 alpha_mix =  0.700 |ddv_scf|^2 =  7.004E-09

      iter #   9 total cpu time :  8102.4 secs   av.it.:  20.4
      thresh= 8.369E-06 alpha_mix =  0.700 |ddv_scf|^2 =  1.395E-09

      iter #  10 total cpu time :  8111.3 secs   av.it.:  19.5
      thresh= 3.735E-06 alpha_mix =  0.700 |ddv_scf|^2 =  1.016E-10

      iter #  11 total cpu time :  8120.4 secs   av.it.:  20.4
      thresh= 1.008E-06 alpha_mix =  0.700 |ddv_scf|^2 =  2.402E-10

      iter #  12 total cpu time :  8129.1 secs   av.it.:  17.5
      thresh= 1.550E-06 alpha_mix =  0.700 |ddv_scf|^2 =  8.337E-11

      iter #  13 total cpu time :  8137.8 secs   av.it.:  17.8
      thresh= 9.131E-07 alpha_mix =  0.700 |ddv_scf|^2 =  1.451E-11

      iter #  14 total cpu time :  8146.0 secs   av.it.:  18.4
      thresh= 3.809E-07 alpha_mix =  0.700 |ddv_scf|^2 =  1.438E-12

      iter #  15 total cpu time :  8154.8 secs   av.it.:  18.4
      thresh= 1.199E-07 alpha_mix =  0.700 |ddv_scf|^2 =  1.637E-13

      iter #  16 total cpu time :  8163.9 secs   av.it.:  20.1
      thresh= 4.046E-08 alpha_mix =  0.700 |ddv_scf|^2 =  1.006E-13

      iter #  17 total cpu time :  8172.7 secs   av.it.:  18.1
      thresh= 3.172E-08 alpha_mix =  0.700 |ddv_scf|^2 =  1.750E-14

      iter #  18 total cpu time :  8181.4 secs   av.it.:  18.6
      thresh= 1.323E-08 alpha_mix =  0.700 |ddv_scf|^2 =  5.718E-15

     End of self-consistent calculation

     Convergence has been achieved 


     Representation #   6 mode #   6

     Self-consistent Calculation

      iter #   1 total cpu time :  8190.2 secs   av.it.:  16.5
      thresh= 1.000E-02 alpha_mix =  0.700 |ddv_scf|^2 =  8.821E-04

      iter #   2 total cpu time :  8198.9 secs   av.it.:  21.4
      thresh= 2.970E-03 alpha_mix =  0.700 |ddv_scf|^2 =  6.230E-04

      iter #   3 total cpu time :  8207.9 secs   av.it.:  19.6
      thresh= 2.496E-03 alpha_mix =  0.700 |ddv_scf|^2 =  7.259E-04

      iter #   4 total cpu time :  8216.2 secs   av.it.:  15.9
      thresh= 2.694E-03 alpha_mix =  0.700 |ddv_scf|^2 =  6.863E-05

      iter #   5 total cpu time :  8224.7 secs   av.it.:  17.2
      thresh= 8.284E-04 alpha_mix =  0.700 |ddv_scf|^2 =  2.795E-05

      iter #   6 total cpu time :  8233.1 secs   av.it.:  16.9
      thresh= 5.287E-04 alpha_mix =  0.700 |ddv_scf|^2 =  3.726E-07

      iter #   7 total cpu time :  8241.6 secs   av.it.:  19.6
      thresh= 6.104E-05 alpha_mix =  0.700 |ddv_scf|^2 =  1.778E-07

      iter #   8 total cpu time :  8250.5 secs   av.it.:  18.0
      thresh= 4.216E-05 alpha_mix =  0.700 |ddv_scf|^2 =  1.363E-09

      iter #   9 total cpu time :  8259.9 secs   av.it.:  21.9
      thresh= 3.691E-06 alpha_mix =  0.700 |ddv_scf|^2 =  5.483E-10

      iter #  10 total cpu time :  8269.0 secs   av.it.:  20.5
      thresh= 2.341E-06 alpha_mix =  0.700 |ddv_scf|^2 =  5.878E-11

      iter #  11 total cpu time :  8278.2 secs   av.it.:  20.2
      thresh= 7.667E-07 alpha_mix =  0.700 |ddv_scf|^2 =  4.815E-11

      iter #  12 total cpu time :  8286.5 secs   av.it.:  18.2
      thresh= 6.939E-07 alpha_mix =  0.700 |ddv_scf|^2 =  2.308E-11

      iter #  13 total cpu time :  8294.5 secs   av.it.:  17.2
      thresh= 4.805E-07 alpha_mix =  0.700 |ddv_scf|^2 =  6.949E-12

      iter #  14 total cpu time :  8302.6 secs   av.it.:  16.4
      thresh= 2.636E-07 alpha_mix =  0.700 |ddv_scf|^2 =  2.926E-12

      iter #  15 total cpu time :  8311.2 secs   av.it.:  17.5
      thresh= 1.710E-07 alpha_mix =  0.700 |ddv_scf|^2 =  5.094E-14

      iter #  16 total cpu time :  8319.9 secs   av.it.:  20.9
      thresh= 2.257E-08 alpha_mix =  0.700 |ddv_scf|^2 =  1.707E-14

      iter #  17 total cpu time :  8329.0 secs   av.it.:  20.2
      thresh= 1.306E-08 alpha_mix =  0.700 |ddv_scf|^2 =  7.947E-15

     End of self-consistent calculation

     Convergence has been achieved 


     Representation #   7 mode #   7

     Self-consistent Calculation

      iter #   1 total cpu time :  8336.3 secs   av.it.:   8.0
      thresh= 1.000E-02 alpha_mix =  0.700 |ddv_scf|^2 =  5.899E-07

      iter #   2 total cpu time :  8345.3 secs   av.it.:  19.6
      thresh= 7.680E-05 alpha_mix =  0.700 |ddv_scf|^2 =  1.760E-06

      iter #   3 total cpu time :  8353.8 secs   av.it.:  17.0
      thresh= 1.327E-04 alpha_mix =  0.700 |ddv_scf|^2 =  1.874E-06

      iter #   4 total cpu time :  8362.1 secs   av.it.:  15.8
      thresh= 1.369E-04 alpha_mix =  0.700 |ddv_scf|^2 =  6.936E-09

      iter #   5 total cpu time :  8370.9 secs   av.it.:  20.2
      thresh= 8.328E-06 alpha_mix =  0.700 |ddv_scf|^2 =  2.160E-08

      iter #   6 total cpu time :  8379.3 secs   av.it.:  16.6
      thresh= 1.470E-05 alpha_mix =  0.700 |ddv_scf|^2 =  9.543E-10

      iter #   7 total cpu time :  8388.4 secs   av.it.:  19.8
      thresh= 3.089E-06 alpha_mix =  0.700 |ddv_scf|^2 =  7.611E-10

      iter #   8 total cpu time :  8397.0 secs   av.it.:  17.5
      thresh= 2.759E-06 alpha_mix =  0.700 |ddv_scf|^2 =  7.215E-11

      iter #   9 total cpu time :  8405.5 secs   av.it.:  17.2
      thresh= 8.494E-07 alpha_mix =  0.700 |ddv_scf|^2 =  1.459E-12

      iter #  10 total cpu time :  8414.9 secs   av.it.:  21.0
      thresh= 1.208E-07 alpha_mix =  0.700 |ddv_scf|^2 =  4.125E-13

      iter #  11 total cpu time :  8424.0 secs   av.it.:  20.0
      thresh= 6.423E-08 alpha_mix =  0.700 |ddv_scf|^2 =  3.817E-14

      iter #  12 total cpu time :  8432.9 secs   av.it.:  18.8
      thresh= 1.954E-08 alpha_mix =  0.700 |ddv_scf|^2 =  4.506E-14

      iter #  13 total cpu time :  8441.3 secs   av.it.:  17.0
      thresh= 2.123E-08 alpha_mix =  0.700 |ddv_scf|^2 =  5.531E-15

     End of self-consistent calculation

     Convergence has been achieved 


     Representation #   8 mode #   8

     Self-consistent Calculation

      iter #   1 total cpu time :  8449.1 secs   av.it.:  10.0
      thresh= 1.000E-02 alpha_mix =  0.700 |ddv_scf|^2 =  1.057E-04

      iter #   2 total cpu time :  8457.9 secs   av.it.:  20.4
      thresh= 1.028E-03 alpha_mix =  0.700 |ddv_scf|^2 =  2.890E-03

      iter #   3 total cpu time :  8465.9 secs   av.it.:  14.9
      thresh= 5.376E-03 alpha_mix =  0.700 |ddv_scf|^2 =  9.725E-06

      iter #   4 total cpu time :  8474.5 secs   av.it.:  17.1
      thresh= 3.119E-04 alpha_mix =  0.700 |ddv_scf|^2 =  8.180E-07

      iter #   5 total cpu time :  8482.9 secs   av.it.:  17.5
      thresh= 9.044E-05 alpha_mix =  0.700 |ddv_scf|^2 =  2.517E-07

      iter #   6 total cpu time :  8491.3 secs   av.it.:  16.6
      thresh= 5.017E-05 alpha_mix =  0.700 |ddv_scf|^2 =  2.999E-09

      iter #   7 total cpu time :  8500.3 secs   av.it.:  19.4
      thresh= 5.477E-06 alpha_mix =  0.700 |ddv_scf|^2 =  1.257E-10

      iter #   8 total cpu time :  8509.4 secs   av.it.:  20.1
      thresh= 1.121E-06 alpha_mix =  0.700 |ddv_scf|^2 =  2.956E-11

      iter #   9 total cpu time :  8518.4 secs   av.it.:  20.8
      thresh= 5.437E-07 alpha_mix =  0.700 |ddv_scf|^2 =  1.792E-11

      iter #  10 total cpu time :  8527.3 secs   av.it.:  18.5
      thresh= 4.233E-07 alpha_mix =  0.700 |ddv_scf|^2 =  1.298E-11

      iter #  11 total cpu time :  8535.7 secs   av.it.:  16.6
      thresh= 3.603E-07 alpha_mix =  0.700 |ddv_scf|^2 =  5.137E-12

      iter #  12 total cpu time :  8544.2 secs   av.it.:  17.1
      thresh= 2.267E-07 alpha_mix =  0.700 |ddv_scf|^2 =  3.759E-12

      iter #  13 total cpu time :  8552.5 secs   av.it.:  17.1
      thresh= 1.939E-07 alpha_mix =  0.700 |ddv_scf|^2 =  6.956E-14

      iter #  14 total cpu time :  8561.3 secs   av.it.:  19.0
      thresh= 2.637E-08 alpha_mix =  0.700 |ddv_scf|^2 =  2.123E-15

     End of self-consistent calculation

     Convergence has been achieved 


     Representation #   9 mode #   9

     Self-consistent Calculation

      iter #   1 total cpu time :  8568.8 secs   av.it.:   9.1
      thresh= 1.000E-02 alpha_mix =  0.700 |ddv_scf|^2 =  1.853E-06

      iter #   2 total cpu time :  8578.1 secs   av.it.:  20.6
      thresh= 1.361E-04 alpha_mix =  0.700 |ddv_scf|^2 =  4.006E-06

      iter #   3 total cpu time :  8586.7 secs   av.it.:  17.9
      thresh= 2.002E-04 alpha_mix =  0.700 |ddv_scf|^2 =  7.442E-06

      iter #   4 total cpu time :  8595.0 secs   av.it.:  15.6
      thresh= 2.728E-04 alpha_mix =  0.700 |ddv_scf|^2 =  4.028E-09

      iter #   5 total cpu time :  8604.3 secs   av.it.:  21.0
      thresh= 6.347E-06 alpha_mix =  0.700 |ddv_scf|^2 =  9.339E-09

      iter #   6 total cpu time :  8612.7 secs   av.it.:  16.5
      thresh= 9.664E-06 alpha_mix =  0.700 |ddv_scf|^2 =  8.574E-10

      iter #   7 total cpu time :  8621.6 secs   av.it.:  18.8
      thresh= 2.928E-06 alpha_mix =  0.700 |ddv_scf|^2 =  3.367E-10

      iter #   8 total cpu time :  8630.3 secs   av.it.:  18.0
      thresh= 1.835E-06 alpha_mix =  0.700 |ddv_scf|^2 =  2.739E-11

      iter #   9 total cpu time :  8639.1 secs   av.it.:  18.6
      thresh= 5.233E-07 alpha_mix =  0.700 |ddv_scf|^2 =  2.716E-12

      iter #  10 total cpu time :  8648.2 secs   av.it.:  20.0
      thresh= 1.648E-07 alpha_mix =  0.700 |ddv_scf|^2 =  2.349E-12

      iter #  11 total cpu time :  8656.6 secs   av.it.:  17.5
      thresh= 1.533E-07 alpha_mix =  0.700 |ddv_scf|^2 =  4.184E-14

      iter #  12 total cpu time :  8665.7 secs   av.it.:  19.2
      thresh= 2.045E-08 alpha_mix =  0.700 |ddv_scf|^2 =  7.485E-14

      iter #  13 total cpu time :  8674.0 secs   av.it.:  16.1
      thresh= 2.736E-08 alpha_mix =  0.700 |ddv_scf|^2 =  3.242E-15

     End of self-consistent calculation

     Convergence has been achieved 


     Representation #  10 mode #  10

     Self-consistent Calculation

      iter #   1 total cpu time :  8681.2 secs   av.it.:   8.0
      thresh= 1.000E-02 alpha_mix =  0.700 |ddv_scf|^2 =  5.510E-07

      iter #   2 total cpu time :  8690.0 secs   av.it.:  19.8
      thresh= 7.423E-05 alpha_mix =  0.700 |ddv_scf|^2 =  4.460E-07

      iter #   3 total cpu time :  8698.3 secs   av.it.:  18.8
      thresh= 6.678E-05 alpha_mix =  0.700 |ddv_scf|^2 =  1.347E-06

      iter #   4 total cpu time :  8706.7 secs   av.it.:  15.8
      thresh= 1.161E-04 alpha_mix =  0.700 |ddv_scf|^2 =  2.253E-07

      iter #   5 total cpu time :  8715.0 secs   av.it.:  16.0
      thresh= 4.747E-05 alpha_mix =  0.700 |ddv_scf|^2 =  1.026E-08

      iter #   6 total cpu time :  8723.2 secs   av.it.:  17.8
      thresh= 1.013E-05 alpha_mix =  0.700 |ddv_scf|^2 =  6.576E-09

      iter #   7 total cpu time :  8731.7 secs   av.it.:  17.0
      thresh= 8.110E-06 alpha_mix =  0.700 |ddv_scf|^2 =  4.323E-10

      iter #   8 total cpu time :  8740.5 secs   av.it.:  18.1
      thresh= 2.079E-06 alpha_mix =  0.700 |ddv_scf|^2 =  4.489E-11

      iter #   9 total cpu time :  8749.3 secs   av.it.:  18.2
      thresh= 6.700E-07 alpha_mix =  0.700 |ddv_scf|^2 =  3.190E-12

      iter #  10 total cpu time :  8757.8 secs   av.it.:  19.0
      thresh= 1.786E-07 alpha_mix =  0.700 |ddv_scf|^2 =  4.618E-13

      iter #  11 total cpu time :  8766.7 secs   av.it.:  19.0
      thresh= 6.796E-08 alpha_mix =  0.700 |ddv_scf|^2 =  4.621E-13

      iter #  12 total cpu time :  8775.2 secs   av.it.:  17.0
      thresh= 6.798E-08 alpha_mix =  0.700 |ddv_scf|^2 =  4.455E-15

     End of self-consistent calculation

     Convergence has been achieved 


     Representation #  11 mode #  11

     Self-consistent Calculation

      iter #   1 total cpu time :  8782.9 secs   av.it.:   9.8
      thresh= 1.000E-02 alpha_mix =  0.700 |ddv_scf|^2 =  5.375E-05

      iter #   2 total cpu time :  8791.5 secs   av.it.:  19.8
      thresh= 7.332E-04 alpha_mix =  0.700 |ddv_scf|^2 =  4.981E-04

      iter #   3 total cpu time :  8799.7 secs   av.it.:  15.6
      thresh= 2.232E-03 alpha_mix =  0.700 |ddv_scf|^2 =  1.554E-06

      iter #   4 total cpu time :  8808.1 secs   av.it.:  18.4
      thresh= 1.247E-04 alpha_mix =  0.700 |ddv_scf|^2 =  2.678E-06

      iter #   5 total cpu time :  8816.3 secs   av.it.:  15.5
      thresh= 1.637E-04 alpha_mix =  0.700 |ddv_scf|^2 =  5.237E-08

      iter #   6 total cpu time :  8825.2 secs   av.it.:  19.0
      thresh= 2.288E-05 alpha_mix =  0.700 |ddv_scf|^2 =  6.354E-09

      iter #   7 total cpu time :  8834.0 secs   av.it.:  18.5
      thresh= 7.971E-06 alpha_mix =  0.700 |ddv_scf|^2 =  1.923E-10

      iter #   8 total cpu time :  8843.3 secs   av.it.:  21.2
      thresh= 1.387E-06 alpha_mix =  0.700 |ddv_scf|^2 =  3.340E-10

      iter #   9 total cpu time :  8852.2 secs   av.it.:  18.9
      thresh= 1.828E-06 alpha_mix =  0.700 |ddv_scf|^2 =  1.511E-10

      iter #  10 total cpu time :  8860.7 secs   av.it.:  16.8
      thresh= 1.229E-06 alpha_mix =  0.700 |ddv_scf|^2 =  1.577E-11

      iter #  11 total cpu time :  8869.6 secs   av.it.:  19.6
      thresh= 3.971E-07 alpha_mix =  0.700 |ddv_scf|^2 =  1.131E-11

      iter #  12 total cpu time :  8878.4 secs   av.it.:  18.8
      thresh= 3.363E-07 alpha_mix =  0.700 |ddv_scf|^2 =  1.161E-11

      iter #  13 total cpu time :  8886.8 secs   av.it.:  16.6
      thresh= 3.407E-07 alpha_mix =  0.700 |ddv_scf|^2 =  2.118E-13

      iter #  14 total cpu time :  8895.8 secs   av.it.:  19.1
      thresh= 4.602E-08 alpha_mix =  0.700 |ddv_scf|^2 =  2.717E-14

      iter #  15 total cpu time :  8904.9 secs   av.it.:  19.8
      thresh= 1.648E-08 alpha_mix =  0.700 |ddv_scf|^2 =  1.099E-13

      iter #  16 total cpu time :  8913.0 secs   av.it.:  17.0
      thresh= 3.315E-08 alpha_mix =  0.700 |ddv_scf|^2 =  2.944E-15

     End of self-consistent calculation

     Convergence has been achieved 


     Representation #  12 mode #  12

     Self-consistent Calculation

      iter #   1 total cpu time :  8920.4 secs   av.it.:   8.8
      thresh= 1.000E-02 alpha_mix =  0.700 |ddv_scf|^2 =  2.007E-06

      iter #   2 total cpu time :  8929.6 secs   av.it.:  20.0
      thresh= 1.417E-04 alpha_mix =  0.700 |ddv_scf|^2 =  7.842E-06

      iter #   3 total cpu time :  8938.0 secs   av.it.:  16.9
      thresh= 2.800E-04 alpha_mix =  0.700 |ddv_scf|^2 =  7.090E-06

      iter #   4 total cpu time :  8946.2 secs   av.it.:  15.5
      thresh= 2.663E-04 alpha_mix =  0.700 |ddv_scf|^2 =  1.126E-07

      iter #   5 total cpu time :  8954.5 secs   av.it.:  17.5
      thresh= 3.355E-05 alpha_mix =  0.700 |ddv_scf|^2 =  2.043E-08

      iter #   6 total cpu time :  8963.2 secs   av.it.:  17.9
      thresh= 1.429E-05 alpha_mix =  0.700 |ddv_scf|^2 =  1.172E-08

      iter #   7 total cpu time :  8971.7 secs   av.it.:  17.6
      thresh= 1.083E-05 alpha_mix =  0.700 |ddv_scf|^2 =  5.662E-10

      iter #   8 total cpu time :  8980.4 secs   av.it.:  17.5
      thresh= 2.380E-06 alpha_mix =  0.700 |ddv_scf|^2 =  2.098E-11

      iter #   9 total cpu time :  8989.1 secs   av.it.:  20.5
      thresh= 4.581E-07 alpha_mix =  0.700 |ddv_scf|^2 =  3.355E-11

      iter #  10 total cpu time :  8997.9 secs   av.it.:  18.5
      thresh= 5.792E-07 alpha_mix =  0.700 |ddv_scf|^2 =  5.045E-12

      iter #  11 total cpu time :  9006.8 secs   av.it.:  19.5
      thresh= 2.246E-07 alpha_mix =  0.700 |ddv_scf|^2 =  3.988E-12

      iter #  12 total cpu time :  9015.2 secs   av.it.:  16.6
      thresh= 1.997E-07 alpha_mix =  0.700 |ddv_scf|^2 =  4.246E-13

      iter #  13 total cpu time :  9023.3 secs   av.it.:  16.5
      thresh= 6.516E-08 alpha_mix =  0.700 |ddv_scf|^2 =  2.822E-13

      iter #  14 total cpu time :  9031.5 secs   av.it.:  15.8
      thresh= 5.312E-08 alpha_mix =  0.700 |ddv_scf|^2 =  1.671E-15

     End of self-consistent calculation

     Convergence has been achieved 


     Representation #  13 mode #  13

     Self-consistent Calculation

      iter #   1 total cpu time :  9038.6 secs   av.it.:   7.0
      thresh= 1.000E-02 alpha_mix =  0.700 |ddv_scf|^2 =  9.763E-08

      iter #   2 total cpu time :  9047.9 secs   av.it.:  21.4
      thresh= 3.125E-05 alpha_mix =  0.700 |ddv_scf|^2 =  1.792E-07

      iter #   3 total cpu time :  9056.7 secs   av.it.:  18.4
      thresh= 4.233E-05 alpha_mix =  0.700 |ddv_scf|^2 =  3.649E-07

      iter #   4 total cpu time :  9065.0 secs   av.it.:  15.8
      thresh= 6.040E-05 alpha_mix =  0.700 |ddv_scf|^2 =  2.637E-08

      iter #   5 total cpu time :  9073.3 secs   av.it.:  16.9
      thresh= 1.624E-05 alpha_mix =  0.700 |ddv_scf|^2 =  1.141E-09

      iter #   6 total cpu time :  9082.2 secs   av.it.:  19.1
      thresh= 3.379E-06 alpha_mix =  0.700 |ddv_scf|^2 =  4.638E-10

      iter #   7 total cpu time :  9090.9 secs   av.it.:  17.9
      thresh= 2.154E-06 alpha_mix =  0.700 |ddv_scf|^2 =  1.463E-11

      iter #   8 total cpu time :  9099.8 secs   av.it.:  19.2
      thresh= 3.825E-07 alpha_mix =  0.700 |ddv_scf|^2 =  2.310E-12

      iter #   9 total cpu time :  9108.9 secs   av.it.:  19.9
      thresh= 1.520E-07 alpha_mix =  0.700 |ddv_scf|^2 =  3.881E-13

      iter #  10 total cpu time :  9117.8 secs   av.it.:  19.4
      thresh= 6.230E-08 alpha_mix =  0.700 |ddv_scf|^2 =  2.272E-13

      iter #  11 total cpu time :  9126.5 secs   av.it.:  19.9
      thresh= 4.767E-08 alpha_mix =  0.700 |ddv_scf|^2 =  2.978E-13

      iter #  12 total cpu time :  9134.9 secs   av.it.:  16.6
      thresh= 5.457E-08 alpha_mix =  0.700 |ddv_scf|^2 =  3.886E-14

      iter #  13 total cpu time :  9143.4 secs   av.it.:  18.5
      thresh= 1.971E-08 alpha_mix =  0.700 |ddv_scf|^2 =  4.830E-14

      iter #  14 total cpu time :  9151.7 secs   av.it.:  15.6
      thresh= 2.198E-08 alpha_mix =  0.700 |ddv_scf|^2 =  4.777E-16

     End of self-consistent calculation

     Convergence has been achieved 


     Representation #  14 mode #  14

     Self-consistent Calculation

      iter #   1 total cpu time :  9159.0 secs   av.it.:   8.1
      thresh= 1.000E-02 alpha_mix =  0.700 |ddv_scf|^2 =  1.277E-05

      iter #   2 total cpu time :  9167.5 secs   av.it.:  20.4
      thresh= 3.574E-04 alpha_mix =  0.700 |ddv_scf|^2 =  3.455E-04

      iter #   3 total cpu time :  9175.6 secs   av.it.:  14.9
      thresh= 1.859E-03 alpha_mix =  0.700 |ddv_scf|^2 =  1.439E-06

      iter #   4 total cpu time :  9184.2 secs   av.it.:  17.2
      thresh= 1.200E-04 alpha_mix =  0.700 |ddv_scf|^2 =  1.075E-07

      iter #   5 total cpu time :  9192.8 secs   av.it.:  17.9
      thresh= 3.279E-05 alpha_mix =  0.700 |ddv_scf|^2 =  1.610E-08

      iter #   6 total cpu time :  9201.5 secs   av.it.:  17.9
      thresh= 1.269E-05 alpha_mix =  0.700 |ddv_scf|^2 =  1.690E-09

      iter #   7 total cpu time :  9210.2 secs   av.it.:  17.9
      thresh= 4.110E-06 alpha_mix =  0.700 |ddv_scf|^2 =  8.594E-12

      iter #   8 total cpu time :  9219.2 secs   av.it.:  19.5
      thresh= 2.932E-07 alpha_mix =  0.700 |ddv_scf|^2 =  1.650E-12

      iter #   9 total cpu time :  9228.1 secs   av.it.:  19.5
      thresh= 1.285E-07 alpha_mix =  0.700 |ddv_scf|^2 =  1.042E-12

      iter #  10 total cpu time :  9236.6 secs   av.it.:  18.6
      thresh= 1.021E-07 alpha_mix =  0.700 |ddv_scf|^2 =  1.704E-12

      iter #  11 total cpu time :  9245.0 secs   av.it.:  16.1
      thresh= 1.306E-07 alpha_mix =  0.700 |ddv_scf|^2 =  1.677E-14

      iter #  12 total cpu time :  9254.3 secs   av.it.:  21.0
      thresh= 1.295E-08 alpha_mix =  0.700 |ddv_scf|^2 =  2.470E-14

      iter #  13 total cpu time :  9263.1 secs   av.it.:  18.8
      thresh= 1.572E-08 alpha_mix =  0.700 |ddv_scf|^2 =  4.013E-14

      iter #  14 total cpu time :  9271.4 secs   av.it.:  15.8
      thresh= 2.003E-08 alpha_mix =  0.700 |ddv_scf|^2 =  1.106E-16

     End of self-consistent calculation

     Convergence has been achieved 


     Representation #  15 mode #  15

     Self-consistent Calculation

      iter #   1 total cpu time :  9278.4 secs   av.it.:   7.1
      thresh= 1.000E-02 alpha_mix =  0.700 |ddv_scf|^2 =  3.207E-07

      iter #   2 total cpu time :  9287.5 secs   av.it.:  20.9
      thresh= 5.663E-05 alpha_mix =  0.700 |ddv_scf|^2 =  8.446E-07

      iter #   3 total cpu time :  9296.2 secs   av.it.:  18.0
      thresh= 9.190E-05 alpha_mix =  0.700 |ddv_scf|^2 =  1.008E-06

      iter #   4 total cpu time :  9304.5 secs   av.it.:  15.9
      thresh= 1.004E-04 alpha_mix =  0.700 |ddv_scf|^2 =  3.620E-08

      iter #   5 total cpu time :  9312.5 secs   av.it.:  16.9
      thresh= 1.903E-05 alpha_mix =  0.700 |ddv_scf|^2 =  2.959E-09

      iter #   6 total cpu time :  9321.1 secs   av.it.:  18.2
      thresh= 5.440E-06 alpha_mix =  0.700 |ddv_scf|^2 =  6.269E-11

      iter #   7 total cpu time :  9330.2 secs   av.it.:  20.4
      thresh= 7.918E-07 alpha_mix =  0.700 |ddv_scf|^2 =  1.686E-11

      iter #   8 total cpu time :  9339.2 secs   av.it.:  19.5
      thresh= 4.106E-07 alpha_mix =  0.700 |ddv_scf|^2 =  7.637E-12

      iter #   9 total cpu time :  9348.1 secs   av.it.:  18.9
      thresh= 2.764E-07 alpha_mix =  0.700 |ddv_scf|^2 =  7.150E-13

      iter #  10 total cpu time :  9357.2 secs   av.it.:  20.0
      thresh= 8.456E-08 alpha_mix =  0.700 |ddv_scf|^2 =  4.806E-13

      iter #  11 total cpu time :  9365.8 secs   av.it.:  17.6
      thresh= 6.932E-08 alpha_mix =  0.700 |ddv_scf|^2 =  9.744E-14

      iter #  12 total cpu time :  9373.9 secs   av.it.:  18.2
      thresh= 3.122E-08 alpha_mix =  0.700 |ddv_scf|^2 =  6.150E-15

     End of self-consistent calculation

     Convergence has been achieved 


     Representation #  16 mode #  16

     Self-consistent Calculation

      iter #   1 total cpu time :  9381.0 secs   av.it.:   7.1
      thresh= 1.000E-02 alpha_mix =  0.700 |ddv_scf|^2 =  2.574E-07

      iter #   2 total cpu time :  9390.1 secs   av.it.:  20.2
      thresh= 5.074E-05 alpha_mix =  0.700 |ddv_scf|^2 =  4.776E-06

      iter #   3 total cpu time :  9398.3 secs   av.it.:  15.0
      thresh= 2.185E-04 alpha_mix =  0.700 |ddv_scf|^2 =  3.410E-08

      iter #   4 total cpu time :  9407.2 secs   av.it.:  18.8
      thresh= 1.847E-05 alpha_mix =  0.700 |ddv_scf|^2 =  1.730E-09

      iter #   5 total cpu time :  9416.0 secs   av.it.:  18.6
      thresh= 4.160E-06 alpha_mix =  0.700 |ddv_scf|^2 =  8.459E-10

      iter #   6 total cpu time :  9424.6 secs   av.it.:  16.9
      thresh= 2.908E-06 alpha_mix =  0.700 |ddv_scf|^2 =  2.487E-10

      iter #   7 total cpu time :  9433.3 secs   av.it.:  18.1
      thresh= 1.577E-06 alpha_mix =  0.700 |ddv_scf|^2 =  3.696E-11

      iter #   8 total cpu time :  9442.0 secs   av.it.:  17.9
      thresh= 6.079E-07 alpha_mix =  0.700 |ddv_scf|^2 =  1.055E-11

      iter #   9 total cpu time :  9450.6 secs   av.it.:  17.2
      thresh= 3.248E-07 alpha_mix =  0.700 |ddv_scf|^2 =  2.723E-13

      iter #  10 total cpu time :  9460.0 secs   av.it.:  21.5
      thresh= 5.218E-08 alpha_mix =  0.700 |ddv_scf|^2 =  2.778E-13

      iter #  11 total cpu time :  9469.0 secs   av.it.:  19.4
      thresh= 5.271E-08 alpha_mix =  0.700 |ddv_scf|^2 =  5.346E-14

      iter #  12 total cpu time :  9477.8 secs   av.it.:  18.5
      thresh= 2.312E-08 alpha_mix =  0.700 |ddv_scf|^2 =  3.594E-14

      iter #  13 total cpu time :  9486.2 secs   av.it.:  16.9
      thresh= 1.896E-08 alpha_mix =  0.700 |ddv_scf|^2 =  6.437E-15

     End of self-consistent calculation

     Convergence has been achieved 


     Representation #  17 mode #  17

     Self-consistent Calculation

      iter #   1 total cpu time :  9493.5 secs   av.it.:   8.0
      thresh= 1.000E-02 alpha_mix =  0.700 |ddv_scf|^2 =  6.124E-06

      iter #   2 total cpu time :  9502.6 secs   av.it.:  19.9
      thresh= 2.475E-04 alpha_mix =  0.700 |ddv_scf|^2 =  5.663E-05

      iter #   3 total cpu time :  9510.8 secs   av.it.:  15.8
      thresh= 7.526E-04 alpha_mix =  0.700 |ddv_scf|^2 =  1.043E-07

      iter #   4 total cpu time :  9519.9 secs   av.it.:  19.8
      thresh= 3.230E-05 alpha_mix =  0.700 |ddv_scf|^2 =  3.734E-07

      iter #   5 total cpu time :  9528.0 secs   av.it.:  15.4
      thresh= 6.111E-05 alpha_mix =  0.700 |ddv_scf|^2 =  2.986E-09

      iter #   6 total cpu time :  9537.1 secs   av.it.:  19.9
      thresh= 5.464E-06 alpha_mix =  0.700 |ddv_scf|^2 =  1.451E-09

      iter #   7 total cpu time :  9545.8 secs   av.it.:  17.9
      thresh= 3.810E-06 alpha_mix =  0.700 |ddv_scf|^2 =  4.555E-12

      iter #   8 total cpu time :  9555.2 secs   av.it.:  21.8
      thresh= 2.134E-07 alpha_mix =  0.700 |ddv_scf|^2 =  3.278E-12

      iter #   9 total cpu time :  9564.3 secs   av.it.:  20.0
      thresh= 1.810E-07 alpha_mix =  0.700 |ddv_scf|^2 =  5.581E-12

      iter #  10 total cpu time :  9572.7 secs   av.it.:  16.6
      thresh= 2.362E-07 alpha_mix =  0.700 |ddv_scf|^2 =  3.982E-13

      iter #  11 total cpu time :  9581.5 secs   av.it.:  18.8
      thresh= 6.310E-08 alpha_mix =  0.700 |ddv_scf|^2 =  1.007E-13

      iter #  12 total cpu time :  9590.6 secs   av.it.:  19.8
      thresh= 3.174E-08 alpha_mix =  0.700 |ddv_scf|^2 =  2.109E-13

      iter #  13 total cpu time :  9599.1 secs   av.it.:  17.0
      thresh= 4.592E-08 alpha_mix =  0.700 |ddv_scf|^2 =  8.789E-15

     End of self-consistent calculation

     Convergence has been achieved 


     Representation #  18 mode #  18

     Self-consistent Calculation

      iter #   1 total cpu time :  9606.3 secs   av.it.:   7.5
      thresh= 1.000E-02 alpha_mix =  0.700 |ddv_scf|^2 =  7.840E-07

      iter #   2 total cpu time :  9615.5 secs   av.it.:  20.5
      thresh= 8.855E-05 alpha_mix =  0.700 |ddv_scf|^2 =  1.797E-05

      iter #   3 total cpu time :  9623.6 secs   av.it.:  14.8
      thresh= 4.239E-04 alpha_mix =  0.700 |ddv_scf|^2 =  3.145E-07

      iter #   4 total cpu time :  9632.4 secs   av.it.:  19.0
      thresh= 5.608E-05 alpha_mix =  0.700 |ddv_scf|^2 =  5.503E-08

      iter #   5 total cpu time :  9640.7 secs   av.it.:  16.5
      thresh= 2.346E-05 alpha_mix =  0.700 |ddv_scf|^2 =  1.359E-08

      iter #   6 total cpu time :  9649.1 secs   av.it.:  16.9
      thresh= 1.166E-05 alpha_mix =  0.700 |ddv_scf|^2 =  6.691E-10

      iter #   7 total cpu time :  9657.9 secs   av.it.:  18.6
      thresh= 2.587E-06 alpha_mix =  0.700 |ddv_scf|^2 =  1.268E-11

      iter #   8 total cpu time :  9667.0 secs   av.it.:  20.4
      thresh= 3.561E-07 alpha_mix =  0.700 |ddv_scf|^2 =  3.726E-12

      iter #   9 total cpu time :  9676.1 secs   av.it.:  19.8
      thresh= 1.930E-07 alpha_mix =  0.700 |ddv_scf|^2 =  4.491E-13

      iter #  10 total cpu time :  9685.2 secs   av.it.:  20.4
      thresh= 6.702E-08 alpha_mix =  0.700 |ddv_scf|^2 =  1.531E-12

      iter #  11 total cpu time :  9693.6 secs   av.it.:  16.5
      thresh= 1.237E-07 alpha_mix =  0.700 |ddv_scf|^2 =  2.450E-13

      iter #  12 total cpu time :  9702.0 secs   av.it.:  16.6
      thresh= 4.949E-08 alpha_mix =  0.700 |ddv_scf|^2 =  8.148E-14

      iter #  13 total cpu time :  9710.6 secs   av.it.:  18.0
      thresh= 2.854E-08 alpha_mix =  0.700 |ddv_scf|^2 =  8.464E-15

     End of self-consistent calculation

     Convergence has been achieved 


     Representation #  19 mode #  19

     Self-consistent Calculation

      iter #   1 total cpu time :  9717.8 secs   av.it.:   8.0
      thresh= 1.000E-02 alpha_mix =  0.700 |ddv_scf|^2 =  2.126E-07

      iter #   2 total cpu time :  9726.8 secs   av.it.:  21.6
      thresh= 4.610E-05 alpha_mix =  0.700 |ddv_scf|^2 =  3.808E-06

      iter #   3 total cpu time :  9734.9 secs   av.it.:  14.9
      thresh= 1.951E-04 alpha_mix =  0.700 |ddv_scf|^2 =  3.453E-08

      iter #   4 total cpu time :  9743.9 secs   av.it.:  19.5
      thresh= 1.858E-05 alpha_mix =  0.700 |ddv_scf|^2 =  2.287E-08

      iter #   5 total cpu time :  9752.2 secs   av.it.:  16.2
      thresh= 1.512E-05 alpha_mix =  0.700 |ddv_scf|^2 =  2.224E-09

      iter #   6 total cpu time :  9761.0 secs   av.it.:  18.4
      thresh= 4.716E-06 alpha_mix =  0.700 |ddv_scf|^2 =  5.121E-10

      iter #   7 total cpu time :  9769.6 secs   av.it.:  17.8
      thresh= 2.263E-06 alpha_mix =  0.700 |ddv_scf|^2 =  5.761E-12

      iter #   8 total cpu time :  9778.5 secs   av.it.:  19.6
      thresh= 2.400E-07 alpha_mix =  0.700 |ddv_scf|^2 =  1.249E-12

      iter #   9 total cpu time :  9787.3 secs   av.it.:  18.9
      thresh= 1.118E-07 alpha_mix =  0.700 |ddv_scf|^2 =  1.466E-13

      iter #  10 total cpu time :  9796.5 secs   av.it.:  20.6
      thresh= 3.829E-08 alpha_mix =  0.700 |ddv_scf|^2 =  3.576E-13

      iter #  11 total cpu time :  9805.4 secs   av.it.:  16.8
      thresh= 5.980E-08 alpha_mix =  0.700 |ddv_scf|^2 =  2.943E-14

      iter #  12 total cpu time :  9813.9 secs   av.it.:  17.2
      thresh= 1.716E-08 alpha_mix =  0.700 |ddv_scf|^2 =  1.768E-15

     End of self-consistent calculation

     Convergence has been achieved 


     Representation #  20 mode #  20

     Self-consistent Calculation

      iter #   1 total cpu time :  9821.4 secs   av.it.:   8.0
      thresh= 1.000E-02 alpha_mix =  0.700 |ddv_scf|^2 =  9.138E-06

      iter #   2 total cpu time :  9830.9 secs   av.it.:  20.4
      thresh= 3.023E-04 alpha_mix =  0.700 |ddv_scf|^2 =  1.843E-04

      iter #   3 total cpu time :  9839.1 secs   av.it.:  15.5
      thresh= 1.358E-03 alpha_mix =  0.700 |ddv_scf|^2 =  5.518E-06

      iter #   4 total cpu time :  9847.4 secs   av.it.:  15.8
      thresh= 2.349E-04 alpha_mix =  0.700 |ddv_scf|^2 =  5.731E-08

      iter #   5 total cpu time :  9856.4 secs   av.it.:  19.4
      thresh= 2.394E-05 alpha_mix =  0.700 |ddv_scf|^2 =  1.517E-08

      iter #   6 total cpu time :  9865.0 secs   av.it.:  18.0
      thresh= 1.232E-05 alpha_mix =  0.700 |ddv_scf|^2 =  2.122E-09

      iter #   7 total cpu time :  9873.5 secs   av.it.:  17.5
      thresh= 4.606E-06 alpha_mix =  0.700 |ddv_scf|^2 =  1.050E-11

      iter #   8 total cpu time :  9882.9 secs   av.it.:  21.9
      thresh= 3.241E-07 alpha_mix =  0.700 |ddv_scf|^2 =  4.981E-12

      iter #   9 total cpu time :  9892.0 secs   av.it.:  20.1
      thresh= 2.232E-07 alpha_mix =  0.700 |ddv_scf|^2 =  9.033E-13

      iter #  10 total cpu time :  9900.8 secs   av.it.:  19.4
      thresh= 9.504E-08 alpha_mix =  0.700 |ddv_scf|^2 =  2.923E-12

      iter #  11 total cpu time :  9909.1 secs   av.it.:  16.8
      thresh= 1.710E-07 alpha_mix =  0.700 |ddv_scf|^2 =  1.681E-13

      iter #  12 total cpu time :  9918.1 secs   av.it.:  19.5
      thresh= 4.099E-08 alpha_mix =  0.700 |ddv_scf|^2 =  9.218E-13

      iter #  13 total cpu time :  9926.3 secs   av.it.:  15.6
      thresh= 9.601E-08 alpha_mix =  0.700 |ddv_scf|^2 =  8.981E-15

     End of self-consistent calculation

     Convergence has been achieved 


     Representation #  21 mode #  21

     Self-consistent Calculation

      iter #   1 total cpu time :  9933.4 secs   av.it.:   7.5
      thresh= 1.000E-02 alpha_mix =  0.700 |ddv_scf|^2 =  1.037E-06

      iter #   2 total cpu time :  9942.8 secs   av.it.:  21.1
      thresh= 1.019E-04 alpha_mix =  0.700 |ddv_scf|^2 =  2.666E-05

      iter #   3 total cpu time :  9950.8 secs   av.it.:  14.9
      thresh= 5.163E-04 alpha_mix =  0.700 |ddv_scf|^2 =  3.246E-07

      iter #   4 total cpu time :  9959.8 secs   av.it.:  19.5
      thresh= 5.698E-05 alpha_mix =  0.700 |ddv_scf|^2 =  5.420E-08

      iter #   5 total cpu time :  9968.3 secs   av.it.:  17.6
      thresh= 2.328E-05 alpha_mix =  0.700 |ddv_scf|^2 =  7.894E-09

      iter #   6 total cpu time :  9976.2 secs   av.it.:  17.0
      thresh= 8.885E-06 alpha_mix =  0.700 |ddv_scf|^2 =  9.402E-10

      iter #   7 total cpu time :  9984.8 secs   av.it.:  17.6
      thresh= 3.066E-06 alpha_mix =  0.700 |ddv_scf|^2 =  1.869E-11

      iter #   8 total cpu time :  9993.7 secs   av.it.:  19.1
      thresh= 4.323E-07 alpha_mix =  0.700 |ddv_scf|^2 =  3.302E-12

      iter #   9 total cpu time : 10002.5 secs   av.it.:  18.2
      thresh= 1.817E-07 alpha_mix =  0.700 |ddv_scf|^2 =  3.318E-13

      iter #  10 total cpu time : 10011.8 secs   av.it.:  21.5
      thresh= 5.760E-08 alpha_mix =  0.700 |ddv_scf|^2 =  1.616E-12

      iter #  11 total cpu time : 10020.3 secs   av.it.:  16.9
      thresh= 1.271E-07 alpha_mix =  0.700 |ddv_scf|^2 =  5.653E-14

      iter #  12 total cpu time : 10029.2 secs   av.it.:  19.2
      thresh= 2.378E-08 alpha_mix =  0.700 |ddv_scf|^2 =  6.464E-14

      iter #  13 total cpu time : 10037.6 secs   av.it.:  17.0
      thresh= 2.542E-08 alpha_mix =  0.700 |ddv_scf|^2 =  2.513E-15

     End of self-consistent calculation

     Convergence has been achieved 


     Representation #  22 mode #  22

     Self-consistent Calculation

      iter #   1 total cpu time : 10044.7 secs   av.it.:   7.1
      thresh= 1.000E-02 alpha_mix =  0.700 |ddv_scf|^2 =  1.133E-07

      iter #   2 total cpu time : 10053.8 secs   av.it.:  20.2
      thresh= 3.367E-05 alpha_mix =  0.700 |ddv_scf|^2 =  1.434E-07

      iter #   3 total cpu time : 10062.5 secs   av.it.:  18.5
      thresh= 3.787E-05 alpha_mix =  0.700 |ddv_scf|^2 =  3.537E-07

      iter #   4 total cpu time : 10070.7 secs   av.it.:  15.6
      thresh= 5.947E-05 alpha_mix =  0.700 |ddv_scf|^2 =  4.149E-08

      iter #   5 total cpu time : 10078.9 secs   av.it.:  15.9
      thresh= 2.037E-05 alpha_mix =  0.700 |ddv_scf|^2 =  3.301E-10

      iter #   6 total cpu time : 10088.2 secs   av.it.:  21.0
      thresh= 1.817E-06 alpha_mix =  0.700 |ddv_scf|^2 =  3.322E-10

      iter #   7 total cpu time : 10096.9 secs   av.it.:  18.1
      thresh= 1.823E-06 alpha_mix =  0.700 |ddv_scf|^2 =  9.058E-12

      iter #   8 total cpu time : 10105.9 secs   av.it.:  19.8
      thresh= 3.010E-07 alpha_mix =  0.700 |ddv_scf|^2 =  1.766E-12

      iter #   9 total cpu time : 10114.9 secs   av.it.:  20.0
      thresh= 1.329E-07 alpha_mix =  0.700 |ddv_scf|^2 =  3.357E-13

      iter #  10 total cpu time : 10123.8 secs   av.it.:  19.2
      thresh= 5.794E-08 alpha_mix =  0.700 |ddv_scf|^2 =  2.364E-13

      iter #  11 total cpu time : 10132.5 secs   av.it.:  18.4
      thresh= 4.862E-08 alpha_mix =  0.700 |ddv_scf|^2 =  9.888E-14

      iter #  12 total cpu time : 10141.1 secs   av.it.:  17.9
      thresh= 3.145E-08 alpha_mix =  0.700 |ddv_scf|^2 =  1.894E-14

      iter #  13 total cpu time : 10149.9 secs   av.it.:  18.9
      thresh= 1.376E-08 alpha_mix =  0.700 |ddv_scf|^2 =  3.666E-14

      iter #  14 total cpu time : 10158.2 secs   av.it.:  15.9
      thresh= 1.915E-08 alpha_mix =  0.700 |ddv_scf|^2 =  1.896E-16

     End of self-consistent calculation

     Convergence has been achieved 


     Representation #  23 mode #  23

     Self-consistent Calculation

      iter #   1 total cpu time : 10165.4 secs   av.it.:   7.9
      thresh= 1.000E-02 alpha_mix =  0.700 |ddv_scf|^2 =  1.011E-05

      iter #   2 total cpu time : 10174.5 secs   av.it.:  20.4
      thresh= 3.180E-04 alpha_mix =  0.700 |ddv_scf|^2 =  2.150E-04

      iter #   3 total cpu time : 10182.6 secs   av.it.:  15.5
      thresh= 1.466E-03 alpha_mix =  0.700 |ddv_scf|^2 =  5.854E-06

      iter #   4 total cpu time : 10190.8 secs   av.it.:  15.8
      thresh= 2.419E-04 alpha_mix =  0.700 |ddv_scf|^2 =  5.779E-08

      iter #   5 total cpu time : 10199.4 secs   av.it.:  19.5
      thresh= 2.404E-05 alpha_mix =  0.700 |ddv_scf|^2 =  3.350E-09

      iter #   6 total cpu time : 10208.5 secs   av.it.:  20.0
      thresh= 5.788E-06 alpha_mix =  0.700 |ddv_scf|^2 =  4.457E-10

      iter #   7 total cpu time : 10217.5 secs   av.it.:  19.5
      thresh= 2.111E-06 alpha_mix =  0.700 |ddv_scf|^2 =  7.277E-11

      iter #   8 total cpu time : 10226.3 secs   av.it.:  18.6
      thresh= 8.530E-07 alpha_mix =  0.700 |ddv_scf|^2 =  1.529E-11

      iter #   9 total cpu time : 10234.9 secs   av.it.:  17.9
      thresh= 3.910E-07 alpha_mix =  0.700 |ddv_scf|^2 =  8.591E-13

      iter #  10 total cpu time : 10243.6 secs   av.it.:  19.1
      thresh= 9.269E-08 alpha_mix =  0.700 |ddv_scf|^2 =  8.694E-13

      iter #  11 total cpu time : 10252.1 secs   av.it.:  17.8
      thresh= 9.324E-08 alpha_mix =  0.700 |ddv_scf|^2 =  3.721E-13

      iter #  12 total cpu time : 10260.8 secs   av.it.:  18.5
      thresh= 6.100E-08 alpha_mix =  0.700 |ddv_scf|^2 =  2.812E-14

      iter #  13 total cpu time : 10269.7 secs   av.it.:  20.1
      thresh= 1.677E-08 alpha_mix =  0.700 |ddv_scf|^2 =  1.826E-14

      iter #  14 total cpu time : 10278.2 secs   av.it.:  17.0
      thresh= 1.351E-08 alpha_mix =  0.700 |ddv_scf|^2 =  8.298E-15

     End of self-consistent calculation

     Convergence has been achieved 


     Representation #  24 mode #  24

     Self-consistent Calculation

      iter #   1 total cpu time : 10285.3 secs   av.it.:   7.6
      thresh= 1.000E-02 alpha_mix =  0.700 |ddv_scf|^2 =  4.938E-07

      iter #   2 total cpu time : 10294.3 secs   av.it.:  21.4
      thresh= 7.027E-05 alpha_mix =  0.700 |ddv_scf|^2 =  6.728E-06

      iter #   3 total cpu time : 10302.4 secs   av.it.:  15.6
      thresh= 2.594E-04 alpha_mix =  0.700 |ddv_scf|^2 =  4.789E-07

      iter #   4 total cpu time : 10311.1 secs   av.it.:  17.8
      thresh= 6.921E-05 alpha_mix =  0.700 |ddv_scf|^2 =  3.086E-08

      iter #   5 total cpu time : 10319.8 secs   av.it.:  18.0
      thresh= 1.757E-05 alpha_mix =  0.700 |ddv_scf|^2 =  2.430E-09

      iter #   6 total cpu time : 10328.4 secs   av.it.:  17.9
      thresh= 4.929E-06 alpha_mix =  0.700 |ddv_scf|^2 =  2.038E-09

      iter #   7 total cpu time : 10336.7 secs   av.it.:  16.6
      thresh= 4.515E-06 alpha_mix =  0.700 |ddv_scf|^2 =  2.304E-11

      iter #   8 total cpu time : 10345.3 secs   av.it.:  20.2
      thresh= 4.800E-07 alpha_mix =  0.700 |ddv_scf|^2 =  4.086E-12

      iter #   9 total cpu time : 10354.5 secs   av.it.:  20.2
      thresh= 2.021E-07 alpha_mix =  0.700 |ddv_scf|^2 =  1.071E-12

      iter #  10 total cpu time : 10363.5 secs   av.it.:  19.6
      thresh= 1.035E-07 alpha_mix =  0.700 |ddv_scf|^2 =  1.342E-12

      iter #  11 total cpu time : 10371.9 secs   av.it.:  16.6
      thresh= 1.158E-07 alpha_mix =  0.700 |ddv_scf|^2 =  2.201E-14

      iter #  12 total cpu time : 10381.0 secs   av.it.:  20.5
      thresh= 1.484E-08 alpha_mix =  0.700 |ddv_scf|^2 =  4.846E-14

      iter #  13 total cpu time : 10389.2 secs   av.it.:  16.5
      thresh= 2.201E-08 alpha_mix =  0.700 |ddv_scf|^2 =  5.089E-15

     End of self-consistent calculation

     Convergence has been achieved 


     Representation #  25 mode #  25

     Self-consistent Calculation

      iter #   1 total cpu time : 10396.1 secs   av.it.:   7.0
      thresh= 1.000E-02 alpha_mix =  0.700 |ddv_scf|^2 =  1.510E-07

      iter #   2 total cpu time : 10405.1 secs   av.it.:  19.9
      thresh= 3.885E-05 alpha_mix =  0.700 |ddv_scf|^2 =  3.109E-07

      iter #   3 total cpu time : 10413.7 secs   av.it.:  17.2
      thresh= 5.576E-05 alpha_mix =  0.700 |ddv_scf|^2 =  1.545E-07

      iter #   4 total cpu time : 10422.2 secs   av.it.:  16.8
      thresh= 3.931E-05 alpha_mix =  0.700 |ddv_scf|^2 =  8.512E-08

      iter #   5 total cpu time : 10430.3 secs   av.it.:  15.6
      thresh= 2.917E-05 alpha_mix =  0.700 |ddv_scf|^2 =  2.446E-09

      iter #   6 total cpu time : 10438.9 secs   av.it.:  17.8
      thresh= 4.946E-06 alpha_mix =  0.700 |ddv_scf|^2 =  5.351E-11

      iter #   7 total cpu time : 10448.0 secs   av.it.:  20.2
      thresh= 7.315E-07 alpha_mix =  0.700 |ddv_scf|^2 =  2.129E-11

      iter #   8 total cpu time : 10456.8 secs   av.it.:  18.9
      thresh= 4.615E-07 alpha_mix =  0.700 |ddv_scf|^2 =  9.897E-12

      iter #   9 total cpu time : 10465.3 secs   av.it.:  17.6
      thresh= 3.146E-07 alpha_mix =  0.700 |ddv_scf|^2 =  1.953E-13

      iter #  10 total cpu time : 10474.4 secs   av.it.:  20.5
      thresh= 4.419E-08 alpha_mix =  0.700 |ddv_scf|^2 =  8.077E-14

      iter #  11 total cpu time : 10483.4 secs   av.it.:  19.8
      thresh= 2.842E-08 alpha_mix =  0.700 |ddv_scf|^2 =  3.184E-13

      iter #  12 total cpu time : 10491.8 secs   av.it.:  16.5
      thresh= 5.642E-08 alpha_mix =  0.700 |ddv_scf|^2 =  5.040E-15

     End of self-consistent calculation

     Convergence has been achieved 


     Representation #  26 mode #  26

     Self-consistent Calculation

      iter #   1 total cpu time : 10499.0 secs   av.it.:   7.9
      thresh= 1.000E-02 alpha_mix =  0.700 |ddv_scf|^2 =  1.439E-05

      iter #   2 total cpu time : 10508.2 secs   av.it.:  20.4
      thresh= 3.793E-04 alpha_mix =  0.700 |ddv_scf|^2 =  4.132E-04

      iter #   3 total cpu time : 10516.2 secs   av.it.:  14.9
      thresh= 2.033E-03 alpha_mix =  0.700 |ddv_scf|^2 =  5.780E-07

      iter #   4 total cpu time : 10525.0 secs   av.it.:  18.4
      thresh= 7.602E-05 alpha_mix =  0.700 |ddv_scf|^2 =  1.398E-07

      iter #   5 total cpu time : 10532.9 secs   av.it.:  17.1
      thresh= 3.739E-05 alpha_mix =  0.700 |ddv_scf|^2 =  6.009E-09

      iter #   6 total cpu time : 10541.7 secs   av.it.:  18.6
      thresh= 7.752E-06 alpha_mix =  0.700 |ddv_scf|^2 =  7.490E-10

      iter #   7 total cpu time : 10550.3 secs   av.it.:  17.9
      thresh= 2.737E-06 alpha_mix =  0.700 |ddv_scf|^2 =  2.774E-11

      iter #   8 total cpu time : 10558.5 secs   av.it.:  18.0
      thresh= 5.267E-07 alpha_mix =  0.700 |ddv_scf|^2 =  3.518E-12

      iter #   9 total cpu time : 10567.1 secs   av.it.:  17.5
      thresh= 1.876E-07 alpha_mix =  0.700 |ddv_scf|^2 =  6.183E-13

      iter #  10 total cpu time : 10575.8 secs   av.it.:  18.5
      thresh= 7.863E-08 alpha_mix =  0.700 |ddv_scf|^2 =  2.676E-13

      iter #  11 total cpu time : 10584.4 secs   av.it.:  17.2
      thresh= 5.173E-08 alpha_mix =  0.700 |ddv_scf|^2 =  9.819E-14

      iter #  12 total cpu time : 10593.1 secs   av.it.:  18.2
      thresh= 3.133E-08 alpha_mix =  0.700 |ddv_scf|^2 =  4.077E-15

     End of self-consistent calculation

     Convergence has been achieved 


     Representation #  27 mode #  27

     Self-consistent Calculation

      iter #   1 total cpu time : 10600.2 secs   av.it.:   7.5
      thresh= 1.000E-02 alpha_mix =  0.700 |ddv_scf|^2 =  3.265E-07

      iter #   2 total cpu time : 10608.9 secs   av.it.:  21.5
      thresh= 5.714E-05 alpha_mix =  0.700 |ddv_scf|^2 =  8.652E-07

      iter #   3 total cpu time : 10617.6 secs   av.it.:  18.4
      thresh= 9.302E-05 alpha_mix =  0.700 |ddv_scf|^2 =  1.277E-06

      iter #   4 total cpu time : 10625.8 secs   av.it.:  15.8
      thresh= 1.130E-04 alpha_mix =  0.700 |ddv_scf|^2 =  1.748E-08

      iter #   5 total cpu time : 10634.5 secs   av.it.:  17.9
      thresh= 1.322E-05 alpha_mix =  0.700 |ddv_scf|^2 =  5.129E-09

      iter #   6 total cpu time : 10643.0 secs   av.it.:  17.8
      thresh= 7.162E-06 alpha_mix =  0.700 |ddv_scf|^2 =  4.388E-10

      iter #   7 total cpu time : 10652.0 secs   av.it.:  19.2
      thresh= 2.095E-06 alpha_mix =  0.700 |ddv_scf|^2 =  4.305E-11

      iter #   8 total cpu time : 10660.8 secs   av.it.:  19.1
      thresh= 6.562E-07 alpha_mix =  0.700 |ddv_scf|^2 =  1.359E-11

      iter #   9 total cpu time : 10669.6 secs   av.it.:  18.8
      thresh= 3.687E-07 alpha_mix =  0.700 |ddv_scf|^2 =  1.530E-12

      iter #  10 total cpu time : 10678.5 secs   av.it.:  19.0
      thresh= 1.237E-07 alpha_mix =  0.700 |ddv_scf|^2 =  1.243E-12

      iter #  11 total cpu time : 10687.0 secs   av.it.:  17.5
      thresh= 1.115E-07 alpha_mix =  0.700 |ddv_scf|^2 =  1.717E-13

      iter #  12 total cpu time : 10695.8 secs   av.it.:  18.4
      thresh= 4.144E-08 alpha_mix =  0.700 |ddv_scf|^2 =  3.282E-14

      iter #  13 total cpu time : 10704.6 secs   av.it.:  18.6
      thresh= 1.812E-08 alpha_mix =  0.700 |ddv_scf|^2 =  1.409E-14

      iter #  14 total cpu time : 10713.1 secs   av.it.:  17.2
      thresh= 1.187E-08 alpha_mix =  0.700 |ddv_scf|^2 =  3.369E-15

     End of self-consistent calculation

     Convergence has been achieved 


     Representation #  28 mode #  28

     Self-consistent Calculation

      iter #   1 total cpu time : 10720.1 secs   av.it.:   7.1
      thresh= 1.000E-02 alpha_mix =  0.700 |ddv_scf|^2 =  1.478E-07

      iter #   2 total cpu time : 10729.4 secs   av.it.:  21.0
      thresh= 3.845E-05 alpha_mix =  0.700 |ddv_scf|^2 =  9.865E-07

      iter #   3 total cpu time : 10737.7 secs   av.it.:  16.0
      thresh= 9.932E-05 alpha_mix =  0.700 |ddv_scf|^2 =  2.123E-07

      iter #   4 total cpu time : 10746.1 secs   av.it.:  16.9
      thresh= 4.607E-05 alpha_mix =  0.700 |ddv_scf|^2 =  8.594E-08

      iter #   5 total cpu time : 10754.4 secs   av.it.:  15.9
      thresh= 2.931E-05 alpha_mix =  0.700 |ddv_scf|^2 =  8.597E-10

      iter #   6 total cpu time : 10763.3 secs   av.it.:  19.0
      thresh= 2.932E-06 alpha_mix =  0.700 |ddv_scf|^2 =  7.660E-11

      iter #   7 total cpu time : 10772.3 secs   av.it.:  19.9
      thresh= 8.752E-07 alpha_mix =  0.700 |ddv_scf|^2 =  2.838E-11

      iter #   8 total cpu time : 10781.0 secs   av.it.:  18.5
      thresh= 5.327E-07 alpha_mix =  0.700 |ddv_scf|^2 =  1.191E-11

      iter #   9 total cpu time : 10789.2 secs   av.it.:  18.1
      thresh= 3.451E-07 alpha_mix =  0.700 |ddv_scf|^2 =  3.694E-13

      iter #  10 total cpu time : 10798.2 secs   av.it.:  19.8
      thresh= 6.078E-08 alpha_mix =  0.700 |ddv_scf|^2 =  4.885E-13

      iter #  11 total cpu time : 10806.6 secs   av.it.:  16.8
      thresh= 6.989E-08 alpha_mix =  0.700 |ddv_scf|^2 =  2.223E-14

      iter #  12 total cpu time : 10815.7 secs   av.it.:  20.2
      thresh= 1.491E-08 alpha_mix =  0.700 |ddv_scf|^2 =  3.720E-15

     End of self-consistent calculation

     Convergence has been achieved 


     Representation #  29 mode #  29

     Self-consistent Calculation

      iter #   1 total cpu time : 10822.8 secs   av.it.:   7.8
      thresh= 1.000E-02 alpha_mix =  0.700 |ddv_scf|^2 =  1.259E-05

      iter #   2 total cpu time : 10832.1 secs   av.it.:  20.4
      thresh= 3.548E-04 alpha_mix =  0.700 |ddv_scf|^2 =  3.442E-04

      iter #   3 total cpu time : 10840.2 secs   av.it.:  14.9
      thresh= 1.855E-03 alpha_mix =  0.700 |ddv_scf|^2 =  5.475E-07

      iter #   4 total cpu time : 10849.0 secs   av.it.:  19.4
      thresh= 7.399E-05 alpha_mix =  0.700 |ddv_scf|^2 =  5.367E-08

      iter #   5 total cpu time : 10857.6 secs   av.it.:  18.0
      thresh= 2.317E-05 alpha_mix =  0.700 |ddv_scf|^2 =  6.366E-09

      iter #   6 total cpu time : 10866.1 secs   av.it.:  17.5
      thresh= 7.979E-06 alpha_mix =  0.700 |ddv_scf|^2 =  2.490E-09

      iter #   7 total cpu time : 10874.6 secs   av.it.:  16.9
      thresh= 4.990E-06 alpha_mix =  0.700 |ddv_scf|^2 =  9.106E-12

      iter #   8 total cpu time : 10883.7 secs   av.it.:  20.2
      thresh= 3.018E-07 alpha_mix =  0.700 |ddv_scf|^2 =  2.071E-12

      iter #   9 total cpu time : 10892.8 secs   av.it.:  19.5
      thresh= 1.439E-07 alpha_mix =  0.700 |ddv_scf|^2 =  1.512E-12

      iter #  10 total cpu time : 10901.4 secs   av.it.:  17.9
      thresh= 1.230E-07 alpha_mix =  0.700 |ddv_scf|^2 =  2.013E-13

      iter #  11 total cpu time : 10910.3 secs   av.it.:  19.4
      thresh= 4.487E-08 alpha_mix =  0.700 |ddv_scf|^2 =  2.464E-13

      iter #  12 total cpu time : 10918.8 secs   av.it.:  16.8
      thresh= 4.964E-08 alpha_mix =  0.700 |ddv_scf|^2 =  7.514E-14

      iter #  13 total cpu time : 10927.4 secs   av.it.:  17.6
      thresh= 2.741E-08 alpha_mix =  0.700 |ddv_scf|^2 =  9.009E-14

      iter #  14 total cpu time : 10935.6 secs   av.it.:  15.6
      thresh= 3.002E-08 alpha_mix =  0.700 |ddv_scf|^2 =  4.560E-16

     End of self-consistent calculation

     Convergence has been achieved 


     Representation #  30 mode #  30

     Self-consistent Calculation

      iter #   1 total cpu time : 10942.6 secs   av.it.:   7.2
      thresh= 1.000E-02 alpha_mix =  0.700 |ddv_scf|^2 =  3.943E-07

      iter #   2 total cpu time : 10951.7 secs   av.it.:  21.4
      thresh= 6.279E-05 alpha_mix =  0.700 |ddv_scf|^2 =  2.117E-06

      iter #   3 total cpu time : 10960.2 secs   av.it.:  17.1
      thresh= 1.455E-04 alpha_mix =  0.700 |ddv_scf|^2 =  1.308E-06

      iter #   4 total cpu time : 10968.6 secs   av.it.:  16.4
      thresh= 1.143E-04 alpha_mix =  0.700 |ddv_scf|^2 =  1.601E-08

      iter #   5 total cpu time : 10977.4 secs   av.it.:  18.8
      thresh= 1.265E-05 alpha_mix =  0.700 |ddv_scf|^2 =  5.670E-09

      iter #   6 total cpu time : 10985.9 secs   av.it.:  17.1
      thresh= 7.530E-06 alpha_mix =  0.700 |ddv_scf|^2 =  1.145E-09

      iter #   7 total cpu time : 10994.5 secs   av.it.:  17.9
      thresh= 3.384E-06 alpha_mix =  0.700 |ddv_scf|^2 =  2.509E-11

      iter #   8 total cpu time : 11003.6 secs   av.it.:  20.2
      thresh= 5.009E-07 alpha_mix =  0.700 |ddv_scf|^2 =  2.630E-12

      iter #   9 total cpu time : 11012.9 secs   av.it.:  20.6
      thresh= 1.622E-07 alpha_mix =  0.700 |ddv_scf|^2 =  1.199E-12

      iter #  10 total cpu time : 11021.7 secs   av.it.:  18.9
      thresh= 1.095E-07 alpha_mix =  0.700 |ddv_scf|^2 =  1.081E-12

      iter #  11 total cpu time : 11030.1 secs   av.it.:  17.1
      thresh= 1.040E-07 alpha_mix =  0.700 |ddv_scf|^2 =  5.697E-14

      iter #  12 total cpu time : 11039.2 secs   av.it.:  19.6
      thresh= 2.387E-08 alpha_mix =  0.700 |ddv_scf|^2 =  4.078E-14

      iter #  13 total cpu time : 11047.9 secs   av.it.:  18.6
      thresh= 2.019E-08 alpha_mix =  0.700 |ddv_scf|^2 =  3.328E-14

      iter #  14 total cpu time : 11056.4 secs   av.it.:  17.0
      thresh= 1.824E-08 alpha_mix =  0.700 |ddv_scf|^2 =  1.576E-15

     End of self-consistent calculation

     Convergence has been achieved 


     Representation #  31 mode #  31

     Self-consistent Calculation

      iter #   1 total cpu time : 11063.4 secs   av.it.:   6.8
      thresh= 1.000E-02 alpha_mix =  0.700 |ddv_scf|^2 =  9.415E-08

      iter #   2 total cpu time : 11072.4 secs   av.it.:  20.1
      thresh= 3.068E-05 alpha_mix =  0.700 |ddv_scf|^2 =  1.778E-07

      iter #   3 total cpu time : 11081.1 secs   av.it.:  17.9
      thresh= 4.217E-05 alpha_mix =  0.700 |ddv_scf|^2 =  4.381E-07

      iter #   4 total cpu time : 11089.2 secs   av.it.:  15.0
      thresh= 6.619E-05 alpha_mix =  0.700 |ddv_scf|^2 =  3.744E-09

      iter #   5 total cpu time : 11098.0 secs   av.it.:  18.4
      thresh= 6.119E-06 alpha_mix =  0.700 |ddv_scf|^2 =  1.373E-09

      iter #   6 total cpu time : 11106.6 secs   av.it.:  17.4
      thresh= 3.705E-06 alpha_mix =  0.700 |ddv_scf|^2 =  4.308E-10

      iter #   7 total cpu time : 11115.2 secs   av.it.:  17.8
      thresh= 2.076E-06 alpha_mix =  0.700 |ddv_scf|^2 =  9.442E-12

      iter #   8 total cpu time : 11124.0 secs   av.it.:  18.8
      thresh= 3.073E-07 alpha_mix =  0.700 |ddv_scf|^2 =  8.025E-13

      iter #   9 total cpu time : 11133.0 secs   av.it.:  19.5
      thresh= 8.958E-08 alpha_mix =  0.700 |ddv_scf|^2 =  1.201E-13

      iter #  10 total cpu time : 11142.3 secs   av.it.:  21.0
      thresh= 3.465E-08 alpha_mix =  0.700 |ddv_scf|^2 =  1.673E-13

      iter #  11 total cpu time : 11151.1 secs   av.it.:  18.8
      thresh= 4.090E-08 alpha_mix =  0.700 |ddv_scf|^2 =  1.001E-13

      iter #  12 total cpu time : 11159.4 secs   av.it.:  16.6
      thresh= 3.163E-08 alpha_mix =  0.700 |ddv_scf|^2 =  3.095E-14

      iter #  13 total cpu time : 11168.1 secs   av.it.:  17.8
      thresh= 1.759E-08 alpha_mix =  0.700 |ddv_scf|^2 =  2.639E-14

      iter #  14 total cpu time : 11176.3 secs   av.it.:  15.9
      thresh= 1.625E-08 alpha_mix =  0.700 |ddv_scf|^2 =  1.074E-16

     End of self-consistent calculation

     Convergence has been achieved 


     Representation #  32 mode #  32

     Self-consistent Calculation

      iter #   1 total cpu time : 11183.5 secs   av.it.:   7.9
      thresh= 1.000E-02 alpha_mix =  0.700 |ddv_scf|^2 =  6.995E-06

      iter #   2 total cpu time : 11192.3 secs   av.it.:  20.0
      thresh= 2.645E-04 alpha_mix =  0.700 |ddv_scf|^2 =  8.472E-05

      iter #   3 total cpu time : 11200.5 secs   av.it.:  15.8
      thresh= 9.205E-04 alpha_mix =  0.700 |ddv_scf|^2 =  6.396E-06

      iter #   4 total cpu time : 11208.4 secs   av.it.:  15.6
      thresh= 2.529E-04 alpha_mix =  0.700 |ddv_scf|^2 =  2.583E-08

      iter #   5 total cpu time : 11217.5 secs   av.it.:  20.5
      thresh= 1.607E-05 alpha_mix =  0.700 |ddv_scf|^2 =  2.474E-09

      iter #   6 total cpu time : 11226.5 secs   av.it.:  19.4
      thresh= 4.974E-06 alpha_mix =  0.700 |ddv_scf|^2 =  1.017E-09

      iter #   7 total cpu time : 11235.1 secs   av.it.:  18.1
      thresh= 3.189E-06 alpha_mix =  0.700 |ddv_scf|^2 =  4.458E-11

      iter #   8 total cpu time : 11243.9 secs   av.it.:  18.9
      thresh= 6.677E-07 alpha_mix =  0.700 |ddv_scf|^2 =  7.024E-12

      iter #   9 total cpu time : 11252.5 secs   av.it.:  18.6
      thresh= 2.650E-07 alpha_mix =  0.700 |ddv_scf|^2 =  6.140E-13

      iter #  10 total cpu time : 11261.6 secs   av.it.:  20.2
      thresh= 7.836E-08 alpha_mix =  0.700 |ddv_scf|^2 =  2.583E-12

      iter #  11 total cpu time : 11269.8 secs   av.it.:  15.8
      thresh= 1.607E-07 alpha_mix =  0.700 |ddv_scf|^2 =  3.701E-14

      iter #  12 total cpu time : 11278.8 secs   av.it.:  19.4
      thresh= 1.924E-08 alpha_mix =  0.700 |ddv_scf|^2 =  2.500E-15

     End of self-consistent calculation

     Convergence has been achieved 


     Representation #  33 mode #  33

     Self-consistent Calculation

      iter #   1 total cpu time : 11285.9 secs   av.it.:   7.6
      thresh= 1.000E-02 alpha_mix =  0.700 |ddv_scf|^2 =  5.480E-07

      iter #   2 total cpu time : 11295.1 secs   av.it.:  20.9
      thresh= 7.403E-05 alpha_mix =  0.700 |ddv_scf|^2 =  8.113E-06

      iter #   3 total cpu time : 11303.2 secs   av.it.:  15.0
      thresh= 2.848E-04 alpha_mix =  0.700 |ddv_scf|^2 =  5.187E-07

      iter #   4 total cpu time : 11311.8 secs   av.it.:  17.9
      thresh= 7.202E-05 alpha_mix =  0.700 |ddv_scf|^2 =  5.375E-08

      iter #   5 total cpu time : 11320.1 secs   av.it.:  16.5
      thresh= 2.318E-05 alpha_mix =  0.700 |ddv_scf|^2 =  8.661E-09

      iter #   6 total cpu time : 11328.6 secs   av.it.:  17.8
      thresh= 9.306E-06 alpha_mix =  0.700 |ddv_scf|^2 =  1.784E-09

      iter #   7 total cpu time : 11337.2 secs   av.it.:  17.8
      thresh= 4.223E-06 alpha_mix =  0.700 |ddv_scf|^2 =  3.363E-11

      iter #   8 total cpu time : 11346.2 secs   av.it.:  19.9
      thresh= 5.799E-07 alpha_mix =  0.700 |ddv_scf|^2 =  2.804E-12

      iter #   9 total cpu time : 11355.2 secs   av.it.:  20.0
      thresh= 1.674E-07 alpha_mix =  0.700 |ddv_scf|^2 =  4.569E-13

      iter #  10 total cpu time : 11364.2 secs   av.it.:  19.6
      thresh= 6.759E-08 alpha_mix =  0.700 |ddv_scf|^2 =  4.796E-13

      iter #  11 total cpu time : 11372.7 secs   av.it.:  17.6
      thresh= 6.925E-08 alpha_mix =  0.700 |ddv_scf|^2 =  1.195E-13

      iter #  12 total cpu time : 11380.9 secs   av.it.:  16.5
      thresh= 3.457E-08 alpha_mix =  0.700 |ddv_scf|^2 =  7.970E-15

     End of self-consistent calculation

     Convergence has been achieved 


     Representation #  34 mode #  34

     Self-consistent Calculation

      iter #   1 total cpu time : 11387.9 secs   av.it.:   7.1
      thresh= 1.000E-02 alpha_mix =  0.700 |ddv_scf|^2 =  2.342E-07

      iter #   2 total cpu time : 11397.1 secs   av.it.:  20.5
      thresh= 4.840E-05 alpha_mix =  0.700 |ddv_scf|^2 =  4.564E-06

      iter #   3 total cpu time : 11405.2 secs   av.it.:  15.1
      thresh= 2.136E-04 alpha_mix =  0.700 |ddv_scf|^2 =  2.977E-08

      iter #   4 total cpu time : 11414.2 secs   av.it.:  19.8
      thresh= 1.726E-05 alpha_mix =  0.700 |ddv_scf|^2 =  4.321E-08

      iter #   5 total cpu time : 11422.5 secs   av.it.:  16.4
      thresh= 2.079E-05 alpha_mix =  0.700 |ddv_scf|^2 =  1.023E-09

      iter #   6 total cpu time : 11431.2 secs   av.it.:  18.6
      thresh= 3.198E-06 alpha_mix =  0.700 |ddv_scf|^2 =  5.977E-11

      iter #   7 total cpu time : 11440.2 secs   av.it.:  19.9
      thresh= 7.731E-07 alpha_mix =  0.700 |ddv_scf|^2 =  6.006E-12

      iter #   8 total cpu time : 11448.7 secs   av.it.:  19.6
      thresh= 2.451E-07 alpha_mix =  0.700 |ddv_scf|^2 =  5.644E-12

      iter #   9 total cpu time : 11456.9 secs   av.it.:  16.0
      thresh= 2.376E-07 alpha_mix =  0.700 |ddv_scf|^2 =  2.542E-13

      iter #  10 total cpu time : 11465.8 secs   av.it.:  19.5
      thresh= 5.042E-08 alpha_mix =  0.700 |ddv_scf|^2 =  6.623E-14

      iter #  11 total cpu time : 11474.8 secs   av.it.:  19.2
      thresh= 2.573E-08 alpha_mix =  0.700 |ddv_scf|^2 =  1.710E-13

      iter #  12 total cpu time : 11483.0 secs   av.it.:  15.9
      thresh= 4.135E-08 alpha_mix =  0.700 |ddv_scf|^2 =  2.976E-15

     End of self-consistent calculation

     Convergence has been achieved 


     Representation #  35 mode #  35

     Self-consistent Calculation

      iter #   1 total cpu time : 11490.2 secs   av.it.:   7.8
      thresh= 1.000E-02 alpha_mix =  0.700 |ddv_scf|^2 =  6.288E-06

      iter #   2 total cpu time : 11498.6 secs   av.it.:  19.8
      thresh= 2.508E-04 alpha_mix =  0.700 |ddv_scf|^2 =  6.269E-05

      iter #   3 total cpu time : 11506.9 secs   av.it.:  15.9
      thresh= 7.918E-04 alpha_mix =  0.700 |ddv_scf|^2 =  1.717E-06

      iter #   4 total cpu time : 11515.1 secs   av.it.:  15.8
      thresh= 1.310E-04 alpha_mix =  0.700 |ddv_scf|^2 =  1.200E-07

      iter #   5 total cpu time : 11523.6 secs   av.it.:  17.5
      thresh= 3.464E-05 alpha_mix =  0.700 |ddv_scf|^2 =  1.919E-09

      iter #   6 total cpu time : 11532.5 secs   av.it.:  19.0
      thresh= 4.381E-06 alpha_mix =  0.700 |ddv_scf|^2 =  7.076E-10

      iter #   7 total cpu time : 11540.7 secs   av.it.:  17.9
      thresh= 2.660E-06 alpha_mix =  0.700 |ddv_scf|^2 =  2.811E-11

      iter #   8 total cpu time : 11549.7 secs   av.it.:  19.5
      thresh= 5.302E-07 alpha_mix =  0.700 |ddv_scf|^2 =  1.497E-11

      iter #   9 total cpu time : 11557.8 secs   av.it.:  18.1
      thresh= 3.869E-07 alpha_mix =  0.700 |ddv_scf|^2 =  2.810E-12

      iter #  10 total cpu time : 11566.4 secs   av.it.:  17.4
      thresh= 1.676E-07 alpha_mix =  0.700 |ddv_scf|^2 =  4.663E-13

      iter #  11 total cpu time : 11575.1 secs   av.it.:  18.5
      thresh= 6.829E-08 alpha_mix =  0.700 |ddv_scf|^2 =  1.444E-13

      iter #  12 total cpu time : 11583.9 secs   av.it.:  19.4
      thresh= 3.800E-08 alpha_mix =  0.700 |ddv_scf|^2 =  7.419E-14

      iter #  13 total cpu time : 11592.6 secs   av.it.:  18.0
      thresh= 2.724E-08 alpha_mix =  0.700 |ddv_scf|^2 =  4.563E-14

      iter #  14 total cpu time : 11600.9 secs   av.it.:  16.4
      thresh= 2.136E-08 alpha_mix =  0.700 |ddv_scf|^2 =  1.918E-15

     End of self-consistent calculation

     Convergence has been achieved 


     Representation #  36 mode #  36

     Self-consistent Calculation

      iter #   1 total cpu time : 11608.0 secs   av.it.:   7.1
      thresh= 1.000E-02 alpha_mix =  0.700 |ddv_scf|^2 =  6.313E-07

      iter #   2 total cpu time : 11617.2 secs   av.it.:  20.6
      thresh= 7.946E-05 alpha_mix =  0.700 |ddv_scf|^2 =  1.144E-05

      iter #   3 total cpu time : 11625.3 secs   av.it.:  14.9
      thresh= 3.382E-04 alpha_mix =  0.700 |ddv_scf|^2 =  4.940E-07

      iter #   4 total cpu time : 11634.0 secs   av.it.:  18.0
      thresh= 7.029E-05 alpha_mix =  0.700 |ddv_scf|^2 =  6.724E-08

      iter #   5 total cpu time : 11642.3 secs   av.it.:  15.9
      thresh= 2.593E-05 alpha_mix =  0.700 |ddv_scf|^2 =  1.391E-08

      iter #   6 total cpu time : 11650.7 secs   av.it.:  16.8
      thresh= 1.180E-05 alpha_mix =  0.700 |ddv_scf|^2 =  1.206E-09

      iter #   7 total cpu time : 11659.2 secs   av.it.:  17.4
      thresh= 3.473E-06 alpha_mix =  0.700 |ddv_scf|^2 =  4.118E-11

      iter #   8 total cpu time : 11668.1 secs   av.it.:  18.9
      thresh= 6.417E-07 alpha_mix =  0.700 |ddv_scf|^2 =  2.733E-12

      iter #   9 total cpu time : 11676.5 secs   av.it.:  19.5
      thresh= 1.653E-07 alpha_mix =  0.700 |ddv_scf|^2 =  2.403E-13

      iter #  10 total cpu time : 11685.3 secs   av.it.:  21.6
      thresh= 4.902E-08 alpha_mix =  0.700 |ddv_scf|^2 =  6.534E-13

      iter #  11 total cpu time : 11693.9 secs   av.it.:  17.9
      thresh= 8.084E-08 alpha_mix =  0.700 |ddv_scf|^2 =  1.376E-13

      iter #  12 total cpu time : 11702.4 secs   av.it.:  17.0
      thresh= 3.709E-08 alpha_mix =  0.700 |ddv_scf|^2 =  7.420E-14

      iter #  13 total cpu time : 11711.0 secs   av.it.:  17.1
      thresh= 2.724E-08 alpha_mix =  0.700 |ddv_scf|^2 =  2.988E-15

     End of self-consistent calculation

     Convergence has been achieved 

     Number of q in the star =    1
     List of q in the star:
          1  -0.000163946  -0.639818002  -0.000543334

     Diagonalizing the dynamical matrix

     q = (   -0.000163946  -0.639818002  -0.000543334 ) 

 **************************************************************************
     freq (    1) =     -12.209113 [THz] =    -407.252167 [cm-1]
     freq (    2) =      19.386607 [THz] =     646.667607 [cm-1]
     freq (    3) =      26.254729 [THz] =     875.763498 [cm-1]
     freq (    4) =      31.344144 [THz] =    1045.528115 [cm-1]
     freq (    5) =      35.622228 [THz] =    1188.229627 [cm-1]
     freq (    6) =      39.211877 [THz] =    1307.967435 [cm-1]
     freq (    7) =      40.147498 [THz] =    1339.176394 [cm-1]
     freq (    8) =      44.095534 [THz] =    1470.868679 [cm-1]
     freq (    9) =      45.888170 [THz] =    1530.664592 [cm-1]
     freq (   10) =      49.773596 [THz] =    1660.268462 [cm-1]
     freq (   11) =      49.946057 [THz] =    1666.021120 [cm-1]
     freq (   12) =      52.316178 [THz] =    1745.079849 [cm-1]
     freq (   13) =      53.675652 [THz] =    1790.427041 [cm-1]
     freq (   14) =      57.638854 [THz] =    1922.625221 [cm-1]
     freq (   15) =      59.175670 [THz] =    1973.887877 [cm-1]
     freq (   16) =      60.451611 [THz] =    2016.448686 [cm-1]
     freq (   17) =      62.542852 [THz] =    2086.204984 [cm-1]
     freq (   18) =      63.790301 [THz] =    2127.815410 [cm-1]
     freq (   19) =      68.742411 [THz] =    2293.000015 [cm-1]
     freq (   20) =      71.231970 [THz] =    2376.042752 [cm-1]
     freq (   21) =      73.578106 [THz] =    2454.301421 [cm-1]
     freq (   22) =      76.331949 [THz] =    2546.159740 [cm-1]
     freq (   23) =      77.938283 [THz] =    2599.741276 [cm-1]
     freq (   24) =      80.422026 [THz] =    2682.590020 [cm-1]
     freq (   25) =      94.858941 [THz] =    3164.153680 [cm-1]
     freq (   26) =     104.595488 [THz] =    3488.929920 [cm-1]
     freq (   27) =     108.364237 [THz] =    3614.641867 [cm-1]
     freq (   28) =     117.884736 [THz] =    3932.211539 [cm-1]
     freq (   29) =     120.901931 [THz] =    4032.854321 [cm-1]
     freq (   30) =     126.409405 [THz] =    4216.563881 [cm-1]
     freq (   31) =     130.007993 [THz] =    4336.599860 [cm-1]
     freq (   32) =     136.377661 [THz] =    4549.069124 [cm-1]
     freq (   33) =     138.732856 [THz] =    4627.629950 [cm-1]
     freq (   34) =     144.801636 [THz] =    4830.062653 [cm-1]
     freq (   35) =     162.026007 [THz] =    5404.605857 [cm-1]
     freq (   36) =     176.042001 [THz] =    5872.129080 [cm-1]
 **************************************************************************

     Mode symmetry, C_1 (1)     point group:

     freq (   1-   1) =       -407.3  [cm-1]   --> A                  
     freq (   2-   2) =        646.7  [cm-1]   --> A                  
     freq (   3-   3) =        875.8  [cm-1]   --> A                  
     freq (   4-   4) =       1045.5  [cm-1]   --> A                  
     freq (   5-   5) =       1188.2  [cm-1]   --> A                  
     freq (   6-   6) =       1308.0  [cm-1]   --> A                  
     freq (   7-   7) =       1339.2  [cm-1]   --> A                  
     freq (   8-   8) =       1470.9  [cm-1]   --> A                  
     freq (   9-   9) =       1530.7  [cm-1]   --> A                  
     freq (  10-  10) =       1660.3  [cm-1]   --> A                  
     freq (  11-  11) =       1666.0  [cm-1]   --> A                  
     freq (  12-  12) =       1745.1  [cm-1]   --> A                  
     freq (  13-  13) =       1790.4  [cm-1]   --> A                  
     freq (  14-  14) =       1922.6  [cm-1]   --> A                  
     freq (  15-  15) =       1973.9  [cm-1]   --> A                  
     freq (  16-  16) =       2016.4  [cm-1]   --> A                  
     freq (  17-  17) =       2086.2  [cm-1]   --> A                  
     freq (  18-  18) =       2127.8  [cm-1]   --> A                  
     freq (  19-  19) =       2293.0  [cm-1]   --> A                  
     freq (  20-  20) =       2376.0  [cm-1]   --> A                  
     freq (  21-  21) =       2454.3  [cm-1]   --> A                  
     freq (  22-  22) =       2546.2  [cm-1]   --> A                  
     freq (  23-  23) =       2599.7  [cm-1]   --> A                  
     freq (  24-  24) =       2682.6  [cm-1]   --> A                  
     freq (  25-  25) =       3164.2  [cm-1]   --> A                  
     freq (  26-  26) =       3488.9  [cm-1]   --> A                  
     freq (  27-  27) =       3614.6  [cm-1]   --> A                  
     freq (  28-  28) =       3932.2  [cm-1]   --> A                  
     freq (  29-  29) =       4032.9  [cm-1]   --> A                  
     freq (  30-  30) =       4216.6  [cm-1]   --> A                  
     freq (  31-  31) =       4336.6  [cm-1]   --> A                  
     freq (  32-  32) =       4549.1  [cm-1]   --> A                  
     freq (  33-  33) =       4627.6  [cm-1]   --> A                  
     freq (  34-  34) =       4830.1  [cm-1]   --> A                  
     freq (  35-  35) =       5404.6  [cm-1]   --> A                  
     freq (  36-  36) =       5872.1  [cm-1]   --> A                  

     Calculation of q =   -0.0016699  -0.6386705  -0.4639361

     Parallelization info
     --------------------
     sticks:   dense  smooth     PW     G-vecs:    dense   smooth      PW
     Min         472     239     88                14919     5248    1211
     Max         473     240     89                14922     5249    1216
     Sum         945     479    177                29841    10497    2427


     Title: 
     Phonons                                                                    


     bravais-lattice index     =            0
     lattice parameter (alat)  =       6.9360  a.u.
     unit-cell volume          =     220.3604 (a.u.)^3
     number of atoms/cell      =           12
     number of atomic types    =            4
     number of electrons       =        62.00
     number of Kohn-Sham states=           37
     kinetic-energy cutoff     =      50.0000  Ry
     charge density cutoff     =     400.0000  Ry
     Exchange-correlation= PBE
                           (   1   4   3   4   0   0   0)

     celldm(1)=   6.935967  celldm(2)=   0.000000  celldm(3)=   0.000000
     celldm(4)=   0.000000  celldm(5)=   0.000000  celldm(6)=   0.000000

     crystal axes: (cart. coord. in units of alat)
               a(1) = (   0.783212  -0.000199  -0.002546 )  
               a(2) = (  -0.000446   0.781471   0.001937 )  
               a(3) = (  -0.003854  -0.000915   1.079009 )  

     reciprocal axes: (cart. coord. in units 2 pi/alat)
               b(1) = (  1.276809  0.000718  0.004561 )  
               b(2) = (  0.000328  1.279636  0.001087 )  
               b(3) = (  0.003012 -0.002295  0.926786 )  


     PseudoPot. # 1 for B  read from file:
     /home/marco/ZOS_Cloud_Compute/pseudo/B.UPF
     MD5 check sum: d9c678ba5d3b2fd7b74e61139c9288d8
     Pseudo is Projector augmented-wave + core cor, Zval =  3.0
     Generated using "atomic" code by A. Dal Corso  v.5.1.2
     Shape of augmentation charge: PSQ
     Using radial grid of 1059 points,  4 beta functions with: 
                l(1) =   0
                l(2) =   0
                l(3) =   1
                l(4) =   1
     Q(r) pseudized with 0 coefficients 


     PseudoPot. # 2 for H  read from file:
     /home/marco/ZOS_Cloud_Compute/pseudo/H.UPF
     MD5 check sum: 850d63dcbcc06c5de8b44e0ab9f952da
     Pseudo is Projector augmented-wave, Zval =  1.0
     Generated using "atomic" code by A. Dal Corso  v.5.1.2
     Shape of augmentation charge: PSQ
     Using radial grid of  929 points,  2 beta functions with: 
                l(1) =   0
                l(2) =   0
     Q(r) pseudized with 0 coefficients 


     PseudoPot. # 3 for Hf read from file:
     /home/marco/ZOS_Cloud_Compute/pseudo/Hf.UPF
     MD5 check sum: 054ab3954715fe03e42536d2af1a941a
     Pseudo is Projector augmented-wave + core cor, Zval = 36.0
     Generated using "atomic" code by A. Dal Corso  v.5.1.2
     Shape of augmentation charge: PSQ
     Using radial grid of 1271 points,  8 beta functions with: 
                l(1) =   0
                l(2) =   0
                l(3) =   1
                l(4) =   1
                l(5) =   2
                l(6) =   2
                l(7) =   3
                l(8) =   3
     Q(r) pseudized with 0 coefficients 


     PseudoPot. # 4 for Ti read from file:
     /home/marco/ZOS_Cloud_Compute/pseudo/Ti.UPF
     MD5 check sum: 8e4df49b7f0d34bbd5052bf3f5ea0213
     Pseudo is Ultrasoft, Zval = 12.0
     Generated by new atomic code, or converted to UPF format
     Using radial grid of  851 points,  6 beta functions with: 
                l(1) =   0
                l(2) =   0
                l(3) =   1
                l(4) =   1
                l(5) =   2
                l(6) =   2
     Q(r) pseudized with  8 coefficients,  rinner =    1.000   1.000   1.000
                                                       1.000   1.000

     atomic species   valence    mass     pseudopotential
        B              3.00     1.00000     B ( 1.00)
        H              1.00     1.00000     H ( 1.00)
        Hf            36.00     1.00000     Hf( 1.00)
        Ti            12.00     1.00000     Ti( 1.00)

     No symmetry found



   Cartesian axes

     site n.     atom                  positions (alat units)
         1           Ti  tau(   1) = (   0.8328786   0.0435249  -0.0256727  )
         2           Hf  tau(   2) = (   0.3372088   0.3612871   0.5590328  )
         3           B   tau(   3) = (   0.4539714   0.4542505   0.0175264  )
         4           B   tau(   4) = (   0.7200178  -0.0518344   0.5024055  )
         5           H   tau(   5) = (  -0.0256008   0.4650200   0.8320925  )
         6           H   tau(   6) = (   0.2014697  -0.0293658   0.3516208  )
         7           H   tau(   7) = (   0.7210522   0.1730909   0.6930471  )
         8           H   tau(   8) = (   0.4339971   0.1860250   0.9658756  )
         9           H   tau(   9) = (   0.1701144   0.4317520   0.1361768  )
        10           H   tau(  10) = (   0.6766716   0.3995010   0.2322497  )
        11           H   tau(  11) = (   0.4136734   0.6834833   0.8639849  )
        12           H   tau(  12) = (   0.5026499   0.7856495   0.2817314  )

     number of k points=    16  Methfessel-Paxton smearing, width (Ry)=  0.0200
                       cart. coord. in units 2pi/alat
        k(    1) = (   0.0000000   0.0000000   0.0000000), wk =   0.2500000
        k(    2) = (  -0.0016699  -0.6386705  -0.4639361), wk =   0.0000000
        k(    3) = (  -0.0015060   0.0011475  -0.4633928), wk =   0.2500000
        k(    4) = (  -0.0031758  -0.6375230  -0.9273289), wk =   0.0000000
        k(    5) = (  -0.0001639  -0.6398180  -0.0005433), wk =   0.2500000
        k(    6) = (  -0.0018338  -1.2784885  -0.4644794), wk =   0.0000000
        k(    7) = (  -0.0016699  -0.6386705  -0.4639361), wk =   0.2500000
        k(    8) = (  -0.0033398  -1.2773410  -0.9278722), wk =   0.0000000
        k(    9) = (  -0.6384045  -0.0003588  -0.0022806), wk =   0.2500000
        k(   10) = (  -0.6400744  -0.6390293  -0.4662167), wk =   0.0000000
        k(   11) = (  -0.6399105   0.0007887  -0.4656734), wk =   0.2500000
        k(   12) = (  -0.6415804  -0.6378818  -0.9296095), wk =   0.0000000
        k(   13) = (  -0.6385685  -0.6401768  -0.0028239), wk =   0.2500000
        k(   14) = (  -0.6402384  -1.2788473  -0.4667600), wk =   0.0000000
        k(   15) = (  -0.6400744  -0.6390293  -0.4662167), wk =   0.2500000
        k(   16) = (  -0.6417443  -1.2776998  -0.9301528), wk =   0.0000000

     Dense  grid:    29841 G-vectors     FFT dimensions: (  36,  36,  48)

     Smooth grid:    10497 G-vectors     FFT dimensions: (  25,  25,  36)

     Estimated max dynamical RAM per process >     151.26 MB

     Estimated total dynamical RAM >     302.53 MB

     Check: negative core charge=   -0.000003

     The potential is recalculated from file :
     ./tmp/_ph0/HfTiBH42.save/charge-density

     Starting wfcs are   48 atomic wfcs
     Checking if some PAW data can be deallocated... 

     Band Structure Calculation
     Davidson diagonalization with overlap

     ethr =  1.61E-11,  avg # of iterations = 16.9

     total cpu time spent up to now is       32.1 secs

     End of band structure calculation

          k = 0.0000 0.0000 0.0000 (  1301 PWs)   bands (ev):

  -145.8687-144.9786-144.3005-144.1146-142.2253 -32.1459 -26.3092  -4.4735
    -3.0279  -3.0018  -1.3223  -1.0973  -0.9137   9.1820  13.4131  13.4925
    13.5719  13.6270  13.7080  13.7481  13.7691  14.6301  17.1910  17.8612
    21.6575  22.9043  25.6861  26.3974  26.5808  27.7656  28.9348  29.1155
    30.0907  30.1663  31.9809  33.2037  35.0753

          k =-0.0017-0.6387-0.4639 (  1292 PWs)   bands (ev):

  -145.7922-145.0251-143.2316-142.5662-141.7360 -32.0233 -26.2268  -4.7272
    -4.3700  -2.8283  -1.8714  -1.2593  -0.7943  12.6124  13.4100  13.5516
    13.6177  13.6623  13.7363  13.7557  13.8224  14.3059  16.7301  18.2220
    19.6943  20.4747  21.4406  23.3713  27.5636  29.0851  31.4134  32.1187
    32.6377  34.0737  34.5963  35.6552  36.0355

          k =-0.0015 0.0011-0.4634 (  1318 PWs)   bands (ev):

  -146.6711-146.1798-145.7930-145.7011-143.4910 -32.1360 -26.3319  -3.8150
    -3.1476  -2.9392  -2.2100  -1.1691  -1.0108  12.2824  12.8857  13.4436
    13.4870  13.5348  13.5719  13.6225  13.7122  13.7434  17.1982  18.2071
    20.5067  22.4473  22.6953  24.0304  26.1162  27.0909  30.0490  30.8239
    32.1048  32.7708  33.4059  34.4025  36.3078

          k =-0.0032-0.6375-0.9273 (  1322 PWs)   bands (ev):

  -147.8479-146.3374-145.3863-144.9404-144.4476 -32.0270 -26.2258  -4.1758
    -3.6521  -3.1050  -2.6804  -1.7684  -0.8101  13.3558  13.4315  13.4679
    13.5711  13.6183  13.6419  13.6949  13.7767  14.8129  15.6037  17.3983
    19.4553  21.2184  21.3954  24.8048  27.5059  28.6438  29.4270  31.7340
    33.1624  34.4001  34.9579  36.1765  36.8862

          k =-0.0002-0.6398-0.0005 (  1322 PWs)   bands (ev):

  -147.8479-146.3374-145.3863-144.9404-144.4476 -32.0270 -26.2258  -4.1758
    -3.6521  -3.1050  -2.6804  -1.7684  -0.8101  13.3558  13.4315  13.4679
    13.5711  13.6183  13.6419  13.6949  13.7767  14.8129  15.6037  17.3983
    19.4553  21.2184  21.3954  24.8048  27.5059  28.6438  29.4270  31.7340
    33.1624  34.4001  34.9579  36.1765  36.8862

          k =-0.0018-1.2785-0.4645 (  1318 PWs)   bands (ev):

  -146.6711-146.1798-145.7930-145.7011-143.4910 -32.1360 -26.3319  -3.8150
    -3.1476  -2.9392  -2.2100  -1.1691  -1.0108  12.2824  12.8857  13.4436
    13.4870  13.5348  13.5719  13.6225  13.7122  13.7434  17.1982  18.2071
    20.5067  22.4473  22.6953  24.0304  26.1162  27.0909  30.0490  30.8239
    32.1048  32.7708  33.4059  34.4025  36.3078

          k =-0.0017-0.6387-0.4639 (  1292 PWs)   bands (ev):

  -145.7922-145.0251-143.2316-142.5662-141.7360 -32.0233 -26.2268  -4.7272
    -4.3700  -2.8283  -1.8714  -1.2593  -0.7943  12.6124  13.4100  13.5516
    13.6177  13.6623  13.7363  13.7557  13.8224  14.3059  16.7301  18.2220
    19.6943  20.4747  21.4406  23.3713  27.5636  29.0851  31.4134  32.1187
    32.6377  34.0737  34.5963  35.6552  36.0355

          k =-0.0033-1.2773-0.9279 (  1301 PWs)   bands (ev):

  -145.8687-144.9786-144.3005-144.1146-142.2253 -32.1459 -26.3092  -4.4735
    -3.0279  -3.0018  -1.3223  -1.0973  -0.9137   9.1820  13.4131  13.4925
    13.5719  13.6270  13.7080  13.7481  13.7691  14.6301  17.1910  17.8612
    21.6575  22.9043  25.6861  26.3974  26.5808  27.7656  28.9348  29.1155
    30.0907  30.1663  31.9809  33.2037  35.0753

          k =-0.6384-0.0004-0.0023 (  1324 PWs)   bands (ev):

  -147.7827-147.0483-145.1938-145.1786-144.4808 -32.0287 -26.2207  -4.2800
    -3.8205  -2.9695  -2.7355  -1.5979  -0.8528  13.3547  13.4047  13.4955
    13.5847  13.6161  13.6763  13.7026  13.8471  14.8974  15.9197  17.0979
    19.0162  21.0688  22.2350  25.0445  27.2855  29.1361  29.7773  31.4290
    32.3192  33.9142  34.6769  35.8967  36.5703

          k =-0.6401-0.6390-0.4662 (  1338 PWs)   bands (ev):

  -148.5610-147.4924-146.9483-146.2407-145.7269 -31.9118 -26.1203  -4.2224
    -4.0799  -3.7326  -2.7947  -2.1460  -1.3980  13.4562  13.4765  13.5066
    13.5359  13.5511  13.5968  13.6630  14.9540  15.5734  16.2084  17.5656
    19.5237  19.9925  21.4954  21.7919  29.3189  29.7585  31.5422  32.3811
    32.6939  33.8140  36.9042  37.1226  37.5780

          k =-0.6399 0.0008-0.4657 (  1286 PWs)   bands (ev):

  -145.1380-144.6247-142.7278-142.2087-141.6591 -32.0240 -26.2251  -4.7274
    -4.3585  -2.7940  -1.9506  -1.2964  -0.8618  12.7747  13.4194  13.5640
    13.6174  13.7296  13.7506  13.7671  13.8266  14.1294  17.0666  18.4008
    19.8022  20.5075  22.2441  23.1571  27.3894  27.8976  31.8841  32.0182
    32.2496  33.6984  34.6216  35.0827  36.5541

          k =-0.6416-0.6379-0.9296 (  1316 PWs)   bands (ev):

  -147.4579-146.8647-146.6998-143.5456-142.8592 -31.9136 -26.1212  -4.4869
    -4.2368  -3.2888  -2.3481  -2.2387  -1.5150  13.4809  13.5293  13.5355
    13.5735  13.6213  13.6746  13.7335  13.8514  14.6022  16.4654  16.8082
    18.9742  19.0393  23.0409  25.6150  28.3651  29.3881  32.6170  32.8603
    34.3880  34.8920  36.1203  36.9623  37.6793

          k =-0.6386-0.6402-0.0028 (  1316 PWs)   bands (ev):

  -147.4579-146.8647-146.6998-143.5456-142.8592 -31.9136 -26.1212  -4.4869
    -4.2368  -3.2888  -2.3481  -2.2387  -1.5150  13.4809  13.5293  13.5355
    13.5735  13.6213  13.6746  13.7335  13.8514  14.6022  16.4654  16.8082
    18.9742  19.0393  23.0409  25.6150  28.3651  29.3881  32.6170  32.8603
    34.3880  34.8920  36.1203  36.9623  37.6793

          k =-0.6402-1.2788-0.4668 (  1286 PWs)   bands (ev):

  -145.1380-144.6247-142.7278-142.2087-141.6591 -32.0240 -26.2251  -4.7274
    -4.3585  -2.7940  -1.9506  -1.2964  -0.8618  12.7747  13.4194  13.5640
    13.6174  13.7296  13.7506  13.7671  13.8266  14.1294  17.0666  18.4008
    19.8022  20.5075  22.2441  23.1571  27.3894  27.8976  31.8841  32.0182
    32.2496  33.6984  34.6216  35.0827  36.5541

          k =-0.6401-0.6390-0.4662 (  1338 PWs)   bands (ev):

  -148.5610-147.4924-146.9483-146.2407-145.7269 -31.9118 -26.1203  -4.2224
    -4.0799  -3.7326  -2.7947  -2.1460  -1.3980  13.4562  13.4765  13.5066
    13.5359  13.5511  13.5968  13.6630  14.9540  15.5734  16.2084  17.5656
    19.5237  19.9925  21.4954  21.7919  29.3189  29.7585  31.5422  32.3811
    32.6939  33.8140  36.9042  37.1226  37.5780

          k =-0.6417-1.2777-0.9302 (  1324 PWs)   bands (ev):

  -147.7827-147.0483-145.1938-145.1786-144.4808 -32.0287 -26.2207  -4.2800
    -3.8205  -2.9695  -2.7355  -1.5979  -0.8528  13.3547  13.4047  13.4955
    13.5847  13.6161  13.6763  13.7026  13.8471  14.8974  15.9197  17.0979
    19.0162  21.0688  22.2350  25.0445  27.2855  29.1361  29.7773  31.4290
    32.3192  33.9142  34.6769  35.8967  36.5703

     the Fermi energy is    31.1994 ev

     Writing output data file ./tmp/_ph0/HfTiBH42.save/

     Phonons                                                                    

     bravais-lattice index     =            0
     lattice parameter (alat)  =       6.9360  a.u.
     unit-cell volume          =     220.3604 (a.u.)^3
     number of atoms/cell      =           12
     number of atomic types    =            4
     kinetic-energy cut-off    =      50.0000  Ry
     charge density cut-off    =     400.0000  Ry
     convergence threshold     =      1.0E-14
     beta                      =       0.7000
     number of iterations used =            4
     Exchange-correlation= PBE
                           (   1   4   3   4   0   0   0)


     celldm(1)=    6.93597  celldm(2)=    0.00000  celldm(3)=    0.00000
     celldm(4)=    0.00000  celldm(5)=    0.00000  celldm(6)=    0.00000

     crystal axes: (cart. coord. in units of alat)
               a(1) = (  0.7832 -0.0002 -0.0025 )  
               a(2) = ( -0.0004  0.7815  0.0019 )  
               a(3) = ( -0.0039 -0.0009  1.0790 )  

     reciprocal axes: (cart. coord. in units 2 pi/alat)
               b(1) = (  1.2768  0.0007  0.0046 )  
               b(2) = (  0.0003  1.2796  0.0011 )  
               b(3) = (  0.0030 -0.0023  0.9268 )  


     Atoms inside the unit cell: 

     Cartesian axes

     site n.  atom      mass           positions (alat units)
        1     Ti   1.0000   tau(    1) = (    0.83288    0.04352   -0.02567  )
        2     Hf   1.0000   tau(    2) = (    0.33721    0.36129    0.55903  )
        3     B    1.0000   tau(    3) = (    0.45397    0.45425    0.01753  )
        4     B    1.0000   tau(    4) = (    0.72002   -0.05183    0.50241  )
        5     H    1.0000   tau(    5) = (   -0.02560    0.46502    0.83209  )
        6     H    1.0000   tau(    6) = (    0.20147   -0.02937    0.35162  )
        7     H    1.0000   tau(    7) = (    0.72105    0.17309    0.69305  )
        8     H    1.0000   tau(    8) = (    0.43400    0.18602    0.96588  )
        9     H    1.0000   tau(    9) = (    0.17011    0.43175    0.13618  )
       10     H    1.0000   tau(   10) = (    0.67667    0.39950    0.23225  )
       11     H    1.0000   tau(   11) = (    0.41367    0.68348    0.86398  )
       12     H    1.0000   tau(   12) = (    0.50265    0.78565    0.28173  )

     Computing dynamical matrix for 
                    q = (  -0.0016699  -0.6386705  -0.4639361 )

      2 Sym.Ops. (with q -> -q+G )


     G cutoff =  487.4323  (  14922 G-vectors)     FFT grid: ( 36, 36, 48)
     G cutoff =  243.7162  (   5249 G-vectors)  smooth grid: ( 25, 25, 36)

     number of k points=    16  Methfessel-Paxton smearing, width (Ry)=  0.0200

     PseudoPot. # 1 for B  read from file:
     /home/marco/ZOS_Cloud_Compute/pseudo/B.UPF
     MD5 check sum: d9c678ba5d3b2fd7b74e61139c9288d8
     Pseudo is Projector augmented-wave + core cor, Zval =  3.0
     Generated using "atomic" code by A. Dal Corso  v.5.1.2
     Shape of augmentation charge: PSQ
     Using radial grid of 1059 points,  4 beta functions with: 
                l(1) =   0
                l(2) =   0
                l(3) =   1
                l(4) =   1
     Q(r) pseudized with 0 coefficients 


     PseudoPot. # 2 for H  read from file:
     /home/marco/ZOS_Cloud_Compute/pseudo/H.UPF
     MD5 check sum: 850d63dcbcc06c5de8b44e0ab9f952da
     Pseudo is Projector augmented-wave, Zval =  1.0
     Generated using "atomic" code by A. Dal Corso  v.5.1.2
     Shape of augmentation charge: PSQ
     Using radial grid of  929 points,  2 beta functions with: 
                l(1) =   0
                l(2) =   0
     Q(r) pseudized with 0 coefficients 


     PseudoPot. # 3 for Hf read from file:
     /home/marco/ZOS_Cloud_Compute/pseudo/Hf.UPF
     MD5 check sum: 054ab3954715fe03e42536d2af1a941a
     Pseudo is Projector augmented-wave + core cor, Zval = 36.0
     Generated using "atomic" code by A. Dal Corso  v.5.1.2
     Shape of augmentation charge: PSQ
     Using radial grid of 1271 points,  8 beta functions with: 
                l(1) =   0
                l(2) =   0
                l(3) =   1
                l(4) =   1
                l(5) =   2
                l(6) =   2
                l(7) =   3
                l(8) =   3
     Q(r) pseudized with 0 coefficients 


     PseudoPot. # 4 for Ti read from file:
     /home/marco/ZOS_Cloud_Compute/pseudo/Ti.UPF
     MD5 check sum: 8e4df49b7f0d34bbd5052bf3f5ea0213
     Pseudo is Ultrasoft, Zval = 12.0
     Generated by new atomic code, or converted to UPF format
     Using radial grid of  851 points,  6 beta functions with: 
                l(1) =   0
                l(2) =   0
                l(3) =   1
                l(4) =   1
                l(5) =   2
                l(6) =   2
     Q(r) pseudized with  8 coefficients,  rinner =    1.000   1.000   1.000
                                                       1.000   1.000

     Mode symmetry, C_1 (1)     point group:


     Atomic displacements:
     There are   36 irreducible representations

     Representation     1      1 modes -  To be done

     Representation     2      1 modes -  To be done

     Representation     3      1 modes -  To be done

     Representation     4      1 modes -  To be done

     Representation     5      1 modes -  To be done

     Representation     6      1 modes -  To be done

     Representation     7      1 modes -  To be done

     Representation     8      1 modes -  To be done

     Representation     9      1 modes -  To be done

     Representation    10      1 modes -  To be done

     Representation    11      1 modes -  To be done

     Representation    12      1 modes -  To be done

     Representation    13      1 modes -  To be done

     Representation    14      1 modes -  To be done

     Representation    15      1 modes -  To be done

     Representation    16      1 modes -  To be done

     Representation    17      1 modes -  To be done

     Representation    18      1 modes -  To be done

     Representation    19      1 modes -  To be done

     Representation    20      1 modes -  To be done

     Representation    21      1 modes -  To be done

     Representation    22      1 modes -  To be done

     Representation    23      1 modes -  To be done

     Representation    24      1 modes -  To be done

     Representation    25      1 modes -  To be done

     Representation    26      1 modes -  To be done

     Representation    27      1 modes -  To be done

     Representation    28      1 modes -  To be done

     Representation    29      1 modes -  To be done

     Representation    30      1 modes -  To be done

     Representation    31      1 modes -  To be done

     Representation    32      1 modes -  To be done

     Representation    33      1 modes -  To be done

     Representation    34      1 modes -  To be done

     Representation    35      1 modes -  To be done

     Representation    36      1 modes -  To be done



     Alpha used in Ewald sum =   2.8000
     PHONON       :      2h30m CPU      3h16m WALL



     Representation #   1 mode #   1

     Self-consistent Calculation

      iter #   1 total cpu time : 11778.3 secs   av.it.:  11.5
      thresh= 1.000E-02 alpha_mix =  0.700 |ddv_scf|^2 =  1.899E-05

      iter #   2 total cpu time : 11787.2 secs   av.it.:  18.8
      thresh= 4.358E-04 alpha_mix =  0.700 |ddv_scf|^2 =  2.880E-06

      iter #   3 total cpu time : 11796.3 secs   av.it.:  19.6
      thresh= 1.697E-04 alpha_mix =  0.700 |ddv_scf|^2 =  2.523E-06

      iter #   4 total cpu time : 11804.8 secs   av.it.:  16.8
      thresh= 1.588E-04 alpha_mix =  0.700 |ddv_scf|^2 =  1.733E-07

      iter #   5 total cpu time : 11813.3 secs   av.it.:  17.2
      thresh= 4.163E-05 alpha_mix =  0.700 |ddv_scf|^2 =  3.500E-09

      iter #   6 total cpu time : 11822.1 secs   av.it.:  18.8
      thresh= 5.916E-06 alpha_mix =  0.700 |ddv_scf|^2 =  3.436E-10

      iter #   7 total cpu time : 11831.2 secs   av.it.:  19.8
      thresh= 1.854E-06 alpha_mix =  0.700 |ddv_scf|^2 =  8.167E-11

      iter #   8 total cpu time : 11840.1 secs   av.it.:  18.8
      thresh= 9.037E-07 alpha_mix =  0.700 |ddv_scf|^2 =  3.184E-11

      iter #   9 total cpu time : 11849.0 secs   av.it.:  18.9
      thresh= 5.643E-07 alpha_mix =  0.700 |ddv_scf|^2 =  4.280E-13

      iter #  10 total cpu time : 11858.1 secs   av.it.:  19.9
      thresh= 6.543E-08 alpha_mix =  0.700 |ddv_scf|^2 =  1.083E-13

      iter #  11 total cpu time : 11867.0 secs   av.it.:  19.2
      thresh= 3.291E-08 alpha_mix =  0.700 |ddv_scf|^2 =  4.099E-14

      iter #  12 total cpu time : 11875.7 secs   av.it.:  18.0
      thresh= 2.025E-08 alpha_mix =  0.700 |ddv_scf|^2 =  5.092E-15

     End of self-consistent calculation

     Convergence has been achieved 


     Representation #   2 mode #   2

     Self-consistent Calculation

      iter #   1 total cpu time : 11883.9 secs   av.it.:  13.4
      thresh= 1.000E-02 alpha_mix =  0.700 |ddv_scf|^2 =  3.651E-04

      iter #   2 total cpu time : 11892.9 secs   av.it.:  20.1
      thresh= 1.911E-03 alpha_mix =  0.700 |ddv_scf|^2 =  1.494E-03

      iter #   3 total cpu time : 11901.4 secs   av.it.:  16.9
      thresh= 3.865E-03 alpha_mix =  0.700 |ddv_scf|^2 =  5.654E-06

      iter #   4 total cpu time : 11910.4 secs   av.it.:  19.4
      thresh= 2.378E-04 alpha_mix =  0.700 |ddv_scf|^2 =  7.524E-06

      iter #   5 total cpu time : 11918.3 secs   av.it.:  16.5
      thresh= 2.743E-04 alpha_mix =  0.700 |ddv_scf|^2 =  1.523E-08

      iter #   6 total cpu time : 11927.5 secs   av.it.:  20.6
      thresh= 1.234E-05 alpha_mix =  0.700 |ddv_scf|^2 =  1.091E-08

      iter #   7 total cpu time : 11936.2 secs   av.it.:  17.9
      thresh= 1.044E-05 alpha_mix =  0.700 |ddv_scf|^2 =  2.378E-10

      iter #   8 total cpu time : 11945.3 secs   av.it.:  20.1
      thresh= 1.542E-06 alpha_mix =  0.700 |ddv_scf|^2 =  6.103E-11

      iter #   9 total cpu time : 11954.1 secs   av.it.:  19.0
      thresh= 7.812E-07 alpha_mix =  0.700 |ddv_scf|^2 =  1.531E-11

      iter #  10 total cpu time : 11962.9 secs   av.it.:  18.9
      thresh= 3.913E-07 alpha_mix =  0.700 |ddv_scf|^2 =  1.021E-12

      iter #  11 total cpu time : 11971.8 secs   av.it.:  19.2
      thresh= 1.010E-07 alpha_mix =  0.700 |ddv_scf|^2 =  2.500E-13

      iter #  12 total cpu time : 11980.6 secs   av.it.:  18.5
      thresh= 5.000E-08 alpha_mix =  0.700 |ddv_scf|^2 =  1.191E-13

      iter #  13 total cpu time : 11989.4 secs   av.it.:  18.4
      thresh= 3.451E-08 alpha_mix =  0.700 |ddv_scf|^2 =  3.347E-14

      iter #  14 total cpu time : 11998.0 secs   av.it.:  17.9
      thresh= 1.829E-08 alpha_mix =  0.700 |ddv_scf|^2 =  1.667E-15

     End of self-consistent calculation

     Convergence has been achieved 


     Representation #   3 mode #   3

     Self-consistent Calculation

      iter #   1 total cpu time : 12006.4 secs   av.it.:  13.4
      thresh= 1.000E-02 alpha_mix =  0.700 |ddv_scf|^2 =  1.989E-04

      iter #   2 total cpu time : 12015.6 secs   av.it.:  20.5
      thresh= 1.410E-03 alpha_mix =  0.700 |ddv_scf|^2 =  7.234E-04

      iter #   3 total cpu time : 12024.2 secs   av.it.:  17.2
      thresh= 2.690E-03 alpha_mix =  0.700 |ddv_scf|^2 =  1.020E-06

      iter #   4 total cpu time : 12033.5 secs   av.it.:  21.2
      thresh= 1.010E-04 alpha_mix =  0.700 |ddv_scf|^2 =  2.657E-07

      iter #   5 total cpu time : 12042.0 secs   av.it.:  17.6
      thresh= 5.154E-05 alpha_mix =  0.700 |ddv_scf|^2 =  3.961E-08

      iter #   6 total cpu time : 12050.7 secs   av.it.:  18.0
      thresh= 1.990E-05 alpha_mix =  0.700 |ddv_scf|^2 =  1.900E-08

      iter #   7 total cpu time : 12059.4 secs   av.it.:  17.8
      thresh= 1.378E-05 alpha_mix =  0.700 |ddv_scf|^2 =  2.932E-10

      iter #   8 total cpu time : 12067.9 secs   av.it.:  20.1
      thresh= 1.712E-06 alpha_mix =  0.700 |ddv_scf|^2 =  1.728E-11

      iter #   9 total cpu time : 12077.0 secs   av.it.:  19.9
      thresh= 4.157E-07 alpha_mix =  0.700 |ddv_scf|^2 =  9.562E-12

      iter #  10 total cpu time : 12086.1 secs   av.it.:  19.9
      thresh= 3.092E-07 alpha_mix =  0.700 |ddv_scf|^2 =  5.803E-12

      iter #  11 total cpu time : 12095.0 secs   av.it.:  19.1
      thresh= 2.409E-07 alpha_mix =  0.700 |ddv_scf|^2 =  2.934E-12

      iter #  12 total cpu time : 12103.8 secs   av.it.:  17.6
      thresh= 1.713E-07 alpha_mix =  0.700 |ddv_scf|^2 =  7.739E-13

      iter #  13 total cpu time : 12112.6 secs   av.it.:  18.6
      thresh= 8.797E-08 alpha_mix =  0.700 |ddv_scf|^2 =  3.608E-13

      iter #  14 total cpu time : 12121.4 secs   av.it.:  17.9
      thresh= 6.007E-08 alpha_mix =  0.700 |ddv_scf|^2 =  2.672E-14

      iter #  15 total cpu time : 12129.6 secs   av.it.:  18.1
      thresh= 1.635E-08 alpha_mix =  0.700 |ddv_scf|^2 =  1.061E-15

     End of self-consistent calculation

     Convergence has been achieved 


     Representation #   4 mode #   4

     Self-consistent Calculation

      iter #   1 total cpu time : 12138.6 secs   av.it.:  16.2
      thresh= 1.000E-02 alpha_mix =  0.700 |ddv_scf|^2 =  4.774E-04

      iter #   2 total cpu time : 12147.4 secs   av.it.:  21.4
      thresh= 2.185E-03 alpha_mix =  0.700 |ddv_scf|^2 =  6.178E-05

      iter #   3 total cpu time : 12156.0 secs   av.it.:  21.0
      thresh= 7.860E-04 alpha_mix =  0.700 |ddv_scf|^2 =  2.819E-05

      iter #   4 total cpu time : 12164.5 secs   av.it.:  17.2
      thresh= 5.310E-04 alpha_mix =  0.700 |ddv_scf|^2 =  6.752E-06

      iter #   5 total cpu time : 12173.1 secs   av.it.:  18.0
      thresh= 2.598E-04 alpha_mix =  0.700 |ddv_scf|^2 =  2.471E-07

      iter #   6 total cpu time : 12181.9 secs   av.it.:  18.8
      thresh= 4.971E-05 alpha_mix =  0.700 |ddv_scf|^2 =  1.273E-08

      iter #   7 total cpu time : 12191.0 secs   av.it.:  19.9
      thresh= 1.128E-05 alpha_mix =  0.700 |ddv_scf|^2 =  3.374E-09

      iter #   8 total cpu time : 12199.8 secs   av.it.:  17.9
      thresh= 5.809E-06 alpha_mix =  0.700 |ddv_scf|^2 =  2.314E-10

      iter #   9 total cpu time : 12208.7 secs   av.it.:  19.4
      thresh= 1.521E-06 alpha_mix =  0.700 |ddv_scf|^2 =  1.786E-10

      iter #  10 total cpu time : 12217.6 secs   av.it.:  18.4
      thresh= 1.336E-06 alpha_mix =  0.700 |ddv_scf|^2 =  5.635E-13

      iter #  11 total cpu time : 12227.1 secs   av.it.:  21.9
      thresh= 7.507E-08 alpha_mix =  0.700 |ddv_scf|^2 =  1.394E-13

      iter #  12 total cpu time : 12235.7 secs   av.it.:  20.4
      thresh= 3.734E-08 alpha_mix =  0.700 |ddv_scf|^2 =  8.830E-14

      iter #  13 total cpu time : 12244.6 secs   av.it.:  18.5
      thresh= 2.972E-08 alpha_mix =  0.700 |ddv_scf|^2 =  2.628E-14

      iter #  14 total cpu time : 12252.9 secs   av.it.:  17.9
      thresh= 1.621E-08 alpha_mix =  0.700 |ddv_scf|^2 =  3.628E-15

     End of self-consistent calculation

     Convergence has been achieved 


     Representation #   5 mode #   5

     Self-consistent Calculation

      iter #   1 total cpu time : 12262.1 secs   av.it.:  17.2
      thresh= 1.000E-02 alpha_mix =  0.700 |ddv_scf|^2 =  4.540E-03

      iter #   2 total cpu time : 12271.5 secs   av.it.:  21.2
      thresh= 6.738E-03 alpha_mix =  0.700 |ddv_scf|^2 =  1.798E-02

      iter #   3 total cpu time : 12280.2 secs   av.it.:  18.1
      thresh= 1.000E-02 alpha_mix =  0.700 |ddv_scf|^2 =  2.313E-04

      iter #   4 total cpu time : 12289.1 secs   av.it.:  18.8
      thresh= 1.521E-03 alpha_mix =  0.700 |ddv_scf|^2 =  1.898E-04

      iter #   5 total cpu time : 12297.7 secs   av.it.:  16.9
      thresh= 1.378E-03 alpha_mix =  0.700 |ddv_scf|^2 =  1.841E-06

      iter #   6 total cpu time : 12307.0 secs   av.it.:  20.6
      thresh= 1.357E-04 alpha_mix =  0.700 |ddv_scf|^2 =  9.468E-07

      iter #   7 total cpu time : 12315.8 secs   av.it.:  18.6
      thresh= 9.730E-05 alpha_mix =  0.700 |ddv_scf|^2 =  3.779E-08

      iter #   8 total cpu time : 12324.9 secs   av.it.:  19.8
      thresh= 1.944E-05 alpha_mix =  0.700 |ddv_scf|^2 =  6.916E-09

      iter #   9 total cpu time : 12333.7 secs   av.it.:  18.8
      thresh= 8.316E-06 alpha_mix =  0.700 |ddv_scf|^2 =  8.799E-10

      iter #  10 total cpu time : 12342.5 secs   av.it.:  18.4
      thresh= 2.966E-06 alpha_mix =  0.700 |ddv_scf|^2 =  2.266E-10

      iter #  11 total cpu time : 12351.0 secs   av.it.:  19.2
      thresh= 1.505E-06 alpha_mix =  0.700 |ddv_scf|^2 =  1.466E-10

      iter #  12 total cpu time : 12359.6 secs   av.it.:  17.9
      thresh= 1.211E-06 alpha_mix =  0.700 |ddv_scf|^2 =  1.051E-11

      iter #  13 total cpu time : 12368.8 secs   av.it.:  19.9
      thresh= 3.242E-07 alpha_mix =  0.700 |ddv_scf|^2 =  6.441E-12

      iter #  14 total cpu time : 12377.6 secs   av.it.:  18.5
      thresh= 2.538E-07 alpha_mix =  0.700 |ddv_scf|^2 =  9.412E-14

      iter #  15 total cpu time : 12386.9 secs   av.it.:  20.9
      thresh= 3.068E-08 alpha_mix =  0.700 |ddv_scf|^2 =  6.134E-14

      iter #  16 total cpu time : 12395.4 secs   av.it.:  19.5
      thresh= 2.477E-08 alpha_mix =  0.700 |ddv_scf|^2 =  2.307E-14

      iter #  17 total cpu time : 12404.1 secs   av.it.:  18.4
      thresh= 1.519E-08 alpha_mix =  0.700 |ddv_scf|^2 =  5.232E-15

     End of self-consistent calculation

     Convergence has been achieved 


     Representation #   6 mode #   6

     Self-consistent Calculation

      iter #   1 total cpu time : 12413.2 secs   av.it.:  17.0
      thresh= 1.000E-02 alpha_mix =  0.700 |ddv_scf|^2 =  2.753E-03

      iter #   2 total cpu time : 12422.5 secs   av.it.:  21.2
      thresh= 5.247E-03 alpha_mix =  0.700 |ddv_scf|^2 =  1.138E-02

      iter #   3 total cpu time : 12431.0 secs   av.it.:  17.5
      thresh= 1.000E-02 alpha_mix =  0.700 |ddv_scf|^2 =  4.741E-04

      iter #   4 total cpu time : 12439.5 secs   av.it.:  17.6
      thresh= 2.177E-03 alpha_mix =  0.700 |ddv_scf|^2 =  1.711E-04

      iter #   5 total cpu time : 12448.1 secs   av.it.:  17.0
      thresh= 1.308E-03 alpha_mix =  0.700 |ddv_scf|^2 =  2.500E-06

      iter #   6 total cpu time : 12457.1 secs   av.it.:  19.6
      thresh= 1.581E-04 alpha_mix =  0.700 |ddv_scf|^2 =  4.997E-07

      iter #   7 total cpu time : 12465.9 secs   av.it.:  17.9
      thresh= 7.069E-05 alpha_mix =  0.700 |ddv_scf|^2 =  8.117E-08

      iter #   8 total cpu time : 12474.7 secs   av.it.:  18.6
      thresh= 2.849E-05 alpha_mix =  0.700 |ddv_scf|^2 =  5.691E-09

      iter #   9 total cpu time : 12483.6 secs   av.it.:  19.5
      thresh= 7.544E-06 alpha_mix =  0.700 |ddv_scf|^2 =  4.285E-10

      iter #  10 total cpu time : 12492.7 secs   av.it.:  19.8
      thresh= 2.070E-06 alpha_mix =  0.700 |ddv_scf|^2 =  2.052E-10

      iter #  11 total cpu time : 12501.5 secs   av.it.:  18.8
      thresh= 1.432E-06 alpha_mix =  0.700 |ddv_scf|^2 =  2.855E-11

      iter #  12 total cpu time : 12510.3 secs   av.it.:  18.1
      thresh= 5.344E-07 alpha_mix =  0.700 |ddv_scf|^2 =  6.518E-12

      iter #  13 total cpu time : 12518.9 secs   av.it.:  19.2
      thresh= 2.553E-07 alpha_mix =  0.700 |ddv_scf|^2 =  1.499E-12

      iter #  14 total cpu time : 12527.6 secs   av.it.:  18.8
      thresh= 1.224E-07 alpha_mix =  0.700 |ddv_scf|^2 =  4.620E-13

      iter #  15 total cpu time : 12536.3 secs   av.it.:  17.9
      thresh= 6.797E-08 alpha_mix =  0.700 |ddv_scf|^2 =  8.461E-14

      iter #  16 total cpu time : 12545.2 secs   av.it.:  19.5
      thresh= 2.909E-08 alpha_mix =  0.700 |ddv_scf|^2 =  5.059E-14

      iter #  17 total cpu time : 12554.2 secs   av.it.:  18.8
      thresh= 2.249E-08 alpha_mix =  0.700 |ddv_scf|^2 =  6.668E-15

     End of self-consistent calculation

     Convergence has been achieved 


     Representation #   7 mode #   7

     Self-consistent Calculation

      iter #   1 total cpu time : 12561.5 secs   av.it.:   8.1
      thresh= 1.000E-02 alpha_mix =  0.700 |ddv_scf|^2 =  5.279E-07

      iter #   2 total cpu time : 12570.4 secs   av.it.:  19.0
      thresh= 7.266E-05 alpha_mix =  0.700 |ddv_scf|^2 =  1.004E-07

      iter #   3 total cpu time : 12579.4 secs   av.it.:  19.8
      thresh= 3.168E-05 alpha_mix =  0.700 |ddv_scf|^2 =  1.086E-07

      iter #   4 total cpu time : 12588.1 secs   av.it.:  18.0
      thresh= 3.295E-05 alpha_mix =  0.700 |ddv_scf|^2 =  4.917E-09

      iter #   5 total cpu time : 12597.2 secs   av.it.:  19.6
      thresh= 7.012E-06 alpha_mix =  0.700 |ddv_scf|^2 =  2.398E-08

      iter #   6 total cpu time : 12605.6 secs   av.it.:  15.9
      thresh= 1.549E-05 alpha_mix =  0.700 |ddv_scf|^2 =  1.855E-10

      iter #   7 total cpu time : 12614.9 secs   av.it.:  20.9
      thresh= 1.362E-06 alpha_mix =  0.700 |ddv_scf|^2 =  1.325E-10

      iter #   8 total cpu time : 12623.5 secs   av.it.:  17.9
      thresh= 1.151E-06 alpha_mix =  0.700 |ddv_scf|^2 =  2.185E-11

      iter #   9 total cpu time : 12631.8 secs   av.it.:  18.2
      thresh= 4.674E-07 alpha_mix =  0.700 |ddv_scf|^2 =  7.418E-13

      iter #  10 total cpu time : 12640.8 secs   av.it.:  19.5
      thresh= 8.613E-08 alpha_mix =  0.700 |ddv_scf|^2 =  4.646E-13

      iter #  11 total cpu time : 12649.5 secs   av.it.:  17.6
      thresh= 6.816E-08 alpha_mix =  0.700 |ddv_scf|^2 =  6.654E-15

     End of self-consistent calculation

     Convergence has been achieved 


     Representation #   8 mode #   8

     Self-consistent Calculation

      iter #   1 total cpu time : 12657.1 secs   av.it.:   9.2
      thresh= 1.000E-02 alpha_mix =  0.700 |ddv_scf|^2 =  2.979E-05

      iter #   2 total cpu time : 12666.3 secs   av.it.:  20.0
      thresh= 5.458E-04 alpha_mix =  0.700 |ddv_scf|^2 =  3.461E-04

      iter #   3 total cpu time : 12674.0 secs   av.it.:  15.9
      thresh= 1.860E-03 alpha_mix =  0.700 |ddv_scf|^2 =  2.104E-06

      iter #   4 total cpu time : 12682.7 secs   av.it.:  17.6
      thresh= 1.450E-04 alpha_mix =  0.700 |ddv_scf|^2 =  1.327E-07

      iter #   5 total cpu time : 12691.4 secs   av.it.:  18.0
      thresh= 3.642E-05 alpha_mix =  0.700 |ddv_scf|^2 =  1.944E-08

      iter #   6 total cpu time : 12699.5 secs   av.it.:  17.6
      thresh= 1.394E-05 alpha_mix =  0.700 |ddv_scf|^2 =  3.290E-10

      iter #   7 total cpu time : 12708.7 secs   av.it.:  20.0
      thresh= 1.814E-06 alpha_mix =  0.700 |ddv_scf|^2 =  4.818E-10

      iter #   8 total cpu time : 12717.4 secs   av.it.:  18.1
      thresh= 2.195E-06 alpha_mix =  0.700 |ddv_scf|^2 =  6.785E-12

      iter #   9 total cpu time : 12726.5 secs   av.it.:  20.2
      thresh= 2.605E-07 alpha_mix =  0.700 |ddv_scf|^2 =  7.105E-13

      iter #  10 total cpu time : 12735.7 secs   av.it.:  21.0
      thresh= 8.429E-08 alpha_mix =  0.700 |ddv_scf|^2 =  1.122E-12

      iter #  11 total cpu time : 12743.8 secs   av.it.:  18.0
      thresh= 1.059E-07 alpha_mix =  0.700 |ddv_scf|^2 =  1.643E-13

      iter #  12 total cpu time : 12752.6 secs   av.it.:  18.2
      thresh= 4.054E-08 alpha_mix =  0.700 |ddv_scf|^2 =  3.807E-14

      iter #  13 total cpu time : 12761.1 secs   av.it.:  17.6
      thresh= 1.951E-08 alpha_mix =  0.700 |ddv_scf|^2 =  4.846E-15

     End of self-consistent calculation

     Convergence has been achieved 


     Representation #   9 mode #   9

     Self-consistent Calculation

      iter #   1 total cpu time : 12768.6 secs   av.it.:   9.1
      thresh= 1.000E-02 alpha_mix =  0.700 |ddv_scf|^2 =  9.957E-06

      iter #   2 total cpu time : 12777.2 secs   av.it.:  20.5
      thresh= 3.155E-04 alpha_mix =  0.700 |ddv_scf|^2 =  3.879E-05

      iter #   3 total cpu time : 12785.8 secs   av.it.:  17.5
      thresh= 6.228E-04 alpha_mix =  0.700 |ddv_scf|^2 =  3.408E-07

      iter #   4 total cpu time : 12794.7 secs   av.it.:  18.8
      thresh= 5.838E-05 alpha_mix =  0.700 |ddv_scf|^2 =  2.609E-07

      iter #   5 total cpu time : 12803.0 secs   av.it.:  17.4
      thresh= 5.108E-05 alpha_mix =  0.700 |ddv_scf|^2 =  3.908E-09

      iter #   6 total cpu time : 12812.2 secs   av.it.:  20.4
      thresh= 6.252E-06 alpha_mix =  0.700 |ddv_scf|^2 =  2.510E-09

      iter #   7 total cpu time : 12821.1 secs   av.it.:  18.8
      thresh= 5.010E-06 alpha_mix =  0.700 |ddv_scf|^2 =  2.347E-10

      iter #   8 total cpu time : 12829.7 secs   av.it.:  19.9
      thresh= 1.532E-06 alpha_mix =  0.700 |ddv_scf|^2 =  1.184E-11

      iter #   9 total cpu time : 12839.1 secs   av.it.:  21.5
      thresh= 3.441E-07 alpha_mix =  0.700 |ddv_scf|^2 =  1.726E-11

      iter #  10 total cpu time : 12848.0 secs   av.it.:  18.4
      thresh= 4.154E-07 alpha_mix =  0.700 |ddv_scf|^2 =  8.451E-12

      iter #  11 total cpu time : 12856.5 secs   av.it.:  16.5
      thresh= 2.907E-07 alpha_mix =  0.700 |ddv_scf|^2 =  1.582E-12

      iter #  12 total cpu time : 12865.2 secs   av.it.:  18.4
      thresh= 1.258E-07 alpha_mix =  0.700 |ddv_scf|^2 =  4.710E-14

      iter #  13 total cpu time : 12874.5 secs   av.it.:  20.5
      thresh= 2.170E-08 alpha_mix =  0.700 |ddv_scf|^2 =  4.028E-14

      iter #  14 total cpu time : 12882.7 secs   av.it.:  17.2
      thresh= 2.007E-08 alpha_mix =  0.700 |ddv_scf|^2 =  1.191E-15

     End of self-consistent calculation

     Convergence has been achieved 


     Representation #  10 mode #  10

     Self-consistent Calculation

      iter #   1 total cpu time : 12890.1 secs   av.it.:   8.4
      thresh= 1.000E-02 alpha_mix =  0.700 |ddv_scf|^2 =  4.885E-07

      iter #   2 total cpu time : 12899.2 secs   av.it.:  19.9
      thresh= 6.989E-05 alpha_mix =  0.700 |ddv_scf|^2 =  1.134E-07

      iter #   3 total cpu time : 12908.5 secs   av.it.:  20.6
      thresh= 3.367E-05 alpha_mix =  0.700 |ddv_scf|^2 =  1.757E-07

      iter #   4 total cpu time : 12917.2 secs   av.it.:  17.6
      thresh= 4.192E-05 alpha_mix =  0.700 |ddv_scf|^2 =  2.635E-08

      iter #   5 total cpu time : 12925.8 secs   av.it.:  17.4
      thresh= 1.623E-05 alpha_mix =  0.700 |ddv_scf|^2 =  9.049E-09

      iter #   6 total cpu time : 12934.3 secs   av.it.:  17.1
      thresh= 9.512E-06 alpha_mix =  0.700 |ddv_scf|^2 =  3.159E-10

      iter #   7 total cpu time : 12943.3 secs   av.it.:  19.6
      thresh= 1.777E-06 alpha_mix =  0.700 |ddv_scf|^2 =  8.149E-11

      iter #   8 total cpu time : 12952.0 secs   av.it.:  17.8
      thresh= 9.027E-07 alpha_mix =  0.700 |ddv_scf|^2 =  6.168E-12

      iter #   9 total cpu time : 12960.8 secs   av.it.:  18.2
      thresh= 2.484E-07 alpha_mix =  0.700 |ddv_scf|^2 =  3.897E-13

      iter #  10 total cpu time : 12969.7 secs   av.it.:  18.5
      thresh= 6.243E-08 alpha_mix =  0.700 |ddv_scf|^2 =  2.254E-14

      iter #  11 total cpu time : 12978.8 secs   av.it.:  19.9
      thresh= 1.501E-08 alpha_mix =  0.700 |ddv_scf|^2 =  2.971E-14

      iter #  12 total cpu time : 12987.3 secs   av.it.:  17.5
      thresh= 1.724E-08 alpha_mix =  0.700 |ddv_scf|^2 =  9.408E-16

     End of self-consistent calculation

     Convergence has been achieved 


     Representation #  11 mode #  11

     Self-consistent Calculation

      iter #   1 total cpu time : 12995.0 secs   av.it.:   9.2
      thresh= 1.000E-02 alpha_mix =  0.700 |ddv_scf|^2 =  1.878E-05

      iter #   2 total cpu time : 13004.3 secs   av.it.:  20.5
      thresh= 4.334E-04 alpha_mix =  0.700 |ddv_scf|^2 =  7.430E-05

      iter #   3 total cpu time : 13013.0 secs   av.it.:  17.6
      thresh= 8.620E-04 alpha_mix =  0.700 |ddv_scf|^2 =  1.268E-06

      iter #   4 total cpu time : 13021.1 secs   av.it.:  17.1
      thresh= 1.126E-04 alpha_mix =  0.700 |ddv_scf|^2 =  1.039E-07

      iter #   5 total cpu time : 13029.9 secs   av.it.:  18.4
      thresh= 3.224E-05 alpha_mix =  0.700 |ddv_scf|^2 =  8.000E-09

      iter #   6 total cpu time : 13039.2 secs   av.it.:  19.4
      thresh= 8.944E-06 alpha_mix =  0.700 |ddv_scf|^2 =  2.933E-09

      iter #   7 total cpu time : 13048.1 secs   av.it.:  19.1
      thresh= 5.416E-06 alpha_mix =  0.700 |ddv_scf|^2 =  1.979E-10

      iter #   8 total cpu time : 13057.2 secs   av.it.:  20.0
      thresh= 1.407E-06 alpha_mix =  0.700 |ddv_scf|^2 =  8.904E-12

      iter #   9 total cpu time : 13066.1 secs   av.it.:  20.9
      thresh= 2.984E-07 alpha_mix =  0.700 |ddv_scf|^2 =  1.016E-11

      iter #  10 total cpu time : 13075.1 secs   av.it.:  19.0
      thresh= 3.188E-07 alpha_mix =  0.700 |ddv_scf|^2 =  1.377E-11

      iter #  11 total cpu time : 13083.6 secs   av.it.:  17.4
      thresh= 3.710E-07 alpha_mix =  0.700 |ddv_scf|^2 =  3.158E-13

      iter #  12 total cpu time : 13092.8 secs   av.it.:  20.4
      thresh= 5.620E-08 alpha_mix =  0.700 |ddv_scf|^2 =  1.905E-13

      iter #  13 total cpu time : 13101.2 secs   av.it.:  18.0
      thresh= 4.365E-08 alpha_mix =  0.700 |ddv_scf|^2 =  1.978E-14

      iter #  14 total cpu time : 13110.2 secs   av.it.:  19.4
      thresh= 1.406E-08 alpha_mix =  0.700 |ddv_scf|^2 =  6.001E-15

     End of self-consistent calculation

     Convergence has been achieved 


     Representation #  12 mode #  12

     Self-consistent Calculation

      iter #   1 total cpu time : 13117.7 secs   av.it.:   9.0
      thresh= 1.000E-02 alpha_mix =  0.700 |ddv_scf|^2 =  1.562E-05

      iter #   2 total cpu time : 13126.9 secs   av.it.:  20.2
      thresh= 3.952E-04 alpha_mix =  0.700 |ddv_scf|^2 =  1.704E-04

      iter #   3 total cpu time : 13135.2 secs   av.it.:  15.8
      thresh= 1.305E-03 alpha_mix =  0.700 |ddv_scf|^2 =  1.905E-06

      iter #   4 total cpu time : 13143.8 secs   av.it.:  17.4
      thresh= 1.380E-04 alpha_mix =  0.700 |ddv_scf|^2 =  1.372E-07

      iter #   5 total cpu time : 13152.3 secs   av.it.:  17.8
      thresh= 3.704E-05 alpha_mix =  0.700 |ddv_scf|^2 =  1.571E-08

      iter #   6 total cpu time : 13160.9 secs   av.it.:  17.6
      thresh= 1.253E-05 alpha_mix =  0.700 |ddv_scf|^2 =  6.793E-10

      iter #   7 total cpu time : 13169.8 secs   av.it.:  19.0
      thresh= 2.606E-06 alpha_mix =  0.700 |ddv_scf|^2 =  4.422E-10

      iter #   8 total cpu time : 13178.4 secs   av.it.:  17.6
      thresh= 2.103E-06 alpha_mix =  0.700 |ddv_scf|^2 =  1.419E-11

      iter #   9 total cpu time : 13187.4 secs   av.it.:  19.4
      thresh= 3.766E-07 alpha_mix =  0.700 |ddv_scf|^2 =  9.437E-13

      iter #  10 total cpu time : 13196.8 secs   av.it.:  21.2
      thresh= 9.715E-08 alpha_mix =  0.700 |ddv_scf|^2 =  1.663E-12

      iter #  11 total cpu time : 13205.4 secs   av.it.:  17.9
      thresh= 1.290E-07 alpha_mix =  0.700 |ddv_scf|^2 =  2.206E-13

      iter #  12 total cpu time : 13214.1 secs   av.it.:  17.8
      thresh= 4.697E-08 alpha_mix =  0.700 |ddv_scf|^2 =  2.597E-14

      iter #  13 total cpu time : 13223.1 secs   av.it.:  19.1
      thresh= 1.611E-08 alpha_mix =  0.700 |ddv_scf|^2 =  1.783E-14

      iter #  14 total cpu time : 13231.7 secs   av.it.:  17.8
      thresh= 1.335E-08 alpha_mix =  0.700 |ddv_scf|^2 =  9.141E-16

     End of self-consistent calculation

     Convergence has been achieved 


     Representation #  13 mode #  13

     Self-consistent Calculation

      iter #   1 total cpu time : 13238.8 secs   av.it.:   6.9
      thresh= 1.000E-02 alpha_mix =  0.700 |ddv_scf|^2 =  9.341E-08

      iter #   2 total cpu time : 13248.1 secs   av.it.:  21.2
      thresh= 3.056E-05 alpha_mix =  0.700 |ddv_scf|^2 =  9.823E-08

      iter #   3 total cpu time : 13257.1 secs   av.it.:  19.2
      thresh= 3.134E-05 alpha_mix =  0.700 |ddv_scf|^2 =  1.645E-07

      iter #   4 total cpu time : 13265.5 secs   av.it.:  16.5
      thresh= 4.055E-05 alpha_mix =  0.700 |ddv_scf|^2 =  3.383E-09

      iter #   5 total cpu time : 13274.4 secs   av.it.:  18.6
      thresh= 5.816E-06 alpha_mix =  0.700 |ddv_scf|^2 =  2.979E-10

      iter #   6 total cpu time : 13283.4 secs   av.it.:  19.0
      thresh= 1.726E-06 alpha_mix =  0.700 |ddv_scf|^2 =  2.948E-11

      iter #   7 total cpu time : 13292.3 secs   av.it.:  19.5
      thresh= 5.429E-07 alpha_mix =  0.700 |ddv_scf|^2 =  1.069E-11

      iter #   8 total cpu time : 13301.1 secs   av.it.:  18.0
      thresh= 3.270E-07 alpha_mix =  0.700 |ddv_scf|^2 =  2.179E-12

      iter #   9 total cpu time : 13309.8 secs   av.it.:  17.9
      thresh= 1.476E-07 alpha_mix =  0.700 |ddv_scf|^2 =  8.585E-14

      iter #  10 total cpu time : 13318.8 secs   av.it.:  19.9
      thresh= 2.930E-08 alpha_mix =  0.700 |ddv_scf|^2 =  1.773E-14

      iter #  11 total cpu time : 13328.2 secs   av.it.:  21.1
      thresh= 1.331E-08 alpha_mix =  0.700 |ddv_scf|^2 =  2.029E-14

      iter #  12 total cpu time : 13336.5 secs   av.it.:  18.4
      thresh= 1.424E-08 alpha_mix =  0.700 |ddv_scf|^2 =  1.702E-15

     End of self-consistent calculation

     Convergence has been achieved 


     Representation #  14 mode #  14

     Self-consistent Calculation

      iter #   1 total cpu time : 13343.8 secs   av.it.:   7.8
      thresh= 1.000E-02 alpha_mix =  0.700 |ddv_scf|^2 =  3.843E-06

      iter #   2 total cpu time : 13352.9 secs   av.it.:  20.6
      thresh= 1.960E-04 alpha_mix =  0.700 |ddv_scf|^2 =  4.007E-05

      iter #   3 total cpu time : 13361.3 secs   av.it.:  16.1
      thresh= 6.330E-04 alpha_mix =  0.700 |ddv_scf|^2 =  8.404E-07

      iter #   4 total cpu time : 13370.0 secs   av.it.:  17.5
      thresh= 9.167E-05 alpha_mix =  0.700 |ddv_scf|^2 =  1.289E-08

      iter #   5 total cpu time : 13378.9 secs   av.it.:  18.9
      thresh= 1.135E-05 alpha_mix =  0.700 |ddv_scf|^2 =  1.380E-09

      iter #   6 total cpu time : 13387.6 secs   av.it.:  17.9
      thresh= 3.715E-06 alpha_mix =  0.700 |ddv_scf|^2 =  1.938E-10

      iter #   7 total cpu time : 13396.5 secs   av.it.:  18.6
      thresh= 1.392E-06 alpha_mix =  0.700 |ddv_scf|^2 =  1.857E-11

      iter #   8 total cpu time : 13404.9 secs   av.it.:  18.6
      thresh= 4.310E-07 alpha_mix =  0.700 |ddv_scf|^2 =  6.571E-13

      iter #   9 total cpu time : 13413.9 secs   av.it.:  19.4
      thresh= 8.106E-08 alpha_mix =  0.700 |ddv_scf|^2 =  4.153E-14

      iter #  10 total cpu time : 13423.2 secs   av.it.:  21.0
      thresh= 2.038E-08 alpha_mix =  0.700 |ddv_scf|^2 =  1.073E-13

      iter #  11 total cpu time : 13431.3 secs   av.it.:  17.5
      thresh= 3.276E-08 alpha_mix =  0.700 |ddv_scf|^2 =  3.308E-15

     End of self-consistent calculation

     Convergence has been achieved 


     Representation #  15 mode #  15

     Self-consistent Calculation

      iter #   1 total cpu time : 13438.8 secs   av.it.:   7.2
      thresh= 1.000E-02 alpha_mix =  0.700 |ddv_scf|^2 =  1.305E-06

      iter #   2 total cpu time : 13448.1 secs   av.it.:  20.8
      thresh= 1.142E-04 alpha_mix =  0.700 |ddv_scf|^2 =  5.561E-06

      iter #   3 total cpu time : 13456.8 secs   av.it.:  17.5
      thresh= 2.358E-04 alpha_mix =  0.700 |ddv_scf|^2 =  1.485E-07

      iter #   4 total cpu time : 13465.1 secs   av.it.:  16.8
      thresh= 3.854E-05 alpha_mix =  0.700 |ddv_scf|^2 =  2.105E-08

      iter #   5 total cpu time : 13473.9 secs   av.it.:  17.9
      thresh= 1.451E-05 alpha_mix =  0.700 |ddv_scf|^2 =  3.181E-10

      iter #   6 total cpu time : 13483.0 secs   av.it.:  19.9
      thresh= 1.784E-06 alpha_mix =  0.700 |ddv_scf|^2 =  1.555E-10

      iter #   7 total cpu time : 13492.0 secs   av.it.:  18.9
      thresh= 1.247E-06 alpha_mix =  0.700 |ddv_scf|^2 =  6.299E-12

      iter #   8 total cpu time : 13501.2 secs   av.it.:  20.1
      thresh= 2.510E-07 alpha_mix =  0.700 |ddv_scf|^2 =  6.120E-13

      iter #   9 total cpu time : 13510.6 secs   av.it.:  20.8
      thresh= 7.823E-08 alpha_mix =  0.700 |ddv_scf|^2 =  1.453E-13

      iter #  10 total cpu time : 13519.8 secs   av.it.:  19.5
      thresh= 3.812E-08 alpha_mix =  0.700 |ddv_scf|^2 =  1.181E-13

      iter #  11 total cpu time : 13528.6 secs   av.it.:  18.5
      thresh= 3.437E-08 alpha_mix =  0.700 |ddv_scf|^2 =  2.407E-14

      iter #  12 total cpu time : 13537.4 secs   av.it.:  17.9
      thresh= 1.552E-08 alpha_mix =  0.700 |ddv_scf|^2 =  3.022E-15

     End of self-consistent calculation

     Convergence has been achieved 


     Representation #  16 mode #  16

     Self-consistent Calculation

      iter #   1 total cpu time : 13544.6 secs   av.it.:   7.2
      thresh= 1.000E-02 alpha_mix =  0.700 |ddv_scf|^2 =  1.667E-07

      iter #   2 total cpu time : 13553.8 secs   av.it.:  20.1
      thresh= 4.083E-05 alpha_mix =  0.700 |ddv_scf|^2 =  7.254E-07

      iter #   3 total cpu time : 13562.2 secs   av.it.:  16.6
      thresh= 8.517E-05 alpha_mix =  0.700 |ddv_scf|^2 =  1.112E-07

      iter #   4 total cpu time : 13570.8 secs   av.it.:  17.1
      thresh= 3.335E-05 alpha_mix =  0.700 |ddv_scf|^2 =  2.099E-08

      iter #   5 total cpu time : 13578.9 secs   av.it.:  17.6
      thresh= 1.449E-05 alpha_mix =  0.700 |ddv_scf|^2 =  4.619E-10

      iter #   6 total cpu time : 13587.9 secs   av.it.:  18.9
      thresh= 2.149E-06 alpha_mix =  0.700 |ddv_scf|^2 =  1.032E-10

      iter #   7 total cpu time : 13597.0 secs   av.it.:  18.8
      thresh= 1.016E-06 alpha_mix =  0.700 |ddv_scf|^2 =  1.967E-11

      iter #   8 total cpu time : 13606.2 secs   av.it.:  18.6
      thresh= 4.435E-07 alpha_mix =  0.700 |ddv_scf|^2 =  4.654E-12

      iter #   9 total cpu time : 13615.0 secs   av.it.:  17.5
      thresh= 2.157E-07 alpha_mix =  0.700 |ddv_scf|^2 =  2.762E-14

      iter #  10 total cpu time : 13624.7 secs   av.it.:  22.0
      thresh= 1.662E-08 alpha_mix =  0.700 |ddv_scf|^2 =  7.525E-14

      iter #  11 total cpu time : 13633.6 secs   av.it.:  17.9
      thresh= 2.743E-08 alpha_mix =  0.700 |ddv_scf|^2 =  2.607E-15

     End of self-consistent calculation

     Convergence has been achieved 


     Representation #  17 mode #  17

     Self-consistent Calculation

      iter #   1 total cpu time : 13641.1 secs   av.it.:   8.0
      thresh= 1.000E-02 alpha_mix =  0.700 |ddv_scf|^2 =  2.552E-06

      iter #   2 total cpu time : 13650.6 secs   av.it.:  21.0
      thresh= 1.597E-04 alpha_mix =  0.700 |ddv_scf|^2 =  1.149E-05

      iter #   3 total cpu time : 13659.5 secs   av.it.:  17.5
      thresh= 3.390E-04 alpha_mix =  0.700 |ddv_scf|^2 =  5.641E-07

      iter #   4 total cpu time : 13667.7 secs   av.it.:  16.2
      thresh= 7.511E-05 alpha_mix =  0.700 |ddv_scf|^2 =  5.865E-09

      iter #   5 total cpu time : 13677.1 secs   av.it.:  20.1
      thresh= 7.658E-06 alpha_mix =  0.700 |ddv_scf|^2 =  1.176E-09

      iter #   6 total cpu time : 13686.3 secs   av.it.:  18.8
      thresh= 3.430E-06 alpha_mix =  0.700 |ddv_scf|^2 =  1.976E-10

      iter #   7 total cpu time : 13695.4 secs   av.it.:  19.5
      thresh= 1.406E-06 alpha_mix =  0.700 |ddv_scf|^2 =  1.364E-11

      iter #   8 total cpu time : 13704.7 secs   av.it.:  19.8
      thresh= 3.693E-07 alpha_mix =  0.700 |ddv_scf|^2 =  1.892E-12

      iter #   9 total cpu time : 13713.9 secs   av.it.:  19.5
      thresh= 1.375E-07 alpha_mix =  0.700 |ddv_scf|^2 =  2.150E-13

      iter #  10 total cpu time : 13723.4 secs   av.it.:  20.5
      thresh= 4.637E-08 alpha_mix =  0.700 |ddv_scf|^2 =  3.579E-13

      iter #  11 total cpu time : 13732.5 secs   av.it.:  18.6
      thresh= 5.983E-08 alpha_mix =  0.700 |ddv_scf|^2 =  3.862E-14

      iter #  12 total cpu time : 13741.4 secs   av.it.:  18.1
      thresh= 1.965E-08 alpha_mix =  0.700 |ddv_scf|^2 =  8.238E-15

     End of self-consistent calculation

     Convergence has been achieved 


     Representation #  18 mode #  18

     Self-consistent Calculation

      iter #   1 total cpu time : 13748.8 secs   av.it.:   7.9
      thresh= 1.000E-02 alpha_mix =  0.700 |ddv_scf|^2 =  2.490E-06

      iter #   2 total cpu time : 13758.3 secs   av.it.:  20.6
      thresh= 1.578E-04 alpha_mix =  0.700 |ddv_scf|^2 =  2.802E-05

      iter #   3 total cpu time : 13766.9 secs   av.it.:  15.9
      thresh= 5.293E-04 alpha_mix =  0.700 |ddv_scf|^2 =  3.533E-07

      iter #   4 total cpu time : 13775.7 secs   av.it.:  17.9
      thresh= 5.944E-05 alpha_mix =  0.700 |ddv_scf|^2 =  1.040E-08

      iter #   5 total cpu time : 13784.6 secs   av.it.:  18.4
      thresh= 1.020E-05 alpha_mix =  0.700 |ddv_scf|^2 =  8.058E-10

      iter #   6 total cpu time : 13793.0 secs   av.it.:  19.2
      thresh= 2.839E-06 alpha_mix =  0.700 |ddv_scf|^2 =  1.590E-10

      iter #   7 total cpu time : 13801.5 secs   av.it.:  18.5
      thresh= 1.261E-06 alpha_mix =  0.700 |ddv_scf|^2 =  2.299E-11

      iter #   8 total cpu time : 13810.4 secs   av.it.:  18.0
      thresh= 4.795E-07 alpha_mix =  0.700 |ddv_scf|^2 =  2.015E-12

      iter #   9 total cpu time : 13819.3 secs   av.it.:  18.2
      thresh= 1.420E-07 alpha_mix =  0.700 |ddv_scf|^2 =  1.679E-13

      iter #  10 total cpu time : 13828.5 secs   av.it.:  18.9
      thresh= 4.097E-08 alpha_mix =  0.700 |ddv_scf|^2 =  5.830E-14

      iter #  11 total cpu time : 13837.6 secs   av.it.:  18.8
      thresh= 2.414E-08 alpha_mix =  0.700 |ddv_scf|^2 =  2.904E-14

      iter #  12 total cpu time : 13846.5 secs   av.it.:  17.9
      thresh= 1.704E-08 alpha_mix =  0.700 |ddv_scf|^2 =  5.392E-15

     End of self-consistent calculation

     Convergence has been achieved 


     Representation #  19 mode #  19

     Self-consistent Calculation

      iter #   1 total cpu time : 13853.8 secs   av.it.:   7.8
      thresh= 1.000E-02 alpha_mix =  0.700 |ddv_scf|^2 =  1.404E-07

      iter #   2 total cpu time : 13863.5 secs   av.it.:  21.5
      thresh= 3.747E-05 alpha_mix =  0.700 |ddv_scf|^2 =  5.869E-07

      iter #   3 total cpu time : 13872.2 secs   av.it.:  16.8
      thresh= 7.661E-05 alpha_mix =  0.700 |ddv_scf|^2 =  9.637E-08

      iter #   4 total cpu time : 13881.0 secs   av.it.:  17.4
      thresh= 3.104E-05 alpha_mix =  0.700 |ddv_scf|^2 =  3.408E-09

      iter #   5 total cpu time : 13890.0 secs   av.it.:  18.6
      thresh= 5.838E-06 alpha_mix =  0.700 |ddv_scf|^2 =  4.578E-10

      iter #   6 total cpu time : 13899.2 secs   av.it.:  19.2
      thresh= 2.140E-06 alpha_mix =  0.700 |ddv_scf|^2 =  5.019E-11

      iter #   7 total cpu time : 13908.3 secs   av.it.:  18.8
      thresh= 7.084E-07 alpha_mix =  0.700 |ddv_scf|^2 =  6.106E-12

      iter #   8 total cpu time : 13916.7 secs   av.it.:  18.8
      thresh= 2.471E-07 alpha_mix =  0.700 |ddv_scf|^2 =  4.601E-13

      iter #   9 total cpu time : 13925.5 secs   av.it.:  18.8
      thresh= 6.783E-08 alpha_mix =  0.700 |ddv_scf|^2 =  1.112E-13

      iter #  10 total cpu time : 13934.7 secs   av.it.:  19.4
      thresh= 3.335E-08 alpha_mix =  0.700 |ddv_scf|^2 =  7.637E-15

     End of self-consistent calculation

     Convergence has been achieved 


     Representation #  20 mode #  20

     Self-consistent Calculation

      iter #   1 total cpu time : 13942.0 secs   av.it.:   7.8
      thresh= 1.000E-02 alpha_mix =  0.700 |ddv_scf|^2 =  2.927E-06

      iter #   2 total cpu time : 13951.3 secs   av.it.:  21.0
      thresh= 1.711E-04 alpha_mix =  0.700 |ddv_scf|^2 =  1.600E-05

      iter #   3 total cpu time : 13960.1 secs   av.it.:  17.4
      thresh= 4.000E-04 alpha_mix =  0.700 |ddv_scf|^2 =  1.075E-06

      iter #   4 total cpu time : 13968.7 secs   av.it.:  16.4
      thresh= 1.037E-04 alpha_mix =  0.700 |ddv_scf|^2 =  2.542E-09

      iter #   5 total cpu time : 13978.3 secs   av.it.:  21.2
      thresh= 5.042E-06 alpha_mix =  0.700 |ddv_scf|^2 =  3.457E-10

      iter #   6 total cpu time : 13987.8 secs   av.it.:  20.6
      thresh= 1.859E-06 alpha_mix =  0.700 |ddv_scf|^2 =  1.735E-10

      iter #   7 total cpu time : 13996.5 secs   av.it.:  18.5
      thresh= 1.317E-06 alpha_mix =  0.700 |ddv_scf|^2 =  1.475E-11

      iter #   8 total cpu time : 14005.3 secs   av.it.:  19.6
      thresh= 3.840E-07 alpha_mix =  0.700 |ddv_scf|^2 =  9.837E-13

      iter #   9 total cpu time : 14014.8 secs   av.it.:  21.1
      thresh= 9.918E-08 alpha_mix =  0.700 |ddv_scf|^2 =  7.169E-13

      iter #  10 total cpu time : 14023.8 secs   av.it.:  18.5
      thresh= 8.467E-08 alpha_mix =  0.700 |ddv_scf|^2 =  4.223E-14

      iter #  11 total cpu time : 14032.9 secs   av.it.:  19.0
      thresh= 2.055E-08 alpha_mix =  0.700 |ddv_scf|^2 =  7.574E-15

     End of self-consistent calculation

     Convergence has been achieved 


     Representation #  21 mode #  21

     Self-consistent Calculation

      iter #   1 total cpu time : 14040.3 secs   av.it.:   7.6
      thresh= 1.000E-02 alpha_mix =  0.700 |ddv_scf|^2 =  2.509E-06

      iter #   2 total cpu time : 14049.8 secs   av.it.:  20.8
      thresh= 1.584E-04 alpha_mix =  0.700 |ddv_scf|^2 =  2.695E-05

      iter #   3 total cpu time : 14058.3 secs   av.it.:  16.4
      thresh= 5.191E-04 alpha_mix =  0.700 |ddv_scf|^2 =  5.012E-07

      iter #   4 total cpu time : 14067.2 secs   av.it.:  17.9
      thresh= 7.079E-05 alpha_mix =  0.700 |ddv_scf|^2 =  7.930E-09

      iter #   5 total cpu time : 14076.3 secs   av.it.:  18.9
      thresh= 8.905E-06 alpha_mix =  0.700 |ddv_scf|^2 =  3.960E-10

      iter #   6 total cpu time : 14085.5 secs   av.it.:  19.2
      thresh= 1.990E-06 alpha_mix =  0.700 |ddv_scf|^2 =  2.329E-10

      iter #   7 total cpu time : 14094.4 secs   av.it.:  17.9
      thresh= 1.526E-06 alpha_mix =  0.700 |ddv_scf|^2 =  1.662E-11

      iter #   8 total cpu time : 14102.8 secs   av.it.:  18.4
      thresh= 4.076E-07 alpha_mix =  0.700 |ddv_scf|^2 =  4.413E-12

      iter #   9 total cpu time : 14111.5 secs   av.it.:  17.4
      thresh= 2.101E-07 alpha_mix =  0.700 |ddv_scf|^2 =  2.099E-13

      iter #  10 total cpu time : 14120.8 secs   av.it.:  19.6
      thresh= 4.581E-08 alpha_mix =  0.700 |ddv_scf|^2 =  1.599E-13

      iter #  11 total cpu time : 14129.7 secs   av.it.:  18.2
      thresh= 3.999E-08 alpha_mix =  0.700 |ddv_scf|^2 =  2.729E-14

      iter #  12 total cpu time : 14138.7 secs   av.it.:  18.1
      thresh= 1.652E-08 alpha_mix =  0.700 |ddv_scf|^2 =  6.911E-15

     End of self-consistent calculation

     Convergence has been achieved 


     Representation #  22 mode #  22

     Self-consistent Calculation

      iter #   1 total cpu time : 14145.8 secs   av.it.:   6.9
      thresh= 1.000E-02 alpha_mix =  0.700 |ddv_scf|^2 =  1.058E-07

      iter #   2 total cpu time : 14155.1 secs   av.it.:  19.9
      thresh= 3.252E-05 alpha_mix =  0.700 |ddv_scf|^2 =  1.282E-08

      iter #   3 total cpu time : 14164.1 secs   av.it.:  21.2
      thresh= 1.132E-05 alpha_mix =  0.700 |ddv_scf|^2 =  1.185E-08

      iter #   4 total cpu time : 14173.0 secs   av.it.:  17.9
      thresh= 1.089E-05 alpha_mix =  0.700 |ddv_scf|^2 =  1.190E-10

      iter #   5 total cpu time : 14182.3 secs   av.it.:  20.1
      thresh= 1.091E-06 alpha_mix =  0.700 |ddv_scf|^2 =  3.653E-11

      iter #   6 total cpu time : 14191.4 secs   av.it.:  18.9
      thresh= 6.044E-07 alpha_mix =  0.700 |ddv_scf|^2 =  4.696E-11

      iter #   7 total cpu time : 14200.2 secs   av.it.:  17.6
      thresh= 6.853E-07 alpha_mix =  0.700 |ddv_scf|^2 =  2.862E-12

      iter #   8 total cpu time : 14209.4 secs   av.it.:  19.2
      thresh= 1.692E-07 alpha_mix =  0.700 |ddv_scf|^2 =  9.000E-13

      iter #   9 total cpu time : 14218.6 secs   av.it.:  19.8
      thresh= 9.487E-08 alpha_mix =  0.700 |ddv_scf|^2 =  1.749E-13

      iter #  10 total cpu time : 14227.4 secs   av.it.:  18.9
      thresh= 4.182E-08 alpha_mix =  0.700 |ddv_scf|^2 =  7.299E-14

      iter #  11 total cpu time : 14236.4 secs   av.it.:  18.8
      thresh= 2.702E-08 alpha_mix =  0.700 |ddv_scf|^2 =  4.860E-15

     End of self-consistent calculation

     Convergence has been achieved 


     Representation #  23 mode #  23

     Self-consistent Calculation

      iter #   1 total cpu time : 14243.8 secs   av.it.:   7.9
      thresh= 1.000E-02 alpha_mix =  0.700 |ddv_scf|^2 =  3.740E-06

      iter #   2 total cpu time : 14253.2 secs   av.it.:  20.4
      thresh= 1.934E-04 alpha_mix =  0.700 |ddv_scf|^2 =  2.855E-05

      iter #   3 total cpu time : 14261.8 secs   av.it.:  16.5
      thresh= 5.343E-04 alpha_mix =  0.700 |ddv_scf|^2 =  1.500E-06

      iter #   4 total cpu time : 14270.5 secs   av.it.:  16.6
      thresh= 1.225E-04 alpha_mix =  0.700 |ddv_scf|^2 =  3.779E-09

      iter #   5 total cpu time : 14280.0 secs   av.it.:  21.1
      thresh= 6.148E-06 alpha_mix =  0.700 |ddv_scf|^2 =  1.046E-09

      iter #   6 total cpu time : 14289.1 secs   av.it.:  18.6
      thresh= 3.234E-06 alpha_mix =  0.700 |ddv_scf|^2 =  1.415E-10

      iter #   7 total cpu time : 14298.0 secs   av.it.:  18.0
      thresh= 1.189E-06 alpha_mix =  0.700 |ddv_scf|^2 =  3.567E-11

      iter #   8 total cpu time : 14307.0 secs   av.it.:  18.2
      thresh= 5.973E-07 alpha_mix =  0.700 |ddv_scf|^2 =  2.192E-12

      iter #   9 total cpu time : 14316.1 secs   av.it.:  18.9
      thresh= 1.480E-07 alpha_mix =  0.700 |ddv_scf|^2 =  1.102E-12

      iter #  10 total cpu time : 14324.9 secs   av.it.:  17.8
      thresh= 1.050E-07 alpha_mix =  0.700 |ddv_scf|^2 =  3.583E-14

      iter #  11 total cpu time : 14334.3 secs   av.it.:  21.0
      thresh= 1.893E-08 alpha_mix =  0.700 |ddv_scf|^2 =  3.192E-14

      iter #  12 total cpu time : 14343.3 secs   av.it.:  18.4
      thresh= 1.787E-08 alpha_mix =  0.700 |ddv_scf|^2 =  6.537E-15

     End of self-consistent calculation

     Convergence has been achieved 


     Representation #  24 mode #  24

     Self-consistent Calculation

      iter #   1 total cpu time : 14350.7 secs   av.it.:   7.6
      thresh= 1.000E-02 alpha_mix =  0.700 |ddv_scf|^2 =  1.471E-06

      iter #   2 total cpu time : 14360.2 secs   av.it.:  21.0
      thresh= 1.213E-04 alpha_mix =  0.700 |ddv_scf|^2 =  7.765E-06

      iter #   3 total cpu time : 14369.0 secs   av.it.:  17.4
      thresh= 2.787E-04 alpha_mix =  0.700 |ddv_scf|^2 =  6.870E-07

      iter #   4 total cpu time : 14377.7 secs   av.it.:  16.5
      thresh= 8.288E-05 alpha_mix =  0.700 |ddv_scf|^2 =  5.608E-09

      iter #   5 total cpu time : 14387.1 secs   av.it.:  20.0
      thresh= 7.489E-06 alpha_mix =  0.700 |ddv_scf|^2 =  2.290E-10

      iter #   6 total cpu time : 14396.6 secs   av.it.:  20.9
      thresh= 1.513E-06 alpha_mix =  0.700 |ddv_scf|^2 =  1.986E-10

      iter #   7 total cpu time : 14405.6 secs   av.it.:  17.5
      thresh= 1.409E-06 alpha_mix =  0.700 |ddv_scf|^2 =  8.922E-12

      iter #   8 total cpu time : 14414.8 secs   av.it.:  20.0
      thresh= 2.987E-07 alpha_mix =  0.700 |ddv_scf|^2 =  1.302E-12

      iter #   9 total cpu time : 14424.3 secs   av.it.:  20.2
      thresh= 1.141E-07 alpha_mix =  0.700 |ddv_scf|^2 =  2.420E-12

      iter #  10 total cpu time : 14433.1 secs   av.it.:  17.6
      thresh= 1.556E-07 alpha_mix =  0.700 |ddv_scf|^2 =  1.491E-13

      iter #  11 total cpu time : 14442.3 secs   av.it.:  20.1
      thresh= 3.861E-08 alpha_mix =  0.700 |ddv_scf|^2 =  9.515E-14

      iter #  12 total cpu time : 14451.3 secs   av.it.:  18.6
      thresh= 3.085E-08 alpha_mix =  0.700 |ddv_scf|^2 =  8.472E-15

     End of self-consistent calculation

     Convergence has been achieved 


     Representation #  25 mode #  25

     Self-consistent Calculation

      iter #   1 total cpu time : 14458.4 secs   av.it.:   7.0
      thresh= 1.000E-02 alpha_mix =  0.700 |ddv_scf|^2 =  1.357E-07

      iter #   2 total cpu time : 14467.9 secs   av.it.:  20.1
      thresh= 3.683E-05 alpha_mix =  0.700 |ddv_scf|^2 =  1.650E-07

      iter #   3 total cpu time : 14476.9 secs   av.it.:  18.6
      thresh= 4.062E-05 alpha_mix =  0.700 |ddv_scf|^2 =  6.254E-08

      iter #   4 total cpu time : 14485.7 secs   av.it.:  17.1
      thresh= 2.501E-05 alpha_mix =  0.700 |ddv_scf|^2 =  2.601E-08

      iter #   5 total cpu time : 14494.2 secs   av.it.:  16.4
      thresh= 1.613E-05 alpha_mix =  0.700 |ddv_scf|^2 =  6.594E-11

      iter #   6 total cpu time : 14503.8 secs   av.it.:  20.9
      thresh= 8.120E-07 alpha_mix =  0.700 |ddv_scf|^2 =  1.915E-11

      iter #   7 total cpu time : 14513.3 secs   av.it.:  20.6
      thresh= 4.376E-07 alpha_mix =  0.700 |ddv_scf|^2 =  1.549E-11

      iter #   8 total cpu time : 14522.1 secs   av.it.:  17.5
      thresh= 3.935E-07 alpha_mix =  0.700 |ddv_scf|^2 =  9.072E-13

      iter #   9 total cpu time : 14531.6 secs   av.it.:  20.1
      thresh= 9.525E-08 alpha_mix =  0.700 |ddv_scf|^2 =  1.858E-13

      iter #  10 total cpu time : 14541.0 secs   av.it.:  20.1
      thresh= 4.310E-08 alpha_mix =  0.700 |ddv_scf|^2 =  1.563E-13

      iter #  11 total cpu time : 14550.0 secs   av.it.:  18.1
      thresh= 3.953E-08 alpha_mix =  0.700 |ddv_scf|^2 =  7.934E-15

     End of self-consistent calculation

     Convergence has been achieved 


     Representation #  26 mode #  26

     Self-consistent Calculation

      iter #   1 total cpu time : 14557.4 secs   av.it.:   7.8
      thresh= 1.000E-02 alpha_mix =  0.700 |ddv_scf|^2 =  4.430E-06

      iter #   2 total cpu time : 14567.0 secs   av.it.:  20.5
      thresh= 2.105E-04 alpha_mix =  0.700 |ddv_scf|^2 =  5.318E-05

      iter #   3 total cpu time : 14575.5 secs   av.it.:  15.8
      thresh= 7.293E-04 alpha_mix =  0.700 |ddv_scf|^2 =  3.948E-07

      iter #   4 total cpu time : 14584.5 secs   av.it.:  18.0
      thresh= 6.284E-05 alpha_mix =  0.700 |ddv_scf|^2 =  1.687E-08

      iter #   5 total cpu time : 14593.5 secs   av.it.:  18.4
      thresh= 1.299E-05 alpha_mix =  0.700 |ddv_scf|^2 =  1.392E-09

      iter #   6 total cpu time : 14602.4 secs   av.it.:  18.1
      thresh= 3.732E-06 alpha_mix =  0.700 |ddv_scf|^2 =  1.357E-10

      iter #   7 total cpu time : 14611.3 secs   av.it.:  18.6
      thresh= 1.165E-06 alpha_mix =  0.700 |ddv_scf|^2 =  2.076E-11

      iter #   8 total cpu time : 14620.5 secs   av.it.:  18.9
      thresh= 4.557E-07 alpha_mix =  0.700 |ddv_scf|^2 =  1.172E-12

      iter #   9 total cpu time : 14629.9 secs   av.it.:  19.5
      thresh= 1.082E-07 alpha_mix =  0.700 |ddv_scf|^2 =  1.118E-13

      iter #  10 total cpu time : 14639.4 secs   av.it.:  20.4
      thresh= 3.343E-08 alpha_mix =  0.700 |ddv_scf|^2 =  1.797E-13

      iter #  11 total cpu time : 14648.3 secs   av.it.:  17.6
      thresh= 4.239E-08 alpha_mix =  0.700 |ddv_scf|^2 =  3.130E-14

      iter #  12 total cpu time : 14657.2 secs   av.it.:  17.5
      thresh= 1.769E-08 alpha_mix =  0.700 |ddv_scf|^2 =  1.991E-15

     End of self-consistent calculation

     Convergence has been achieved 


     Representation #  27 mode #  27

     Self-consistent Calculation

      iter #   1 total cpu time : 14664.6 secs   av.it.:   7.5
      thresh= 1.000E-02 alpha_mix =  0.700 |ddv_scf|^2 =  1.305E-06

      iter #   2 total cpu time : 14674.2 secs   av.it.:  20.4
      thresh= 1.142E-04 alpha_mix =  0.700 |ddv_scf|^2 =  4.981E-06

      iter #   3 total cpu time : 14683.1 secs   av.it.:  17.5
      thresh= 2.232E-04 alpha_mix =  0.700 |ddv_scf|^2 =  4.661E-08

      iter #   4 total cpu time : 14692.4 secs   av.it.:  19.1
      thresh= 2.159E-05 alpha_mix =  0.700 |ddv_scf|^2 =  5.439E-08

      iter #   5 total cpu time : 14701.2 secs   av.it.:  17.2
      thresh= 2.332E-05 alpha_mix =  0.700 |ddv_scf|^2 =  3.119E-10

      iter #   6 total cpu time : 14710.8 secs   av.it.:  20.5
      thresh= 1.766E-06 alpha_mix =  0.700 |ddv_scf|^2 =  1.910E-10

      iter #   7 total cpu time : 14719.9 secs   av.it.:  18.5
      thresh= 1.382E-06 alpha_mix =  0.700 |ddv_scf|^2 =  1.024E-11

      iter #   8 total cpu time : 14729.3 secs   av.it.:  20.4
      thresh= 3.200E-07 alpha_mix =  0.700 |ddv_scf|^2 =  1.253E-12

      iter #   9 total cpu time : 14738.7 secs   av.it.:  20.1
      thresh= 1.120E-07 alpha_mix =  0.700 |ddv_scf|^2 =  2.367E-13

      iter #  10 total cpu time : 14748.2 secs   av.it.:  19.8
      thresh= 4.865E-08 alpha_mix =  0.700 |ddv_scf|^2 =  4.724E-13

      iter #  11 total cpu time : 14757.1 secs   av.it.:  17.8
      thresh= 6.873E-08 alpha_mix =  0.700 |ddv_scf|^2 =  1.015E-13

      iter #  12 total cpu time : 14766.2 secs   av.it.:  18.5
      thresh= 3.185E-08 alpha_mix =  0.700 |ddv_scf|^2 =  1.265E-14

      iter #  13 total cpu time : 14775.3 secs   av.it.:  18.5
      thresh= 1.125E-08 alpha_mix =  0.700 |ddv_scf|^2 =  3.571E-15

     End of self-consistent calculation

     Convergence has been achieved 


     Representation #  28 mode #  28

     Self-consistent Calculation

      iter #   1 total cpu time : 14782.6 secs   av.it.:   7.1
      thresh= 1.000E-02 alpha_mix =  0.700 |ddv_scf|^2 =  1.748E-07

      iter #   2 total cpu time : 14792.2 secs   av.it.:  21.1
      thresh= 4.181E-05 alpha_mix =  0.700 |ddv_scf|^2 =  5.385E-07

      iter #   3 total cpu time : 14800.6 secs   av.it.:  17.5
      thresh= 7.338E-05 alpha_mix =  0.700 |ddv_scf|^2 =  8.442E-08

      iter #   4 total cpu time : 14809.6 secs   av.it.:  18.1
      thresh= 2.905E-05 alpha_mix =  0.700 |ddv_scf|^2 =  4.842E-08

      iter #   5 total cpu time : 14817.8 secs   av.it.:  17.0
      thresh= 2.200E-05 alpha_mix =  0.700 |ddv_scf|^2 =  5.567E-11

      iter #   6 total cpu time : 14827.6 secs   av.it.:  21.9
      thresh= 7.461E-07 alpha_mix =  0.700 |ddv_scf|^2 =  3.279E-11

      iter #   7 total cpu time : 14836.9 secs   av.it.:  19.8
      thresh= 5.726E-07 alpha_mix =  0.700 |ddv_scf|^2 =  1.494E-11

      iter #   8 total cpu time : 14845.8 secs   av.it.:  17.8
      thresh= 3.865E-07 alpha_mix =  0.700 |ddv_scf|^2 =  9.869E-13

      iter #   9 total cpu time : 14855.0 secs   av.it.:  19.1
      thresh= 9.934E-08 alpha_mix =  0.700 |ddv_scf|^2 =  1.043E-13

      iter #  10 total cpu time : 14864.3 secs   av.it.:  19.6
      thresh= 3.230E-08 alpha_mix =  0.700 |ddv_scf|^2 =  4.795E-14

      iter #  11 total cpu time : 14873.1 secs   av.it.:  17.5
      thresh= 2.190E-08 alpha_mix =  0.700 |ddv_scf|^2 =  1.435E-15

     End of self-consistent calculation

     Convergence has been achieved 


     Representation #  29 mode #  29

     Self-consistent Calculation

      iter #   1 total cpu time : 14880.4 secs   av.it.:   7.5
      thresh= 1.000E-02 alpha_mix =  0.700 |ddv_scf|^2 =  3.234E-06

      iter #   2 total cpu time : 14889.9 secs   av.it.:  20.5
      thresh= 1.798E-04 alpha_mix =  0.700 |ddv_scf|^2 =  2.931E-05

      iter #   3 total cpu time : 14898.5 secs   av.it.:  16.4
      thresh= 5.414E-04 alpha_mix =  0.700 |ddv_scf|^2 =  1.012E-06

      iter #   4 total cpu time : 14907.2 secs   av.it.:  16.8
      thresh= 1.006E-04 alpha_mix =  0.700 |ddv_scf|^2 =  1.736E-08

      iter #   5 total cpu time : 14916.2 secs   av.it.:  18.4
      thresh= 1.317E-05 alpha_mix =  0.700 |ddv_scf|^2 =  1.831E-09

      iter #   6 total cpu time : 14925.2 secs   av.it.:  18.0
      thresh= 4.279E-06 alpha_mix =  0.700 |ddv_scf|^2 =  3.372E-10

      iter #   7 total cpu time : 14934.3 secs   av.it.:  18.6
      thresh= 1.836E-06 alpha_mix =  0.700 |ddv_scf|^2 =  1.521E-11

      iter #   8 total cpu time : 14943.4 secs   av.it.:  18.5
      thresh= 3.900E-07 alpha_mix =  0.700 |ddv_scf|^2 =  6.265E-13

      iter #   9 total cpu time : 14952.8 secs   av.it.:  19.8
      thresh= 7.915E-08 alpha_mix =  0.700 |ddv_scf|^2 =  2.637E-13

      iter #  10 total cpu time : 14961.8 secs   av.it.:  18.4
      thresh= 5.136E-08 alpha_mix =  0.700 |ddv_scf|^2 =  8.843E-14

      iter #  11 total cpu time : 14971.0 secs   av.it.:  19.2
      thresh= 2.974E-08 alpha_mix =  0.700 |ddv_scf|^2 =  4.327E-14

      iter #  12 total cpu time : 14979.9 secs   av.it.:  17.5
      thresh= 2.080E-08 alpha_mix =  0.700 |ddv_scf|^2 =  2.618E-15

     End of self-consistent calculation

     Convergence has been achieved 


     Representation #  30 mode #  30

     Self-consistent Calculation

      iter #   1 total cpu time : 14987.2 secs   av.it.:   7.4
      thresh= 1.000E-02 alpha_mix =  0.700 |ddv_scf|^2 =  1.278E-06

      iter #   2 total cpu time : 14996.7 secs   av.it.:  20.4
      thresh= 1.131E-04 alpha_mix =  0.700 |ddv_scf|^2 =  4.995E-06

      iter #   3 total cpu time : 15005.6 secs   av.it.:  17.6
      thresh= 2.235E-04 alpha_mix =  0.700 |ddv_scf|^2 =  1.423E-08

      iter #   4 total cpu time : 15015.2 secs   av.it.:  20.8
      thresh= 1.193E-05 alpha_mix =  0.700 |ddv_scf|^2 =  4.261E-08

      iter #   5 total cpu time : 15023.9 secs   av.it.:  16.4
      thresh= 2.064E-05 alpha_mix =  0.700 |ddv_scf|^2 =  3.655E-10

      iter #   6 total cpu time : 15033.3 secs   av.it.:  19.9
      thresh= 1.912E-06 alpha_mix =  0.700 |ddv_scf|^2 =  1.758E-10

      iter #   7 total cpu time : 15042.3 secs   av.it.:  18.4
      thresh= 1.326E-06 alpha_mix =  0.700 |ddv_scf|^2 =  8.679E-12

      iter #   8 total cpu time : 15051.8 secs   av.it.:  20.5
      thresh= 2.946E-07 alpha_mix =  0.700 |ddv_scf|^2 =  1.987E-12

      iter #   9 total cpu time : 15061.1 secs   av.it.:  19.6
      thresh= 1.410E-07 alpha_mix =  0.700 |ddv_scf|^2 =  3.053E-13

      iter #  10 total cpu time : 15070.3 secs   av.it.:  18.9
      thresh= 5.526E-08 alpha_mix =  0.700 |ddv_scf|^2 =  8.186E-14

      iter #  11 total cpu time : 15079.3 secs   av.it.:  18.5
      thresh= 2.861E-08 alpha_mix =  0.700 |ddv_scf|^2 =  3.857E-15

     End of self-consistent calculation

     Convergence has been achieved 


     Representation #  31 mode #  31

     Self-consistent Calculation

      iter #   1 total cpu time : 15086.5 secs   av.it.:   6.8
      thresh= 1.000E-02 alpha_mix =  0.700 |ddv_scf|^2 =  9.124E-08

      iter #   2 total cpu time : 15095.9 secs   av.it.:  20.0
      thresh= 3.021E-05 alpha_mix =  0.700 |ddv_scf|^2 =  7.991E-08

      iter #   3 total cpu time : 15105.2 secs   av.it.:  19.0
      thresh= 2.827E-05 alpha_mix =  0.700 |ddv_scf|^2 =  1.811E-07

      iter #   4 total cpu time : 15113.8 secs   av.it.:  15.6
      thresh= 4.255E-05 alpha_mix =  0.700 |ddv_scf|^2 =  1.310E-09

      iter #   5 total cpu time : 15122.9 secs   av.it.:  19.0
      thresh= 3.619E-06 alpha_mix =  0.700 |ddv_scf|^2 =  3.500E-10

      iter #   6 total cpu time : 15131.9 secs   av.it.:  18.2
      thresh= 1.871E-06 alpha_mix =  0.700 |ddv_scf|^2 =  2.232E-11

      iter #   7 total cpu time : 15141.2 secs   av.it.:  19.2
      thresh= 4.725E-07 alpha_mix =  0.700 |ddv_scf|^2 =  5.830E-12

      iter #   8 total cpu time : 15150.2 secs   av.it.:  18.6
      thresh= 2.415E-07 alpha_mix =  0.700 |ddv_scf|^2 =  6.902E-13

      iter #   9 total cpu time : 15159.2 secs   av.it.:  18.0
      thresh= 8.308E-08 alpha_mix =  0.700 |ddv_scf|^2 =  1.088E-13

      iter #  10 total cpu time : 15168.2 secs   av.it.:  18.2
      thresh= 3.298E-08 alpha_mix =  0.700 |ddv_scf|^2 =  6.750E-15

     End of self-consistent calculation

     Convergence has been achieved 


     Representation #  32 mode #  32

     Self-consistent Calculation

      iter #   1 total cpu time : 15175.6 secs   av.it.:   7.8
      thresh= 1.000E-02 alpha_mix =  0.700 |ddv_scf|^2 =  2.782E-06

      iter #   2 total cpu time : 15185.1 secs   av.it.:  20.8
      thresh= 1.668E-04 alpha_mix =  0.700 |ddv_scf|^2 =  1.488E-05

      iter #   3 total cpu time : 15194.0 secs   av.it.:  17.5
      thresh= 3.858E-04 alpha_mix =  0.700 |ddv_scf|^2 =  1.098E-06

      iter #   4 total cpu time : 15202.6 secs   av.it.:  16.4
      thresh= 1.048E-04 alpha_mix =  0.700 |ddv_scf|^2 =  4.248E-09

      iter #   5 total cpu time : 15212.2 secs   av.it.:  21.1
      thresh= 6.518E-06 alpha_mix =  0.700 |ddv_scf|^2 =  1.362E-09

      iter #   6 total cpu time : 15221.3 secs   av.it.:  18.5
      thresh= 3.691E-06 alpha_mix =  0.700 |ddv_scf|^2 =  2.548E-10

      iter #   7 total cpu time : 15230.5 secs   av.it.:  19.0
      thresh= 1.596E-06 alpha_mix =  0.700 |ddv_scf|^2 =  2.441E-11

      iter #   8 total cpu time : 15239.7 secs   av.it.:  18.8
      thresh= 4.941E-07 alpha_mix =  0.700 |ddv_scf|^2 =  7.269E-13

      iter #   9 total cpu time : 15249.3 secs   av.it.:  21.1
      thresh= 8.526E-08 alpha_mix =  0.700 |ddv_scf|^2 =  9.868E-13

      iter #  10 total cpu time : 15258.3 secs   av.it.:  18.1
      thresh= 9.934E-08 alpha_mix =  0.700 |ddv_scf|^2 =  2.924E-14

      iter #  11 total cpu time : 15267.8 secs   av.it.:  20.1
      thresh= 1.710E-08 alpha_mix =  0.700 |ddv_scf|^2 =  2.976E-14

      iter #  12 total cpu time : 15276.6 secs   av.it.:  17.5
      thresh= 1.725E-08 alpha_mix =  0.700 |ddv_scf|^2 =  3.627E-15

     End of self-consistent calculation

     Convergence has been achieved 


     Representation #  33 mode #  33

     Self-consistent Calculation

      iter #   1 total cpu time : 15284.1 secs   av.it.:   7.8
      thresh= 1.000E-02 alpha_mix =  0.700 |ddv_scf|^2 =  1.753E-06

      iter #   2 total cpu time : 15293.6 secs   av.it.:  20.8
      thresh= 1.324E-04 alpha_mix =  0.700 |ddv_scf|^2 =  1.266E-05

      iter #   3 total cpu time : 15302.3 secs   av.it.:  16.6
      thresh= 3.559E-04 alpha_mix =  0.700 |ddv_scf|^2 =  7.578E-07

      iter #   4 total cpu time : 15311.1 secs   av.it.:  17.0
      thresh= 8.705E-05 alpha_mix =  0.700 |ddv_scf|^2 =  4.371E-09

      iter #   5 total cpu time : 15320.4 secs   av.it.:  19.8
      thresh= 6.611E-06 alpha_mix =  0.700 |ddv_scf|^2 =  4.209E-10

      iter #   6 total cpu time : 15329.8 secs   av.it.:  19.5
      thresh= 2.052E-06 alpha_mix =  0.700 |ddv_scf|^2 =  1.863E-10

      iter #   7 total cpu time : 15338.8 secs   av.it.:  18.4
      thresh= 1.365E-06 alpha_mix =  0.700 |ddv_scf|^2 =  1.374E-11

      iter #   8 total cpu time : 15348.1 secs   av.it.:  19.2
      thresh= 3.707E-07 alpha_mix =  0.700 |ddv_scf|^2 =  4.171E-12

      iter #   9 total cpu time : 15357.0 secs   av.it.:  17.8
      thresh= 2.042E-07 alpha_mix =  0.700 |ddv_scf|^2 =  3.387E-13

      iter #  10 total cpu time : 15365.6 secs   av.it.:  19.2
      thresh= 5.820E-08 alpha_mix =  0.700 |ddv_scf|^2 =  9.682E-14

      iter #  11 total cpu time : 15374.7 secs   av.it.:  18.6
      thresh= 3.112E-08 alpha_mix =  0.700 |ddv_scf|^2 =  1.656E-14

      iter #  12 total cpu time : 15383.9 secs   av.it.:  18.9
      thresh= 1.287E-08 alpha_mix =  0.700 |ddv_scf|^2 =  5.862E-15

     End of self-consistent calculation

     Convergence has been achieved 


     Representation #  34 mode #  34

     Self-consistent Calculation

      iter #   1 total cpu time : 15391.1 secs   av.it.:   6.8
      thresh= 1.000E-02 alpha_mix =  0.700 |ddv_scf|^2 =  1.713E-07

      iter #   2 total cpu time : 15400.7 secs   av.it.:  20.5
      thresh= 4.139E-05 alpha_mix =  0.700 |ddv_scf|^2 =  7.539E-07

      iter #   3 total cpu time : 15409.4 secs   av.it.:  16.6
      thresh= 8.683E-05 alpha_mix =  0.700 |ddv_scf|^2 =  1.001E-07

      iter #   4 total cpu time : 15418.4 secs   av.it.:  17.5
      thresh= 3.164E-05 alpha_mix =  0.700 |ddv_scf|^2 =  2.986E-08

      iter #   5 total cpu time : 15426.7 secs   av.it.:  17.5
      thresh= 1.728E-05 alpha_mix =  0.700 |ddv_scf|^2 =  8.828E-11

      iter #   6 total cpu time : 15436.2 secs   av.it.:  20.6
      thresh= 9.396E-07 alpha_mix =  0.700 |ddv_scf|^2 =  2.892E-11

      iter #   7 total cpu time : 15445.7 secs   av.it.:  19.8
      thresh= 5.377E-07 alpha_mix =  0.700 |ddv_scf|^2 =  1.499E-11

      iter #   8 total cpu time : 15454.7 secs   av.it.:  18.0
      thresh= 3.871E-07 alpha_mix =  0.700 |ddv_scf|^2 =  9.310E-13

      iter #   9 total cpu time : 15463.9 secs   av.it.:  18.8
      thresh= 9.649E-08 alpha_mix =  0.700 |ddv_scf|^2 =  2.628E-13

      iter #  10 total cpu time : 15472.9 secs   av.it.:  18.1
      thresh= 5.126E-08 alpha_mix =  0.700 |ddv_scf|^2 =  7.694E-14

      iter #  11 total cpu time : 15482.0 secs   av.it.:  18.8
      thresh= 2.774E-08 alpha_mix =  0.700 |ddv_scf|^2 =  2.304E-14

      iter #  12 total cpu time : 15490.6 secs   av.it.:  18.8
      thresh= 1.518E-08 alpha_mix =  0.700 |ddv_scf|^2 =  4.095E-15

     End of self-consistent calculation

     Convergence has been achieved 


     Representation #  35 mode #  35

     Self-consistent Calculation

      iter #   1 total cpu time : 15497.9 secs   av.it.:   7.5
      thresh= 1.000E-02 alpha_mix =  0.700 |ddv_scf|^2 =  2.490E-06

      iter #   2 total cpu time : 15507.5 secs   av.it.:  20.6
      thresh= 1.578E-04 alpha_mix =  0.700 |ddv_scf|^2 =  1.054E-05

      iter #   3 total cpu time : 15516.4 secs   av.it.:  17.4
      thresh= 3.247E-04 alpha_mix =  0.700 |ddv_scf|^2 =  1.920E-07

      iter #   4 total cpu time : 15525.1 secs   av.it.:  16.9
      thresh= 4.382E-05 alpha_mix =  0.700 |ddv_scf|^2 =  8.976E-09

      iter #   5 total cpu time : 15534.2 secs   av.it.:  19.1
      thresh= 9.474E-06 alpha_mix =  0.700 |ddv_scf|^2 =  8.000E-10

      iter #   6 total cpu time : 15543.4 secs   av.it.:  19.2
      thresh= 2.828E-06 alpha_mix =  0.700 |ddv_scf|^2 =  1.707E-10

      iter #   7 total cpu time : 15552.6 secs   av.it.:  19.5
      thresh= 1.307E-06 alpha_mix =  0.700 |ddv_scf|^2 =  1.047E-11

      iter #   8 total cpu time : 15562.0 secs   av.it.:  19.9
      thresh= 3.236E-07 alpha_mix =  0.700 |ddv_scf|^2 =  5.008E-13

      iter #   9 total cpu time : 15571.6 secs   av.it.:  21.0
      thresh= 7.077E-08 alpha_mix =  0.700 |ddv_scf|^2 =  5.642E-14

      iter #  10 total cpu time : 15581.2 secs   av.it.:  20.8
      thresh= 2.375E-08 alpha_mix =  0.700 |ddv_scf|^2 =  1.147E-13

      iter #  11 total cpu time : 15590.1 secs   av.it.:  18.1
      thresh= 3.387E-08 alpha_mix =  0.700 |ddv_scf|^2 =  1.900E-15

     End of self-consistent calculation

     Convergence has been achieved 


     Representation #  36 mode #  36

     Self-consistent Calculation

      iter #   1 total cpu time : 15597.5 secs   av.it.:   7.5
      thresh= 1.000E-02 alpha_mix =  0.700 |ddv_scf|^2 =  1.815E-06

      iter #   2 total cpu time : 15607.1 secs   av.it.:  20.5
      thresh= 1.347E-04 alpha_mix =  0.700 |ddv_scf|^2 =  1.646E-05

      iter #   3 total cpu time : 15615.7 secs   av.it.:  16.2
      thresh= 4.057E-04 alpha_mix =  0.700 |ddv_scf|^2 =  5.767E-07

      iter #   4 total cpu time : 15624.5 secs   av.it.:  17.2
      thresh= 7.594E-05 alpha_mix =  0.700 |ddv_scf|^2 =  6.395E-09

      iter #   5 total cpu time : 15633.1 secs   av.it.:  19.2
      thresh= 7.997E-06 alpha_mix =  0.700 |ddv_scf|^2 =  6.514E-10

      iter #   6 total cpu time : 15642.4 secs   av.it.:  19.4
      thresh= 2.552E-06 alpha_mix =  0.700 |ddv_scf|^2 =  1.913E-10

      iter #   7 total cpu time : 15651.5 secs   av.it.:  18.5
      thresh= 1.383E-06 alpha_mix =  0.700 |ddv_scf|^2 =  2.408E-11

      iter #   8 total cpu time : 15660.5 secs   av.it.:  18.1
      thresh= 4.907E-07 alpha_mix =  0.700 |ddv_scf|^2 =  2.062E-12

      iter #   9 total cpu time : 15669.0 secs   av.it.:  18.6
      thresh= 1.436E-07 alpha_mix =  0.700 |ddv_scf|^2 =  2.817E-13

      iter #  10 total cpu time : 15678.1 secs   av.it.:  18.8
      thresh= 5.308E-08 alpha_mix =  0.700 |ddv_scf|^2 =  6.863E-14

      iter #  11 total cpu time : 15687.3 secs   av.it.:  18.9
      thresh= 2.620E-08 alpha_mix =  0.700 |ddv_scf|^2 =  3.334E-14

      iter #  12 total cpu time : 15696.3 secs   av.it.:  18.4
      thresh= 1.826E-08 alpha_mix =  0.700 |ddv_scf|^2 =  7.511E-15

     End of self-consistent calculation

     Convergence has been achieved 

     Number of q in the star =    1
     List of q in the star:
          1  -0.001669896  -0.638670496  -0.463936105

     Diagonalizing the dynamical matrix

     q = (   -0.001669896  -0.638670496  -0.463936105 ) 

 **************************************************************************
     freq (    1) =      -5.544769 [THz] =    -184.953572 [cm-1]
     freq (    2) =      18.118116 [THz] =     604.355303 [cm-1]
     freq (    3) =      31.990550 [THz] =    1067.089888 [cm-1]
     freq (    4) =      33.000841 [THz] =    1100.789576 [cm-1]
     freq (    5) =      36.243667 [THz] =    1208.958585 [cm-1]
     freq (    6) =      38.020752 [THz] =    1268.235766 [cm-1]
     freq (    7) =      40.544868 [THz] =    1352.431219 [cm-1]
     freq (    8) =      42.418187 [THz] =    1414.918421 [cm-1]
     freq (    9) =      43.493911 [THz] =    1450.800696 [cm-1]
     freq (   10) =      47.234303 [THz] =    1575.566766 [cm-1]
     freq (   11) =      49.914870 [THz] =    1664.980836 [cm-1]
     freq (   12) =      51.878733 [THz] =    1730.488254 [cm-1]
     freq (   13) =      54.592303 [THz] =    1821.003199 [cm-1]
     freq (   14) =      55.781971 [THz] =    1860.686265 [cm-1]
     freq (   15) =      57.378462 [THz] =    1913.939492 [cm-1]
     freq (   16) =      59.533056 [THz] =    1985.809008 [cm-1]
     freq (   17) =      61.822883 [THz] =    2062.189396 [cm-1]
     freq (   18) =      62.586105 [THz] =    2087.647750 [cm-1]
     freq (   19) =      65.791477 [THz] =    2194.567441 [cm-1]
     freq (   20) =      68.956280 [THz] =    2300.133916 [cm-1]
     freq (   21) =      73.554960 [THz] =    2453.529370 [cm-1]
     freq (   22) =      75.817084 [THz] =    2528.985717 [cm-1]
     freq (   23) =      78.073989 [THz] =    2604.267934 [cm-1]
     freq (   24) =      82.077279 [THz] =    2737.803345 [cm-1]
     freq (   25) =      87.311420 [THz] =    2912.395469 [cm-1]
     freq (   26) =     103.727489 [THz] =    3459.976596 [cm-1]
     freq (   27) =     107.261978 [THz] =    3577.874468 [cm-1]
     freq (   28) =     117.306975 [THz] =    3912.939504 [cm-1]
     freq (   29) =     119.626204 [THz] =    3990.300651 [cm-1]
     freq (   30) =     123.685536 [THz] =    4125.705390 [cm-1]
     freq (   31) =     128.268530 [THz] =    4278.577602 [cm-1]
     freq (   32) =     130.519737 [THz] =    4353.669810 [cm-1]
     freq (   33) =     138.131951 [THz] =    4607.585915 [cm-1]
     freq (   34) =     144.781376 [THz] =    4829.386875 [cm-1]
     freq (   35) =     152.428364 [THz] =    5084.462921 [cm-1]
     freq (   36) =     165.465312 [THz] =    5519.328697 [cm-1]
 **************************************************************************

     Mode symmetry, C_1 (1)     point group:

     freq (   1-   1) =       -185.0  [cm-1]   --> A                  
     freq (   2-   2) =        604.4  [cm-1]   --> A                  
     freq (   3-   3) =       1067.1  [cm-1]   --> A                  
     freq (   4-   4) =       1100.8  [cm-1]   --> A                  
     freq (   5-   5) =       1209.0  [cm-1]   --> A                  
     freq (   6-   6) =       1268.2  [cm-1]   --> A                  
     freq (   7-   7) =       1352.4  [cm-1]   --> A                  
     freq (   8-   8) =       1414.9  [cm-1]   --> A                  
     freq (   9-   9) =       1450.8  [cm-1]   --> A                  
     freq (  10-  10) =       1575.6  [cm-1]   --> A                  
     freq (  11-  11) =       1665.0  [cm-1]   --> A                  
     freq (  12-  12) =       1730.5  [cm-1]   --> A                  
     freq (  13-  13) =       1821.0  [cm-1]   --> A                  
     freq (  14-  14) =       1860.7  [cm-1]   --> A                  
     freq (  15-  15) =       1913.9  [cm-1]   --> A                  
     freq (  16-  16) =       1985.8  [cm-1]   --> A                  
     freq (  17-  17) =       2062.2  [cm-1]   --> A                  
     freq (  18-  18) =       2087.6  [cm-1]   --> A                  
     freq (  19-  19) =       2194.6  [cm-1]   --> A                  
     freq (  20-  20) =       2300.1  [cm-1]   --> A                  
     freq (  21-  21) =       2453.5  [cm-1]   --> A                  
     freq (  22-  22) =       2529.0  [cm-1]   --> A                  
     freq (  23-  23) =       2604.3  [cm-1]   --> A                  
     freq (  24-  24) =       2737.8  [cm-1]   --> A                  
     freq (  25-  25) =       2912.4  [cm-1]   --> A                  
     freq (  26-  26) =       3460.0  [cm-1]   --> A                  
     freq (  27-  27) =       3577.9  [cm-1]   --> A                  
     freq (  28-  28) =       3912.9  [cm-1]   --> A                  
     freq (  29-  29) =       3990.3  [cm-1]   --> A                  
     freq (  30-  30) =       4125.7  [cm-1]   --> A                  
     freq (  31-  31) =       4278.6  [cm-1]   --> A                  
     freq (  32-  32) =       4353.7  [cm-1]   --> A                  
     freq (  33-  33) =       4607.6  [cm-1]   --> A                  
     freq (  34-  34) =       4829.4  [cm-1]   --> A                  
     freq (  35-  35) =       5084.5  [cm-1]   --> A                  
     freq (  36-  36) =       5519.3  [cm-1]   --> A                  

     Calculation of q =   -0.6384045  -0.0003588  -0.0022806

     Parallelization info
     --------------------
     sticks:   dense  smooth     PW     G-vecs:    dense   smooth      PW
     Min         472     239     86                14919     5248    1115
     Max         473     240     87                14922     5249    1116
     Sum         945     479    173                29841    10497    2231


     Title: 
     Phonons                                                                    


     bravais-lattice index     =            0
     lattice parameter (alat)  =       6.9360  a.u.
     unit-cell volume          =     220.3604 (a.u.)^3
     number of atoms/cell      =           12
     number of atomic types    =            4
     number of electrons       =        62.00
     number of Kohn-Sham states=           37
     kinetic-energy cutoff     =      50.0000  Ry
     charge density cutoff     =     400.0000  Ry
     Exchange-correlation= PBE
                           (   1   4   3   4   0   0   0)

     celldm(1)=   6.935967  celldm(2)=   0.000000  celldm(3)=   0.000000
     celldm(4)=   0.000000  celldm(5)=   0.000000  celldm(6)=   0.000000

     crystal axes: (cart. coord. in units of alat)
               a(1) = (   0.783212  -0.000199  -0.002546 )  
               a(2) = (  -0.000446   0.781471   0.001937 )  
               a(3) = (  -0.003854  -0.000915   1.079009 )  

     reciprocal axes: (cart. coord. in units 2 pi/alat)
               b(1) = (  1.276809  0.000718  0.004561 )  
               b(2) = (  0.000328  1.279636  0.001087 )  
               b(3) = (  0.003012 -0.002295  0.926786 )  


     PseudoPot. # 1 for B  read from file:
     /home/marco/ZOS_Cloud_Compute/pseudo/B.UPF
     MD5 check sum: d9c678ba5d3b2fd7b74e61139c9288d8
     Pseudo is Projector augmented-wave + core cor, Zval =  3.0
     Generated using "atomic" code by A. Dal Corso  v.5.1.2
     Shape of augmentation charge: PSQ
     Using radial grid of 1059 points,  4 beta functions with: 
                l(1) =   0
                l(2) =   0
                l(3) =   1
                l(4) =   1
     Q(r) pseudized with 0 coefficients 


     PseudoPot. # 2 for H  read from file:
     /home/marco/ZOS_Cloud_Compute/pseudo/H.UPF
     MD5 check sum: 850d63dcbcc06c5de8b44e0ab9f952da
     Pseudo is Projector augmented-wave, Zval =  1.0
     Generated using "atomic" code by A. Dal Corso  v.5.1.2
     Shape of augmentation charge: PSQ
     Using radial grid of  929 points,  2 beta functions with: 
                l(1) =   0
                l(2) =   0
     Q(r) pseudized with 0 coefficients 


     PseudoPot. # 3 for Hf read from file:
     /home/marco/ZOS_Cloud_Compute/pseudo/Hf.UPF
     MD5 check sum: 054ab3954715fe03e42536d2af1a941a
     Pseudo is Projector augmented-wave + core cor, Zval = 36.0
     Generated using "atomic" code by A. Dal Corso  v.5.1.2
     Shape of augmentation charge: PSQ
     Using radial grid of 1271 points,  8 beta functions with: 
                l(1) =   0
                l(2) =   0
                l(3) =   1
                l(4) =   1
                l(5) =   2
                l(6) =   2
                l(7) =   3
                l(8) =   3
     Q(r) pseudized with 0 coefficients 


     PseudoPot. # 4 for Ti read from file:
     /home/marco/ZOS_Cloud_Compute/pseudo/Ti.UPF
     MD5 check sum: 8e4df49b7f0d34bbd5052bf3f5ea0213
     Pseudo is Ultrasoft, Zval = 12.0
     Generated by new atomic code, or converted to UPF format
     Using radial grid of  851 points,  6 beta functions with: 
                l(1) =   0
                l(2) =   0
                l(3) =   1
                l(4) =   1
                l(5) =   2
                l(6) =   2
     Q(r) pseudized with  8 coefficients,  rinner =    1.000   1.000   1.000
                                                       1.000   1.000

     atomic species   valence    mass     pseudopotential
        B              3.00     1.00000     B ( 1.00)
        H              1.00     1.00000     H ( 1.00)
        Hf            36.00     1.00000     Hf( 1.00)
        Ti            12.00     1.00000     Ti( 1.00)

     No symmetry found



   Cartesian axes

     site n.     atom                  positions (alat units)
         1           Ti  tau(   1) = (   0.8328786   0.0435249  -0.0256727  )
         2           Hf  tau(   2) = (   0.3372088   0.3612871   0.5590328  )
         3           B   tau(   3) = (   0.4539714   0.4542505   0.0175264  )
         4           B   tau(   4) = (   0.7200178  -0.0518344   0.5024055  )
         5           H   tau(   5) = (  -0.0256008   0.4650200   0.8320925  )
         6           H   tau(   6) = (   0.2014697  -0.0293658   0.3516208  )
         7           H   tau(   7) = (   0.7210522   0.1730909   0.6930471  )
         8           H   tau(   8) = (   0.4339971   0.1860250   0.9658756  )
         9           H   tau(   9) = (   0.1701144   0.4317520   0.1361768  )
        10           H   tau(  10) = (   0.6766716   0.3995010   0.2322497  )
        11           H   tau(  11) = (   0.4136734   0.6834833   0.8639849  )
        12           H   tau(  12) = (   0.5026499   0.7856495   0.2817314  )

     number of k points=    16  Methfessel-Paxton smearing, width (Ry)=  0.0200
                       cart. coord. in units 2pi/alat
        k(    1) = (   0.0000000   0.0000000   0.0000000), wk =   0.2500000
        k(    2) = (  -0.6384045  -0.0003588  -0.0022806), wk =   0.0000000
        k(    3) = (  -0.0015060   0.0011475  -0.4633928), wk =   0.2500000
        k(    4) = (  -0.6399105   0.0007887  -0.4656734), wk =   0.0000000
        k(    5) = (  -0.0001639  -0.6398180  -0.0005433), wk =   0.2500000
        k(    6) = (  -0.6385685  -0.6401768  -0.0028239), wk =   0.0000000
        k(    7) = (  -0.0016699  -0.6386705  -0.4639361), wk =   0.2500000
        k(    8) = (  -0.6400744  -0.6390293  -0.4662167), wk =   0.0000000
        k(    9) = (  -0.6384045  -0.0003588  -0.0022806), wk =   0.2500000
        k(   10) = (  -1.2768091  -0.0007177  -0.0045612), wk =   0.0000000
        k(   11) = (  -0.6399105   0.0007887  -0.4656734), wk =   0.2500000
        k(   12) = (  -1.2783150   0.0004298  -0.4679540), wk =   0.0000000
        k(   13) = (  -0.6385685  -0.6401768  -0.0028239), wk =   0.2500000
        k(   14) = (  -1.2769730  -0.6405357  -0.0051046), wk =   0.0000000
        k(   15) = (  -0.6400744  -0.6390293  -0.4662167), wk =   0.2500000
        k(   16) = (  -1.2784790  -0.6393882  -0.4684973), wk =   0.0000000

     Dense  grid:    29841 G-vectors     FFT dimensions: (  36,  36,  48)

     Smooth grid:    10497 G-vectors     FFT dimensions: (  25,  25,  36)

     Estimated max dynamical RAM per process >     151.16 MB

     Estimated total dynamical RAM >     302.32 MB

     Check: negative core charge=   -0.000003

     The potential is recalculated from file :
     ./tmp/_ph0/HfTiBH42.save/charge-density

     Starting wfcs are   48 atomic wfcs
     Checking if some PAW data can be deallocated... 

     Band Structure Calculation
     Davidson diagonalization with overlap

     ethr =  1.61E-11,  avg # of iterations = 16.9

     total cpu time spent up to now is       43.6 secs

     End of band structure calculation

          k = 0.0000 0.0000 0.0000 (  1301 PWs)   bands (ev):

  -145.8687-144.9786-144.3005-144.1146-142.2253 -32.1459 -26.3092  -4.4735
    -3.0279  -3.0018  -1.3223  -1.0973  -0.9137   9.1820  13.4131  13.4925
    13.5719  13.6270  13.7080  13.7481  13.7691  14.6301  17.1910  17.8612
    21.6575  22.9043  25.6861  26.3974  26.5808  27.7656  28.9348  29.1155
    30.0907  30.1663  31.9809  33.2037  35.0753

          k =-0.6384-0.0004-0.0023 (  1324 PWs)   bands (ev):

  -147.7827-147.0483-145.1938-145.1786-144.4808 -32.0287 -26.2207  -4.2800
    -3.8205  -2.9695  -2.7355  -1.5979  -0.8528  13.3547  13.4047  13.4955
    13.5847  13.6161  13.6763  13.7026  13.8471  14.8974  15.9197  17.0979
    19.0162  21.0688  22.2350  25.0445  27.2855  29.1361  29.7773  31.4290
    32.3192  33.9142  34.6769  35.8967  36.5703

          k =-0.0015 0.0011-0.4634 (  1318 PWs)   bands (ev):

  -146.6711-146.1798-145.7930-145.7011-143.4910 -32.1360 -26.3319  -3.8150
    -3.1476  -2.9392  -2.2100  -1.1691  -1.0108  12.2824  12.8857  13.4436
    13.4870  13.5348  13.5719  13.6225  13.7122  13.7434  17.1982  18.2071
    20.5067  22.4473  22.6953  24.0304  26.1162  27.0909  30.0490  30.8239
    32.1048  32.7708  33.4059  34.4025  36.3078

          k =-0.6399 0.0008-0.4657 (  1286 PWs)   bands (ev):

  -145.1380-144.6247-142.7278-142.2087-141.6591 -32.0240 -26.2251  -4.7274
    -4.3585  -2.7940  -1.9506  -1.2964  -0.8618  12.7747  13.4194  13.5640
    13.6174  13.7296  13.7506  13.7671  13.8266  14.1294  17.0666  18.4008
    19.8022  20.5075  22.2441  23.1571  27.3894  27.8976  31.8841  32.0182
    32.2496  33.6984  34.6216  35.0827  36.5541

          k =-0.0002-0.6398-0.0005 (  1322 PWs)   bands (ev):

  -147.8479-146.3374-145.3863-144.9404-144.4476 -32.0270 -26.2258  -4.1758
    -3.6521  -3.1050  -2.6804  -1.7684  -0.8101  13.3558  13.4315  13.4679
    13.5711  13.6183  13.6419  13.6949  13.7767  14.8129  15.6037  17.3983
    19.4553  21.2184  21.3954  24.8048  27.5059  28.6438  29.4270  31.7340
    33.1624  34.4001  34.9579  36.1765  36.8862

          k =-0.6386-0.6402-0.0028 (  1316 PWs)   bands (ev):

  -147.4579-146.8647-146.6998-143.5456-142.8592 -31.9136 -26.1212  -4.4869
    -4.2368  -3.2888  -2.3481  -2.2387  -1.5150  13.4809  13.5293  13.5355
    13.5735  13.6213  13.6746  13.7335  13.8514  14.6022  16.4654  16.8082
    18.9742  19.0393  23.0409  25.6150  28.3651  29.3881  32.6170  32.8603
    34.3880  34.8920  36.1203  36.9623  37.6793

          k =-0.0017-0.6387-0.4639 (  1292 PWs)   bands (ev):

  -145.7922-145.0251-143.2316-142.5662-141.7360 -32.0233 -26.2268  -4.7272
    -4.3700  -2.8283  -1.8714  -1.2593  -0.7943  12.6124  13.4100  13.5516
    13.6177  13.6623  13.7363  13.7557  13.8224  14.3059  16.7301  18.2220
    19.6943  20.4747  21.4406  23.3713  27.5636  29.0851  31.4134  32.1187
    32.6377  34.0737  34.5963  35.6552  36.0355

          k =-0.6401-0.6390-0.4662 (  1338 PWs)   bands (ev):

  -148.5610-147.4924-146.9483-146.2407-145.7269 -31.9118 -26.1203  -4.2224
    -4.0799  -3.7326  -2.7947  -2.1460  -1.3980  13.4562  13.4765  13.5066
    13.5359  13.5511  13.5968  13.6630  14.9540  15.5734  16.2084  17.5656
    19.5237  19.9925  21.4954  21.7919  29.3189  29.7585  31.5422  32.3811
    32.6939  33.8140  36.9042  37.1226  37.5780

          k =-0.6384-0.0004-0.0023 (  1324 PWs)   bands (ev):

  -147.7827-147.0483-145.1938-145.1786-144.4808 -32.0287 -26.2207  -4.2800
    -3.8205  -2.9695  -2.7355  -1.5979  -0.8528  13.3547  13.4047  13.4955
    13.5847  13.6161  13.6763  13.7026  13.8471  14.8974  15.9197  17.0979
    19.0162  21.0688  22.2350  25.0445  27.2855  29.1361  29.7773  31.4290
    32.3192  33.9142  34.6769  35.8967  36.5703

          k =-1.2768-0.0007-0.0046 (  1301 PWs)   bands (ev):

  -145.8687-144.9786-144.3005-144.1146-142.2253 -32.1459 -26.3092  -4.4735
    -3.0279  -3.0018  -1.3223  -1.0973  -0.9137   9.1820  13.4131  13.4925
    13.5719  13.6270  13.7080  13.7481  13.7691  14.6301  17.1910  17.8612
    21.6575  22.9043  25.6861  26.3974  26.5808  27.7656  28.9348  29.1155
    30.0907  30.1663  31.9809  33.2037  35.0753

          k =-0.6399 0.0008-0.4657 (  1286 PWs)   bands (ev):

  -145.1380-144.6247-142.7278-142.2087-141.6591 -32.0240 -26.2251  -4.7274
    -4.3585  -2.7940  -1.9506  -1.2964  -0.8618  12.7747  13.4194  13.5640
    13.6174  13.7296  13.7506  13.7671  13.8266  14.1294  17.0666  18.4008
    19.8022  20.5075  22.2441  23.1571  27.3894  27.8976  31.8841  32.0182
    32.2496  33.6984  34.6216  35.0827  36.5541

          k =-1.2783 0.0004-0.4680 (  1318 PWs)   bands (ev):

  -146.6711-146.1798-145.7930-145.7011-143.4910 -32.1360 -26.3319  -3.8150
    -3.1476  -2.9392  -2.2100  -1.1691  -1.0108  12.2824  12.8857  13.4436
    13.4870  13.5348  13.5719  13.6225  13.7122  13.7434  17.1982  18.2071
    20.5067  22.4473  22.6953  24.0304  26.1162  27.0909  30.0490  30.8239
    32.1048  32.7708  33.4059  34.4025  36.3078

          k =-0.6386-0.6402-0.0028 (  1316 PWs)   bands (ev):

  -147.4579-146.8647-146.6998-143.5456-142.8592 -31.9136 -26.1212  -4.4869
    -4.2368  -3.2888  -2.3481  -2.2387  -1.5150  13.4809  13.5293  13.5355
    13.5735  13.6213  13.6746  13.7335  13.8514  14.6022  16.4654  16.8082
    18.9742  19.0393  23.0409  25.6150  28.3651  29.3881  32.6170  32.8603
    34.3880  34.8920  36.1203  36.9623  37.6793

          k =-1.2770-0.6405-0.0051 (  1322 PWs)   bands (ev):

  -147.8479-146.3374-145.3863-144.9404-144.4476 -32.0270 -26.2258  -4.1758
    -3.6521  -3.1050  -2.6804  -1.7684  -0.8101  13.3558  13.4315  13.4679
    13.5711  13.6183  13.6419  13.6949  13.7767  14.8129  15.6037  17.3983
    19.4553  21.2184  21.3954  24.8048  27.5059  28.6438  29.4270  31.7340
    33.1624  34.4001  34.9579  36.1765  36.8862

          k =-0.6401-0.6390-0.4662 (  1338 PWs)   bands (ev):

  -148.5610-147.4924-146.9483-146.2407-145.7269 -31.9118 -26.1203  -4.2224
    -4.0799  -3.7326  -2.7947  -2.1460  -1.3980  13.4562  13.4765  13.5066
    13.5359  13.5511  13.5968  13.6630  14.9540  15.5734  16.2084  17.5656
    19.5237  19.9925  21.4954  21.7919  29.3189  29.7585  31.5422  32.3811
    32.6939  33.8140  36.9042  37.1226  37.5780

          k =-1.2785-0.6394-0.4685 (  1292 PWs)   bands (ev):

  -145.7922-145.0251-143.2316-142.5662-141.7360 -32.0233 -26.2268  -4.7272
    -4.3700  -2.8283  -1.8714  -1.2593  -0.7943  12.6124  13.4100  13.5516
    13.6177  13.6623  13.7363  13.7557  13.8224  14.3059  16.7301  18.2220
    19.6943  20.4747  21.4406  23.3713  27.5636  29.0851  31.4134  32.1187
    32.6377  34.0737  34.5963  35.6552  36.0355

     the Fermi energy is    31.1994 ev

     Writing output data file ./tmp/_ph0/HfTiBH42.save/

     Phonons                                                                    

     bravais-lattice index     =            0
     lattice parameter (alat)  =       6.9360  a.u.
     unit-cell volume          =     220.3604 (a.u.)^3
     number of atoms/cell      =           12
     number of atomic types    =            4
     kinetic-energy cut-off    =      50.0000  Ry
     charge density cut-off    =     400.0000  Ry
     convergence threshold     =      1.0E-14
     beta                      =       0.7000
     number of iterations used =            4
     Exchange-correlation= PBE
                           (   1   4   3   4   0   0   0)


     celldm(1)=    6.93597  celldm(2)=    0.00000  celldm(3)=    0.00000
     celldm(4)=    0.00000  celldm(5)=    0.00000  celldm(6)=    0.00000

     crystal axes: (cart. coord. in units of alat)
               a(1) = (  0.7832 -0.0002 -0.0025 )  
               a(2) = ( -0.0004  0.7815  0.0019 )  
               a(3) = ( -0.0039 -0.0009  1.0790 )  

     reciprocal axes: (cart. coord. in units 2 pi/alat)
               b(1) = (  1.2768  0.0007  0.0046 )  
               b(2) = (  0.0003  1.2796  0.0011 )  
               b(3) = (  0.0030 -0.0023  0.9268 )  


     Atoms inside the unit cell: 

     Cartesian axes

     site n.  atom      mass           positions (alat units)
        1     Ti   1.0000   tau(    1) = (    0.83288    0.04352   -0.02567  )
        2     Hf   1.0000   tau(    2) = (    0.33721    0.36129    0.55903  )
        3     B    1.0000   tau(    3) = (    0.45397    0.45425    0.01753  )
        4     B    1.0000   tau(    4) = (    0.72002   -0.05183    0.50241  )
        5     H    1.0000   tau(    5) = (   -0.02560    0.46502    0.83209  )
        6     H    1.0000   tau(    6) = (    0.20147   -0.02937    0.35162  )
        7     H    1.0000   tau(    7) = (    0.72105    0.17309    0.69305  )
        8     H    1.0000   tau(    8) = (    0.43400    0.18602    0.96588  )
        9     H    1.0000   tau(    9) = (    0.17011    0.43175    0.13618  )
       10     H    1.0000   tau(   10) = (    0.67667    0.39950    0.23225  )
       11     H    1.0000   tau(   11) = (    0.41367    0.68348    0.86398  )
       12     H    1.0000   tau(   12) = (    0.50265    0.78565    0.28173  )

     Computing dynamical matrix for 
                    q = (  -0.6384045  -0.0003588  -0.0022806 )

      2 Sym.Ops. (with q -> -q+G )


     G cutoff =  487.4323  (  14922 G-vectors)     FFT grid: ( 36, 36, 48)
     G cutoff =  243.7162  (   5249 G-vectors)  smooth grid: ( 25, 25, 36)

     number of k points=    16  Methfessel-Paxton smearing, width (Ry)=  0.0200

     PseudoPot. # 1 for B  read from file:
     /home/marco/ZOS_Cloud_Compute/pseudo/B.UPF
     MD5 check sum: d9c678ba5d3b2fd7b74e61139c9288d8
     Pseudo is Projector augmented-wave + core cor, Zval =  3.0
     Generated using "atomic" code by A. Dal Corso  v.5.1.2
     Shape of augmentation charge: PSQ
     Using radial grid of 1059 points,  4 beta functions with: 
                l(1) =   0
                l(2) =   0
                l(3) =   1
                l(4) =   1
     Q(r) pseudized with 0 coefficients 


     PseudoPot. # 2 for H  read from file:
     /home/marco/ZOS_Cloud_Compute/pseudo/H.UPF
     MD5 check sum: 850d63dcbcc06c5de8b44e0ab9f952da
     Pseudo is Projector augmented-wave, Zval =  1.0
     Generated using "atomic" code by A. Dal Corso  v.5.1.2
     Shape of augmentation charge: PSQ
     Using radial grid of  929 points,  2 beta functions with: 
                l(1) =   0
                l(2) =   0
     Q(r) pseudized with 0 coefficients 


     PseudoPot. # 3 for Hf read from file:
     /home/marco/ZOS_Cloud_Compute/pseudo/Hf.UPF
     MD5 check sum: 054ab3954715fe03e42536d2af1a941a
     Pseudo is Projector augmented-wave + core cor, Zval = 36.0
     Generated using "atomic" code by A. Dal Corso  v.5.1.2
     Shape of augmentation charge: PSQ
     Using radial grid of 1271 points,  8 beta functions with: 
                l(1) =   0
                l(2) =   0
                l(3) =   1
                l(4) =   1
                l(5) =   2
                l(6) =   2
                l(7) =   3
                l(8) =   3
     Q(r) pseudized with 0 coefficients 


     PseudoPot. # 4 for Ti read from file:
     /home/marco/ZOS_Cloud_Compute/pseudo/Ti.UPF
     MD5 check sum: 8e4df49b7f0d34bbd5052bf3f5ea0213
     Pseudo is Ultrasoft, Zval = 12.0
     Generated by new atomic code, or converted to UPF format
     Using radial grid of  851 points,  6 beta functions with: 
                l(1) =   0
                l(2) =   0
                l(3) =   1
                l(4) =   1
                l(5) =   2
                l(6) =   2
     Q(r) pseudized with  8 coefficients,  rinner =    1.000   1.000   1.000
                                                       1.000   1.000

     Mode symmetry, C_1 (1)     point group:


     Atomic displacements:
     There are   36 irreducible representations

     Representation     1      1 modes -  To be done

     Representation     2      1 modes -  To be done

     Representation     3      1 modes -  To be done

     Representation     4      1 modes -  To be done

     Representation     5      1 modes -  To be done

     Representation     6      1 modes -  To be done

     Representation     7      1 modes -  To be done

     Representation     8      1 modes -  To be done

     Representation     9      1 modes -  To be done

     Representation    10      1 modes -  To be done

     Representation    11      1 modes -  To be done

     Representation    12      1 modes -  To be done

     Representation    13      1 modes -  To be done

     Representation    14      1 modes -  To be done

     Representation    15      1 modes -  To be done

     Representation    16      1 modes -  To be done

     Representation    17      1 modes -  To be done

     Representation    18      1 modes -  To be done

     Representation    19      1 modes -  To be done

     Representation    20      1 modes -  To be done

     Representation    21      1 modes -  To be done

     Representation    22      1 modes -  To be done

     Representation    23      1 modes -  To be done

     Representation    24      1 modes -  To be done

     Representation    25      1 modes -  To be done

     Representation    26      1 modes -  To be done

     Representation    27      1 modes -  To be done

     Representation    28      1 modes -  To be done

     Representation    29      1 modes -  To be done

     Representation    30      1 modes -  To be done

     Representation    31      1 modes -  To be done

     Representation    32      1 modes -  To be done

     Representation    33      1 modes -  To be done

     Representation    34      1 modes -  To be done

     Representation    35      1 modes -  To be done

     Representation    36      1 modes -  To be done



     Alpha used in Ewald sum =   2.8000
     PHONON       :      3h21m CPU      4h22m WALL



     Representation #   1 mode #   1

     Self-consistent Calculation

      iter #   1 total cpu time : 15766.5 secs   av.it.:  13.4
      thresh= 1.000E-02 alpha_mix =  0.700 |ddv_scf|^2 =  9.230E-04

      iter #   2 total cpu time : 15775.9 secs   av.it.:  19.8
      thresh= 3.038E-03 alpha_mix =  0.700 |ddv_scf|^2 =  9.693E-03

      iter #   3 total cpu time : 15784.4 secs   av.it.:  15.9
      thresh= 9.845E-03 alpha_mix =  0.700 |ddv_scf|^2 =  4.915E-04

      iter #   4 total cpu time : 15792.9 secs   av.it.:  15.6
      thresh= 2.217E-03 alpha_mix =  0.700 |ddv_scf|^2 =  1.098E-05

      iter #   5 total cpu time : 15802.0 secs   av.it.:  18.5
      thresh= 3.314E-04 alpha_mix =  0.700 |ddv_scf|^2 =  2.774E-07

      iter #   6 total cpu time : 15811.5 secs   av.it.:  20.0
      thresh= 5.267E-05 alpha_mix =  0.700 |ddv_scf|^2 =  4.702E-08

      iter #   7 total cpu time : 15820.6 secs   av.it.:  18.9
      thresh= 2.168E-05 alpha_mix =  0.700 |ddv_scf|^2 =  1.237E-08

      iter #   8 total cpu time : 15829.6 secs   av.it.:  17.6
      thresh= 1.112E-05 alpha_mix =  0.700 |ddv_scf|^2 =  3.190E-11

      iter #   9 total cpu time : 15838.6 secs   av.it.:  21.0
      thresh= 5.648E-07 alpha_mix =  0.700 |ddv_scf|^2 =  1.024E-11

      iter #  10 total cpu time : 15847.7 secs   av.it.:  18.9
      thresh= 3.200E-07 alpha_mix =  0.700 |ddv_scf|^2 =  4.091E-12

      iter #  11 total cpu time : 15856.7 secs   av.it.:  17.9
      thresh= 2.023E-07 alpha_mix =  0.700 |ddv_scf|^2 =  1.364E-12

      iter #  12 total cpu time : 15865.8 secs   av.it.:  18.9
      thresh= 1.168E-07 alpha_mix =  0.700 |ddv_scf|^2 =  1.964E-13

      iter #  13 total cpu time : 15875.1 secs   av.it.:  19.6
      thresh= 4.431E-08 alpha_mix =  0.700 |ddv_scf|^2 =  7.602E-13

      iter #  14 total cpu time : 15883.7 secs   av.it.:  16.5
      thresh= 8.719E-08 alpha_mix =  0.700 |ddv_scf|^2 =  3.420E-14

      iter #  15 total cpu time : 15893.0 secs   av.it.:  19.2
      thresh= 1.849E-08 alpha_mix =  0.700 |ddv_scf|^2 =  5.737E-16

     End of self-consistent calculation

     Convergence has been achieved 


     Representation #   2 mode #   2

     Self-consistent Calculation

      iter #   1 total cpu time : 15901.2 secs   av.it.:  11.8
      thresh= 1.000E-02 alpha_mix =  0.700 |ddv_scf|^2 =  1.952E-05

      iter #   2 total cpu time : 15910.4 secs   av.it.:  19.1
      thresh= 4.418E-04 alpha_mix =  0.700 |ddv_scf|^2 =  6.148E-06

      iter #   3 total cpu time : 15919.6 secs   av.it.:  19.5
      thresh= 2.480E-04 alpha_mix =  0.700 |ddv_scf|^2 =  1.873E-05

      iter #   4 total cpu time : 15928.2 secs   av.it.:  15.9
      thresh= 4.328E-04 alpha_mix =  0.700 |ddv_scf|^2 =  1.558E-06

      iter #   5 total cpu time : 15936.8 secs   av.it.:  15.8
      thresh= 1.248E-04 alpha_mix =  0.700 |ddv_scf|^2 =  3.354E-08

      iter #   6 total cpu time : 15945.3 secs   av.it.:  17.8
      thresh= 1.832E-05 alpha_mix =  0.700 |ddv_scf|^2 =  1.052E-09

      iter #   7 total cpu time : 15954.6 secs   av.it.:  19.4
      thresh= 3.243E-06 alpha_mix =  0.700 |ddv_scf|^2 =  1.411E-10

      iter #   8 total cpu time : 15964.0 secs   av.it.:  19.8
      thresh= 1.188E-06 alpha_mix =  0.700 |ddv_scf|^2 =  6.111E-11

      iter #   9 total cpu time : 15973.1 secs   av.it.:  18.4
      thresh= 7.817E-07 alpha_mix =  0.700 |ddv_scf|^2 =  1.544E-11

      iter #  10 total cpu time : 15982.1 secs   av.it.:  17.9
      thresh= 3.929E-07 alpha_mix =  0.700 |ddv_scf|^2 =  1.188E-11

      iter #  11 total cpu time : 15990.8 secs   av.it.:  16.8
      thresh= 3.447E-07 alpha_mix =  0.700 |ddv_scf|^2 =  3.138E-12

      iter #  12 total cpu time : 15999.7 secs   av.it.:  17.4
      thresh= 1.771E-07 alpha_mix =  0.700 |ddv_scf|^2 =  1.767E-13

      iter #  13 total cpu time : 16009.0 secs   av.it.:  19.9
      thresh= 4.204E-08 alpha_mix =  0.700 |ddv_scf|^2 =  2.552E-14

      iter #  14 total cpu time : 16018.4 secs   av.it.:  20.0
      thresh= 1.598E-08 alpha_mix =  0.700 |ddv_scf|^2 =  1.429E-14

      iter #  15 total cpu time : 16027.0 secs   av.it.:  18.1
      thresh= 1.195E-08 alpha_mix =  0.700 |ddv_scf|^2 =  9.746E-15

     End of self-consistent calculation

     Convergence has been achieved 


     Representation #   3 mode #   3

     Self-consistent Calculation

      iter #   1 total cpu time : 16035.5 secs   av.it.:  12.8
      thresh= 1.000E-02 alpha_mix =  0.700 |ddv_scf|^2 =  4.997E-05

      iter #   2 total cpu time : 16045.0 secs   av.it.:  19.8
      thresh= 7.069E-04 alpha_mix =  0.700 |ddv_scf|^2 =  3.405E-05

      iter #   3 total cpu time : 16054.2 secs   av.it.:  18.8
      thresh= 5.835E-04 alpha_mix =  0.700 |ddv_scf|^2 =  5.258E-05

      iter #   4 total cpu time : 16062.5 secs   av.it.:  15.0
      thresh= 7.251E-04 alpha_mix =  0.700 |ddv_scf|^2 =  8.590E-08

      iter #   5 total cpu time : 16072.2 secs   av.it.:  21.4
      thresh= 2.931E-05 alpha_mix =  0.700 |ddv_scf|^2 =  1.450E-07

      iter #   6 total cpu time : 16081.1 secs   av.it.:  17.2
      thresh= 3.807E-05 alpha_mix =  0.700 |ddv_scf|^2 =  1.401E-08

      iter #   7 total cpu time : 16090.1 secs   av.it.:  18.1
      thresh= 1.184E-05 alpha_mix =  0.700 |ddv_scf|^2 =  3.187E-09

      iter #   8 total cpu time : 16099.0 secs   av.it.:  18.0
      thresh= 5.645E-06 alpha_mix =  0.700 |ddv_scf|^2 =  8.056E-11

      iter #   9 total cpu time : 16108.2 secs   av.it.:  19.0
      thresh= 8.975E-07 alpha_mix =  0.700 |ddv_scf|^2 =  1.023E-11

      iter #  10 total cpu time : 16117.4 secs   av.it.:  19.2
      thresh= 3.198E-07 alpha_mix =  0.700 |ddv_scf|^2 =  7.050E-12

      iter #  11 total cpu time : 16126.4 secs   av.it.:  18.0
      thresh= 2.655E-07 alpha_mix =  0.700 |ddv_scf|^2 =  1.707E-12

      iter #  12 total cpu time : 16135.5 secs   av.it.:  18.6
      thresh= 1.307E-07 alpha_mix =  0.700 |ddv_scf|^2 =  3.111E-12

      iter #  13 total cpu time : 16144.1 secs   av.it.:  16.0
      thresh= 1.764E-07 alpha_mix =  0.700 |ddv_scf|^2 =  3.566E-13

      iter #  14 total cpu time : 16153.0 secs   av.it.:  17.4
      thresh= 5.972E-08 alpha_mix =  0.700 |ddv_scf|^2 =  1.603E-13

      iter #  15 total cpu time : 16161.8 secs   av.it.:  17.5
      thresh= 4.004E-08 alpha_mix =  0.700 |ddv_scf|^2 =  5.562E-15

     End of self-consistent calculation

     Convergence has been achieved 


     Representation #   4 mode #   4

     Self-consistent Calculation

      iter #   1 total cpu time : 16171.5 secs   av.it.:  17.9
      thresh= 1.000E-02 alpha_mix =  0.700 |ddv_scf|^2 =  1.443E-02

      iter #   2 total cpu time : 16181.3 secs   av.it.:  21.5
      thresh= 1.000E-02 alpha_mix =  0.700 |ddv_scf|^2 =  2.999E-01

      iter #   3 total cpu time : 16190.3 secs   av.it.:  20.5
      thresh= 1.000E-02 alpha_mix =  0.700 |ddv_scf|^2 =  4.154E-03

      iter #   4 total cpu time : 16199.1 secs   av.it.:  17.0
      thresh= 6.445E-03 alpha_mix =  0.700 |ddv_scf|^2 =  3.475E-04

      iter #   5 total cpu time : 16207.9 secs   av.it.:  17.1
      thresh= 1.864E-03 alpha_mix =  0.700 |ddv_scf|^2 =  9.371E-05

      iter #   6 total cpu time : 16216.2 secs   av.it.:  17.6
      thresh= 9.681E-04 alpha_mix =  0.700 |ddv_scf|^2 =  7.150E-07

      iter #   7 total cpu time : 16225.7 secs   av.it.:  20.5
      thresh= 8.456E-05 alpha_mix =  0.700 |ddv_scf|^2 =  7.997E-08

      iter #   8 total cpu time : 16235.2 secs   av.it.:  20.8
      thresh= 2.828E-05 alpha_mix =  0.700 |ddv_scf|^2 =  8.339E-09

      iter #   9 total cpu time : 16244.6 secs   av.it.:  20.0
      thresh= 9.132E-06 alpha_mix =  0.700 |ddv_scf|^2 =  1.775E-09

      iter #  10 total cpu time : 16254.0 secs   av.it.:  19.9
      thresh= 4.213E-06 alpha_mix =  0.700 |ddv_scf|^2 =  1.962E-10

      iter #  11 total cpu time : 16263.4 secs   av.it.:  19.8
      thresh= 1.401E-06 alpha_mix =  0.700 |ddv_scf|^2 =  3.301E-10

      iter #  12 total cpu time : 16272.1 secs   av.it.:  17.0
      thresh= 1.817E-06 alpha_mix =  0.700 |ddv_scf|^2 =  9.175E-12

      iter #  13 total cpu time : 16281.7 secs   av.it.:  20.5
      thresh= 3.029E-07 alpha_mix =  0.700 |ddv_scf|^2 =  1.942E-11

      iter #  14 total cpu time : 16290.5 secs   av.it.:  17.1
      thresh= 4.407E-07 alpha_mix =  0.700 |ddv_scf|^2 =  1.219E-12

      iter #  15 total cpu time : 16299.7 secs   av.it.:  19.2
      thresh= 1.104E-07 alpha_mix =  0.700 |ddv_scf|^2 =  4.174E-13

      iter #  16 total cpu time : 16308.8 secs   av.it.:  18.9
      thresh= 6.460E-08 alpha_mix =  0.700 |ddv_scf|^2 =  1.161E-13

      iter #  17 total cpu time : 16317.6 secs   av.it.:  17.6
      thresh= 3.407E-08 alpha_mix =  0.700 |ddv_scf|^2 =  4.171E-14

      iter #  18 total cpu time : 16326.2 secs   av.it.:  17.0
      thresh= 2.042E-08 alpha_mix =  0.700 |ddv_scf|^2 =  2.046E-15

     End of self-consistent calculation

     Convergence has been achieved 


     Representation #   5 mode #   5

     Self-consistent Calculation

      iter #   1 total cpu time : 16335.4 secs   av.it.:  16.0
      thresh= 1.000E-02 alpha_mix =  0.700 |ddv_scf|^2 =  4.887E-04

      iter #   2 total cpu time : 16345.1 secs   av.it.:  21.8
      thresh= 2.211E-03 alpha_mix =  0.700 |ddv_scf|^2 =  4.870E-04

      iter #   3 total cpu time : 16354.4 secs   av.it.:  18.9
      thresh= 2.207E-03 alpha_mix =  0.700 |ddv_scf|^2 =  2.356E-03

      iter #   4 total cpu time : 16362.7 secs   av.it.:  15.5
      thresh= 4.854E-03 alpha_mix =  0.700 |ddv_scf|^2 =  2.958E-06

      iter #   5 total cpu time : 16372.5 secs   av.it.:  21.8
      thresh= 1.720E-04 alpha_mix =  0.700 |ddv_scf|^2 =  3.364E-06

      iter #   6 total cpu time : 16381.4 secs   av.it.:  17.6
      thresh= 1.834E-04 alpha_mix =  0.700 |ddv_scf|^2 =  2.521E-08

      iter #   7 total cpu time : 16390.6 secs   av.it.:  21.2
      thresh= 1.588E-05 alpha_mix =  0.700 |ddv_scf|^2 =  5.210E-08

      iter #   8 total cpu time : 16399.4 secs   av.it.:  17.0
      thresh= 2.282E-05 alpha_mix =  0.700 |ddv_scf|^2 =  3.157E-09

      iter #   9 total cpu time : 16408.3 secs   av.it.:  19.2
      thresh= 5.619E-06 alpha_mix =  0.700 |ddv_scf|^2 =  2.421E-10

      iter #  10 total cpu time : 16417.8 secs   av.it.:  20.2
      thresh= 1.556E-06 alpha_mix =  0.700 |ddv_scf|^2 =  1.083E-10

      iter #  11 total cpu time : 16426.9 secs   av.it.:  18.8
      thresh= 1.041E-06 alpha_mix =  0.700 |ddv_scf|^2 =  2.039E-12

      iter #  12 total cpu time : 16436.6 secs   av.it.:  21.2
      thresh= 1.428E-07 alpha_mix =  0.700 |ddv_scf|^2 =  2.490E-13

      iter #  13 total cpu time : 16446.1 secs   av.it.:  20.5
      thresh= 4.990E-08 alpha_mix =  0.700 |ddv_scf|^2 =  5.098E-13

      iter #  14 total cpu time : 16455.0 secs   av.it.:  17.5
      thresh= 7.140E-08 alpha_mix =  0.700 |ddv_scf|^2 =  2.121E-13

      iter #  15 total cpu time : 16463.8 secs   av.it.:  17.2
      thresh= 4.606E-08 alpha_mix =  0.700 |ddv_scf|^2 =  5.901E-14

      iter #  16 total cpu time : 16472.9 secs   av.it.:  18.9
      thresh= 2.429E-08 alpha_mix =  0.700 |ddv_scf|^2 =  2.526E-14

      iter #  17 total cpu time : 16481.6 secs   av.it.:  17.5
      thresh= 1.589E-08 alpha_mix =  0.700 |ddv_scf|^2 =  1.486E-15

     End of self-consistent calculation

     Convergence has been achieved 


     Representation #   6 mode #   6

     Self-consistent Calculation

      iter #   1 total cpu time : 16490.9 secs   av.it.:  16.5
      thresh= 1.000E-02 alpha_mix =  0.700 |ddv_scf|^2 =  8.838E-04

      iter #   2 total cpu time : 16500.5 secs   av.it.:  21.4
      thresh= 2.973E-03 alpha_mix =  0.700 |ddv_scf|^2 =  5.483E-04

      iter #   3 total cpu time : 16509.8 secs   av.it.:  19.8
      thresh= 2.342E-03 alpha_mix =  0.700 |ddv_scf|^2 =  7.052E-04

      iter #   4 total cpu time : 16518.2 secs   av.it.:  15.6
      thresh= 2.656E-03 alpha_mix =  0.700 |ddv_scf|^2 =  1.109E-05

      iter #   5 total cpu time : 16527.3 secs   av.it.:  18.6
      thresh= 3.331E-04 alpha_mix =  0.700 |ddv_scf|^2 =  1.396E-06

      iter #   6 total cpu time : 16536.3 secs   av.it.:  18.6
      thresh= 1.181E-04 alpha_mix =  0.700 |ddv_scf|^2 =  3.497E-07

      iter #   7 total cpu time : 16545.3 secs   av.it.:  17.9
      thresh= 5.913E-05 alpha_mix =  0.700 |ddv_scf|^2 =  8.035E-08

      iter #   8 total cpu time : 16554.2 secs   av.it.:  17.6
      thresh= 2.835E-05 alpha_mix =  0.700 |ddv_scf|^2 =  7.032E-09

      iter #   9 total cpu time : 16563.4 secs   av.it.:  19.1
      thresh= 8.386E-06 alpha_mix =  0.700 |ddv_scf|^2 =  3.956E-10

      iter #  10 total cpu time : 16573.0 secs   av.it.:  20.9
      thresh= 1.989E-06 alpha_mix =  0.700 |ddv_scf|^2 =  1.107E-10

      iter #  11 total cpu time : 16582.4 secs   av.it.:  19.6
      thresh= 1.052E-06 alpha_mix =  0.700 |ddv_scf|^2 =  1.255E-10

      iter #  12 total cpu time : 16591.3 secs   av.it.:  17.9
      thresh= 1.120E-06 alpha_mix =  0.700 |ddv_scf|^2 =  2.748E-11

      iter #  13 total cpu time : 16599.8 secs   av.it.:  17.6
      thresh= 5.242E-07 alpha_mix =  0.700 |ddv_scf|^2 =  3.426E-12

      iter #  14 total cpu time : 16609.1 secs   av.it.:  19.6
      thresh= 1.851E-07 alpha_mix =  0.700 |ddv_scf|^2 =  2.253E-12

      iter #  15 total cpu time : 16617.8 secs   av.it.:  17.0
      thresh= 1.501E-07 alpha_mix =  0.700 |ddv_scf|^2 =  1.862E-13

      iter #  16 total cpu time : 16626.9 secs   av.it.:  18.9
      thresh= 4.315E-08 alpha_mix =  0.700 |ddv_scf|^2 =  4.578E-15

     End of self-consistent calculation

     Convergence has been achieved 


     Representation #   7 mode #   7

     Self-consistent Calculation

      iter #   1 total cpu time : 16634.8 secs   av.it.:  10.1
      thresh= 1.000E-02 alpha_mix =  0.700 |ddv_scf|^2 =  9.696E-05

      iter #   2 total cpu time : 16644.3 secs   av.it.:  20.0
      thresh= 9.847E-04 alpha_mix =  0.700 |ddv_scf|^2 =  2.533E-03

      iter #   3 total cpu time : 16652.7 secs   av.it.:  15.0
      thresh= 5.033E-03 alpha_mix =  0.700 |ddv_scf|^2 =  9.638E-06

      iter #   4 total cpu time : 16661.4 secs   av.it.:  16.9
      thresh= 3.104E-04 alpha_mix =  0.700 |ddv_scf|^2 =  8.801E-07

      iter #   5 total cpu time : 16669.9 secs   av.it.:  17.5
      thresh= 9.381E-05 alpha_mix =  0.700 |ddv_scf|^2 =  2.561E-07

      iter #   6 total cpu time : 16678.6 secs   av.it.:  16.8
      thresh= 5.061E-05 alpha_mix =  0.700 |ddv_scf|^2 =  3.638E-09

      iter #   7 total cpu time : 16687.9 secs   av.it.:  19.2
      thresh= 6.031E-06 alpha_mix =  0.700 |ddv_scf|^2 =  1.347E-10

      iter #   8 total cpu time : 16697.0 secs   av.it.:  20.1
      thresh= 1.161E-06 alpha_mix =  0.700 |ddv_scf|^2 =  3.123E-11

      iter #   9 total cpu time : 16706.6 secs   av.it.:  20.9
      thresh= 5.589E-07 alpha_mix =  0.700 |ddv_scf|^2 =  1.670E-11

      iter #  10 total cpu time : 16715.8 secs   av.it.:  19.0
      thresh= 4.087E-07 alpha_mix =  0.700 |ddv_scf|^2 =  1.872E-11

      iter #  11 total cpu time : 16724.4 secs   av.it.:  16.5
      thresh= 4.326E-07 alpha_mix =  0.700 |ddv_scf|^2 =  8.848E-12

      iter #  12 total cpu time : 16733.2 secs   av.it.:  16.9
      thresh= 2.975E-07 alpha_mix =  0.700 |ddv_scf|^2 =  3.658E-12

      iter #  13 total cpu time : 16742.0 secs   av.it.:  17.6
      thresh= 1.913E-07 alpha_mix =  0.700 |ddv_scf|^2 =  1.215E-13

      iter #  14 total cpu time : 16751.1 secs   av.it.:  19.0
      thresh= 3.486E-08 alpha_mix =  0.700 |ddv_scf|^2 =  2.554E-15

     End of self-consistent calculation

     Convergence has been achieved 


     Representation #   8 mode #   8

     Self-consistent Calculation

      iter #   1 total cpu time : 16758.6 secs   av.it.:   8.0
      thresh= 1.000E-02 alpha_mix =  0.700 |ddv_scf|^2 =  5.919E-07

      iter #   2 total cpu time : 16767.5 secs   av.it.:  19.5
      thresh= 7.694E-05 alpha_mix =  0.700 |ddv_scf|^2 =  1.553E-06

      iter #   3 total cpu time : 16776.3 secs   av.it.:  17.2
      thresh= 1.246E-04 alpha_mix =  0.700 |ddv_scf|^2 =  1.978E-06

      iter #   4 total cpu time : 16784.7 secs   av.it.:  15.6
      thresh= 1.406E-04 alpha_mix =  0.700 |ddv_scf|^2 =  2.544E-08

      iter #   5 total cpu time : 16793.3 secs   av.it.:  17.9
      thresh= 1.595E-05 alpha_mix =  0.700 |ddv_scf|^2 =  1.717E-08

      iter #   6 total cpu time : 16802.0 secs   av.it.:  17.2
      thresh= 1.310E-05 alpha_mix =  0.700 |ddv_scf|^2 =  2.416E-10

      iter #   7 total cpu time : 16811.9 secs   av.it.:  20.8
      thresh= 1.554E-06 alpha_mix =  0.700 |ddv_scf|^2 =  1.431E-10

      iter #   8 total cpu time : 16821.1 secs   av.it.:  19.2
      thresh= 1.196E-06 alpha_mix =  0.700 |ddv_scf|^2 =  8.938E-11

      iter #   9 total cpu time : 16829.8 secs   av.it.:  16.6
      thresh= 9.454E-07 alpha_mix =  0.700 |ddv_scf|^2 =  8.451E-13

      iter #  10 total cpu time : 16839.2 secs   av.it.:  20.4
      thresh= 9.193E-08 alpha_mix =  0.700 |ddv_scf|^2 =  1.329E-13

      iter #  11 total cpu time : 16848.7 secs   av.it.:  20.6
      thresh= 3.645E-08 alpha_mix =  0.700 |ddv_scf|^2 =  4.498E-14

      iter #  12 total cpu time : 16857.7 secs   av.it.:  17.9
      thresh= 2.121E-08 alpha_mix =  0.700 |ddv_scf|^2 =  1.523E-14

      iter #  13 total cpu time : 16866.5 secs   av.it.:  17.6
      thresh= 1.234E-08 alpha_mix =  0.700 |ddv_scf|^2 =  6.426E-16

     End of self-consistent calculation

     Convergence has been achieved 


     Representation #   9 mode #   9

     Self-consistent Calculation

      iter #   1 total cpu time : 16874.2 secs   av.it.:   9.2
      thresh= 1.000E-02 alpha_mix =  0.700 |ddv_scf|^2 =  1.864E-06

      iter #   2 total cpu time : 16883.6 secs   av.it.:  20.5
      thresh= 1.365E-04 alpha_mix =  0.700 |ddv_scf|^2 =  2.792E-06

      iter #   3 total cpu time : 16892.7 secs   av.it.:  18.6
      thresh= 1.671E-04 alpha_mix =  0.700 |ddv_scf|^2 =  5.698E-06

      iter #   4 total cpu time : 16900.9 secs   av.it.:  15.6
      thresh= 2.387E-04 alpha_mix =  0.700 |ddv_scf|^2 =  7.619E-08

      iter #   5 total cpu time : 16909.1 secs   av.it.:  17.5
      thresh= 2.760E-05 alpha_mix =  0.700 |ddv_scf|^2 =  3.075E-08

      iter #   6 total cpu time : 16917.7 secs   av.it.:  16.6
      thresh= 1.754E-05 alpha_mix =  0.700 |ddv_scf|^2 =  9.555E-10

      iter #   7 total cpu time : 16927.1 secs   av.it.:  19.8
      thresh= 3.091E-06 alpha_mix =  0.700 |ddv_scf|^2 =  9.784E-10

      iter #   8 total cpu time : 16935.9 secs   av.it.:  17.6
      thresh= 3.128E-06 alpha_mix =  0.700 |ddv_scf|^2 =  1.135E-10

      iter #   9 total cpu time : 16944.8 secs   av.it.:  17.9
      thresh= 1.066E-06 alpha_mix =  0.700 |ddv_scf|^2 =  4.305E-12

      iter #  10 total cpu time : 16954.3 secs   av.it.:  20.5
      thresh= 2.075E-07 alpha_mix =  0.700 |ddv_scf|^2 =  2.547E-12

      iter #  11 total cpu time : 16963.6 secs   av.it.:  19.6
      thresh= 1.596E-07 alpha_mix =  0.700 |ddv_scf|^2 =  9.166E-13

      iter #  12 total cpu time : 16972.3 secs   av.it.:  17.0
      thresh= 9.574E-08 alpha_mix =  0.700 |ddv_scf|^2 =  4.361E-14

      iter #  13 total cpu time : 16981.4 secs   av.it.:  19.4
      thresh= 2.088E-08 alpha_mix =  0.700 |ddv_scf|^2 =  2.107E-14

      iter #  14 total cpu time : 16990.4 secs   av.it.:  18.1
      thresh= 1.452E-08 alpha_mix =  0.700 |ddv_scf|^2 =  1.027E-14

      iter #  15 total cpu time : 16999.1 secs   av.it.:  16.6
      thresh= 1.013E-08 alpha_mix =  0.700 |ddv_scf|^2 =  7.790E-16

     End of self-consistent calculation

     Convergence has been achieved 


     Representation #  10 mode #  10

     Self-consistent Calculation

      iter #   1 total cpu time : 17006.8 secs   av.it.:   9.6
      thresh= 1.000E-02 alpha_mix =  0.700 |ddv_scf|^2 =  5.205E-05

      iter #   2 total cpu time : 17016.2 secs   av.it.:  19.8
      thresh= 7.215E-04 alpha_mix =  0.700 |ddv_scf|^2 =  4.757E-04

      iter #   3 total cpu time : 17024.6 secs   av.it.:  15.6
      thresh= 2.181E-03 alpha_mix =  0.700 |ddv_scf|^2 =  4.677E-06

      iter #   4 total cpu time : 17033.3 secs   av.it.:  16.8
      thresh= 2.163E-04 alpha_mix =  0.700 |ddv_scf|^2 =  1.183E-06

      iter #   5 total cpu time : 17042.0 secs   av.it.:  16.9
      thresh= 1.088E-04 alpha_mix =  0.700 |ddv_scf|^2 =  6.951E-08

      iter #   6 total cpu time : 17051.1 secs   av.it.:  18.8
      thresh= 2.637E-05 alpha_mix =  0.700 |ddv_scf|^2 =  7.447E-09

      iter #   7 total cpu time : 17060.1 secs   av.it.:  18.8
      thresh= 8.630E-06 alpha_mix =  0.700 |ddv_scf|^2 =  2.195E-10

      iter #   8 total cpu time : 17070.0 secs   av.it.:  21.4
      thresh= 1.482E-06 alpha_mix =  0.700 |ddv_scf|^2 =  3.770E-10

      iter #   9 total cpu time : 17079.0 secs   av.it.:  18.5
      thresh= 1.942E-06 alpha_mix =  0.700 |ddv_scf|^2 =  1.603E-10

      iter #  10 total cpu time : 17088.1 secs   av.it.:  17.2
      thresh= 1.266E-06 alpha_mix =  0.700 |ddv_scf|^2 =  2.122E-11

      iter #  11 total cpu time : 17097.7 secs   av.it.:  19.2
      thresh= 4.606E-07 alpha_mix =  0.700 |ddv_scf|^2 =  1.821E-11

      iter #  12 total cpu time : 17106.7 secs   av.it.:  18.0
      thresh= 4.268E-07 alpha_mix =  0.700 |ddv_scf|^2 =  1.197E-11

      iter #  13 total cpu time : 17114.9 secs   av.it.:  16.8
      thresh= 3.460E-07 alpha_mix =  0.700 |ddv_scf|^2 =  3.172E-13

      iter #  14 total cpu time : 17124.1 secs   av.it.:  19.1
      thresh= 5.632E-08 alpha_mix =  0.700 |ddv_scf|^2 =  4.025E-14

      iter #  15 total cpu time : 17133.4 secs   av.it.:  19.8
      thresh= 2.006E-08 alpha_mix =  0.700 |ddv_scf|^2 =  1.126E-13

      iter #  16 total cpu time : 17142.1 secs   av.it.:  17.4
      thresh= 3.355E-08 alpha_mix =  0.700 |ddv_scf|^2 =  5.723E-15

     End of self-consistent calculation

     Convergence has been achieved 


     Representation #  11 mode #  11

     Self-consistent Calculation

      iter #   1 total cpu time : 17149.6 secs   av.it.:   8.1
      thresh= 1.000E-02 alpha_mix =  0.700 |ddv_scf|^2 =  4.928E-07

      iter #   2 total cpu time : 17158.9 secs   av.it.:  19.5
      thresh= 7.020E-05 alpha_mix =  0.700 |ddv_scf|^2 =  1.385E-07

      iter #   3 total cpu time : 17168.1 secs   av.it.:  19.9
      thresh= 3.722E-05 alpha_mix =  0.700 |ddv_scf|^2 =  3.683E-07

      iter #   4 total cpu time : 17176.6 secs   av.it.:  16.1
      thresh= 6.069E-05 alpha_mix =  0.700 |ddv_scf|^2 =  2.318E-09

      iter #   5 total cpu time : 17186.0 secs   av.it.:  20.4
      thresh= 4.814E-06 alpha_mix =  0.700 |ddv_scf|^2 =  4.844E-10

      iter #   6 total cpu time : 17195.4 secs   av.it.:  20.0
      thresh= 2.201E-06 alpha_mix =  0.700 |ddv_scf|^2 =  6.066E-11

      iter #   7 total cpu time : 17204.7 secs   av.it.:  20.2
      thresh= 7.789E-07 alpha_mix =  0.700 |ddv_scf|^2 =  2.405E-11

      iter #   8 total cpu time : 17214.0 secs   av.it.:  19.8
      thresh= 4.904E-07 alpha_mix =  0.700 |ddv_scf|^2 =  1.066E-10

      iter #   9 total cpu time : 17222.4 secs   av.it.:  15.4
      thresh= 1.033E-06 alpha_mix =  0.700 |ddv_scf|^2 =  1.495E-12

      iter #  10 total cpu time : 17231.7 secs   av.it.:  19.9
      thresh= 1.223E-07 alpha_mix =  0.700 |ddv_scf|^2 =  9.439E-13

      iter #  11 total cpu time : 17240.3 secs   av.it.:  16.6
      thresh= 9.716E-08 alpha_mix =  0.700 |ddv_scf|^2 =  1.643E-13

      iter #  12 total cpu time : 17249.1 secs   av.it.:  17.1
      thresh= 4.053E-08 alpha_mix =  0.700 |ddv_scf|^2 =  1.146E-14

      iter #  13 total cpu time : 17258.1 secs   av.it.:  18.6
      thresh= 1.070E-08 alpha_mix =  0.700 |ddv_scf|^2 =  6.292E-16

     End of self-consistent calculation

     Convergence has been achieved 


     Representation #  12 mode #  12

     Self-consistent Calculation

      iter #   1 total cpu time : 17265.7 secs   av.it.:   8.8
      thresh= 1.000E-02 alpha_mix =  0.700 |ddv_scf|^2 =  2.000E-06

      iter #   2 total cpu time : 17275.0 secs   av.it.:  19.9
      thresh= 1.414E-04 alpha_mix =  0.700 |ddv_scf|^2 =  7.965E-06

      iter #   3 total cpu time : 17283.3 secs   av.it.:  16.6
      thresh= 2.822E-04 alpha_mix =  0.700 |ddv_scf|^2 =  6.741E-06

      iter #   4 total cpu time : 17291.7 secs   av.it.:  15.8
      thresh= 2.596E-04 alpha_mix =  0.700 |ddv_scf|^2 =  1.979E-08

      iter #   5 total cpu time : 17301.0 secs   av.it.:  20.0
      thresh= 1.407E-05 alpha_mix =  0.700 |ddv_scf|^2 =  3.368E-08

      iter #   6 total cpu time : 17309.6 secs   av.it.:  16.4
      thresh= 1.835E-05 alpha_mix =  0.700 |ddv_scf|^2 =  5.110E-09

      iter #   7 total cpu time : 17318.3 secs   av.it.:  17.9
      thresh= 7.148E-06 alpha_mix =  0.700 |ddv_scf|^2 =  1.105E-09

      iter #   8 total cpu time : 17327.2 secs   av.it.:  17.6
      thresh= 3.325E-06 alpha_mix =  0.700 |ddv_scf|^2 =  3.233E-11

      iter #   9 total cpu time : 17336.6 secs   av.it.:  20.1
      thresh= 5.686E-07 alpha_mix =  0.700 |ddv_scf|^2 =  9.707E-12

      iter #  10 total cpu time : 17345.7 secs   av.it.:  20.1
      thresh= 3.116E-07 alpha_mix =  0.700 |ddv_scf|^2 =  4.766E-12

      iter #  11 total cpu time : 17354.7 secs   av.it.:  18.6
      thresh= 2.183E-07 alpha_mix =  0.700 |ddv_scf|^2 =  7.939E-13

      iter #  12 total cpu time : 17363.1 secs   av.it.:  16.9
      thresh= 8.910E-08 alpha_mix =  0.700 |ddv_scf|^2 =  1.825E-13

      iter #  13 total cpu time : 17372.3 secs   av.it.:  19.0
      thresh= 4.272E-08 alpha_mix =  0.700 |ddv_scf|^2 =  6.011E-13

      iter #  14 total cpu time : 17380.6 secs   av.it.:  15.0
      thresh= 7.753E-08 alpha_mix =  0.700 |ddv_scf|^2 =  1.792E-14

      iter #  15 total cpu time : 17389.6 secs   av.it.:  18.5
      thresh= 1.339E-08 alpha_mix =  0.700 |ddv_scf|^2 =  5.322E-16

     End of self-consistent calculation

     Convergence has been achieved 


     Representation #  13 mode #  13

     Self-consistent Calculation

      iter #   1 total cpu time : 17396.9 secs   av.it.:   8.1
      thresh= 1.000E-02 alpha_mix =  0.700 |ddv_scf|^2 =  6.080E-06

      iter #   2 total cpu time : 17406.3 secs   av.it.:  20.0
      thresh= 2.466E-04 alpha_mix =  0.700 |ddv_scf|^2 =  5.547E-05

      iter #   3 total cpu time : 17414.8 secs   av.it.:  15.9
      thresh= 7.448E-04 alpha_mix =  0.700 |ddv_scf|^2 =  6.627E-08

      iter #   4 total cpu time : 17424.3 secs   av.it.:  20.9
      thresh= 2.574E-05 alpha_mix =  0.700 |ddv_scf|^2 =  2.464E-07

      iter #   5 total cpu time : 17432.7 secs   av.it.:  15.4
      thresh= 4.964E-05 alpha_mix =  0.700 |ddv_scf|^2 =  1.144E-09

      iter #   6 total cpu time : 17442.0 secs   av.it.:  20.5
      thresh= 3.382E-06 alpha_mix =  0.700 |ddv_scf|^2 =  8.496E-10

      iter #   7 total cpu time : 17450.9 secs   av.it.:  18.0
      thresh= 2.915E-06 alpha_mix =  0.700 |ddv_scf|^2 =  3.598E-11

      iter #   8 total cpu time : 17460.1 secs   av.it.:  19.0
      thresh= 5.999E-07 alpha_mix =  0.700 |ddv_scf|^2 =  8.015E-12

      iter #   9 total cpu time : 17469.2 secs   av.it.:  18.8
      thresh= 2.831E-07 alpha_mix =  0.700 |ddv_scf|^2 =  9.224E-13

      iter #  10 total cpu time : 17478.3 secs   av.it.:  18.9
      thresh= 9.604E-08 alpha_mix =  0.700 |ddv_scf|^2 =  8.561E-13

      iter #  11 total cpu time : 17487.0 secs   av.it.:  17.2
      thresh= 9.252E-08 alpha_mix =  0.700 |ddv_scf|^2 =  6.201E-14

      iter #  12 total cpu time : 17496.4 secs   av.it.:  20.0
      thresh= 2.490E-08 alpha_mix =  0.700 |ddv_scf|^2 =  2.521E-14

      iter #  13 total cpu time : 17505.4 secs   av.it.:  18.6
      thresh= 1.588E-08 alpha_mix =  0.700 |ddv_scf|^2 =  2.736E-14

      iter #  14 total cpu time : 17514.0 secs   av.it.:  16.5
      thresh= 1.654E-08 alpha_mix =  0.700 |ddv_scf|^2 =  9.504E-16

     End of self-consistent calculation

     Convergence has been achieved 


     Representation #  14 mode #  14

     Self-consistent Calculation

      iter #   1 total cpu time : 17520.8 secs   av.it.:   6.9
      thresh= 1.000E-02 alpha_mix =  0.700 |ddv_scf|^2 =  1.944E-07

      iter #   2 total cpu time : 17529.6 secs   av.it.:  20.8
      thresh= 4.409E-05 alpha_mix =  0.700 |ddv_scf|^2 =  4.096E-06

      iter #   3 total cpu time : 17537.9 secs   av.it.:  14.8
      thresh= 2.024E-04 alpha_mix =  0.700 |ddv_scf|^2 =  1.115E-08

      iter #   4 total cpu time : 17547.1 secs   av.it.:  21.6
      thresh= 1.056E-05 alpha_mix =  0.700 |ddv_scf|^2 =  1.824E-08

      iter #   5 total cpu time : 17555.9 secs   av.it.:  17.6
      thresh= 1.351E-05 alpha_mix =  0.700 |ddv_scf|^2 =  2.208E-10

      iter #   6 total cpu time : 17565.1 secs   av.it.:  19.1
      thresh= 1.486E-06 alpha_mix =  0.700 |ddv_scf|^2 =  2.697E-10

      iter #   7 total cpu time : 17573.2 secs   av.it.:  16.5
      thresh= 1.642E-06 alpha_mix =  0.700 |ddv_scf|^2 =  1.236E-11

      iter #   8 total cpu time : 17582.1 secs   av.it.:  17.8
      thresh= 3.516E-07 alpha_mix =  0.700 |ddv_scf|^2 =  1.166E-12

      iter #   9 total cpu time : 17591.3 secs   av.it.:  19.4
      thresh= 1.080E-07 alpha_mix =  0.700 |ddv_scf|^2 =  2.502E-13

      iter #  10 total cpu time : 17600.9 secs   av.it.:  21.0
      thresh= 5.002E-08 alpha_mix =  0.700 |ddv_scf|^2 =  3.893E-12

      iter #  11 total cpu time : 17609.2 secs   av.it.:  15.6
      thresh= 1.973E-07 alpha_mix =  0.700 |ddv_scf|^2 =  4.453E-14

      iter #  12 total cpu time : 17618.6 secs   av.it.:  20.2
      thresh= 2.110E-08 alpha_mix =  0.700 |ddv_scf|^2 =  2.552E-14

      iter #  13 total cpu time : 17627.6 secs   av.it.:  18.0
      thresh= 1.598E-08 alpha_mix =  0.700 |ddv_scf|^2 =  1.934E-14

      iter #  14 total cpu time : 17636.2 secs   av.it.:  17.0
      thresh= 1.391E-08 alpha_mix =  0.700 |ddv_scf|^2 =  1.028E-15

     End of self-consistent calculation

     Convergence has been achieved 


     Representation #  15 mode #  15

     Self-consistent Calculation

      iter #   1 total cpu time : 17643.5 secs   av.it.:   7.2
      thresh= 1.000E-02 alpha_mix =  0.700 |ddv_scf|^2 =  8.215E-07

      iter #   2 total cpu time : 17652.9 secs   av.it.:  20.5
      thresh= 9.063E-05 alpha_mix =  0.700 |ddv_scf|^2 =  1.922E-05

      iter #   3 total cpu time : 17661.2 secs   av.it.:  14.9
      thresh= 4.384E-04 alpha_mix =  0.700 |ddv_scf|^2 =  2.775E-07

      iter #   4 total cpu time : 17670.4 secs   av.it.:  18.9
      thresh= 5.268E-05 alpha_mix =  0.700 |ddv_scf|^2 =  5.682E-08

      iter #   5 total cpu time : 17679.0 secs   av.it.:  16.2
      thresh= 2.384E-05 alpha_mix =  0.700 |ddv_scf|^2 =  1.014E-08

      iter #   6 total cpu time : 17687.6 secs   av.it.:  17.0
      thresh= 1.007E-05 alpha_mix =  0.700 |ddv_scf|^2 =  1.351E-09

      iter #   7 total cpu time : 17696.5 secs   av.it.:  17.8
      thresh= 3.675E-06 alpha_mix =  0.700 |ddv_scf|^2 =  4.656E-11

      iter #   8 total cpu time : 17705.6 secs   av.it.:  19.0
      thresh= 6.824E-07 alpha_mix =  0.700 |ddv_scf|^2 =  3.194E-12

      iter #   9 total cpu time : 17714.5 secs   av.it.:  19.4
      thresh= 1.787E-07 alpha_mix =  0.700 |ddv_scf|^2 =  5.687E-13

      iter #  10 total cpu time : 17724.1 secs   av.it.:  20.8
      thresh= 7.541E-08 alpha_mix =  0.700 |ddv_scf|^2 =  1.054E-12

      iter #  11 total cpu time : 17732.8 secs   av.it.:  17.5
      thresh= 1.027E-07 alpha_mix =  0.700 |ddv_scf|^2 =  1.154E-13

      iter #  12 total cpu time : 17741.6 secs   av.it.:  17.4
      thresh= 3.397E-08 alpha_mix =  0.700 |ddv_scf|^2 =  5.477E-14

      iter #  13 total cpu time : 17750.5 secs   av.it.:  18.0
      thresh= 2.340E-08 alpha_mix =  0.700 |ddv_scf|^2 =  3.353E-15

     End of self-consistent calculation

     Convergence has been achieved 


     Representation #  16 mode #  16

     Self-consistent Calculation

      iter #   1 total cpu time : 17757.9 secs   av.it.:   8.0
      thresh= 1.000E-02 alpha_mix =  0.700 |ddv_scf|^2 =  1.023E-05

      iter #   2 total cpu time : 17767.4 secs   av.it.:  20.5
      thresh= 3.198E-04 alpha_mix =  0.700 |ddv_scf|^2 =  2.110E-04

      iter #   3 total cpu time : 17775.7 secs   av.it.:  15.5
      thresh= 1.453E-03 alpha_mix =  0.700 |ddv_scf|^2 =  4.946E-06

      iter #   4 total cpu time : 17784.1 secs   av.it.:  15.8
      thresh= 2.224E-04 alpha_mix =  0.700 |ddv_scf|^2 =  6.713E-08

      iter #   5 total cpu time : 17793.4 secs   av.it.:  19.2
      thresh= 2.591E-05 alpha_mix =  0.700 |ddv_scf|^2 =  2.039E-08

      iter #   6 total cpu time : 17802.2 secs   av.it.:  17.9
      thresh= 1.428E-05 alpha_mix =  0.700 |ddv_scf|^2 =  2.254E-09

      iter #   7 total cpu time : 17811.0 secs   av.it.:  17.6
      thresh= 4.747E-06 alpha_mix =  0.700 |ddv_scf|^2 =  9.640E-12

      iter #   8 total cpu time : 17820.7 secs   av.it.:  21.8
      thresh= 3.105E-07 alpha_mix =  0.700 |ddv_scf|^2 =  5.639E-12

      iter #   9 total cpu time : 17830.0 secs   av.it.:  19.8
      thresh= 2.375E-07 alpha_mix =  0.700 |ddv_scf|^2 =  1.190E-12

      iter #  10 total cpu time : 17839.1 secs   av.it.:  18.6
      thresh= 1.091E-07 alpha_mix =  0.700 |ddv_scf|^2 =  1.729E-12

      iter #  11 total cpu time : 17847.8 secs   av.it.:  17.0
      thresh= 1.315E-07 alpha_mix =  0.700 |ddv_scf|^2 =  2.363E-13

      iter #  12 total cpu time : 17856.9 secs   av.it.:  18.9
      thresh= 4.861E-08 alpha_mix =  0.700 |ddv_scf|^2 =  8.986E-13

      iter #  13 total cpu time : 17864.9 secs   av.it.:  15.8
      thresh= 9.479E-08 alpha_mix =  0.700 |ddv_scf|^2 =  1.057E-14

      iter #  14 total cpu time : 17873.6 secs   av.it.:  19.4
      thresh= 1.028E-08 alpha_mix =  0.700 |ddv_scf|^2 =  7.071E-16

     End of self-consistent calculation

     Convergence has been achieved 


     Representation #  17 mode #  17

     Self-consistent Calculation

      iter #   1 total cpu time : 17880.9 secs   av.it.:   7.5
      thresh= 1.000E-02 alpha_mix =  0.700 |ddv_scf|^2 =  1.296E-07

      iter #   2 total cpu time : 17890.5 secs   av.it.:  21.4
      thresh= 3.599E-05 alpha_mix =  0.700 |ddv_scf|^2 =  1.255E-06

      iter #   3 total cpu time : 17898.9 secs   av.it.:  15.6
      thresh= 1.120E-04 alpha_mix =  0.700 |ddv_scf|^2 =  1.091E-07

      iter #   4 total cpu time : 17907.7 secs   av.it.:  17.2
      thresh= 3.304E-05 alpha_mix =  0.700 |ddv_scf|^2 =  2.727E-08

      iter #   5 total cpu time : 17916.3 secs   av.it.:  16.8
      thresh= 1.651E-05 alpha_mix =  0.700 |ddv_scf|^2 =  1.797E-09

      iter #   6 total cpu time : 17925.3 secs   av.it.:  18.2
      thresh= 4.239E-06 alpha_mix =  0.700 |ddv_scf|^2 =  5.222E-10

      iter #   7 total cpu time : 17934.2 secs   av.it.:  17.9
      thresh= 2.285E-06 alpha_mix =  0.700 |ddv_scf|^2 =  3.021E-12

      iter #   8 total cpu time : 17943.6 secs   av.it.:  20.8
      thresh= 1.738E-07 alpha_mix =  0.700 |ddv_scf|^2 =  9.961E-13

      iter #   9 total cpu time : 17953.0 secs   av.it.:  20.2
      thresh= 9.980E-08 alpha_mix =  0.700 |ddv_scf|^2 =  1.995E-13

      iter #  10 total cpu time : 17962.5 secs   av.it.:  20.6
      thresh= 4.466E-08 alpha_mix =  0.700 |ddv_scf|^2 =  3.519E-13

      iter #  11 total cpu time : 17971.2 secs   av.it.:  16.8
      thresh= 5.933E-08 alpha_mix =  0.700 |ddv_scf|^2 =  1.577E-13

      iter #  12 total cpu time : 17979.7 secs   av.it.:  16.4
      thresh= 3.971E-08 alpha_mix =  0.700 |ddv_scf|^2 =  1.570E-15

     End of self-consistent calculation

     Convergence has been achieved 


     Representation #  18 mode #  18

     Self-consistent Calculation

      iter #   1 total cpu time : 17987.1 secs   av.it.:   7.5
      thresh= 1.000E-02 alpha_mix =  0.700 |ddv_scf|^2 =  1.002E-06

      iter #   2 total cpu time : 17996.0 secs   av.it.:  21.1
      thresh= 1.001E-04 alpha_mix =  0.700 |ddv_scf|^2 =  2.510E-05

      iter #   3 total cpu time : 18004.1 secs   av.it.:  15.0
      thresh= 5.010E-04 alpha_mix =  0.700 |ddv_scf|^2 =  3.163E-07

      iter #   4 total cpu time : 18013.4 secs   av.it.:  19.8
      thresh= 5.624E-05 alpha_mix =  0.700 |ddv_scf|^2 =  4.537E-08

      iter #   5 total cpu time : 18022.3 secs   av.it.:  17.6
      thresh= 2.130E-05 alpha_mix =  0.700 |ddv_scf|^2 =  8.455E-10

      iter #   6 total cpu time : 18031.6 secs   av.it.:  20.2
      thresh= 2.908E-06 alpha_mix =  0.700 |ddv_scf|^2 =  1.015E-09

      iter #   7 total cpu time : 18040.2 secs   av.it.:  16.4
      thresh= 3.185E-06 alpha_mix =  0.700 |ddv_scf|^2 =  1.644E-11

      iter #   8 total cpu time : 18049.6 secs   av.it.:  20.5
      thresh= 4.054E-07 alpha_mix =  0.700 |ddv_scf|^2 =  4.263E-12

      iter #   9 total cpu time : 18058.8 secs   av.it.:  19.4
      thresh= 2.065E-07 alpha_mix =  0.700 |ddv_scf|^2 =  4.503E-13

      iter #  10 total cpu time : 18068.4 secs   av.it.:  21.2
      thresh= 6.710E-08 alpha_mix =  0.700 |ddv_scf|^2 =  2.460E-12

      iter #  11 total cpu time : 18077.0 secs   av.it.:  16.6
      thresh= 1.568E-07 alpha_mix =  0.700 |ddv_scf|^2 =  5.712E-14

      iter #  12 total cpu time : 18086.5 secs   av.it.:  20.9
      thresh= 2.390E-08 alpha_mix =  0.700 |ddv_scf|^2 =  5.645E-14

      iter #  13 total cpu time : 18094.6 secs   av.it.:  16.6
      thresh= 2.376E-08 alpha_mix =  0.700 |ddv_scf|^2 =  1.976E-14

      iter #  14 total cpu time : 18103.4 secs   av.it.:  17.8
      thresh= 1.406E-08 alpha_mix =  0.700 |ddv_scf|^2 =  1.446E-15

     End of self-consistent calculation

     Convergence has been achieved 


     Representation #  19 mode #  19

     Self-consistent Calculation

      iter #   1 total cpu time : 18110.9 secs   av.it.:   8.4
      thresh= 1.000E-02 alpha_mix =  0.700 |ddv_scf|^2 =  6.702E-06

      iter #   2 total cpu time : 18120.3 secs   av.it.:  20.1
      thresh= 2.589E-04 alpha_mix =  0.700 |ddv_scf|^2 =  6.523E-05

      iter #   3 total cpu time : 18128.7 secs   av.it.:  15.6
      thresh= 8.076E-04 alpha_mix =  0.700 |ddv_scf|^2 =  2.151E-06

      iter #   4 total cpu time : 18136.9 secs   av.it.:  16.0
      thresh= 1.467E-04 alpha_mix =  0.700 |ddv_scf|^2 =  7.269E-08

      iter #   5 total cpu time : 18146.0 secs   av.it.:  18.6
      thresh= 2.696E-05 alpha_mix =  0.700 |ddv_scf|^2 =  8.715E-09

      iter #   6 total cpu time : 18154.9 secs   av.it.:  18.9
      thresh= 9.335E-06 alpha_mix =  0.700 |ddv_scf|^2 =  1.515E-09

      iter #   7 total cpu time : 18163.8 secs   av.it.:  18.0
      thresh= 3.893E-06 alpha_mix =  0.700 |ddv_scf|^2 =  1.011E-11

      iter #   8 total cpu time : 18173.6 secs   av.it.:  22.5
      thresh= 3.179E-07 alpha_mix =  0.700 |ddv_scf|^2 =  1.930E-11

      iter #   9 total cpu time : 18182.1 secs   av.it.:  18.1
      thresh= 4.393E-07 alpha_mix =  0.700 |ddv_scf|^2 =  2.807E-12

      iter #  10 total cpu time : 18191.1 secs   av.it.:  18.9
      thresh= 1.675E-07 alpha_mix =  0.700 |ddv_scf|^2 =  5.122E-13

      iter #  11 total cpu time : 18200.4 secs   av.it.:  19.5
      thresh= 7.157E-08 alpha_mix =  0.700 |ddv_scf|^2 =  2.250E-13

      iter #  12 total cpu time : 18209.7 secs   av.it.:  19.8
      thresh= 4.744E-08 alpha_mix =  0.700 |ddv_scf|^2 =  5.293E-13

      iter #  13 total cpu time : 18218.2 secs   av.it.:  16.2
      thresh= 7.275E-08 alpha_mix =  0.700 |ddv_scf|^2 =  1.878E-14

      iter #  14 total cpu time : 18227.3 secs   av.it.:  19.0
      thresh= 1.371E-08 alpha_mix =  0.700 |ddv_scf|^2 =  1.969E-15

     End of self-consistent calculation

     Convergence has been achieved 


     Representation #  20 mode #  20

     Self-consistent Calculation

      iter #   1 total cpu time : 18234.5 secs   av.it.:   7.1
      thresh= 1.000E-02 alpha_mix =  0.700 |ddv_scf|^2 =  2.659E-07

      iter #   2 total cpu time : 18244.0 secs   av.it.:  20.1
      thresh= 5.156E-05 alpha_mix =  0.700 |ddv_scf|^2 =  4.689E-06

      iter #   3 total cpu time : 18252.3 secs   av.it.:  15.0
      thresh= 2.165E-04 alpha_mix =  0.700 |ddv_scf|^2 =  4.289E-08

      iter #   4 total cpu time : 18261.4 secs   av.it.:  18.8
      thresh= 2.071E-05 alpha_mix =  0.700 |ddv_scf|^2 =  5.919E-09

      iter #   5 total cpu time : 18270.4 secs   av.it.:  18.6
      thresh= 7.694E-06 alpha_mix =  0.700 |ddv_scf|^2 =  3.641E-09

      iter #   6 total cpu time : 18278.8 secs   av.it.:  16.6
      thresh= 6.034E-06 alpha_mix =  0.700 |ddv_scf|^2 =  6.118E-10

      iter #   7 total cpu time : 18287.7 secs   av.it.:  17.6
      thresh= 2.474E-06 alpha_mix =  0.700 |ddv_scf|^2 =  7.187E-11

      iter #   8 total cpu time : 18296.4 secs   av.it.:  17.5
      thresh= 8.478E-07 alpha_mix =  0.700 |ddv_scf|^2 =  3.187E-12

      iter #   9 total cpu time : 18305.8 secs   av.it.:  20.0
      thresh= 1.785E-07 alpha_mix =  0.700 |ddv_scf|^2 =  6.230E-13

      iter #  10 total cpu time : 18314.5 secs   av.it.:  20.6
      thresh= 7.893E-08 alpha_mix =  0.700 |ddv_scf|^2 =  3.491E-13

      iter #  11 total cpu time : 18323.3 secs   av.it.:  19.5
      thresh= 5.908E-08 alpha_mix =  0.700 |ddv_scf|^2 =  5.519E-13

      iter #  12 total cpu time : 18331.7 secs   av.it.:  16.0
      thresh= 7.429E-08 alpha_mix =  0.700 |ddv_scf|^2 =  7.939E-14

      iter #  13 total cpu time : 18340.6 secs   av.it.:  17.6
      thresh= 2.818E-08 alpha_mix =  0.700 |ddv_scf|^2 =  2.504E-14

      iter #  14 total cpu time : 18349.2 secs   av.it.:  17.0
      thresh= 1.582E-08 alpha_mix =  0.700 |ddv_scf|^2 =  1.750E-15

     End of self-consistent calculation

     Convergence has been achieved 


     Representation #  21 mode #  21

     Self-consistent Calculation

      iter #   1 total cpu time : 18356.5 secs   av.it.:   7.6
      thresh= 1.000E-02 alpha_mix =  0.700 |ddv_scf|^2 =  8.513E-07

      iter #   2 total cpu time : 18366.1 secs   av.it.:  20.5
      thresh= 9.227E-05 alpha_mix =  0.700 |ddv_scf|^2 =  1.869E-05

      iter #   3 total cpu time : 18374.4 secs   av.it.:  15.0
      thresh= 4.323E-04 alpha_mix =  0.700 |ddv_scf|^2 =  3.926E-07

      iter #   4 total cpu time : 18383.4 secs   av.it.:  18.6
      thresh= 6.266E-05 alpha_mix =  0.700 |ddv_scf|^2 =  7.193E-08

      iter #   5 total cpu time : 18391.7 secs   av.it.:  16.5
      thresh= 2.682E-05 alpha_mix =  0.700 |ddv_scf|^2 =  1.751E-08

      iter #   6 total cpu time : 18399.8 secs   av.it.:  17.2
      thresh= 1.323E-05 alpha_mix =  0.700 |ddv_scf|^2 =  8.725E-10

      iter #   7 total cpu time : 18408.4 secs   av.it.:  18.4
      thresh= 2.954E-06 alpha_mix =  0.700 |ddv_scf|^2 =  1.510E-11

      iter #   8 total cpu time : 18417.9 secs   av.it.:  20.6
      thresh= 3.886E-07 alpha_mix =  0.700 |ddv_scf|^2 =  4.526E-12

      iter #   9 total cpu time : 18427.1 secs   av.it.:  19.8
      thresh= 2.127E-07 alpha_mix =  0.700 |ddv_scf|^2 =  3.295E-13

      iter #  10 total cpu time : 18436.6 secs   av.it.:  20.9
      thresh= 5.740E-08 alpha_mix =  0.700 |ddv_scf|^2 =  1.642E-12

      iter #  11 total cpu time : 18445.2 secs   av.it.:  16.0
      thresh= 1.281E-07 alpha_mix =  0.700 |ddv_scf|^2 =  2.777E-13

      iter #  12 total cpu time : 18453.9 secs   av.it.:  17.2
      thresh= 5.269E-08 alpha_mix =  0.700 |ddv_scf|^2 =  1.274E-13

      iter #  13 total cpu time : 18462.5 secs   av.it.:  17.6
      thresh= 3.569E-08 alpha_mix =  0.700 |ddv_scf|^2 =  3.838E-15

     End of self-consistent calculation

     Convergence has been achieved 


     Representation #  22 mode #  22

     Self-consistent Calculation

      iter #   1 total cpu time : 18470.0 secs   av.it.:   7.9
      thresh= 1.000E-02 alpha_mix =  0.700 |ddv_scf|^2 =  1.475E-05

      iter #   2 total cpu time : 18479.4 secs   av.it.:  20.2
      thresh= 3.840E-04 alpha_mix =  0.700 |ddv_scf|^2 =  4.132E-04

      iter #   3 total cpu time : 18487.7 secs   av.it.:  14.9
      thresh= 2.033E-03 alpha_mix =  0.700 |ddv_scf|^2 =  6.386E-07

      iter #   4 total cpu time : 18496.6 secs   av.it.:  18.1
      thresh= 7.991E-05 alpha_mix =  0.700 |ddv_scf|^2 =  1.136E-07

      iter #   5 total cpu time : 18505.3 secs   av.it.:  17.0
      thresh= 3.370E-05 alpha_mix =  0.700 |ddv_scf|^2 =  5.705E-09

      iter #   6 total cpu time : 18514.4 secs   av.it.:  18.5
      thresh= 7.553E-06 alpha_mix =  0.700 |ddv_scf|^2 =  2.451E-10

      iter #   7 total cpu time : 18523.6 secs   av.it.:  19.5
      thresh= 1.565E-06 alpha_mix =  0.700 |ddv_scf|^2 =  4.533E-11

      iter #   8 total cpu time : 18532.4 secs   av.it.:  17.6
      thresh= 6.733E-07 alpha_mix =  0.700 |ddv_scf|^2 =  5.680E-12

      iter #   9 total cpu time : 18541.2 secs   av.it.:  17.6
      thresh= 2.383E-07 alpha_mix =  0.700 |ddv_scf|^2 =  2.565E-13

      iter #  10 total cpu time : 18550.5 secs   av.it.:  19.5
      thresh= 5.065E-08 alpha_mix =  0.700 |ddv_scf|^2 =  4.516E-13

      iter #  11 total cpu time : 18558.7 secs   av.it.:  16.4
      thresh= 6.720E-08 alpha_mix =  0.700 |ddv_scf|^2 =  6.243E-14

      iter #  12 total cpu time : 18567.7 secs   av.it.:  17.8
      thresh= 2.499E-08 alpha_mix =  0.700 |ddv_scf|^2 =  3.608E-15

     End of self-consistent calculation

     Convergence has been achieved 


     Representation #  23 mode #  23

     Self-consistent Calculation

      iter #   1 total cpu time : 18574.8 secs   av.it.:   7.0
      thresh= 1.000E-02 alpha_mix =  0.700 |ddv_scf|^2 =  1.843E-07

      iter #   2 total cpu time : 18584.2 secs   av.it.:  20.2
      thresh= 4.293E-05 alpha_mix =  0.700 |ddv_scf|^2 =  6.066E-07

      iter #   3 total cpu time : 18592.8 secs   av.it.:  16.6
      thresh= 7.788E-05 alpha_mix =  0.700 |ddv_scf|^2 =  7.293E-08

      iter #   4 total cpu time : 18601.6 secs   av.it.:  17.4
      thresh= 2.701E-05 alpha_mix =  0.700 |ddv_scf|^2 =  1.465E-09

      iter #   5 total cpu time : 18610.9 secs   av.it.:  19.5
      thresh= 3.827E-06 alpha_mix =  0.700 |ddv_scf|^2 =  1.497E-09

      iter #   6 total cpu time : 18619.4 secs   av.it.:  16.6
      thresh= 3.869E-06 alpha_mix =  0.700 |ddv_scf|^2 =  6.021E-10

      iter #   7 total cpu time : 18628.1 secs   av.it.:  16.6
      thresh= 2.454E-06 alpha_mix =  0.700 |ddv_scf|^2 =  2.260E-11

      iter #   8 total cpu time : 18637.2 secs   av.it.:  19.2
      thresh= 4.754E-07 alpha_mix =  0.700 |ddv_scf|^2 =  1.122E-11

      iter #   9 total cpu time : 18646.2 secs   av.it.:  17.6
      thresh= 3.350E-07 alpha_mix =  0.700 |ddv_scf|^2 =  1.913E-13

      iter #  10 total cpu time : 18655.6 secs   av.it.:  20.9
      thresh= 4.374E-08 alpha_mix =  0.700 |ddv_scf|^2 =  7.744E-14

      iter #  11 total cpu time : 18664.9 secs   av.it.:  19.5
      thresh= 2.783E-08 alpha_mix =  0.700 |ddv_scf|^2 =  5.077E-15

     End of self-consistent calculation

     Convergence has been achieved 


     Representation #  24 mode #  24

     Self-consistent Calculation

      iter #   1 total cpu time : 18672.2 secs   av.it.:   7.4
      thresh= 1.000E-02 alpha_mix =  0.700 |ddv_scf|^2 =  3.355E-07

      iter #   2 total cpu time : 18681.8 secs   av.it.:  21.2
      thresh= 5.793E-05 alpha_mix =  0.700 |ddv_scf|^2 =  3.779E-07

      iter #   3 total cpu time : 18691.2 secs   av.it.:  19.8
      thresh= 6.148E-05 alpha_mix =  0.700 |ddv_scf|^2 =  9.186E-07

      iter #   4 total cpu time : 18699.5 secs   av.it.:  15.1
      thresh= 9.584E-05 alpha_mix =  0.700 |ddv_scf|^2 =  2.500E-09

      iter #   5 total cpu time : 18709.1 secs   av.it.:  21.2
      thresh= 5.000E-06 alpha_mix =  0.700 |ddv_scf|^2 =  2.212E-09

      iter #   6 total cpu time : 18718.0 secs   av.it.:  17.8
      thresh= 4.703E-06 alpha_mix =  0.700 |ddv_scf|^2 =  5.331E-10

      iter #   7 total cpu time : 18726.9 secs   av.it.:  17.6
      thresh= 2.309E-06 alpha_mix =  0.700 |ddv_scf|^2 =  6.202E-11

      iter #   8 total cpu time : 18736.0 secs   av.it.:  18.9
      thresh= 7.875E-07 alpha_mix =  0.700 |ddv_scf|^2 =  1.265E-11

      iter #   9 total cpu time : 18745.1 secs   av.it.:  18.8
      thresh= 3.556E-07 alpha_mix =  0.700 |ddv_scf|^2 =  4.568E-13

      iter #  10 total cpu time : 18754.8 secs   av.it.:  21.9
      thresh= 6.759E-08 alpha_mix =  0.700 |ddv_scf|^2 =  4.579E-13

      iter #  11 total cpu time : 18764.1 secs   av.it.:  19.6
      thresh= 6.767E-08 alpha_mix =  0.700 |ddv_scf|^2 =  9.599E-14

      iter #  12 total cpu time : 18772.7 secs   av.it.:  18.5
      thresh= 3.098E-08 alpha_mix =  0.700 |ddv_scf|^2 =  1.055E-13

      iter #  13 total cpu time : 18781.4 secs   av.it.:  16.5
      thresh= 3.247E-08 alpha_mix =  0.700 |ddv_scf|^2 =  3.613E-14

      iter #  14 total cpu time : 18790.1 secs   av.it.:  17.2
      thresh= 1.901E-08 alpha_mix =  0.700 |ddv_scf|^2 =  5.089E-15

     End of self-consistent calculation

     Convergence has been achieved 


     Representation #  25 mode #  25

     Self-consistent Calculation

      iter #   1 total cpu time : 18797.5 secs   av.it.:   8.0
      thresh= 1.000E-02 alpha_mix =  0.700 |ddv_scf|^2 =  9.856E-06

      iter #   2 total cpu time : 18807.0 secs   av.it.:  20.2
      thresh= 3.139E-04 alpha_mix =  0.700 |ddv_scf|^2 =  1.948E-04

      iter #   3 total cpu time : 18815.5 secs   av.it.:  15.5
      thresh= 1.396E-03 alpha_mix =  0.700 |ddv_scf|^2 =  6.111E-06

      iter #   4 total cpu time : 18823.9 secs   av.it.:  15.4
      thresh= 2.472E-04 alpha_mix =  0.700 |ddv_scf|^2 =  4.258E-08

      iter #   5 total cpu time : 18832.9 secs   av.it.:  19.9
      thresh= 2.063E-05 alpha_mix =  0.700 |ddv_scf|^2 =  4.434E-09

      iter #   6 total cpu time : 18842.2 secs   av.it.:  20.0
      thresh= 6.659E-06 alpha_mix =  0.700 |ddv_scf|^2 =  1.001E-09

      iter #   7 total cpu time : 18851.3 secs   av.it.:  18.8
      thresh= 3.164E-06 alpha_mix =  0.700 |ddv_scf|^2 =  7.160E-11

      iter #   8 total cpu time : 18860.5 secs   av.it.:  19.1
      thresh= 8.462E-07 alpha_mix =  0.700 |ddv_scf|^2 =  1.187E-11

      iter #   9 total cpu time : 18869.5 secs   av.it.:  18.8
      thresh= 3.445E-07 alpha_mix =  0.700 |ddv_scf|^2 =  1.144E-12

      iter #  10 total cpu time : 18878.1 secs   av.it.:  18.1
      thresh= 1.070E-07 alpha_mix =  0.700 |ddv_scf|^2 =  7.509E-13

      iter #  11 total cpu time : 18887.0 secs   av.it.:  17.5
      thresh= 8.665E-08 alpha_mix =  0.700 |ddv_scf|^2 =  5.304E-14

      iter #  12 total cpu time : 18896.5 secs   av.it.:  20.5
      thresh= 2.303E-08 alpha_mix =  0.700 |ddv_scf|^2 =  3.258E-14

      iter #  13 total cpu time : 18905.3 secs   av.it.:  19.5
      thresh= 1.805E-08 alpha_mix =  0.700 |ddv_scf|^2 =  1.745E-14

      iter #  14 total cpu time : 18913.9 secs   av.it.:  16.4
      thresh= 1.321E-08 alpha_mix =  0.700 |ddv_scf|^2 =  2.226E-15

     End of self-consistent calculation

     Convergence has been achieved 


     Representation #  26 mode #  26

     Self-consistent Calculation

      iter #   1 total cpu time : 18921.1 secs   av.it.:   6.8
      thresh= 1.000E-02 alpha_mix =  0.700 |ddv_scf|^2 =  9.721E-08

      iter #   2 total cpu time : 18930.4 secs   av.it.:  19.9
      thresh= 3.118E-05 alpha_mix =  0.700 |ddv_scf|^2 =  4.843E-08

      iter #   3 total cpu time : 18939.7 secs   av.it.:  19.9
      thresh= 2.201E-05 alpha_mix =  0.700 |ddv_scf|^2 =  1.857E-07

      iter #   4 total cpu time : 18948.2 secs   av.it.:  15.8
      thresh= 4.309E-05 alpha_mix =  0.700 |ddv_scf|^2 =  2.429E-08

      iter #   5 total cpu time : 18956.9 secs   av.it.:  16.2
      thresh= 1.558E-05 alpha_mix =  0.700 |ddv_scf|^2 =  4.791E-10

      iter #   6 total cpu time : 18965.6 secs   av.it.:  19.5
      thresh= 2.189E-06 alpha_mix =  0.700 |ddv_scf|^2 =  4.334E-11

      iter #   7 total cpu time : 18974.9 secs   av.it.:  19.9
      thresh= 6.583E-07 alpha_mix =  0.700 |ddv_scf|^2 =  4.462E-12

      iter #   8 total cpu time : 18984.3 secs   av.it.:  20.0
      thresh= 2.112E-07 alpha_mix =  0.700 |ddv_scf|^2 =  2.535E-12

      iter #   9 total cpu time : 18993.4 secs   av.it.:  18.4
      thresh= 1.592E-07 alpha_mix =  0.700 |ddv_scf|^2 =  1.746E-12

      iter #  10 total cpu time : 19002.0 secs   av.it.:  16.8
      thresh= 1.321E-07 alpha_mix =  0.700 |ddv_scf|^2 =  2.171E-13

      iter #  11 total cpu time : 19011.2 secs   av.it.:  19.5
      thresh= 4.659E-08 alpha_mix =  0.700 |ddv_scf|^2 =  1.923E-13

      iter #  12 total cpu time : 19020.1 secs   av.it.:  17.2
      thresh= 4.385E-08 alpha_mix =  0.700 |ddv_scf|^2 =  1.233E-14

      iter #  13 total cpu time : 19029.3 secs   av.it.:  19.4
      thresh= 1.111E-08 alpha_mix =  0.700 |ddv_scf|^2 =  2.795E-15

     End of self-consistent calculation

     Convergence has been achieved 


     Representation #  27 mode #  27

     Self-consistent Calculation

      iter #   1 total cpu time : 19036.7 secs   av.it.:   7.5
      thresh= 1.000E-02 alpha_mix =  0.700 |ddv_scf|^2 =  5.978E-07

      iter #   2 total cpu time : 19046.3 secs   av.it.:  21.4
      thresh= 7.732E-05 alpha_mix =  0.700 |ddv_scf|^2 =  1.048E-05

      iter #   3 total cpu time : 19054.1 secs   av.it.:  15.5
      thresh= 3.237E-04 alpha_mix =  0.700 |ddv_scf|^2 =  3.568E-07

      iter #   4 total cpu time : 19063.1 secs   av.it.:  18.8
      thresh= 5.973E-05 alpha_mix =  0.700 |ddv_scf|^2 =  5.060E-08

      iter #   5 total cpu time : 19071.9 secs   av.it.:  17.6
      thresh= 2.250E-05 alpha_mix =  0.700 |ddv_scf|^2 =  2.494E-09

      iter #   6 total cpu time : 19081.0 secs   av.it.:  18.5
      thresh= 4.994E-06 alpha_mix =  0.700 |ddv_scf|^2 =  1.998E-09

      iter #   7 total cpu time : 19089.7 secs   av.it.:  16.6
      thresh= 4.469E-06 alpha_mix =  0.700 |ddv_scf|^2 =  4.765E-11

      iter #   8 total cpu time : 19098.3 secs   av.it.:  19.1
      thresh= 6.903E-07 alpha_mix =  0.700 |ddv_scf|^2 =  4.048E-12

      iter #   9 total cpu time : 19107.5 secs   av.it.:  19.8
      thresh= 2.012E-07 alpha_mix =  0.700 |ddv_scf|^2 =  8.939E-13

      iter #  10 total cpu time : 19116.8 secs   av.it.:  20.1
      thresh= 9.455E-08 alpha_mix =  0.700 |ddv_scf|^2 =  1.014E-12

      iter #  11 total cpu time : 19125.5 secs   av.it.:  16.8
      thresh= 1.007E-07 alpha_mix =  0.700 |ddv_scf|^2 =  2.165E-14

      iter #  12 total cpu time : 19134.8 secs   av.it.:  20.5
      thresh= 1.472E-08 alpha_mix =  0.700 |ddv_scf|^2 =  5.282E-14

      iter #  13 total cpu time : 19143.3 secs   av.it.:  16.1
      thresh= 2.298E-08 alpha_mix =  0.700 |ddv_scf|^2 =  3.244E-15

     End of self-consistent calculation

     Convergence has been achieved 


     Representation #  28 mode #  28

     Self-consistent Calculation

      iter #   1 total cpu time : 19150.4 secs   av.it.:   8.1
      thresh= 1.000E-02 alpha_mix =  0.700 |ddv_scf|^2 =  6.875E-06

      iter #   2 total cpu time : 19159.8 secs   av.it.:  20.0
      thresh= 2.622E-04 alpha_mix =  0.700 |ddv_scf|^2 =  7.969E-05

      iter #   3 total cpu time : 19167.8 secs   av.it.:  15.8
      thresh= 8.927E-04 alpha_mix =  0.700 |ddv_scf|^2 =  5.589E-06

      iter #   4 total cpu time : 19176.1 secs   av.it.:  15.5
      thresh= 2.364E-04 alpha_mix =  0.700 |ddv_scf|^2 =  2.810E-08

      iter #   5 total cpu time : 19185.6 secs   av.it.:  20.5
      thresh= 1.676E-05 alpha_mix =  0.700 |ddv_scf|^2 =  4.970E-09

      iter #   6 total cpu time : 19194.6 secs   av.it.:  18.6
      thresh= 7.050E-06 alpha_mix =  0.700 |ddv_scf|^2 =  1.229E-09

      iter #   7 total cpu time : 19203.6 secs   av.it.:  18.5
      thresh= 3.506E-06 alpha_mix =  0.700 |ddv_scf|^2 =  3.236E-11

      iter #   8 total cpu time : 19212.8 secs   av.it.:  19.4
      thresh= 5.688E-07 alpha_mix =  0.700 |ddv_scf|^2 =  5.057E-12

      iter #   9 total cpu time : 19222.0 secs   av.it.:  19.1
      thresh= 2.249E-07 alpha_mix =  0.700 |ddv_scf|^2 =  5.290E-13

      iter #  10 total cpu time : 19231.4 secs   av.it.:  19.9
      thresh= 7.273E-08 alpha_mix =  0.700 |ddv_scf|^2 =  5.677E-13

      iter #  11 total cpu time : 19240.1 secs   av.it.:  17.9
      thresh= 7.535E-08 alpha_mix =  0.700 |ddv_scf|^2 =  1.745E-13

      iter #  12 total cpu time : 19249.1 secs   av.it.:  18.2
      thresh= 4.177E-08 alpha_mix =  0.700 |ddv_scf|^2 =  6.770E-14

      iter #  13 total cpu time : 19258.0 secs   av.it.:  18.1
      thresh= 2.602E-08 alpha_mix =  0.700 |ddv_scf|^2 =  4.203E-14

      iter #  14 total cpu time : 19266.5 secs   av.it.:  15.8
      thresh= 2.050E-08 alpha_mix =  0.700 |ddv_scf|^2 =  6.273E-16

     End of self-consistent calculation

     Convergence has been achieved 


     Representation #  29 mode #  29

     Self-consistent Calculation

      iter #   1 total cpu time : 19273.6 secs   av.it.:   6.2
      thresh= 1.000E-02 alpha_mix =  0.700 |ddv_scf|^2 =  9.543E-08

      iter #   2 total cpu time : 19282.9 secs   av.it.:  19.8
      thresh= 3.089E-05 alpha_mix =  0.700 |ddv_scf|^2 =  1.933E-07

      iter #   3 total cpu time : 19291.8 secs   av.it.:  17.8
      thresh= 4.396E-05 alpha_mix =  0.700 |ddv_scf|^2 =  1.522E-07

      iter #   4 total cpu time : 19300.5 secs   av.it.:  16.6
      thresh= 3.902E-05 alpha_mix =  0.700 |ddv_scf|^2 =  7.178E-08

      iter #   5 total cpu time : 19308.8 secs   av.it.:  14.9
      thresh= 2.679E-05 alpha_mix =  0.700 |ddv_scf|^2 =  1.207E-09

      iter #   6 total cpu time : 19318.1 secs   av.it.:  19.4
      thresh= 3.474E-06 alpha_mix =  0.700 |ddv_scf|^2 =  3.581E-10

      iter #   7 total cpu time : 19327.1 secs   av.it.:  18.0
      thresh= 1.892E-06 alpha_mix =  0.700 |ddv_scf|^2 =  4.642E-12

      iter #   8 total cpu time : 19336.3 secs   av.it.:  19.0
      thresh= 2.155E-07 alpha_mix =  0.700 |ddv_scf|^2 =  6.036E-13

      iter #   9 total cpu time : 19345.5 secs   av.it.:  19.9
      thresh= 7.769E-08 alpha_mix =  0.700 |ddv_scf|^2 =  2.566E-13

      iter #  10 total cpu time : 19354.7 secs   av.it.:  19.5
      thresh= 5.066E-08 alpha_mix =  0.700 |ddv_scf|^2 =  1.457E-13

      iter #  11 total cpu time : 19363.8 secs   av.it.:  18.8
      thresh= 3.817E-08 alpha_mix =  0.700 |ddv_scf|^2 =  8.911E-14

      iter #  12 total cpu time : 19372.6 secs   av.it.:  17.6
      thresh= 2.985E-08 alpha_mix =  0.700 |ddv_scf|^2 =  3.713E-14

      iter #  13 total cpu time : 19381.5 secs   av.it.:  17.8
      thresh= 1.927E-08 alpha_mix =  0.700 |ddv_scf|^2 =  3.726E-14

      iter #  14 total cpu time : 19390.0 secs   av.it.:  15.6
      thresh= 1.930E-08 alpha_mix =  0.700 |ddv_scf|^2 =  1.264E-16

     End of self-consistent calculation

     Convergence has been achieved 


     Representation #  30 mode #  30

     Self-consistent Calculation

      iter #   1 total cpu time : 19397.3 secs   av.it.:   7.1
      thresh= 1.000E-02 alpha_mix =  0.700 |ddv_scf|^2 =  5.371E-07

      iter #   2 total cpu time : 19406.4 secs   av.it.:  20.6
      thresh= 7.329E-05 alpha_mix =  0.700 |ddv_scf|^2 =  7.765E-06

      iter #   3 total cpu time : 19414.9 secs   av.it.:  15.2
      thresh= 2.787E-04 alpha_mix =  0.700 |ddv_scf|^2 =  5.214E-07

      iter #   4 total cpu time : 19423.4 secs   av.it.:  17.4
      thresh= 7.221E-05 alpha_mix =  0.700 |ddv_scf|^2 =  3.839E-08

      iter #   5 total cpu time : 19432.2 secs   av.it.:  16.9
      thresh= 1.959E-05 alpha_mix =  0.700 |ddv_scf|^2 =  6.208E-09

      iter #   6 total cpu time : 19440.3 secs   av.it.:  16.8
      thresh= 7.879E-06 alpha_mix =  0.700 |ddv_scf|^2 =  2.256E-09

      iter #   7 total cpu time : 19448.5 secs   av.it.:  17.2
      thresh= 4.750E-06 alpha_mix =  0.700 |ddv_scf|^2 =  6.885E-11

      iter #   8 total cpu time : 19457.5 secs   av.it.:  18.8
      thresh= 8.298E-07 alpha_mix =  0.700 |ddv_scf|^2 =  2.587E-12

      iter #   9 total cpu time : 19466.8 secs   av.it.:  19.9
      thresh= 1.608E-07 alpha_mix =  0.700 |ddv_scf|^2 =  2.478E-13

      iter #  10 total cpu time : 19476.5 secs   av.it.:  21.5
      thresh= 4.978E-08 alpha_mix =  0.700 |ddv_scf|^2 =  5.756E-13

      iter #  11 total cpu time : 19485.2 secs   av.it.:  17.6
      thresh= 7.587E-08 alpha_mix =  0.700 |ddv_scf|^2 =  5.913E-15

     End of self-consistent calculation

     Convergence has been achieved 


     Representation #  31 mode #  31

     Self-consistent Calculation

      iter #   1 total cpu time : 19492.6 secs   av.it.:   7.9
      thresh= 1.000E-02 alpha_mix =  0.700 |ddv_scf|^2 =  1.225E-05

      iter #   2 total cpu time : 19502.2 secs   av.it.:  20.2
      thresh= 3.500E-04 alpha_mix =  0.700 |ddv_scf|^2 =  3.271E-04

      iter #   3 total cpu time : 19510.5 secs   av.it.:  15.0
      thresh= 1.809E-03 alpha_mix =  0.700 |ddv_scf|^2 =  6.354E-07

      iter #   4 total cpu time : 19519.5 secs   av.it.:  18.6
      thresh= 7.971E-05 alpha_mix =  0.700 |ddv_scf|^2 =  1.153E-07

      iter #   5 total cpu time : 19528.3 secs   av.it.:  17.0
      thresh= 3.396E-05 alpha_mix =  0.700 |ddv_scf|^2 =  1.922E-08

      iter #   6 total cpu time : 19537.1 secs   av.it.:  17.8
      thresh= 1.386E-05 alpha_mix =  0.700 |ddv_scf|^2 =  1.217E-09

      iter #   7 total cpu time : 19546.1 secs   av.it.:  18.4
      thresh= 3.488E-06 alpha_mix =  0.700 |ddv_scf|^2 =  1.480E-11

      iter #   8 total cpu time : 19555.3 secs   av.it.:  19.1
      thresh= 3.847E-07 alpha_mix =  0.700 |ddv_scf|^2 =  3.455E-12

      iter #   9 total cpu time : 19563.8 secs   av.it.:  18.4
      thresh= 1.859E-07 alpha_mix =  0.700 |ddv_scf|^2 =  1.025E-12

      iter #  10 total cpu time : 19572.3 secs   av.it.:  18.0
      thresh= 1.012E-07 alpha_mix =  0.700 |ddv_scf|^2 =  3.754E-13

      iter #  11 total cpu time : 19581.1 secs   av.it.:  17.9
      thresh= 6.127E-08 alpha_mix =  0.700 |ddv_scf|^2 =  1.176E-13

      iter #  12 total cpu time : 19590.0 secs   av.it.:  17.8
      thresh= 3.429E-08 alpha_mix =  0.700 |ddv_scf|^2 =  1.461E-15

     End of self-consistent calculation

     Convergence has been achieved 


     Representation #  32 mode #  32

     Self-consistent Calculation

      iter #   1 total cpu time : 19597.2 secs   av.it.:   7.0
      thresh= 1.000E-02 alpha_mix =  0.700 |ddv_scf|^2 =  1.395E-07

      iter #   2 total cpu time : 19606.3 secs   av.it.:  20.9
      thresh= 3.735E-05 alpha_mix =  0.700 |ddv_scf|^2 =  6.397E-07

      iter #   3 total cpu time : 19614.6 secs   av.it.:  17.0
      thresh= 7.998E-05 alpha_mix =  0.700 |ddv_scf|^2 =  2.031E-07

      iter #   4 total cpu time : 19623.3 secs   av.it.:  16.9
      thresh= 4.507E-05 alpha_mix =  0.700 |ddv_scf|^2 =  1.131E-07

      iter #   5 total cpu time : 19631.8 secs   av.it.:  15.9
      thresh= 3.363E-05 alpha_mix =  0.700 |ddv_scf|^2 =  7.641E-10

      iter #   6 total cpu time : 19641.1 secs   av.it.:  19.4
      thresh= 2.764E-06 alpha_mix =  0.700 |ddv_scf|^2 =  1.898E-10

      iter #   7 total cpu time : 19650.1 secs   av.it.:  18.5
      thresh= 1.378E-06 alpha_mix =  0.700 |ddv_scf|^2 =  3.800E-11

      iter #   8 total cpu time : 19659.1 secs   av.it.:  18.2
      thresh= 6.164E-07 alpha_mix =  0.700 |ddv_scf|^2 =  6.107E-12

      iter #   9 total cpu time : 19668.1 secs   av.it.:  18.9
      thresh= 2.471E-07 alpha_mix =  0.700 |ddv_scf|^2 =  4.572E-13

      iter #  10 total cpu time : 19677.4 secs   av.it.:  19.6
      thresh= 6.762E-08 alpha_mix =  0.700 |ddv_scf|^2 =  8.215E-13

      iter #  11 total cpu time : 19686.1 secs   av.it.:  17.0
      thresh= 9.063E-08 alpha_mix =  0.700 |ddv_scf|^2 =  9.467E-15

     End of self-consistent calculation

     Convergence has been achieved 


     Representation #  33 mode #  33

     Self-consistent Calculation

      iter #   1 total cpu time : 19693.4 secs   av.it.:   7.2
      thresh= 1.000E-02 alpha_mix =  0.700 |ddv_scf|^2 =  4.104E-07

      iter #   2 total cpu time : 19703.0 secs   av.it.:  21.4
      thresh= 6.406E-05 alpha_mix =  0.700 |ddv_scf|^2 =  1.809E-06

      iter #   3 total cpu time : 19711.8 secs   av.it.:  17.6
      thresh= 1.345E-04 alpha_mix =  0.700 |ddv_scf|^2 =  1.494E-06

      iter #   4 total cpu time : 19720.4 secs   av.it.:  16.4
      thresh= 1.222E-04 alpha_mix =  0.700 |ddv_scf|^2 =  1.238E-08

      iter #   5 total cpu time : 19729.5 secs   av.it.:  19.2
      thresh= 1.113E-05 alpha_mix =  0.700 |ddv_scf|^2 =  5.167E-09

      iter #   6 total cpu time : 19738.2 secs   av.it.:  16.8
      thresh= 7.188E-06 alpha_mix =  0.700 |ddv_scf|^2 =  9.575E-10

      iter #   7 total cpu time : 19747.2 secs   av.it.:  17.8
      thresh= 3.094E-06 alpha_mix =  0.700 |ddv_scf|^2 =  3.754E-11

      iter #   8 total cpu time : 19756.5 secs   av.it.:  19.9
      thresh= 6.127E-07 alpha_mix =  0.700 |ddv_scf|^2 =  3.618E-12

      iter #   9 total cpu time : 19765.8 secs   av.it.:  19.9
      thresh= 1.902E-07 alpha_mix =  0.700 |ddv_scf|^2 =  8.044E-13

      iter #  10 total cpu time : 19775.0 secs   av.it.:  19.5
      thresh= 8.969E-08 alpha_mix =  0.700 |ddv_scf|^2 =  1.260E-12

      iter #  11 total cpu time : 19783.6 secs   av.it.:  16.8
      thresh= 1.122E-07 alpha_mix =  0.700 |ddv_scf|^2 =  7.186E-14

      iter #  12 total cpu time : 19792.7 secs   av.it.:  19.1
      thresh= 2.681E-08 alpha_mix =  0.700 |ddv_scf|^2 =  2.587E-14

      iter #  13 total cpu time : 19801.9 secs   av.it.:  19.6
      thresh= 1.608E-08 alpha_mix =  0.700 |ddv_scf|^2 =  4.066E-14

      iter #  14 total cpu time : 19810.5 secs   av.it.:  16.4
      thresh= 2.016E-08 alpha_mix =  0.700 |ddv_scf|^2 =  1.292E-15

     End of self-consistent calculation

     Convergence has been achieved 


     Representation #  34 mode #  34

     Self-consistent Calculation

      iter #   1 total cpu time : 19818.0 secs   av.it.:   8.0
      thresh= 1.000E-02 alpha_mix =  0.700 |ddv_scf|^2 =  1.087E-05

      iter #   2 total cpu time : 19827.5 secs   av.it.:  20.1
      thresh= 3.297E-04 alpha_mix =  0.700 |ddv_scf|^2 =  2.555E-04

      iter #   3 total cpu time : 19835.5 secs   av.it.:  15.0
      thresh= 1.598E-03 alpha_mix =  0.700 |ddv_scf|^2 =  2.621E-06

      iter #   4 total cpu time : 19844.0 secs   av.it.:  16.8
      thresh= 1.619E-04 alpha_mix =  0.700 |ddv_scf|^2 =  1.219E-07

      iter #   5 total cpu time : 19852.9 secs   av.it.:  18.2
      thresh= 3.492E-05 alpha_mix =  0.700 |ddv_scf|^2 =  2.744E-08

      iter #   6 total cpu time : 19861.8 secs   av.it.:  17.8
      thresh= 1.656E-05 alpha_mix =  0.700 |ddv_scf|^2 =  1.419E-09

      iter #   7 total cpu time : 19870.8 secs   av.it.:  18.8
      thresh= 3.768E-06 alpha_mix =  0.700 |ddv_scf|^2 =  6.189E-12

      iter #   8 total cpu time : 19880.4 secs   av.it.:  21.0
      thresh= 2.488E-07 alpha_mix =  0.700 |ddv_scf|^2 =  1.525E-12

      iter #   9 total cpu time : 19889.9 secs   av.it.:  20.8
      thresh= 1.235E-07 alpha_mix =  0.700 |ddv_scf|^2 =  3.857E-13

      iter #  10 total cpu time : 19899.4 secs   av.it.:  20.4
      thresh= 6.211E-08 alpha_mix =  0.700 |ddv_scf|^2 =  1.532E-12

      iter #  11 total cpu time : 19907.9 secs   av.it.:  15.8
      thresh= 1.238E-07 alpha_mix =  0.700 |ddv_scf|^2 =  7.569E-14

      iter #  12 total cpu time : 19917.1 secs   av.it.:  19.0
      thresh= 2.751E-08 alpha_mix =  0.700 |ddv_scf|^2 =  3.093E-13

      iter #  13 total cpu time : 19925.2 secs   av.it.:  15.8
      thresh= 5.562E-08 alpha_mix =  0.700 |ddv_scf|^2 =  3.159E-15

     End of self-consistent calculation

     Convergence has been achieved 


     Representation #  35 mode #  35

     Self-consistent Calculation

      iter #   1 total cpu time : 19932.3 secs   av.it.:   6.8
      thresh= 1.000E-02 alpha_mix =  0.700 |ddv_scf|^2 =  1.015E-07

      iter #   2 total cpu time : 19941.8 secs   av.it.:  20.6
      thresh= 3.186E-05 alpha_mix =  0.700 |ddv_scf|^2 =  4.306E-07

      iter #   3 total cpu time : 19949.8 secs   av.it.:  16.5
      thresh= 6.562E-05 alpha_mix =  0.700 |ddv_scf|^2 =  1.922E-07

      iter #   4 total cpu time : 19958.0 secs   av.it.:  16.8
      thresh= 4.384E-05 alpha_mix =  0.700 |ddv_scf|^2 =  3.841E-08

      iter #   5 total cpu time : 19966.5 secs   av.it.:  15.8
      thresh= 1.960E-05 alpha_mix =  0.700 |ddv_scf|^2 =  6.340E-10

      iter #   6 total cpu time : 19975.9 secs   av.it.:  20.2
      thresh= 2.518E-06 alpha_mix =  0.700 |ddv_scf|^2 =  5.463E-10

      iter #   7 total cpu time : 19984.7 secs   av.it.:  17.8
      thresh= 2.337E-06 alpha_mix =  0.700 |ddv_scf|^2 =  9.157E-12

      iter #   8 total cpu time : 19993.5 secs   av.it.:  19.2
      thresh= 3.026E-07 alpha_mix =  0.700 |ddv_scf|^2 =  1.238E-12

      iter #   9 total cpu time : 20002.7 secs   av.it.:  19.2
      thresh= 1.113E-07 alpha_mix =  0.700 |ddv_scf|^2 =  1.028E-13

      iter #  10 total cpu time : 20012.2 secs   av.it.:  21.2
      thresh= 3.206E-08 alpha_mix =  0.700 |ddv_scf|^2 =  3.137E-14

      iter #  11 total cpu time : 20021.5 secs   av.it.:  20.0
      thresh= 1.771E-08 alpha_mix =  0.700 |ddv_scf|^2 =  6.316E-14

      iter #  12 total cpu time : 20030.1 secs   av.it.:  16.6
      thresh= 2.513E-08 alpha_mix =  0.700 |ddv_scf|^2 =  1.208E-14

      iter #  13 total cpu time : 20039.3 secs   av.it.:  18.2
      thresh= 1.099E-08 alpha_mix =  0.700 |ddv_scf|^2 =  1.557E-14

      iter #  14 total cpu time : 20047.8 secs   av.it.:  15.6
      thresh= 1.248E-08 alpha_mix =  0.700 |ddv_scf|^2 =  5.457E-17

     End of self-consistent calculation

     Convergence has been achieved 


     Representation #  36 mode #  36

     Self-consistent Calculation

      iter #   1 total cpu time : 20055.0 secs   av.it.:   7.1
      thresh= 1.000E-02 alpha_mix =  0.700 |ddv_scf|^2 =  3.792E-07

      iter #   2 total cpu time : 20064.5 secs   av.it.:  21.0
      thresh= 6.158E-05 alpha_mix =  0.700 |ddv_scf|^2 =  9.944E-07

      iter #   3 total cpu time : 20073.2 secs   av.it.:  18.2
      thresh= 9.972E-05 alpha_mix =  0.700 |ddv_scf|^2 =  1.173E-06

      iter #   4 total cpu time : 20081.2 secs   av.it.:  15.6
      thresh= 1.083E-04 alpha_mix =  0.700 |ddv_scf|^2 =  5.444E-08

      iter #   5 total cpu time : 20090.0 secs   av.it.:  16.8
      thresh= 2.333E-05 alpha_mix =  0.700 |ddv_scf|^2 =  8.354E-09

      iter #   6 total cpu time : 20098.4 secs   av.it.:  17.8
      thresh= 9.140E-06 alpha_mix =  0.700 |ddv_scf|^2 =  1.476E-09

      iter #   7 total cpu time : 20106.9 secs   av.it.:  17.8
      thresh= 3.842E-06 alpha_mix =  0.700 |ddv_scf|^2 =  1.803E-11

      iter #   8 total cpu time : 20115.8 secs   av.it.:  20.0
      thresh= 4.246E-07 alpha_mix =  0.700 |ddv_scf|^2 =  3.573E-12

      iter #   9 total cpu time : 20125.0 secs   av.it.:  19.6
      thresh= 1.890E-07 alpha_mix =  0.700 |ddv_scf|^2 =  8.225E-13

      iter #  10 total cpu time : 20134.5 secs   av.it.:  20.5
      thresh= 9.069E-08 alpha_mix =  0.700 |ddv_scf|^2 =  6.990E-13

      iter #  11 total cpu time : 20143.6 secs   av.it.:  18.8
      thresh= 8.361E-08 alpha_mix =  0.700 |ddv_scf|^2 =  3.117E-13

      iter #  12 total cpu time : 20152.7 secs   av.it.:  18.1
      thresh= 5.583E-08 alpha_mix =  0.700 |ddv_scf|^2 =  2.711E-13

      iter #  13 total cpu time : 20161.4 secs   av.it.:  16.5
      thresh= 5.207E-08 alpha_mix =  0.700 |ddv_scf|^2 =  1.180E-14

      iter #  14 total cpu time : 20170.6 secs   av.it.:  19.9
      thresh= 1.086E-08 alpha_mix =  0.700 |ddv_scf|^2 =  1.867E-15

     End of self-consistent calculation

     Convergence has been achieved 

     Number of q in the star =    1
     List of q in the star:
          1  -0.638404539  -0.000358837  -0.002280611

     Diagonalizing the dynamical matrix

     q = (   -0.638404539  -0.000358837  -0.002280611 ) 

 **************************************************************************
     freq (    1) =     -18.480806 [THz] =    -616.453339 [cm-1]
     freq (    2) =       8.635629 [THz] =     288.053564 [cm-1]
     freq (    3) =      24.951915 [THz] =     832.306307 [cm-1]
     freq (    4) =      29.648118 [THz] =     988.954770 [cm-1]
     freq (    5) =      32.973025 [THz] =    1099.861724 [cm-1]
     freq (    6) =      35.042153 [THz] =    1168.880394 [cm-1]
     freq (    7) =      40.897139 [THz] =    1364.181716 [cm-1]
     freq (    8) =      44.547976 [THz] =    1485.960545 [cm-1]
     freq (    9) =      46.121313 [THz] =    1538.441388 [cm-1]
     freq (   10) =      47.709208 [THz] =    1591.407894 [cm-1]
     freq (   11) =      51.252648 [THz] =    1709.604316 [cm-1]
     freq (   12) =      53.042163 [THz] =    1769.296104 [cm-1]
     freq (   13) =      54.452491 [THz] =    1816.339581 [cm-1]
     freq (   14) =      55.610923 [THz] =    1854.980729 [cm-1]
     freq (   15) =      60.882801 [THz] =    2030.831657 [cm-1]
     freq (   16) =      62.460850 [THz] =    2083.469705 [cm-1]
     freq (   17) =      64.120996 [THz] =    2138.846202 [cm-1]
     freq (   18) =      65.483637 [THz] =    2184.299001 [cm-1]
     freq (   19) =      68.962453 [THz] =    2300.339810 [cm-1]
     freq (   20) =      70.355015 [THz] =    2346.790706 [cm-1]
     freq (   21) =      72.574857 [THz] =    2420.836659 [cm-1]
     freq (   22) =      74.208324 [THz] =    2475.323254 [cm-1]
     freq (   23) =      75.887018 [THz] =    2531.318454 [cm-1]
     freq (   24) =      78.724401 [THz] =    2625.963357 [cm-1]
     freq (   25) =      96.197913 [THz] =    3208.816997 [cm-1]
     freq (   26) =     100.462142 [THz] =    3351.056364 [cm-1]
     freq (   27) =     105.390035 [THz] =    3515.433163 [cm-1]
     freq (   28) =     112.091720 [THz] =    3738.977313 [cm-1]
     freq (   29) =     117.620125 [THz] =    3923.385074 [cm-1]
     freq (   30) =     124.948138 [THz] =    4167.821251 [cm-1]
     freq (   31) =     131.569077 [THz] =    4388.672017 [cm-1]
     freq (   32) =     133.500908 [THz] =    4453.110951 [cm-1]
     freq (   33) =     141.748412 [THz] =    4728.218073 [cm-1]
     freq (   34) =     144.532021 [THz] =    4821.069268 [cm-1]
     freq (   35) =     160.396328 [THz] =    5350.245615 [cm-1]
     freq (   36) =     171.012310 [THz] =    5704.356652 [cm-1]
 **************************************************************************

     Mode symmetry, C_1 (1)     point group:

     freq (   1-   1) =       -616.5  [cm-1]   --> A                  
     freq (   2-   2) =        288.1  [cm-1]   --> A                  
     freq (   3-   3) =        832.3  [cm-1]   --> A                  
     freq (   4-   4) =        989.0  [cm-1]   --> A                  
     freq (   5-   5) =       1099.9  [cm-1]   --> A                  
     freq (   6-   6) =       1168.9  [cm-1]   --> A                  
     freq (   7-   7) =       1364.2  [cm-1]   --> A                  
     freq (   8-   8) =       1486.0  [cm-1]   --> A                  
     freq (   9-   9) =       1538.4  [cm-1]   --> A                  
     freq (  10-  10) =       1591.4  [cm-1]   --> A                  
     freq (  11-  11) =       1709.6  [cm-1]   --> A                  
     freq (  12-  12) =       1769.3  [cm-1]   --> A                  
     freq (  13-  13) =       1816.3  [cm-1]   --> A                  
     freq (  14-  14) =       1855.0  [cm-1]   --> A                  
     freq (  15-  15) =       2030.8  [cm-1]   --> A                  
     freq (  16-  16) =       2083.5  [cm-1]   --> A                  
     freq (  17-  17) =       2138.8  [cm-1]   --> A                  
     freq (  18-  18) =       2184.3  [cm-1]   --> A                  
     freq (  19-  19) =       2300.3  [cm-1]   --> A                  
     freq (  20-  20) =       2346.8  [cm-1]   --> A                  
     freq (  21-  21) =       2420.8  [cm-1]   --> A                  
     freq (  22-  22) =       2475.3  [cm-1]   --> A                  
     freq (  23-  23) =       2531.3  [cm-1]   --> A                  
     freq (  24-  24) =       2626.0  [cm-1]   --> A                  
     freq (  25-  25) =       3208.8  [cm-1]   --> A                  
     freq (  26-  26) =       3351.1  [cm-1]   --> A                  
     freq (  27-  27) =       3515.4  [cm-1]   --> A                  
     freq (  28-  28) =       3739.0  [cm-1]   --> A                  
     freq (  29-  29) =       3923.4  [cm-1]   --> A                  
     freq (  30-  30) =       4167.8  [cm-1]   --> A                  
     freq (  31-  31) =       4388.7  [cm-1]   --> A                  
     freq (  32-  32) =       4453.1  [cm-1]   --> A                  
     freq (  33-  33) =       4728.2  [cm-1]   --> A                  
     freq (  34-  34) =       4821.1  [cm-1]   --> A                  
     freq (  35-  35) =       5350.2  [cm-1]   --> A                  
     freq (  36-  36) =       5704.4  [cm-1]   --> A                  

     Calculation of q =   -0.6399105   0.0007887  -0.4656734

     Parallelization info
     --------------------
     sticks:   dense  smooth     PW     G-vecs:    dense   smooth      PW
     Min         472     239     88                14919     5248    1211
     Max         473     240     89                14922     5249    1216
     Sum         945     479    177                29841    10497    2427


     Title: 
     Phonons                                                                    


     bravais-lattice index     =            0
     lattice parameter (alat)  =       6.9360  a.u.
     unit-cell volume          =     220.3604 (a.u.)^3
     number of atoms/cell      =           12
     number of atomic types    =            4
     number of electrons       =        62.00
     number of Kohn-Sham states=           37
     kinetic-energy cutoff     =      50.0000  Ry
     charge density cutoff     =     400.0000  Ry
     Exchange-correlation= PBE
                           (   1   4   3   4   0   0   0)

     celldm(1)=   6.935967  celldm(2)=   0.000000  celldm(3)=   0.000000
     celldm(4)=   0.000000  celldm(5)=   0.000000  celldm(6)=   0.000000

     crystal axes: (cart. coord. in units of alat)
               a(1) = (   0.783212  -0.000199  -0.002546 )  
               a(2) = (  -0.000446   0.781471   0.001937 )  
               a(3) = (  -0.003854  -0.000915   1.079009 )  

     reciprocal axes: (cart. coord. in units 2 pi/alat)
               b(1) = (  1.276809  0.000718  0.004561 )  
               b(2) = (  0.000328  1.279636  0.001087 )  
               b(3) = (  0.003012 -0.002295  0.926786 )  


     PseudoPot. # 1 for B  read from file:
     /home/marco/ZOS_Cloud_Compute/pseudo/B.UPF
     MD5 check sum: d9c678ba5d3b2fd7b74e61139c9288d8
     Pseudo is Projector augmented-wave + core cor, Zval =  3.0
     Generated using "atomic" code by A. Dal Corso  v.5.1.2
     Shape of augmentation charge: PSQ
     Using radial grid of 1059 points,  4 beta functions with: 
                l(1) =   0
                l(2) =   0
                l(3) =   1
                l(4) =   1
     Q(r) pseudized with 0 coefficients 


     PseudoPot. # 2 for H  read from file:
     /home/marco/ZOS_Cloud_Compute/pseudo/H.UPF
     MD5 check sum: 850d63dcbcc06c5de8b44e0ab9f952da
     Pseudo is Projector augmented-wave, Zval =  1.0
     Generated using "atomic" code by A. Dal Corso  v.5.1.2
     Shape of augmentation charge: PSQ
     Using radial grid of  929 points,  2 beta functions with: 
                l(1) =   0
                l(2) =   0
     Q(r) pseudized with 0 coefficients 


     PseudoPot. # 3 for Hf read from file:
     /home/marco/ZOS_Cloud_Compute/pseudo/Hf.UPF
     MD5 check sum: 054ab3954715fe03e42536d2af1a941a
     Pseudo is Projector augmented-wave + core cor, Zval = 36.0
     Generated using "atomic" code by A. Dal Corso  v.5.1.2
     Shape of augmentation charge: PSQ
     Using radial grid of 1271 points,  8 beta functions with: 
                l(1) =   0
                l(2) =   0
                l(3) =   1
                l(4) =   1
                l(5) =   2
                l(6) =   2
                l(7) =   3
                l(8) =   3
     Q(r) pseudized with 0 coefficients 


     PseudoPot. # 4 for Ti read from file:
     /home/marco/ZOS_Cloud_Compute/pseudo/Ti.UPF
     MD5 check sum: 8e4df49b7f0d34bbd5052bf3f5ea0213
     Pseudo is Ultrasoft, Zval = 12.0
     Generated by new atomic code, or converted to UPF format
     Using radial grid of  851 points,  6 beta functions with: 
                l(1) =   0
                l(2) =   0
                l(3) =   1
                l(4) =   1
                l(5) =   2
                l(6) =   2
     Q(r) pseudized with  8 coefficients,  rinner =    1.000   1.000   1.000
                                                       1.000   1.000

     atomic species   valence    mass     pseudopotential
        B              3.00     1.00000     B ( 1.00)
        H              1.00     1.00000     H ( 1.00)
        Hf            36.00     1.00000     Hf( 1.00)
        Ti            12.00     1.00000     Ti( 1.00)

     No symmetry found



   Cartesian axes

     site n.     atom                  positions (alat units)
         1           Ti  tau(   1) = (   0.8328786   0.0435249  -0.0256727  )
         2           Hf  tau(   2) = (   0.3372088   0.3612871   0.5590328  )
         3           B   tau(   3) = (   0.4539714   0.4542505   0.0175264  )
         4           B   tau(   4) = (   0.7200178  -0.0518344   0.5024055  )
         5           H   tau(   5) = (  -0.0256008   0.4650200   0.8320925  )
         6           H   tau(   6) = (   0.2014697  -0.0293658   0.3516208  )
         7           H   tau(   7) = (   0.7210522   0.1730909   0.6930471  )
         8           H   tau(   8) = (   0.4339971   0.1860250   0.9658756  )
         9           H   tau(   9) = (   0.1701144   0.4317520   0.1361768  )
        10           H   tau(  10) = (   0.6766716   0.3995010   0.2322497  )
        11           H   tau(  11) = (   0.4136734   0.6834833   0.8639849  )
        12           H   tau(  12) = (   0.5026499   0.7856495   0.2817314  )

     number of k points=    16  Methfessel-Paxton smearing, width (Ry)=  0.0200
                       cart. coord. in units 2pi/alat
        k(    1) = (   0.0000000   0.0000000   0.0000000), wk =   0.2500000
        k(    2) = (  -0.6399105   0.0007887  -0.4656734), wk =   0.0000000
        k(    3) = (  -0.0015060   0.0011475  -0.4633928), wk =   0.2500000
        k(    4) = (  -0.6414164   0.0019362  -0.9290662), wk =   0.0000000
        k(    5) = (  -0.0001639  -0.6398180  -0.0005433), wk =   0.2500000
        k(    6) = (  -0.6400744  -0.6390293  -0.4662167), wk =   0.0000000
        k(    7) = (  -0.0016699  -0.6386705  -0.4639361), wk =   0.2500000
        k(    8) = (  -0.6415804  -0.6378818  -0.9296095), wk =   0.0000000
        k(    9) = (  -0.6384045  -0.0003588  -0.0022806), wk =   0.2500000
        k(   10) = (  -1.2783150   0.0004298  -0.4679540), wk =   0.0000000
        k(   11) = (  -0.6399105   0.0007887  -0.4656734), wk =   0.2500000
        k(   12) = (  -1.2798210   0.0015773  -0.9313468), wk =   0.0000000
        k(   13) = (  -0.6385685  -0.6401768  -0.0028239), wk =   0.2500000
        k(   14) = (  -1.2784790  -0.6393882  -0.4684973), wk =   0.0000000
        k(   15) = (  -0.6400744  -0.6390293  -0.4662167), wk =   0.2500000
        k(   16) = (  -1.2799849  -0.6382407  -0.9318901), wk =   0.0000000

     Dense  grid:    29841 G-vectors     FFT dimensions: (  36,  36,  48)

     Smooth grid:    10497 G-vectors     FFT dimensions: (  25,  25,  36)

     Estimated max dynamical RAM per process >     151.26 MB

     Estimated total dynamical RAM >     302.53 MB

     Check: negative core charge=   -0.000003

     The potential is recalculated from file :
     ./tmp/_ph0/HfTiBH42.save/charge-density

     Starting wfcs are   48 atomic wfcs
     Checking if some PAW data can be deallocated... 

     Band Structure Calculation
     Davidson diagonalization with overlap

     ethr =  1.61E-11,  avg # of iterations = 16.9

     total cpu time spent up to now is       54.8 secs

     End of band structure calculation

          k = 0.0000 0.0000 0.0000 (  1301 PWs)   bands (ev):

  -145.8687-144.9786-144.3005-144.1146-142.2253 -32.1459 -26.3092  -4.4735
    -3.0279  -3.0018  -1.3223  -1.0973  -0.9137   9.1820  13.4131  13.4925
    13.5719  13.6270  13.7080  13.7481  13.7691  14.6301  17.1910  17.8612
    21.6575  22.9043  25.6861  26.3974  26.5808  27.7656  28.9348  29.1155
    30.0907  30.1663  31.9809  33.2037  35.0753

          k =-0.6399 0.0008-0.4657 (  1286 PWs)   bands (ev):

  -145.1380-144.6247-142.7278-142.2087-141.6591 -32.0240 -26.2251  -4.7274
    -4.3585  -2.7940  -1.9506  -1.2964  -0.8618  12.7747  13.4194  13.5640
    13.6174  13.7296  13.7506  13.7671  13.8266  14.1294  17.0666  18.4008
    19.8022  20.5075  22.2441  23.1571  27.3894  27.8976  31.8841  32.0182
    32.2496  33.6984  34.6216  35.0827  36.5541

          k =-0.0015 0.0011-0.4634 (  1318 PWs)   bands (ev):

  -146.6711-146.1798-145.7930-145.7011-143.4910 -32.1360 -26.3319  -3.8150
    -3.1476  -2.9392  -2.2100  -1.1691  -1.0108  12.2824  12.8857  13.4436
    13.4870  13.5348  13.5719  13.6225  13.7122  13.7434  17.1982  18.2071
    20.5067  22.4473  22.6953  24.0304  26.1162  27.0909  30.0490  30.8239
    32.1048  32.7708  33.4059  34.4025  36.3078

          k =-0.6414 0.0019-0.9291 (  1324 PWs)   bands (ev):

  -147.7827-147.0483-145.1938-145.1786-144.4808 -32.0287 -26.2207  -4.2800
    -3.8205  -2.9695  -2.7355  -1.5979  -0.8528  13.3547  13.4047  13.4955
    13.5847  13.6161  13.6763  13.7026  13.8471  14.8974  15.9197  17.0979
    19.0162  21.0688  22.2350  25.0445  27.2855  29.1361  29.7773  31.4290
    32.3192  33.9142  34.6769  35.8967  36.5703

          k =-0.0002-0.6398-0.0005 (  1322 PWs)   bands (ev):

  -147.8479-146.3374-145.3863-144.9404-144.4476 -32.0270 -26.2258  -4.1758
    -3.6521  -3.1050  -2.6804  -1.7684  -0.8101  13.3558  13.4315  13.4679
    13.5711  13.6183  13.6419  13.6949  13.7767  14.8129  15.6037  17.3983
    19.4553  21.2184  21.3954  24.8048  27.5059  28.6438  29.4270  31.7340
    33.1624  34.4001  34.9579  36.1765  36.8862

          k =-0.6401-0.6390-0.4662 (  1338 PWs)   bands (ev):

  -148.5610-147.4924-146.9483-146.2407-145.7269 -31.9118 -26.1203  -4.2224
    -4.0799  -3.7326  -2.7947  -2.1460  -1.3980  13.4562  13.4765  13.5066
    13.5359  13.5511  13.5968  13.6630  14.9540  15.5734  16.2084  17.5656
    19.5237  19.9925  21.4954  21.7919  29.3189  29.7585  31.5422  32.3811
    32.6939  33.8140  36.9042  37.1226  37.5780

          k =-0.0017-0.6387-0.4639 (  1292 PWs)   bands (ev):

  -145.7922-145.0251-143.2316-142.5662-141.7360 -32.0233 -26.2268  -4.7272
    -4.3700  -2.8283  -1.8714  -1.2593  -0.7943  12.6124  13.4100  13.5516
    13.6177  13.6623  13.7363  13.7557  13.8224  14.3059  16.7301  18.2220
    19.6943  20.4747  21.4406  23.3713  27.5636  29.0851  31.4134  32.1187
    32.6377  34.0737  34.5963  35.6552  36.0355

          k =-0.6416-0.6379-0.9296 (  1316 PWs)   bands (ev):

  -147.4579-146.8647-146.6998-143.5456-142.8592 -31.9136 -26.1212  -4.4869
    -4.2368  -3.2888  -2.3481  -2.2387  -1.5150  13.4809  13.5293  13.5355
    13.5735  13.6213  13.6746  13.7335  13.8514  14.6022  16.4654  16.8082
    18.9742  19.0393  23.0409  25.6150  28.3651  29.3881  32.6170  32.8603
    34.3880  34.8920  36.1203  36.9623  37.6793

          k =-0.6384-0.0004-0.0023 (  1324 PWs)   bands (ev):

  -147.7827-147.0483-145.1938-145.1786-144.4808 -32.0287 -26.2207  -4.2800
    -3.8205  -2.9695  -2.7355  -1.5979  -0.8528  13.3547  13.4047  13.4955
    13.5847  13.6161  13.6763  13.7026  13.8471  14.8974  15.9197  17.0979
    19.0162  21.0688  22.2350  25.0445  27.2855  29.1361  29.7773  31.4290
    32.3192  33.9142  34.6769  35.8967  36.5703

          k =-1.2783 0.0004-0.4680 (  1318 PWs)   bands (ev):

  -146.6711-146.1798-145.7930-145.7011-143.4910 -32.1360 -26.3319  -3.8150
    -3.1476  -2.9392  -2.2100  -1.1691  -1.0108  12.2824  12.8857  13.4436
    13.4870  13.5348  13.5719  13.6225  13.7122  13.7434  17.1982  18.2071
    20.5067  22.4473  22.6953  24.0304  26.1162  27.0909  30.0490  30.8239
    32.1048  32.7708  33.4059  34.4025  36.3078

          k =-0.6399 0.0008-0.4657 (  1286 PWs)   bands (ev):

  -145.1380-144.6247-142.7278-142.2087-141.6591 -32.0240 -26.2251  -4.7274
    -4.3585  -2.7940  -1.9506  -1.2964  -0.8618  12.7747  13.4194  13.5640
    13.6174  13.7296  13.7506  13.7671  13.8266  14.1294  17.0666  18.4008
    19.8022  20.5075  22.2441  23.1571  27.3894  27.8976  31.8841  32.0182
    32.2496  33.6984  34.6216  35.0827  36.5541

          k =-1.2798 0.0016-0.9313 (  1301 PWs)   bands (ev):

  -145.8687-144.9786-144.3005-144.1146-142.2253 -32.1459 -26.3092  -4.4735
    -3.0279  -3.0018  -1.3223  -1.0973  -0.9137   9.1820  13.4131  13.4925
    13.5719  13.6270  13.7080  13.7481  13.7691  14.6301  17.1910  17.8612
    21.6575  22.9043  25.6861  26.3974  26.5808  27.7656  28.9348  29.1155
    30.0907  30.1663  31.9809  33.2037  35.0753

          k =-0.6386-0.6402-0.0028 (  1316 PWs)   bands (ev):

  -147.4579-146.8647-146.6998-143.5456-142.8592 -31.9136 -26.1212  -4.4869
    -4.2368  -3.2888  -2.3481  -2.2387  -1.5150  13.4809  13.5293  13.5355
    13.5735  13.6213  13.6746  13.7335  13.8514  14.6022  16.4654  16.8082
    18.9742  19.0393  23.0409  25.6150  28.3651  29.3881  32.6170  32.8603
    34.3880  34.8920  36.1203  36.9623  37.6793

          k =-1.2785-0.6394-0.4685 (  1292 PWs)   bands (ev):

  -145.7922-145.0251-143.2316-142.5662-141.7360 -32.0233 -26.2268  -4.7272
    -4.3700  -2.8283  -1.8714  -1.2593  -0.7943  12.6124  13.4100  13.5516
    13.6177  13.6623  13.7363  13.7557  13.8224  14.3059  16.7301  18.2220
    19.6943  20.4747  21.4406  23.3713  27.5636  29.0851  31.4134  32.1187
    32.6377  34.0737  34.5963  35.6552  36.0355

          k =-0.6401-0.6390-0.4662 (  1338 PWs)   bands (ev):

  -148.5610-147.4924-146.9483-146.2407-145.7269 -31.9118 -26.1203  -4.2224
    -4.0799  -3.7326  -2.7947  -2.1460  -1.3980  13.4562  13.4765  13.5066
    13.5359  13.5511  13.5968  13.6630  14.9540  15.5734  16.2084  17.5656
    19.5237  19.9925  21.4954  21.7919  29.3189  29.7585  31.5422  32.3811
    32.6939  33.8140  36.9042  37.1226  37.5780

          k =-1.2800-0.6382-0.9319 (  1322 PWs)   bands (ev):

  -147.8479-146.3374-145.3863-144.9404-144.4476 -32.0270 -26.2258  -4.1758
    -3.6521  -3.1050  -2.6804  -1.7684  -0.8101  13.3558  13.4315  13.4679
    13.5711  13.6183  13.6419  13.6949  13.7767  14.8129  15.6037  17.3983
    19.4553  21.2184  21.3954  24.8048  27.5059  28.6438  29.4270  31.7340
    33.1624  34.4001  34.9579  36.1765  36.8862

     the Fermi energy is    31.1994 ev

     Writing output data file ./tmp/_ph0/HfTiBH42.save/

     Phonons                                                                    

     bravais-lattice index     =            0
     lattice parameter (alat)  =       6.9360  a.u.
     unit-cell volume          =     220.3604 (a.u.)^3
     number of atoms/cell      =           12
     number of atomic types    =            4
     kinetic-energy cut-off    =      50.0000  Ry
     charge density cut-off    =     400.0000  Ry
     convergence threshold     =      1.0E-14
     beta                      =       0.7000
     number of iterations used =            4
     Exchange-correlation= PBE
                           (   1   4   3   4   0   0   0)


     celldm(1)=    6.93597  celldm(2)=    0.00000  celldm(3)=    0.00000
     celldm(4)=    0.00000  celldm(5)=    0.00000  celldm(6)=    0.00000

     crystal axes: (cart. coord. in units of alat)
               a(1) = (  0.7832 -0.0002 -0.0025 )  
               a(2) = ( -0.0004  0.7815  0.0019 )  
               a(3) = ( -0.0039 -0.0009  1.0790 )  

     reciprocal axes: (cart. coord. in units 2 pi/alat)
               b(1) = (  1.2768  0.0007  0.0046 )  
               b(2) = (  0.0003  1.2796  0.0011 )  
               b(3) = (  0.0030 -0.0023  0.9268 )  


     Atoms inside the unit cell: 

     Cartesian axes

     site n.  atom      mass           positions (alat units)
        1     Ti   1.0000   tau(    1) = (    0.83288    0.04352   -0.02567  )
        2     Hf   1.0000   tau(    2) = (    0.33721    0.36129    0.55903  )
        3     B    1.0000   tau(    3) = (    0.45397    0.45425    0.01753  )
        4     B    1.0000   tau(    4) = (    0.72002   -0.05183    0.50241  )
        5     H    1.0000   tau(    5) = (   -0.02560    0.46502    0.83209  )
        6     H    1.0000   tau(    6) = (    0.20147   -0.02937    0.35162  )
        7     H    1.0000   tau(    7) = (    0.72105    0.17309    0.69305  )
        8     H    1.0000   tau(    8) = (    0.43400    0.18602    0.96588  )
        9     H    1.0000   tau(    9) = (    0.17011    0.43175    0.13618  )
       10     H    1.0000   tau(   10) = (    0.67667    0.39950    0.23225  )
       11     H    1.0000   tau(   11) = (    0.41367    0.68348    0.86398  )
       12     H    1.0000   tau(   12) = (    0.50265    0.78565    0.28173  )

     Computing dynamical matrix for 
                    q = (  -0.6399105   0.0007887  -0.4656734 )

      2 Sym.Ops. (with q -> -q+G )


     G cutoff =  487.4323  (  14922 G-vectors)     FFT grid: ( 36, 36, 48)
     G cutoff =  243.7162  (   5249 G-vectors)  smooth grid: ( 25, 25, 36)

     number of k points=    16  Methfessel-Paxton smearing, width (Ry)=  0.0200

     PseudoPot. # 1 for B  read from file:
     /home/marco/ZOS_Cloud_Compute/pseudo/B.UPF
     MD5 check sum: d9c678ba5d3b2fd7b74e61139c9288d8
     Pseudo is Projector augmented-wave + core cor, Zval =  3.0
     Generated using "atomic" code by A. Dal Corso  v.5.1.2
     Shape of augmentation charge: PSQ
     Using radial grid of 1059 points,  4 beta functions with: 
                l(1) =   0
                l(2) =   0
                l(3) =   1
                l(4) =   1
     Q(r) pseudized with 0 coefficients 


     PseudoPot. # 2 for H  read from file:
     /home/marco/ZOS_Cloud_Compute/pseudo/H.UPF
     MD5 check sum: 850d63dcbcc06c5de8b44e0ab9f952da
     Pseudo is Projector augmented-wave, Zval =  1.0
     Generated using "atomic" code by A. Dal Corso  v.5.1.2
     Shape of augmentation charge: PSQ
     Using radial grid of  929 points,  2 beta functions with: 
                l(1) =   0
                l(2) =   0
     Q(r) pseudized with 0 coefficients 


     PseudoPot. # 3 for Hf read from file:
     /home/marco/ZOS_Cloud_Compute/pseudo/Hf.UPF
     MD5 check sum: 054ab3954715fe03e42536d2af1a941a
     Pseudo is Projector augmented-wave + core cor, Zval = 36.0
     Generated using "atomic" code by A. Dal Corso  v.5.1.2
     Shape of augmentation charge: PSQ
     Using radial grid of 1271 points,  8 beta functions with: 
                l(1) =   0
                l(2) =   0
                l(3) =   1
                l(4) =   1
                l(5) =   2
                l(6) =   2
                l(7) =   3
                l(8) =   3
     Q(r) pseudized with 0 coefficients 


     PseudoPot. # 4 for Ti read from file:
     /home/marco/ZOS_Cloud_Compute/pseudo/Ti.UPF
     MD5 check sum: 8e4df49b7f0d34bbd5052bf3f5ea0213
     Pseudo is Ultrasoft, Zval = 12.0
     Generated by new atomic code, or converted to UPF format
     Using radial grid of  851 points,  6 beta functions with: 
                l(1) =   0
                l(2) =   0
                l(3) =   1
                l(4) =   1
                l(5) =   2
                l(6) =   2
     Q(r) pseudized with  8 coefficients,  rinner =    1.000   1.000   1.000
                                                       1.000   1.000

     Mode symmetry, C_1 (1)     point group:


     Atomic displacements:
     There are   36 irreducible representations

     Representation     1      1 modes -  To be done

     Representation     2      1 modes -  To be done

     Representation     3      1 modes -  To be done

     Representation     4      1 modes -  To be done

     Representation     5      1 modes -  To be done

     Representation     6      1 modes -  To be done

     Representation     7      1 modes -  To be done

     Representation     8      1 modes -  To be done

     Representation     9      1 modes -  To be done

     Representation    10      1 modes -  To be done

     Representation    11      1 modes -  To be done

     Representation    12      1 modes -  To be done

     Representation    13      1 modes -  To be done

     Representation    14      1 modes -  To be done

     Representation    15      1 modes -  To be done

     Representation    16      1 modes -  To be done

     Representation    17      1 modes -  To be done

     Representation    18      1 modes -  To be done

     Representation    19      1 modes -  To be done

     Representation    20      1 modes -  To be done

     Representation    21      1 modes -  To be done

     Representation    22      1 modes -  To be done

     Representation    23      1 modes -  To be done

     Representation    24      1 modes -  To be done

     Representation    25      1 modes -  To be done

     Representation    26      1 modes -  To be done

     Representation    27      1 modes -  To be done

     Representation    28      1 modes -  To be done

     Representation    29      1 modes -  To be done

     Representation    30      1 modes -  To be done

     Representation    31      1 modes -  To be done

     Representation    32      1 modes -  To be done

     Representation    33      1 modes -  To be done

     Representation    34      1 modes -  To be done

     Representation    35      1 modes -  To be done

     Representation    36      1 modes -  To be done



     Alpha used in Ewald sum =   2.8000
     PHONON       :      4h18m CPU      5h37m WALL



     Representation #   1 mode #   1

     Self-consistent Calculation

      iter #   1 total cpu time : 20239.0 secs   av.it.:  13.2
      thresh= 1.000E-02 alpha_mix =  0.700 |ddv_scf|^2 =  3.577E-04

      iter #   2 total cpu time : 20248.4 secs   av.it.:  20.0
      thresh= 1.891E-03 alpha_mix =  0.700 |ddv_scf|^2 =  1.408E-03

      iter #   3 total cpu time : 20256.6 secs   av.it.:  16.9
      thresh= 3.752E-03 alpha_mix =  0.700 |ddv_scf|^2 =  1.326E-05

      iter #   4 total cpu time : 20265.6 secs   av.it.:  18.1
      thresh= 3.641E-04 alpha_mix =  0.700 |ddv_scf|^2 =  6.370E-06

      iter #   5 total cpu time : 20274.3 secs   av.it.:  16.6
      thresh= 2.524E-04 alpha_mix =  0.700 |ddv_scf|^2 =  2.701E-07

      iter #   6 total cpu time : 20283.1 secs   av.it.:  17.5
      thresh= 5.197E-05 alpha_mix =  0.700 |ddv_scf|^2 =  4.269E-09

      iter #   7 total cpu time : 20292.3 secs   av.it.:  19.1
      thresh= 6.533E-06 alpha_mix =  0.700 |ddv_scf|^2 =  1.251E-10

      iter #   8 total cpu time : 20301.2 secs   av.it.:  20.4
      thresh= 1.119E-06 alpha_mix =  0.700 |ddv_scf|^2 =  4.569E-11

      iter #   9 total cpu time : 20310.1 secs   av.it.:  18.4
      thresh= 6.759E-07 alpha_mix =  0.700 |ddv_scf|^2 =  7.676E-12

      iter #  10 total cpu time : 20318.9 secs   av.it.:  20.5
      thresh= 2.771E-07 alpha_mix =  0.700 |ddv_scf|^2 =  3.155E-12

      iter #  11 total cpu time : 20327.5 secs   av.it.:  19.9
      thresh= 1.776E-07 alpha_mix =  0.700 |ddv_scf|^2 =  4.814E-12

      iter #  12 total cpu time : 20336.1 secs   av.it.:  16.6
      thresh= 2.194E-07 alpha_mix =  0.700 |ddv_scf|^2 =  4.613E-13

      iter #  13 total cpu time : 20345.3 secs   av.it.:  19.0
      thresh= 6.792E-08 alpha_mix =  0.700 |ddv_scf|^2 =  1.650E-13

      iter #  14 total cpu time : 20354.0 secs   av.it.:  17.6
      thresh= 4.062E-08 alpha_mix =  0.700 |ddv_scf|^2 =  1.384E-14

      iter #  15 total cpu time : 20363.0 secs   av.it.:  18.9
      thresh= 1.176E-08 alpha_mix =  0.700 |ddv_scf|^2 =  1.827E-15

     End of self-consistent calculation

     Convergence has been achieved 


     Representation #   2 mode #   2

     Self-consistent Calculation

      iter #   1 total cpu time : 20371.3 secs   av.it.:  11.6
      thresh= 1.000E-02 alpha_mix =  0.700 |ddv_scf|^2 =  1.953E-05

      iter #   2 total cpu time : 20380.1 secs   av.it.:  18.9
      thresh= 4.419E-04 alpha_mix =  0.700 |ddv_scf|^2 =  2.800E-06

      iter #   3 total cpu time : 20389.0 secs   av.it.:  19.2
      thresh= 1.673E-04 alpha_mix =  0.700 |ddv_scf|^2 =  2.280E-06

      iter #   4 total cpu time : 20397.1 secs   av.it.:  16.2
      thresh= 1.510E-04 alpha_mix =  0.700 |ddv_scf|^2 =  1.153E-07

      iter #   5 total cpu time : 20406.0 secs   av.it.:  17.5
      thresh= 3.396E-05 alpha_mix =  0.700 |ddv_scf|^2 =  4.100E-09

      iter #   6 total cpu time : 20414.8 secs   av.it.:  18.1
      thresh= 6.403E-06 alpha_mix =  0.700 |ddv_scf|^2 =  1.566E-10

      iter #   7 total cpu time : 20424.3 secs   av.it.:  20.1
      thresh= 1.251E-06 alpha_mix =  0.700 |ddv_scf|^2 =  1.861E-10

      iter #   8 total cpu time : 20433.1 secs   av.it.:  17.8
      thresh= 1.364E-06 alpha_mix =  0.700 |ddv_scf|^2 =  1.085E-11

      iter #   9 total cpu time : 20441.6 secs   av.it.:  18.8
      thresh= 3.295E-07 alpha_mix =  0.700 |ddv_scf|^2 =  8.543E-13

      iter #  10 total cpu time : 20451.0 secs   av.it.:  19.8
      thresh= 9.243E-08 alpha_mix =  0.700 |ddv_scf|^2 =  2.055E-12

      iter #  11 total cpu time : 20459.7 secs   av.it.:  17.1
      thresh= 1.433E-07 alpha_mix =  0.700 |ddv_scf|^2 =  1.299E-13

      iter #  12 total cpu time : 20468.7 secs   av.it.:  18.4
      thresh= 3.604E-08 alpha_mix =  0.700 |ddv_scf|^2 =  2.012E-14

      iter #  13 total cpu time : 20477.8 secs   av.it.:  19.0
      thresh= 1.419E-08 alpha_mix =  0.700 |ddv_scf|^2 =  7.209E-15

     End of self-consistent calculation

     Convergence has been achieved 


     Representation #   3 mode #   3

     Self-consistent Calculation

      iter #   1 total cpu time : 20486.5 secs   av.it.:  13.2
      thresh= 1.000E-02 alpha_mix =  0.700 |ddv_scf|^2 =  2.070E-04

      iter #   2 total cpu time : 20495.9 secs   av.it.:  20.8
      thresh= 1.439E-03 alpha_mix =  0.700 |ddv_scf|^2 =  8.330E-04

      iter #   3 total cpu time : 20504.4 secs   av.it.:  17.4
      thresh= 2.886E-03 alpha_mix =  0.700 |ddv_scf|^2 =  2.133E-05

      iter #   4 total cpu time : 20513.3 secs   av.it.:  17.2
      thresh= 4.618E-04 alpha_mix =  0.700 |ddv_scf|^2 =  6.722E-06

      iter #   5 total cpu time : 20522.0 secs   av.it.:  17.2
      thresh= 2.593E-04 alpha_mix =  0.700 |ddv_scf|^2 =  8.266E-08

      iter #   6 total cpu time : 20531.0 secs   av.it.:  18.5
      thresh= 2.875E-05 alpha_mix =  0.700 |ddv_scf|^2 =  7.758E-09

      iter #   7 total cpu time : 20540.1 secs   av.it.:  19.1
      thresh= 8.808E-06 alpha_mix =  0.700 |ddv_scf|^2 =  2.637E-10

      iter #   8 total cpu time : 20549.7 secs   av.it.:  21.2
      thresh= 1.624E-06 alpha_mix =  0.700 |ddv_scf|^2 =  9.713E-11

      iter #   9 total cpu time : 20558.4 secs   av.it.:  18.6
      thresh= 9.856E-07 alpha_mix =  0.700 |ddv_scf|^2 =  2.464E-11

      iter #  10 total cpu time : 20567.5 secs   av.it.:  18.6
      thresh= 4.964E-07 alpha_mix =  0.700 |ddv_scf|^2 =  9.176E-13

      iter #  11 total cpu time : 20577.1 secs   av.it.:  21.6
      thresh= 9.579E-08 alpha_mix =  0.700 |ddv_scf|^2 =  2.565E-12

      iter #  12 total cpu time : 20585.9 secs   av.it.:  17.6
      thresh= 1.602E-07 alpha_mix =  0.700 |ddv_scf|^2 =  2.184E-13

      iter #  13 total cpu time : 20595.0 secs   av.it.:  19.4
      thresh= 4.673E-08 alpha_mix =  0.700 |ddv_scf|^2 =  1.568E-13

      iter #  14 total cpu time : 20604.1 secs   av.it.:  18.9
      thresh= 3.959E-08 alpha_mix =  0.700 |ddv_scf|^2 =  3.975E-14

      iter #  15 total cpu time : 20613.0 secs   av.it.:  17.5
      thresh= 1.994E-08 alpha_mix =  0.700 |ddv_scf|^2 =  8.347E-15

     End of self-consistent calculation

     Convergence has been achieved 


     Representation #   4 mode #   4

     Self-consistent Calculation

      iter #   1 total cpu time : 20621.9 secs   av.it.:  17.5
      thresh= 1.000E-02 alpha_mix =  0.700 |ddv_scf|^2 =  4.623E-03

      iter #   2 total cpu time : 20630.9 secs   av.it.:  21.1
      thresh= 6.799E-03 alpha_mix =  0.700 |ddv_scf|^2 =  1.848E-02

      iter #   3 total cpu time : 20639.8 secs   av.it.:  18.0
      thresh= 1.000E-02 alpha_mix =  0.700 |ddv_scf|^2 =  7.011E-05

      iter #   4 total cpu time : 20649.3 secs   av.it.:  20.8
      thresh= 8.373E-04 alpha_mix =  0.700 |ddv_scf|^2 =  2.054E-04

      iter #   5 total cpu time : 20657.9 secs   av.it.:  16.4
      thresh= 1.433E-03 alpha_mix =  0.700 |ddv_scf|^2 =  4.645E-06

      iter #   6 total cpu time : 20667.0 secs   av.it.:  18.5
      thresh= 2.155E-04 alpha_mix =  0.700 |ddv_scf|^2 =  7.811E-07

      iter #   7 total cpu time : 20676.0 secs   av.it.:  18.4
      thresh= 8.838E-05 alpha_mix =  0.700 |ddv_scf|^2 =  3.002E-08

      iter #   8 total cpu time : 20685.4 secs   av.it.:  20.2
      thresh= 1.732E-05 alpha_mix =  0.700 |ddv_scf|^2 =  9.493E-09

      iter #   9 total cpu time : 20694.3 secs   av.it.:  18.4
      thresh= 9.743E-06 alpha_mix =  0.700 |ddv_scf|^2 =  1.757E-09

      iter #  10 total cpu time : 20703.6 secs   av.it.:  18.9
      thresh= 4.192E-06 alpha_mix =  0.700 |ddv_scf|^2 =  2.444E-10

      iter #  11 total cpu time : 20713.1 secs   av.it.:  19.4
      thresh= 1.563E-06 alpha_mix =  0.700 |ddv_scf|^2 =  1.388E-10

      iter #  12 total cpu time : 20722.5 secs   av.it.:  18.2
      thresh= 1.178E-06 alpha_mix =  0.700 |ddv_scf|^2 =  4.411E-11

      iter #  13 total cpu time : 20731.6 secs   av.it.:  17.9
      thresh= 6.642E-07 alpha_mix =  0.700 |ddv_scf|^2 =  5.549E-12

      iter #  14 total cpu time : 20741.0 secs   av.it.:  18.8
      thresh= 2.356E-07 alpha_mix =  0.700 |ddv_scf|^2 =  7.138E-13

      iter #  15 total cpu time : 20750.0 secs   av.it.:  18.8
      thresh= 8.449E-08 alpha_mix =  0.700 |ddv_scf|^2 =  4.869E-13

      iter #  16 total cpu time : 20758.9 secs   av.it.:  17.4
      thresh= 6.978E-08 alpha_mix =  0.700 |ddv_scf|^2 =  6.550E-14

      iter #  17 total cpu time : 20768.1 secs   av.it.:  19.4
      thresh= 2.559E-08 alpha_mix =  0.700 |ddv_scf|^2 =  1.527E-14

      iter #  18 total cpu time : 20777.3 secs   av.it.:  19.5
      thresh= 1.236E-08 alpha_mix =  0.700 |ddv_scf|^2 =  4.193E-15

     End of self-consistent calculation

     Convergence has been achieved 


     Representation #   5 mode #   5

     Self-consistent Calculation

      iter #   1 total cpu time : 20786.5 secs   av.it.:  15.9
      thresh= 1.000E-02 alpha_mix =  0.700 |ddv_scf|^2 =  4.779E-04

      iter #   2 total cpu time : 20796.1 secs   av.it.:  21.4
      thresh= 2.186E-03 alpha_mix =  0.700 |ddv_scf|^2 =  6.392E-05

      iter #   3 total cpu time : 20805.8 secs   av.it.:  21.4
      thresh= 7.995E-04 alpha_mix =  0.700 |ddv_scf|^2 =  3.453E-05

      iter #   4 total cpu time : 20814.5 secs   av.it.:  17.2
      thresh= 5.876E-04 alpha_mix =  0.700 |ddv_scf|^2 =  6.943E-06

      iter #   5 total cpu time : 20823.3 secs   av.it.:  18.9
      thresh= 2.635E-04 alpha_mix =  0.700 |ddv_scf|^2 =  2.542E-06

      iter #   6 total cpu time : 20832.1 secs   av.it.:  18.1
      thresh= 1.594E-04 alpha_mix =  0.700 |ddv_scf|^2 =  1.723E-08

      iter #   7 total cpu time : 20841.9 secs   av.it.:  21.6
      thresh= 1.313E-05 alpha_mix =  0.700 |ddv_scf|^2 =  1.179E-08

      iter #   8 total cpu time : 20850.9 secs   av.it.:  18.2
      thresh= 1.086E-05 alpha_mix =  0.700 |ddv_scf|^2 =  1.285E-09

      iter #   9 total cpu time : 20860.1 secs   av.it.:  19.1
      thresh= 3.585E-06 alpha_mix =  0.700 |ddv_scf|^2 =  1.782E-10

      iter #  10 total cpu time : 20869.1 secs   av.it.:  18.8
      thresh= 1.335E-06 alpha_mix =  0.700 |ddv_scf|^2 =  1.168E-11

      iter #  11 total cpu time : 20878.1 secs   av.it.:  21.0
      thresh= 3.418E-07 alpha_mix =  0.700 |ddv_scf|^2 =  1.274E-11

      iter #  12 total cpu time : 20886.7 secs   av.it.:  18.6
      thresh= 3.570E-07 alpha_mix =  0.700 |ddv_scf|^2 =  4.292E-12

      iter #  13 total cpu time : 20895.6 secs   av.it.:  18.1
      thresh= 2.072E-07 alpha_mix =  0.700 |ddv_scf|^2 =  1.856E-13

      iter #  14 total cpu time : 20905.0 secs   av.it.:  20.0
      thresh= 4.308E-08 alpha_mix =  0.700 |ddv_scf|^2 =  9.609E-14

      iter #  15 total cpu time : 20913.9 secs   av.it.:  18.2
      thresh= 3.100E-08 alpha_mix =  0.700 |ddv_scf|^2 =  2.831E-14

      iter #  16 total cpu time : 20922.5 secs   av.it.:  18.2
      thresh= 1.683E-08 alpha_mix =  0.700 |ddv_scf|^2 =  1.025E-14

      iter #  17 total cpu time : 20930.9 secs   av.it.:  18.2
      thresh= 1.012E-08 alpha_mix =  0.700 |ddv_scf|^2 =  2.728E-15

     End of self-consistent calculation

     Convergence has been achieved 


     Representation #   6 mode #   6

     Self-consistent Calculation

      iter #   1 total cpu time : 20939.9 secs   av.it.:  17.0
      thresh= 1.000E-02 alpha_mix =  0.700 |ddv_scf|^2 =  2.716E-03

      iter #   2 total cpu time : 20949.5 secs   av.it.:  21.2
      thresh= 5.211E-03 alpha_mix =  0.700 |ddv_scf|^2 =  1.177E-02

      iter #   3 total cpu time : 20958.3 secs   av.it.:  17.4
      thresh= 1.000E-02 alpha_mix =  0.700 |ddv_scf|^2 =  9.415E-04

      iter #   4 total cpu time : 20967.0 secs   av.it.:  17.0
      thresh= 3.068E-03 alpha_mix =  0.700 |ddv_scf|^2 =  1.008E-04

      iter #   5 total cpu time : 20976.1 secs   av.it.:  17.5
      thresh= 1.004E-03 alpha_mix =  0.700 |ddv_scf|^2 =  5.714E-06

      iter #   6 total cpu time : 20985.1 secs   av.it.:  19.0
      thresh= 2.390E-04 alpha_mix =  0.700 |ddv_scf|^2 =  1.123E-06

      iter #   7 total cpu time : 20994.2 secs   av.it.:  18.6
      thresh= 1.060E-04 alpha_mix =  0.700 |ddv_scf|^2 =  1.460E-07

      iter #   8 total cpu time : 21003.1 secs   av.it.:  18.4
      thresh= 3.820E-05 alpha_mix =  0.700 |ddv_scf|^2 =  4.483E-09

      iter #   9 total cpu time : 21012.5 secs   av.it.:  20.4
      thresh= 6.696E-06 alpha_mix =  0.700 |ddv_scf|^2 =  7.728E-10

      iter #  10 total cpu time : 21021.5 secs   av.it.:  19.4
      thresh= 2.780E-06 alpha_mix =  0.700 |ddv_scf|^2 =  1.995E-10

      iter #  11 total cpu time : 21030.6 secs   av.it.:  19.1
      thresh= 1.412E-06 alpha_mix =  0.700 |ddv_scf|^2 =  1.237E-10

      iter #  12 total cpu time : 21039.3 secs   av.it.:  17.6
      thresh= 1.112E-06 alpha_mix =  0.700 |ddv_scf|^2 =  8.979E-12

      iter #  13 total cpu time : 21048.0 secs   av.it.:  19.8
      thresh= 2.996E-07 alpha_mix =  0.700 |ddv_scf|^2 =  5.430E-12

      iter #  14 total cpu time : 21056.6 secs   av.it.:  18.2
      thresh= 2.330E-07 alpha_mix =  0.700 |ddv_scf|^2 =  6.499E-13

      iter #  15 total cpu time : 21065.8 secs   av.it.:  19.1
      thresh= 8.062E-08 alpha_mix =  0.700 |ddv_scf|^2 =  5.137E-13

      iter #  16 total cpu time : 21074.6 secs   av.it.:  17.4
      thresh= 7.167E-08 alpha_mix =  0.700 |ddv_scf|^2 =  4.580E-14

      iter #  17 total cpu time : 21083.7 secs   av.it.:  18.8
      thresh= 2.140E-08 alpha_mix =  0.700 |ddv_scf|^2 =  1.277E-14

      iter #  18 total cpu time : 21092.6 secs   av.it.:  18.4
      thresh= 1.130E-08 alpha_mix =  0.700 |ddv_scf|^2 =  4.109E-15

     End of self-consistent calculation

     Convergence has been achieved 


     Representation #   7 mode #   7

     Self-consistent Calculation

      iter #   1 total cpu time : 21100.4 secs   av.it.:   9.4
      thresh= 1.000E-02 alpha_mix =  0.700 |ddv_scf|^2 =  3.090E-05

      iter #   2 total cpu time : 21109.8 secs   av.it.:  20.2
      thresh= 5.559E-04 alpha_mix =  0.700 |ddv_scf|^2 =  3.872E-04

      iter #   3 total cpu time : 21118.3 secs   av.it.:  15.6
      thresh= 1.968E-03 alpha_mix =  0.700 |ddv_scf|^2 =  2.054E-06

      iter #   4 total cpu time : 21127.2 secs   av.it.:  17.9
      thresh= 1.433E-04 alpha_mix =  0.700 |ddv_scf|^2 =  8.041E-08

      iter #   5 total cpu time : 21136.0 secs   av.it.:  18.4
      thresh= 2.836E-05 alpha_mix =  0.700 |ddv_scf|^2 =  2.222E-08

      iter #   6 total cpu time : 21144.8 secs   av.it.:  17.5
      thresh= 1.491E-05 alpha_mix =  0.700 |ddv_scf|^2 =  1.792E-10

      iter #   7 total cpu time : 21153.7 secs   av.it.:  20.2
      thresh= 1.339E-06 alpha_mix =  0.700 |ddv_scf|^2 =  8.745E-11

      iter #   8 total cpu time : 21162.8 secs   av.it.:  18.8
      thresh= 9.351E-07 alpha_mix =  0.700 |ddv_scf|^2 =  1.793E-11

      iter #   9 total cpu time : 21171.8 secs   av.it.:  18.8
      thresh= 4.234E-07 alpha_mix =  0.700 |ddv_scf|^2 =  4.296E-13

      iter #  10 total cpu time : 21181.5 secs   av.it.:  21.5
      thresh= 6.555E-08 alpha_mix =  0.700 |ddv_scf|^2 =  7.816E-13

      iter #  11 total cpu time : 21190.3 secs   av.it.:  17.6
      thresh= 8.841E-08 alpha_mix =  0.700 |ddv_scf|^2 =  1.558E-13

      iter #  12 total cpu time : 21199.3 secs   av.it.:  18.2
      thresh= 3.947E-08 alpha_mix =  0.700 |ddv_scf|^2 =  7.062E-14

      iter #  13 total cpu time : 21208.0 secs   av.it.:  17.2
      thresh= 2.657E-08 alpha_mix =  0.700 |ddv_scf|^2 =  2.927E-15

     End of self-consistent calculation

     Convergence has been achieved 


     Representation #   8 mode #   8

     Self-consistent Calculation

      iter #   1 total cpu time : 21215.5 secs   av.it.:   8.2
      thresh= 1.000E-02 alpha_mix =  0.700 |ddv_scf|^2 =  5.500E-07

      iter #   2 total cpu time : 21224.6 secs   av.it.:  19.2
      thresh= 7.416E-05 alpha_mix =  0.700 |ddv_scf|^2 =  6.805E-08

      iter #   3 total cpu time : 21234.0 secs   av.it.:  20.2
      thresh= 2.609E-05 alpha_mix =  0.700 |ddv_scf|^2 =  5.566E-08

      iter #   4 total cpu time : 21242.7 secs   av.it.:  18.2
      thresh= 2.359E-05 alpha_mix =  0.700 |ddv_scf|^2 =  8.589E-09

      iter #   5 total cpu time : 21251.8 secs   av.it.:  18.4
      thresh= 9.267E-06 alpha_mix =  0.700 |ddv_scf|^2 =  1.902E-08

      iter #   6 total cpu time : 21259.9 secs   av.it.:  16.1
      thresh= 1.379E-05 alpha_mix =  0.700 |ddv_scf|^2 =  1.943E-10

      iter #   7 total cpu time : 21269.2 secs   av.it.:  19.5
      thresh= 1.394E-06 alpha_mix =  0.700 |ddv_scf|^2 =  9.528E-11

      iter #   8 total cpu time : 21278.1 secs   av.it.:  17.4
      thresh= 9.761E-07 alpha_mix =  0.700 |ddv_scf|^2 =  1.079E-11

      iter #   9 total cpu time : 21287.0 secs   av.it.:  17.9
      thresh= 3.285E-07 alpha_mix =  0.700 |ddv_scf|^2 =  5.560E-13

      iter #  10 total cpu time : 21296.0 secs   av.it.:  18.4
      thresh= 7.456E-08 alpha_mix =  0.700 |ddv_scf|^2 =  1.206E-13

      iter #  11 total cpu time : 21305.0 secs   av.it.:  18.2
      thresh= 3.472E-08 alpha_mix =  0.700 |ddv_scf|^2 =  9.084E-15

     End of self-consistent calculation

     Convergence has been achieved 


     Representation #   9 mode #   9

     Self-consistent Calculation

      iter #   1 total cpu time : 21312.7 secs   av.it.:   9.5
      thresh= 1.000E-02 alpha_mix =  0.700 |ddv_scf|^2 =  9.843E-06

      iter #   2 total cpu time : 21322.2 secs   av.it.:  20.5
      thresh= 3.137E-04 alpha_mix =  0.700 |ddv_scf|^2 =  3.831E-05

      iter #   3 total cpu time : 21331.0 secs   av.it.:  17.8
      thresh= 6.190E-04 alpha_mix =  0.700 |ddv_scf|^2 =  8.170E-07

      iter #   4 total cpu time : 21339.9 secs   av.it.:  17.2
      thresh= 9.039E-05 alpha_mix =  0.700 |ddv_scf|^2 =  1.704E-07

      iter #   5 total cpu time : 21348.8 secs   av.it.:  17.9
      thresh= 4.128E-05 alpha_mix =  0.700 |ddv_scf|^2 =  7.478E-09

      iter #   6 total cpu time : 21357.7 secs   av.it.:  19.0
      thresh= 8.647E-06 alpha_mix =  0.700 |ddv_scf|^2 =  2.844E-09

      iter #   7 total cpu time : 21366.8 secs   av.it.:  18.9
      thresh= 5.333E-06 alpha_mix =  0.700 |ddv_scf|^2 =  1.757E-10

      iter #   8 total cpu time : 21376.2 secs   av.it.:  20.5
      thresh= 1.326E-06 alpha_mix =  0.700 |ddv_scf|^2 =  3.465E-11

      iter #   9 total cpu time : 21385.6 secs   av.it.:  20.6
      thresh= 5.886E-07 alpha_mix =  0.700 |ddv_scf|^2 =  5.725E-11

      iter #  10 total cpu time : 21394.5 secs   av.it.:  17.8
      thresh= 7.566E-07 alpha_mix =  0.700 |ddv_scf|^2 =  4.201E-11

      iter #  11 total cpu time : 21403.1 secs   av.it.:  16.5
      thresh= 6.481E-07 alpha_mix =  0.700 |ddv_scf|^2 =  1.331E-12

      iter #  12 total cpu time : 21412.3 secs   av.it.:  19.2
      thresh= 1.154E-07 alpha_mix =  0.700 |ddv_scf|^2 =  4.473E-13

      iter #  13 total cpu time : 21421.3 secs   av.it.:  18.8
      thresh= 6.688E-08 alpha_mix =  0.700 |ddv_scf|^2 =  8.225E-14

      iter #  14 total cpu time : 21430.3 secs   av.it.:  18.0
      thresh= 2.868E-08 alpha_mix =  0.700 |ddv_scf|^2 =  1.307E-14

      iter #  15 total cpu time : 21439.5 secs   av.it.:  19.6
      thresh= 1.143E-08 alpha_mix =  0.700 |ddv_scf|^2 =  4.379E-15

     End of self-consistent calculation

     Convergence has been achieved 


     Representation #  10 mode #  10

     Self-consistent Calculation

      iter #   1 total cpu time : 21447.2 secs   av.it.:   9.5
      thresh= 1.000E-02 alpha_mix =  0.700 |ddv_scf|^2 =  1.934E-05

      iter #   2 total cpu time : 21456.8 secs   av.it.:  20.4
      thresh= 4.398E-04 alpha_mix =  0.700 |ddv_scf|^2 =  8.306E-05

      iter #   3 total cpu time : 21465.6 secs   av.it.:  17.5
      thresh= 9.114E-04 alpha_mix =  0.700 |ddv_scf|^2 =  3.247E-06

      iter #   4 total cpu time : 21474.1 secs   av.it.:  16.1
      thresh= 1.802E-04 alpha_mix =  0.700 |ddv_scf|^2 =  5.622E-08

      iter #   5 total cpu time : 21483.3 secs   av.it.:  19.2
      thresh= 2.371E-05 alpha_mix =  0.700 |ddv_scf|^2 =  3.926E-09

      iter #   6 total cpu time : 21492.8 secs   av.it.:  20.1
      thresh= 6.266E-06 alpha_mix =  0.700 |ddv_scf|^2 =  1.988E-09

      iter #   7 total cpu time : 21501.8 secs   av.it.:  18.6
      thresh= 4.459E-06 alpha_mix =  0.700 |ddv_scf|^2 =  3.740E-10

      iter #   8 total cpu time : 21510.9 secs   av.it.:  19.2
      thresh= 1.934E-06 alpha_mix =  0.700 |ddv_scf|^2 =  1.582E-11

      iter #   9 total cpu time : 21520.4 secs   av.it.:  20.6
      thresh= 3.978E-07 alpha_mix =  0.700 |ddv_scf|^2 =  2.557E-11

      iter #  10 total cpu time : 21529.4 secs   av.it.:  18.2
      thresh= 5.057E-07 alpha_mix =  0.700 |ddv_scf|^2 =  3.124E-11

      iter #  11 total cpu time : 21538.1 secs   av.it.:  16.8
      thresh= 5.589E-07 alpha_mix =  0.700 |ddv_scf|^2 =  4.898E-13

      iter #  12 total cpu time : 21547.5 secs   av.it.:  19.9
      thresh= 6.999E-08 alpha_mix =  0.700 |ddv_scf|^2 =  2.084E-13

      iter #  13 total cpu time : 21556.5 secs   av.it.:  18.4
      thresh= 4.565E-08 alpha_mix =  0.700 |ddv_scf|^2 =  2.762E-14

      iter #  14 total cpu time : 21565.5 secs   av.it.:  18.5
      thresh= 1.662E-08 alpha_mix =  0.700 |ddv_scf|^2 =  6.771E-15

     End of self-consistent calculation

     Convergence has been achieved 


     Representation #  11 mode #  11

     Self-consistent Calculation

      iter #   1 total cpu time : 21573.0 secs   av.it.:   8.5
      thresh= 1.000E-02 alpha_mix =  0.700 |ddv_scf|^2 =  4.698E-07

      iter #   2 total cpu time : 21582.3 secs   av.it.:  19.5
      thresh= 6.854E-05 alpha_mix =  0.700 |ddv_scf|^2 =  8.378E-08

      iter #   3 total cpu time : 21591.7 secs   av.it.:  20.2
      thresh= 2.894E-05 alpha_mix =  0.700 |ddv_scf|^2 =  1.035E-07

      iter #   4 total cpu time : 21600.6 secs   av.it.:  17.9
      thresh= 3.216E-05 alpha_mix =  0.700 |ddv_scf|^2 =  6.075E-09

      iter #   5 total cpu time : 21609.8 secs   av.it.:  19.2
      thresh= 7.794E-06 alpha_mix =  0.700 |ddv_scf|^2 =  2.707E-08

      iter #   6 total cpu time : 21618.3 secs   av.it.:  15.9
      thresh= 1.645E-05 alpha_mix =  0.700 |ddv_scf|^2 =  3.220E-10

      iter #   7 total cpu time : 21627.6 secs   av.it.:  19.5
      thresh= 1.794E-06 alpha_mix =  0.700 |ddv_scf|^2 =  1.242E-10

      iter #   8 total cpu time : 21636.4 secs   av.it.:  18.0
      thresh= 1.115E-06 alpha_mix =  0.700 |ddv_scf|^2 =  2.740E-11

      iter #   9 total cpu time : 21645.3 secs   av.it.:  17.8
      thresh= 5.235E-07 alpha_mix =  0.700 |ddv_scf|^2 =  8.191E-13

      iter #  10 total cpu time : 21654.6 secs   av.it.:  19.4
      thresh= 9.050E-08 alpha_mix =  0.700 |ddv_scf|^2 =  4.009E-13

      iter #  11 total cpu time : 21662.9 secs   av.it.:  18.2
      thresh= 6.332E-08 alpha_mix =  0.700 |ddv_scf|^2 =  7.303E-15

     End of self-consistent calculation

     Convergence has been achieved 


     Representation #  12 mode #  12

     Self-consistent Calculation

      iter #   1 total cpu time : 21670.6 secs   av.it.:   9.0
      thresh= 1.000E-02 alpha_mix =  0.700 |ddv_scf|^2 =  1.616E-05

      iter #   2 total cpu time : 21680.1 secs   av.it.:  20.1
      thresh= 4.020E-04 alpha_mix =  0.700 |ddv_scf|^2 =  1.852E-04

      iter #   3 total cpu time : 21688.5 secs   av.it.:  15.9
      thresh= 1.361E-03 alpha_mix =  0.700 |ddv_scf|^2 =  2.412E-06

      iter #   4 total cpu time : 21697.2 secs   av.it.:  17.2
      thresh= 1.553E-04 alpha_mix =  0.700 |ddv_scf|^2 =  1.306E-07

      iter #   5 total cpu time : 21706.2 secs   av.it.:  18.1
      thresh= 3.614E-05 alpha_mix =  0.700 |ddv_scf|^2 =  1.861E-08

      iter #   6 total cpu time : 21715.1 secs   av.it.:  18.1
      thresh= 1.364E-05 alpha_mix =  0.700 |ddv_scf|^2 =  2.301E-09

      iter #   7 total cpu time : 21724.1 secs   av.it.:  18.4
      thresh= 4.796E-06 alpha_mix =  0.700 |ddv_scf|^2 =  6.856E-10

      iter #   8 total cpu time : 21733.0 secs   av.it.:  17.8
      thresh= 2.618E-06 alpha_mix =  0.700 |ddv_scf|^2 =  1.305E-11

      iter #   9 total cpu time : 21741.7 secs   av.it.:  19.6
      thresh= 3.612E-07 alpha_mix =  0.700 |ddv_scf|^2 =  3.271E-12

      iter #  10 total cpu time : 21751.0 secs   av.it.:  19.5
      thresh= 1.809E-07 alpha_mix =  0.700 |ddv_scf|^2 =  3.049E-12

      iter #  11 total cpu time : 21759.8 secs   av.it.:  18.0
      thresh= 1.746E-07 alpha_mix =  0.700 |ddv_scf|^2 =  6.311E-13

      iter #  12 total cpu time : 21768.6 secs   av.it.:  17.4
      thresh= 7.944E-08 alpha_mix =  0.700 |ddv_scf|^2 =  8.625E-14

      iter #  13 total cpu time : 21777.6 secs   av.it.:  18.0
      thresh= 2.937E-08 alpha_mix =  0.700 |ddv_scf|^2 =  1.805E-14

      iter #  14 total cpu time : 21786.2 secs   av.it.:  18.0
      thresh= 1.343E-08 alpha_mix =  0.700 |ddv_scf|^2 =  1.272E-15

     End of self-consistent calculation

     Convergence has been achieved 


     Representation #  13 mode #  13

     Self-consistent Calculation

      iter #   1 total cpu time : 21793.5 secs   av.it.:   8.0
      thresh= 1.000E-02 alpha_mix =  0.700 |ddv_scf|^2 =  2.383E-06

      iter #   2 total cpu time : 21803.1 secs   av.it.:  20.6
      thresh= 1.544E-04 alpha_mix =  0.700 |ddv_scf|^2 =  9.325E-06

      iter #   3 total cpu time : 21811.9 secs   av.it.:  17.6
      thresh= 3.054E-04 alpha_mix =  0.700 |ddv_scf|^2 =  1.910E-07

      iter #   4 total cpu time : 21820.6 secs   av.it.:  16.5
      thresh= 4.371E-05 alpha_mix =  0.700 |ddv_scf|^2 =  8.018E-09

      iter #   5 total cpu time : 21829.8 secs   av.it.:  19.4
      thresh= 8.955E-06 alpha_mix =  0.700 |ddv_scf|^2 =  1.752E-09

      iter #   6 total cpu time : 21838.7 secs   av.it.:  18.1
      thresh= 4.185E-06 alpha_mix =  0.700 |ddv_scf|^2 =  3.028E-10

      iter #   7 total cpu time : 21847.8 secs   av.it.:  19.1
      thresh= 1.740E-06 alpha_mix =  0.700 |ddv_scf|^2 =  1.909E-11

      iter #   8 total cpu time : 21857.1 secs   av.it.:  19.6
      thresh= 4.369E-07 alpha_mix =  0.700 |ddv_scf|^2 =  3.576E-12

      iter #   9 total cpu time : 21866.3 secs   av.it.:  19.8
      thresh= 1.891E-07 alpha_mix =  0.700 |ddv_scf|^2 =  2.165E-12

      iter #  10 total cpu time : 21875.2 secs   av.it.:  18.2
      thresh= 1.472E-07 alpha_mix =  0.700 |ddv_scf|^2 =  5.492E-14

      iter #  11 total cpu time : 21884.9 secs   av.it.:  21.6
      thresh= 2.344E-08 alpha_mix =  0.700 |ddv_scf|^2 =  1.783E-13

      iter #  12 total cpu time : 21893.7 secs   av.it.:  17.2
      thresh= 4.223E-08 alpha_mix =  0.700 |ddv_scf|^2 =  1.674E-14

      iter #  13 total cpu time : 21902.8 secs   av.it.:  19.0
      thresh= 1.294E-08 alpha_mix =  0.700 |ddv_scf|^2 =  5.291E-15

     End of self-consistent calculation

     Convergence has been achieved 


     Representation #  14 mode #  14

     Self-consistent Calculation

      iter #   1 total cpu time : 21909.9 secs   av.it.:   6.8
      thresh= 1.000E-02 alpha_mix =  0.700 |ddv_scf|^2 =  1.265E-07

      iter #   2 total cpu time : 21919.4 secs   av.it.:  20.6
      thresh= 3.557E-05 alpha_mix =  0.700 |ddv_scf|^2 =  5.751E-07

      iter #   3 total cpu time : 21928.0 secs   av.it.:  16.5
      thresh= 7.583E-05 alpha_mix =  0.700 |ddv_scf|^2 =  8.931E-08

      iter #   4 total cpu time : 21936.7 secs   av.it.:  17.2
      thresh= 2.988E-05 alpha_mix =  0.700 |ddv_scf|^2 =  2.930E-09

      iter #   5 total cpu time : 21945.7 secs   av.it.:  18.5
      thresh= 5.413E-06 alpha_mix =  0.700 |ddv_scf|^2 =  3.699E-10

      iter #   6 total cpu time : 21954.8 secs   av.it.:  18.6
      thresh= 1.923E-06 alpha_mix =  0.700 |ddv_scf|^2 =  4.922E-11

      iter #   7 total cpu time : 21963.8 secs   av.it.:  18.4
      thresh= 7.015E-07 alpha_mix =  0.700 |ddv_scf|^2 =  1.063E-11

      iter #   8 total cpu time : 21972.7 secs   av.it.:  18.2
      thresh= 3.260E-07 alpha_mix =  0.700 |ddv_scf|^2 =  2.818E-12

      iter #   9 total cpu time : 21981.6 secs   av.it.:  17.8
      thresh= 1.679E-07 alpha_mix =  0.700 |ddv_scf|^2 =  3.821E-14

      iter #  10 total cpu time : 21991.0 secs   av.it.:  20.1
      thresh= 1.955E-08 alpha_mix =  0.700 |ddv_scf|^2 =  1.264E-14

      iter #  11 total cpu time : 22000.3 secs   av.it.:  19.6
      thresh= 1.124E-08 alpha_mix =  0.700 |ddv_scf|^2 =  9.387E-15

     End of self-consistent calculation

     Convergence has been achieved 


     Representation #  15 mode #  15

     Self-consistent Calculation

      iter #   1 total cpu time : 22007.7 secs   av.it.:   7.5
      thresh= 1.000E-02 alpha_mix =  0.700 |ddv_scf|^2 =  2.130E-06

      iter #   2 total cpu time : 22017.2 secs   av.it.:  20.6
      thresh= 1.459E-04 alpha_mix =  0.700 |ddv_scf|^2 =  2.194E-05

      iter #   3 total cpu time : 22025.8 secs   av.it.:  16.2
      thresh= 4.684E-04 alpha_mix =  0.700 |ddv_scf|^2 =  6.437E-07

      iter #   4 total cpu time : 22034.6 secs   av.it.:  17.2
      thresh= 8.023E-05 alpha_mix =  0.700 |ddv_scf|^2 =  5.949E-09

      iter #   5 total cpu time : 22043.7 secs   av.it.:  19.2
      thresh= 7.713E-06 alpha_mix =  0.700 |ddv_scf|^2 =  7.840E-10

      iter #   6 total cpu time : 22052.8 secs   av.it.:  18.2
      thresh= 2.800E-06 alpha_mix =  0.700 |ddv_scf|^2 =  1.805E-10

      iter #   7 total cpu time : 22061.7 secs   av.it.:  17.9
      thresh= 1.343E-06 alpha_mix =  0.700 |ddv_scf|^2 =  2.176E-11

      iter #   8 total cpu time : 22070.7 secs   av.it.:  18.2
      thresh= 4.665E-07 alpha_mix =  0.700 |ddv_scf|^2 =  2.689E-12

      iter #   9 total cpu time : 22079.9 secs   av.it.:  19.1
      thresh= 1.640E-07 alpha_mix =  0.700 |ddv_scf|^2 =  1.110E-12

      iter #  10 total cpu time : 22088.8 secs   av.it.:  18.1
      thresh= 1.054E-07 alpha_mix =  0.700 |ddv_scf|^2 =  2.773E-14

      iter #  11 total cpu time : 22098.1 secs   av.it.:  19.9
      thresh= 1.665E-08 alpha_mix =  0.700 |ddv_scf|^2 =  1.563E-14

      iter #  12 total cpu time : 22107.2 secs   av.it.:  18.4
      thresh= 1.250E-08 alpha_mix =  0.700 |ddv_scf|^2 =  8.315E-15

     End of self-consistent calculation

     Convergence has been achieved 


     Representation #  16 mode #  16

     Self-consistent Calculation

      iter #   1 total cpu time : 22114.5 secs   av.it.:   7.8
      thresh= 1.000E-02 alpha_mix =  0.700 |ddv_scf|^2 =  2.953E-06

      iter #   2 total cpu time : 22124.2 secs   av.it.:  20.5
      thresh= 1.718E-04 alpha_mix =  0.700 |ddv_scf|^2 =  1.602E-05

      iter #   3 total cpu time : 22133.4 secs   av.it.:  17.2
      thresh= 4.002E-04 alpha_mix =  0.700 |ddv_scf|^2 =  1.118E-06

      iter #   4 total cpu time : 22142.4 secs   av.it.:  16.2
      thresh= 1.057E-04 alpha_mix =  0.700 |ddv_scf|^2 =  3.284E-09

      iter #   5 total cpu time : 22152.5 secs   av.it.:  20.9
      thresh= 5.730E-06 alpha_mix =  0.700 |ddv_scf|^2 =  1.410E-09

      iter #   6 total cpu time : 22161.4 secs   av.it.:  18.2
      thresh= 3.755E-06 alpha_mix =  0.700 |ddv_scf|^2 =  2.938E-10

      iter #   7 total cpu time : 22170.6 secs   av.it.:  19.1
      thresh= 1.714E-06 alpha_mix =  0.700 |ddv_scf|^2 =  1.688E-11

      iter #   8 total cpu time : 22179.6 secs   av.it.:  19.5
      thresh= 4.109E-07 alpha_mix =  0.700 |ddv_scf|^2 =  3.247E-12

      iter #   9 total cpu time : 22189.0 secs   av.it.:  20.0
      thresh= 1.802E-07 alpha_mix =  0.700 |ddv_scf|^2 =  1.570E-12

      iter #  10 total cpu time : 22198.0 secs   av.it.:  18.2
      thresh= 1.253E-07 alpha_mix =  0.700 |ddv_scf|^2 =  1.591E-13

      iter #  11 total cpu time : 22207.1 secs   av.it.:  19.4
      thresh= 3.989E-08 alpha_mix =  0.700 |ddv_scf|^2 =  1.075E-13

      iter #  12 total cpu time : 22215.9 secs   av.it.:  17.2
      thresh= 3.279E-08 alpha_mix =  0.700 |ddv_scf|^2 =  1.097E-14

      iter #  13 total cpu time : 22225.0 secs   av.it.:  19.4
      thresh= 1.047E-08 alpha_mix =  0.700 |ddv_scf|^2 =  2.714E-15

     End of self-consistent calculation

     Convergence has been achieved 


     Representation #  17 mode #  17

     Self-consistent Calculation

      iter #   1 total cpu time : 22232.3 secs   av.it.:   7.5
      thresh= 1.000E-02 alpha_mix =  0.700 |ddv_scf|^2 =  1.047E-07

      iter #   2 total cpu time : 22241.9 secs   av.it.:  21.2
      thresh= 3.235E-05 alpha_mix =  0.700 |ddv_scf|^2 =  2.009E-07

      iter #   3 total cpu time : 22250.8 secs   av.it.:  18.1
      thresh= 4.483E-05 alpha_mix =  0.700 |ddv_scf|^2 =  1.767E-07

      iter #   4 total cpu time : 22259.4 secs   av.it.:  16.5
      thresh= 4.204E-05 alpha_mix =  0.700 |ddv_scf|^2 =  2.144E-09

      iter #   5 total cpu time : 22268.5 secs   av.it.:  18.8
      thresh= 4.630E-06 alpha_mix =  0.700 |ddv_scf|^2 =  3.946E-10

      iter #   6 total cpu time : 22277.6 secs   av.it.:  19.0
      thresh= 1.986E-06 alpha_mix =  0.700 |ddv_scf|^2 =  3.950E-11

      iter #   7 total cpu time : 22286.7 secs   av.it.:  18.6
      thresh= 6.285E-07 alpha_mix =  0.700 |ddv_scf|^2 =  1.137E-11

      iter #   8 total cpu time : 22295.6 secs   av.it.:  17.8
      thresh= 3.372E-07 alpha_mix =  0.700 |ddv_scf|^2 =  2.275E-12

      iter #   9 total cpu time : 22304.4 secs   av.it.:  17.6
      thresh= 1.508E-07 alpha_mix =  0.700 |ddv_scf|^2 =  4.153E-14

      iter #  10 total cpu time : 22313.7 secs   av.it.:  20.0
      thresh= 2.038E-08 alpha_mix =  0.700 |ddv_scf|^2 =  3.471E-15

     End of self-consistent calculation

     Convergence has been achieved 


     Representation #  18 mode #  18

     Self-consistent Calculation

      iter #   1 total cpu time : 22321.0 secs   av.it.:   7.4
      thresh= 1.000E-02 alpha_mix =  0.700 |ddv_scf|^2 =  2.199E-06

      iter #   2 total cpu time : 22330.5 secs   av.it.:  20.8
      thresh= 1.483E-04 alpha_mix =  0.700 |ddv_scf|^2 =  2.267E-05

      iter #   3 total cpu time : 22339.1 secs   av.it.:  16.2
      thresh= 4.761E-04 alpha_mix =  0.700 |ddv_scf|^2 =  6.893E-07

      iter #   4 total cpu time : 22348.0 secs   av.it.:  17.6
      thresh= 8.302E-05 alpha_mix =  0.700 |ddv_scf|^2 =  7.890E-09

      iter #   5 total cpu time : 22356.6 secs   av.it.:  19.1
      thresh= 8.883E-06 alpha_mix =  0.700 |ddv_scf|^2 =  7.432E-10

      iter #   6 total cpu time : 22365.7 secs   av.it.:  18.5
      thresh= 2.726E-06 alpha_mix =  0.700 |ddv_scf|^2 =  2.082E-10

      iter #   7 total cpu time : 22374.7 secs   av.it.:  18.2
      thresh= 1.443E-06 alpha_mix =  0.700 |ddv_scf|^2 =  1.773E-11

      iter #   8 total cpu time : 22383.8 secs   av.it.:  18.6
      thresh= 4.210E-07 alpha_mix =  0.700 |ddv_scf|^2 =  3.312E-12

      iter #   9 total cpu time : 22392.9 secs   av.it.:  19.1
      thresh= 1.820E-07 alpha_mix =  0.700 |ddv_scf|^2 =  1.685E-12

      iter #  10 total cpu time : 22401.8 secs   av.it.:  18.1
      thresh= 1.298E-07 alpha_mix =  0.700 |ddv_scf|^2 =  1.012E-13

      iter #  11 total cpu time : 22411.2 secs   av.it.:  20.5
      thresh= 3.182E-08 alpha_mix =  0.700 |ddv_scf|^2 =  1.328E-13

      iter #  12 total cpu time : 22420.1 secs   av.it.:  17.5
      thresh= 3.644E-08 alpha_mix =  0.700 |ddv_scf|^2 =  1.729E-14

      iter #  13 total cpu time : 22429.1 secs   av.it.:  18.6
      thresh= 1.315E-08 alpha_mix =  0.700 |ddv_scf|^2 =  1.885E-15

     End of self-consistent calculation

     Convergence has been achieved 


     Representation #  19 mode #  19

     Self-consistent Calculation

      iter #   1 total cpu time : 22436.6 secs   av.it.:   8.1
      thresh= 1.000E-02 alpha_mix =  0.700 |ddv_scf|^2 =  2.602E-06

      iter #   2 total cpu time : 22446.1 secs   av.it.:  20.8
      thresh= 1.613E-04 alpha_mix =  0.700 |ddv_scf|^2 =  1.051E-05

      iter #   3 total cpu time : 22455.0 secs   av.it.:  17.9
      thresh= 3.242E-04 alpha_mix =  0.700 |ddv_scf|^2 =  3.017E-07

      iter #   4 total cpu time : 22463.6 secs   av.it.:  16.5
      thresh= 5.493E-05 alpha_mix =  0.700 |ddv_scf|^2 =  1.139E-08

      iter #   5 total cpu time : 22472.5 secs   av.it.:  19.2
      thresh= 1.067E-05 alpha_mix =  0.700 |ddv_scf|^2 =  1.022E-09

      iter #   6 total cpu time : 22481.0 secs   av.it.:  19.4
      thresh= 3.197E-06 alpha_mix =  0.700 |ddv_scf|^2 =  2.451E-10

      iter #   7 total cpu time : 22490.2 secs   av.it.:  19.2
      thresh= 1.565E-06 alpha_mix =  0.700 |ddv_scf|^2 =  8.501E-12

      iter #   8 total cpu time : 22499.6 secs   av.it.:  20.5
      thresh= 2.916E-07 alpha_mix =  0.700 |ddv_scf|^2 =  1.919E-12

      iter #   9 total cpu time : 22508.3 secs   av.it.:  20.1
      thresh= 1.385E-07 alpha_mix =  0.700 |ddv_scf|^2 =  1.686E-12

      iter #  10 total cpu time : 22517.2 secs   av.it.:  18.1
      thresh= 1.299E-07 alpha_mix =  0.700 |ddv_scf|^2 =  3.389E-13

      iter #  11 total cpu time : 22526.5 secs   av.it.:  19.4
      thresh= 5.821E-08 alpha_mix =  0.700 |ddv_scf|^2 =  1.855E-13

      iter #  12 total cpu time : 22535.5 secs   av.it.:  18.4
      thresh= 4.306E-08 alpha_mix =  0.700 |ddv_scf|^2 =  1.420E-14

      iter #  13 total cpu time : 22544.7 secs   av.it.:  20.1
      thresh= 1.192E-08 alpha_mix =  0.700 |ddv_scf|^2 =  7.997E-15

     End of self-consistent calculation

     Convergence has been achieved 


     Representation #  20 mode #  20

     Self-consistent Calculation

      iter #   1 total cpu time : 22552.0 secs   av.it.:   7.2
      thresh= 1.000E-02 alpha_mix =  0.700 |ddv_scf|^2 =  1.770E-07

      iter #   2 total cpu time : 22561.5 secs   av.it.:  20.5
      thresh= 4.208E-05 alpha_mix =  0.700 |ddv_scf|^2 =  8.067E-07

      iter #   3 total cpu time : 22570.1 secs   av.it.:  16.2
      thresh= 8.982E-05 alpha_mix =  0.700 |ddv_scf|^2 =  1.292E-07

      iter #   4 total cpu time : 22578.8 secs   av.it.:  17.1
      thresh= 3.595E-05 alpha_mix =  0.700 |ddv_scf|^2 =  2.363E-08

      iter #   5 total cpu time : 22587.6 secs   av.it.:  17.4
      thresh= 1.537E-05 alpha_mix =  0.700 |ddv_scf|^2 =  3.881E-10

      iter #   6 total cpu time : 22596.8 secs   av.it.:  19.4
      thresh= 1.970E-06 alpha_mix =  0.700 |ddv_scf|^2 =  1.326E-10

      iter #   7 total cpu time : 22605.6 secs   av.it.:  17.5
      thresh= 1.152E-06 alpha_mix =  0.700 |ddv_scf|^2 =  1.691E-11

      iter #   8 total cpu time : 22614.5 secs   av.it.:  18.5
      thresh= 4.112E-07 alpha_mix =  0.700 |ddv_scf|^2 =  4.398E-12

      iter #   9 total cpu time : 22623.2 secs   av.it.:  17.0
      thresh= 2.097E-07 alpha_mix =  0.700 |ddv_scf|^2 =  7.847E-14

      iter #  10 total cpu time : 22632.8 secs   av.it.:  21.2
      thresh= 2.801E-08 alpha_mix =  0.700 |ddv_scf|^2 =  1.821E-13

      iter #  11 total cpu time : 22641.8 secs   av.it.:  18.2
      thresh= 4.267E-08 alpha_mix =  0.700 |ddv_scf|^2 =  1.490E-14

      iter #  12 total cpu time : 22651.0 secs   av.it.:  19.5
      thresh= 1.221E-08 alpha_mix =  0.700 |ddv_scf|^2 =  1.024E-14

      iter #  13 total cpu time : 22659.7 secs   av.it.:  17.1
      thresh= 1.012E-08 alpha_mix =  0.700 |ddv_scf|^2 =  9.925E-16

     End of self-consistent calculation

     Convergence has been achieved 


     Representation #  21 mode #  21

     Self-consistent Calculation

      iter #   1 total cpu time : 22667.1 secs   av.it.:   7.8
      thresh= 1.000E-02 alpha_mix =  0.700 |ddv_scf|^2 =  2.677E-06

      iter #   2 total cpu time : 22676.6 secs   av.it.:  20.4
      thresh= 1.636E-04 alpha_mix =  0.700 |ddv_scf|^2 =  3.258E-05

      iter #   3 total cpu time : 22685.1 secs   av.it.:  15.9
      thresh= 5.708E-04 alpha_mix =  0.700 |ddv_scf|^2 =  4.173E-07

      iter #   4 total cpu time : 22693.9 secs   av.it.:  17.9
      thresh= 6.460E-05 alpha_mix =  0.700 |ddv_scf|^2 =  1.060E-08

      iter #   5 total cpu time : 22702.8 secs   av.it.:  18.2
      thresh= 1.029E-05 alpha_mix =  0.700 |ddv_scf|^2 =  4.177E-10

      iter #   6 total cpu time : 22712.1 secs   av.it.:  19.4
      thresh= 2.044E-06 alpha_mix =  0.700 |ddv_scf|^2 =  2.004E-10

      iter #   7 total cpu time : 22720.9 secs   av.it.:  17.4
      thresh= 1.416E-06 alpha_mix =  0.700 |ddv_scf|^2 =  1.466E-11

      iter #   8 total cpu time : 22729.9 secs   av.it.:  18.4
      thresh= 3.828E-07 alpha_mix =  0.700 |ddv_scf|^2 =  3.953E-12

      iter #   9 total cpu time : 22738.8 secs   av.it.:  17.5
      thresh= 1.988E-07 alpha_mix =  0.700 |ddv_scf|^2 =  2.017E-13

      iter #  10 total cpu time : 22747.9 secs   av.it.:  18.9
      thresh= 4.492E-08 alpha_mix =  0.700 |ddv_scf|^2 =  8.726E-14

      iter #  11 total cpu time : 22756.9 secs   av.it.:  18.4
      thresh= 2.954E-08 alpha_mix =  0.700 |ddv_scf|^2 =  1.674E-14

      iter #  12 total cpu time : 22765.9 secs   av.it.:  18.9
      thresh= 1.294E-08 alpha_mix =  0.700 |ddv_scf|^2 =  5.004E-15

     End of self-consistent calculation

     Convergence has been achieved 


     Representation #  22 mode #  22

     Self-consistent Calculation

      iter #   1 total cpu time : 22773.3 secs   av.it.:   7.6
      thresh= 1.000E-02 alpha_mix =  0.700 |ddv_scf|^2 =  5.116E-06

      iter #   2 total cpu time : 22782.1 secs   av.it.:  20.2
      thresh= 2.262E-04 alpha_mix =  0.700 |ddv_scf|^2 =  6.836E-05

      iter #   3 total cpu time : 22790.0 secs   av.it.:  15.6
      thresh= 8.268E-04 alpha_mix =  0.700 |ddv_scf|^2 =  3.159E-07

      iter #   4 total cpu time : 22799.0 secs   av.it.:  18.4
      thresh= 5.621E-05 alpha_mix =  0.700 |ddv_scf|^2 =  1.964E-08

      iter #   5 total cpu time : 22808.1 secs   av.it.:  18.6
      thresh= 1.402E-05 alpha_mix =  0.700 |ddv_scf|^2 =  1.899E-09

      iter #   6 total cpu time : 22816.9 secs   av.it.:  17.5
      thresh= 4.357E-06 alpha_mix =  0.700 |ddv_scf|^2 =  1.173E-10

      iter #   7 total cpu time : 22825.8 secs   av.it.:  17.9
      thresh= 1.083E-06 alpha_mix =  0.700 |ddv_scf|^2 =  2.382E-11

      iter #   8 total cpu time : 22834.8 secs   av.it.:  18.4
      thresh= 4.880E-07 alpha_mix =  0.700 |ddv_scf|^2 =  1.308E-12

      iter #   9 total cpu time : 22843.4 secs   av.it.:  19.2
      thresh= 1.144E-07 alpha_mix =  0.700 |ddv_scf|^2 =  6.300E-13

      iter #  10 total cpu time : 22852.4 secs   av.it.:  18.2
      thresh= 7.937E-08 alpha_mix =  0.700 |ddv_scf|^2 =  1.265E-13

      iter #  11 total cpu time : 22861.7 secs   av.it.:  19.6
      thresh= 3.557E-08 alpha_mix =  0.700 |ddv_scf|^2 =  1.117E-13

      iter #  12 total cpu time : 22870.5 secs   av.it.:  17.4
      thresh= 3.342E-08 alpha_mix =  0.700 |ddv_scf|^2 =  8.288E-15

     End of self-consistent calculation

     Convergence has been achieved 


     Representation #  23 mode #  23

     Self-consistent Calculation

      iter #   1 total cpu time : 22877.7 secs   av.it.:   7.0
      thresh= 1.000E-02 alpha_mix =  0.700 |ddv_scf|^2 =  1.703E-07

      iter #   2 total cpu time : 22887.1 secs   av.it.:  20.2
      thresh= 4.126E-05 alpha_mix =  0.700 |ddv_scf|^2 =  3.211E-07

      iter #   3 total cpu time : 22896.0 secs   av.it.:  18.0
      thresh= 5.667E-05 alpha_mix =  0.700 |ddv_scf|^2 =  9.943E-08

      iter #   4 total cpu time : 22904.8 secs   av.it.:  17.1
      thresh= 3.153E-05 alpha_mix =  0.700 |ddv_scf|^2 =  4.954E-08

      iter #   5 total cpu time : 22913.0 secs   av.it.:  16.2
      thresh= 2.226E-05 alpha_mix =  0.700 |ddv_scf|^2 =  1.258E-10

      iter #   6 total cpu time : 22922.6 secs   av.it.:  21.1
      thresh= 1.122E-06 alpha_mix =  0.700 |ddv_scf|^2 =  1.761E-10

      iter #   7 total cpu time : 22931.4 secs   av.it.:  17.6
      thresh= 1.327E-06 alpha_mix =  0.700 |ddv_scf|^2 =  4.601E-12

      iter #   8 total cpu time : 22940.6 secs   av.it.:  19.4
      thresh= 2.145E-07 alpha_mix =  0.700 |ddv_scf|^2 =  6.375E-13

      iter #   9 total cpu time : 22950.0 secs   av.it.:  20.1
      thresh= 7.985E-08 alpha_mix =  0.700 |ddv_scf|^2 =  9.061E-13

      iter #  10 total cpu time : 22959.0 secs   av.it.:  17.9
      thresh= 9.519E-08 alpha_mix =  0.700 |ddv_scf|^2 =  7.373E-13

      iter #  11 total cpu time : 22967.7 secs   av.it.:  16.8
      thresh= 8.587E-08 alpha_mix =  0.700 |ddv_scf|^2 =  7.135E-14

      iter #  12 total cpu time : 22976.5 secs   av.it.:  18.8
      thresh= 2.671E-08 alpha_mix =  0.700 |ddv_scf|^2 =  5.841E-15

     End of self-consistent calculation

     Convergence has been achieved 


     Representation #  24 mode #  24

     Self-consistent Calculation

      iter #   1 total cpu time : 22983.9 secs   av.it.:   7.5
      thresh= 1.000E-02 alpha_mix =  0.700 |ddv_scf|^2 =  1.302E-06

      iter #   2 total cpu time : 22993.4 secs   av.it.:  20.5
      thresh= 1.141E-04 alpha_mix =  0.700 |ddv_scf|^2 =  5.109E-06

      iter #   3 total cpu time : 23002.1 secs   av.it.:  17.6
      thresh= 2.260E-04 alpha_mix =  0.700 |ddv_scf|^2 =  1.113E-07

      iter #   4 total cpu time : 23011.1 secs   av.it.:  18.0
      thresh= 3.336E-05 alpha_mix =  0.700 |ddv_scf|^2 =  4.916E-08

      iter #   5 total cpu time : 23019.9 secs   av.it.:  17.5
      thresh= 2.217E-05 alpha_mix =  0.700 |ddv_scf|^2 =  4.363E-10

      iter #   6 total cpu time : 23029.2 secs   av.it.:  19.9
      thresh= 2.089E-06 alpha_mix =  0.700 |ddv_scf|^2 =  2.786E-10

      iter #   7 total cpu time : 23038.3 secs   av.it.:  18.5
      thresh= 1.669E-06 alpha_mix =  0.700 |ddv_scf|^2 =  8.526E-12

      iter #   8 total cpu time : 23047.8 secs   av.it.:  20.8
      thresh= 2.920E-07 alpha_mix =  0.700 |ddv_scf|^2 =  1.543E-12

      iter #   9 total cpu time : 23057.3 secs   av.it.:  20.8
      thresh= 1.242E-07 alpha_mix =  0.700 |ddv_scf|^2 =  1.492E-12

      iter #  10 total cpu time : 23066.2 secs   av.it.:  18.2
      thresh= 1.222E-07 alpha_mix =  0.700 |ddv_scf|^2 =  3.992E-13

      iter #  11 total cpu time : 23075.2 secs   av.it.:  18.2
      thresh= 6.318E-08 alpha_mix =  0.700 |ddv_scf|^2 =  4.639E-13

      iter #  12 total cpu time : 23084.1 secs   av.it.:  17.4
      thresh= 6.811E-08 alpha_mix =  0.700 |ddv_scf|^2 =  2.844E-14

      iter #  13 total cpu time : 23093.1 secs   av.it.:  18.4
      thresh= 1.686E-08 alpha_mix =  0.700 |ddv_scf|^2 =  4.673E-15

     End of self-consistent calculation

     Convergence has been achieved 


     Representation #  25 mode #  25

     Self-consistent Calculation

      iter #   1 total cpu time : 23100.5 secs   av.it.:   7.8
      thresh= 1.000E-02 alpha_mix =  0.700 |ddv_scf|^2 =  3.414E-06

      iter #   2 total cpu time : 23109.9 secs   av.it.:  20.1
      thresh= 1.848E-04 alpha_mix =  0.700 |ddv_scf|^2 =  2.445E-05

      iter #   3 total cpu time : 23118.6 secs   av.it.:  16.2
      thresh= 4.945E-04 alpha_mix =  0.700 |ddv_scf|^2 =  1.665E-06

      iter #   4 total cpu time : 23127.2 secs   av.it.:  16.2
      thresh= 1.290E-04 alpha_mix =  0.700 |ddv_scf|^2 =  3.052E-09

      iter #   5 total cpu time : 23136.6 secs   av.it.:  21.2
      thresh= 5.525E-06 alpha_mix =  0.700 |ddv_scf|^2 =  1.952E-09

      iter #   6 total cpu time : 23145.5 secs   av.it.:  18.2
      thresh= 4.419E-06 alpha_mix =  0.700 |ddv_scf|^2 =  2.576E-10

      iter #   7 total cpu time : 23154.6 secs   av.it.:  18.6
      thresh= 1.605E-06 alpha_mix =  0.700 |ddv_scf|^2 =  2.614E-11

      iter #   8 total cpu time : 23163.6 secs   av.it.:  18.2
      thresh= 5.113E-07 alpha_mix =  0.700 |ddv_scf|^2 =  6.920E-12

      iter #   9 total cpu time : 23172.7 secs   av.it.:  18.2
      thresh= 2.631E-07 alpha_mix =  0.700 |ddv_scf|^2 =  1.490E-12

      iter #  10 total cpu time : 23181.6 secs   av.it.:  18.2
      thresh= 1.221E-07 alpha_mix =  0.700 |ddv_scf|^2 =  7.697E-14

      iter #  11 total cpu time : 23191.1 secs   av.it.:  20.6
      thresh= 2.774E-08 alpha_mix =  0.700 |ddv_scf|^2 =  1.058E-13

      iter #  12 total cpu time : 23200.0 secs   av.it.:  17.5
      thresh= 3.252E-08 alpha_mix =  0.700 |ddv_scf|^2 =  1.186E-14

      iter #  13 total cpu time : 23208.9 secs   av.it.:  19.2
      thresh= 1.089E-08 alpha_mix =  0.700 |ddv_scf|^2 =  4.167E-15

     End of self-consistent calculation

     Convergence has been achieved 


     Representation #  26 mode #  26

     Self-consistent Calculation

      iter #   1 total cpu time : 23216.1 secs   av.it.:   6.9
      thresh= 1.000E-02 alpha_mix =  0.700 |ddv_scf|^2 =  9.502E-08

      iter #   2 total cpu time : 23225.4 secs   av.it.:  19.6
      thresh= 3.083E-05 alpha_mix =  0.700 |ddv_scf|^2 =  1.239E-08

      iter #   3 total cpu time : 23234.9 secs   av.it.:  21.1
      thresh= 1.113E-05 alpha_mix =  0.700 |ddv_scf|^2 =  1.644E-08

      iter #   4 total cpu time : 23243.8 secs   av.it.:  17.4
      thresh= 1.282E-05 alpha_mix =  0.700 |ddv_scf|^2 =  1.424E-09

      iter #   5 total cpu time : 23252.7 secs   av.it.:  18.0
      thresh= 3.773E-06 alpha_mix =  0.700 |ddv_scf|^2 =  9.959E-10

      iter #   6 total cpu time : 23261.4 secs   av.it.:  16.9
      thresh= 3.156E-06 alpha_mix =  0.700 |ddv_scf|^2 =  6.641E-12

      iter #   7 total cpu time : 23271.1 secs   av.it.:  21.5
      thresh= 2.577E-07 alpha_mix =  0.700 |ddv_scf|^2 =  1.248E-11

      iter #   8 total cpu time : 23279.9 secs   av.it.:  17.6
      thresh= 3.533E-07 alpha_mix =  0.700 |ddv_scf|^2 =  1.394E-13

      iter #   9 total cpu time : 23289.0 secs   av.it.:  21.5
      thresh= 3.733E-08 alpha_mix =  0.700 |ddv_scf|^2 =  1.559E-13

      iter #  10 total cpu time : 23297.6 secs   av.it.:  19.2
      thresh= 3.949E-08 alpha_mix =  0.700 |ddv_scf|^2 =  8.823E-14

      iter #  11 total cpu time : 23306.6 secs   av.it.:  18.2
      thresh= 2.970E-08 alpha_mix =  0.700 |ddv_scf|^2 =  6.175E-14

      iter #  12 total cpu time : 23315.2 secs   av.it.:  17.2
      thresh= 2.485E-08 alpha_mix =  0.700 |ddv_scf|^2 =  3.027E-15

     End of self-consistent calculation

     Convergence has been achieved 


     Representation #  27 mode #  27

     Self-consistent Calculation

      iter #   1 total cpu time : 23322.5 secs   av.it.:   7.8
      thresh= 1.000E-02 alpha_mix =  0.700 |ddv_scf|^2 =  1.616E-06

      iter #   2 total cpu time : 23332.1 secs   av.it.:  21.0
      thresh= 1.271E-04 alpha_mix =  0.700 |ddv_scf|^2 =  9.100E-06

      iter #   3 total cpu time : 23340.9 secs   av.it.:  17.5
      thresh= 3.017E-04 alpha_mix =  0.700 |ddv_scf|^2 =  8.281E-07

      iter #   4 total cpu time : 23349.5 secs   av.it.:  16.6
      thresh= 9.100E-05 alpha_mix =  0.700 |ddv_scf|^2 =  4.204E-09

      iter #   5 total cpu time : 23358.9 secs   av.it.:  20.4
      thresh= 6.484E-06 alpha_mix =  0.700 |ddv_scf|^2 =  3.413E-10

      iter #   6 total cpu time : 23368.3 secs   av.it.:  20.1
      thresh= 1.848E-06 alpha_mix =  0.700 |ddv_scf|^2 =  1.957E-10

      iter #   7 total cpu time : 23377.3 secs   av.it.:  18.6
      thresh= 1.399E-06 alpha_mix =  0.700 |ddv_scf|^2 =  8.271E-12

      iter #   8 total cpu time : 23386.7 secs   av.it.:  20.2
      thresh= 2.876E-07 alpha_mix =  0.700 |ddv_scf|^2 =  1.261E-12

      iter #   9 total cpu time : 23395.6 secs   av.it.:  20.6
      thresh= 1.123E-07 alpha_mix =  0.700 |ddv_scf|^2 =  3.802E-12

      iter #  10 total cpu time : 23404.2 secs   av.it.:  16.9
      thresh= 1.950E-07 alpha_mix =  0.700 |ddv_scf|^2 =  1.895E-13

      iter #  11 total cpu time : 23413.5 secs   av.it.:  19.6
      thresh= 4.353E-08 alpha_mix =  0.700 |ddv_scf|^2 =  1.077E-13

      iter #  12 total cpu time : 23422.4 secs   av.it.:  19.1
      thresh= 3.282E-08 alpha_mix =  0.700 |ddv_scf|^2 =  1.027E-14

      iter #  13 total cpu time : 23431.1 secs   av.it.:  19.4
      thresh= 1.013E-08 alpha_mix =  0.700 |ddv_scf|^2 =  3.640E-15

     End of self-consistent calculation

     Convergence has been achieved 


     Representation #  28 mode #  28

     Self-consistent Calculation

      iter #   1 total cpu time : 23438.3 secs   av.it.:   7.8
      thresh= 1.000E-02 alpha_mix =  0.700 |ddv_scf|^2 =  3.005E-06

      iter #   2 total cpu time : 23447.9 secs   av.it.:  20.6
      thresh= 1.733E-04 alpha_mix =  0.700 |ddv_scf|^2 =  1.823E-05

      iter #   3 total cpu time : 23456.2 secs   av.it.:  17.2
      thresh= 4.270E-04 alpha_mix =  0.700 |ddv_scf|^2 =  1.491E-06

      iter #   4 total cpu time : 23464.8 secs   av.it.:  16.2
      thresh= 1.221E-04 alpha_mix =  0.700 |ddv_scf|^2 =  5.234E-09

      iter #   5 total cpu time : 23474.4 secs   av.it.:  21.2
      thresh= 7.235E-06 alpha_mix =  0.700 |ddv_scf|^2 =  2.229E-09

      iter #   6 total cpu time : 23483.4 secs   av.it.:  18.2
      thresh= 4.721E-06 alpha_mix =  0.700 |ddv_scf|^2 =  3.964E-10

      iter #   7 total cpu time : 23492.5 secs   av.it.:  18.5
      thresh= 1.991E-06 alpha_mix =  0.700 |ddv_scf|^2 =  2.283E-11

      iter #   8 total cpu time : 23501.7 secs   av.it.:  19.2
      thresh= 4.778E-07 alpha_mix =  0.700 |ddv_scf|^2 =  3.583E-12

      iter #   9 total cpu time : 23511.0 secs   av.it.:  19.4
      thresh= 1.893E-07 alpha_mix =  0.700 |ddv_scf|^2 =  1.640E-12

      iter #  10 total cpu time : 23519.9 secs   av.it.:  18.2
      thresh= 1.281E-07 alpha_mix =  0.700 |ddv_scf|^2 =  3.061E-13

      iter #  11 total cpu time : 23529.1 secs   av.it.:  19.0
      thresh= 5.533E-08 alpha_mix =  0.700 |ddv_scf|^2 =  1.311E-13

      iter #  12 total cpu time : 23537.6 secs   av.it.:  17.8
      thresh= 3.621E-08 alpha_mix =  0.700 |ddv_scf|^2 =  2.914E-14

      iter #  13 total cpu time : 23546.9 secs   av.it.:  18.6
      thresh= 1.707E-08 alpha_mix =  0.700 |ddv_scf|^2 =  1.150E-14

      iter #  14 total cpu time : 23555.7 secs   av.it.:  17.2
      thresh= 1.072E-08 alpha_mix =  0.700 |ddv_scf|^2 =  1.204E-15

     End of self-consistent calculation

     Convergence has been achieved 


     Representation #  29 mode #  29

     Self-consistent Calculation

      iter #   1 total cpu time : 23562.8 secs   av.it.:   6.5
      thresh= 1.000E-02 alpha_mix =  0.700 |ddv_scf|^2 =  9.412E-08

      iter #   2 total cpu time : 23572.2 secs   av.it.:  19.8
      thresh= 3.068E-05 alpha_mix =  0.700 |ddv_scf|^2 =  1.439E-07

      iter #   3 total cpu time : 23580.5 secs   av.it.:  18.4
      thresh= 3.793E-05 alpha_mix =  0.700 |ddv_scf|^2 =  1.183E-07

      iter #   4 total cpu time : 23588.9 secs   av.it.:  16.4
      thresh= 3.440E-05 alpha_mix =  0.700 |ddv_scf|^2 =  1.862E-08

      iter #   5 total cpu time : 23597.7 secs   av.it.:  17.1
      thresh= 1.365E-05 alpha_mix =  0.700 |ddv_scf|^2 =  4.791E-10

      iter #   6 total cpu time : 23606.8 secs   av.it.:  18.5
      thresh= 2.189E-06 alpha_mix =  0.700 |ddv_scf|^2 =  7.653E-11

      iter #   7 total cpu time : 23615.8 secs   av.it.:  18.1
      thresh= 8.748E-07 alpha_mix =  0.700 |ddv_scf|^2 =  1.127E-11

      iter #   8 total cpu time : 23624.7 secs   av.it.:  18.1
      thresh= 3.357E-07 alpha_mix =  0.700 |ddv_scf|^2 =  3.301E-12

      iter #   9 total cpu time : 23633.7 secs   av.it.:  17.4
      thresh= 1.817E-07 alpha_mix =  0.700 |ddv_scf|^2 =  3.865E-14

      iter #  10 total cpu time : 23643.3 secs   av.it.:  20.9
      thresh= 1.966E-08 alpha_mix =  0.700 |ddv_scf|^2 =  4.652E-14

      iter #  11 total cpu time : 23652.5 secs   av.it.:  18.6
      thresh= 2.157E-08 alpha_mix =  0.700 |ddv_scf|^2 =  1.494E-14

      iter #  12 total cpu time : 23661.1 secs   av.it.:  18.6
      thresh= 1.222E-08 alpha_mix =  0.700 |ddv_scf|^2 =  4.307E-15

     End of self-consistent calculation

     Convergence has been achieved 


     Representation #  30 mode #  30

     Self-consistent Calculation

      iter #   1 total cpu time : 23667.9 secs   av.it.:   7.5
      thresh= 1.000E-02 alpha_mix =  0.700 |ddv_scf|^2 =  1.742E-06

      iter #   2 total cpu time : 23677.4 secs   av.it.:  20.6
      thresh= 1.320E-04 alpha_mix =  0.700 |ddv_scf|^2 =  1.471E-05

      iter #   3 total cpu time : 23685.7 secs   av.it.:  16.2
      thresh= 3.835E-04 alpha_mix =  0.700 |ddv_scf|^2 =  7.795E-07

      iter #   4 total cpu time : 23694.0 secs   av.it.:  17.2
      thresh= 8.829E-05 alpha_mix =  0.700 |ddv_scf|^2 =  4.775E-09

      iter #   5 total cpu time : 23703.4 secs   av.it.:  20.0
      thresh= 6.910E-06 alpha_mix =  0.700 |ddv_scf|^2 =  1.097E-09

      iter #   6 total cpu time : 23712.3 secs   av.it.:  18.1
      thresh= 3.313E-06 alpha_mix =  0.700 |ddv_scf|^2 =  2.558E-10

      iter #   7 total cpu time : 23721.3 secs   av.it.:  18.4
      thresh= 1.599E-06 alpha_mix =  0.700 |ddv_scf|^2 =  2.293E-11

      iter #   8 total cpu time : 23730.4 secs   av.it.:  18.2
      thresh= 4.789E-07 alpha_mix =  0.700 |ddv_scf|^2 =  2.848E-12

      iter #   9 total cpu time : 23739.3 secs   av.it.:  18.2
      thresh= 1.688E-07 alpha_mix =  0.700 |ddv_scf|^2 =  3.696E-13

      iter #  10 total cpu time : 23747.9 secs   av.it.:  18.8
      thresh= 6.080E-08 alpha_mix =  0.700 |ddv_scf|^2 =  7.653E-14

      iter #  11 total cpu time : 23757.4 secs   av.it.:  20.2
      thresh= 2.766E-08 alpha_mix =  0.700 |ddv_scf|^2 =  8.933E-14

      iter #  12 total cpu time : 23766.3 secs   av.it.:  17.9
      thresh= 2.989E-08 alpha_mix =  0.700 |ddv_scf|^2 =  3.675E-15

     End of self-consistent calculation

     Convergence has been achieved 


     Representation #  31 mode #  31

     Self-consistent Calculation

      iter #   1 total cpu time : 23773.7 secs   av.it.:   7.6
      thresh= 1.000E-02 alpha_mix =  0.700 |ddv_scf|^2 =  3.729E-06

      iter #   2 total cpu time : 23783.2 secs   av.it.:  20.2
      thresh= 1.931E-04 alpha_mix =  0.700 |ddv_scf|^2 =  4.173E-05

      iter #   3 total cpu time : 23791.7 secs   av.it.:  16.1
      thresh= 6.460E-04 alpha_mix =  0.700 |ddv_scf|^2 =  8.194E-07

      iter #   4 total cpu time : 23800.5 secs   av.it.:  17.4
      thresh= 9.052E-05 alpha_mix =  0.700 |ddv_scf|^2 =  1.914E-08

      iter #   5 total cpu time : 23809.2 secs   av.it.:  18.4
      thresh= 1.383E-05 alpha_mix =  0.700 |ddv_scf|^2 =  2.074E-09

      iter #   6 total cpu time : 23818.2 secs   av.it.:  17.9
      thresh= 4.554E-06 alpha_mix =  0.700 |ddv_scf|^2 =  3.589E-10

      iter #   7 total cpu time : 23827.1 secs   av.it.:  17.9
      thresh= 1.894E-06 alpha_mix =  0.700 |ddv_scf|^2 =  1.844E-11

      iter #   8 total cpu time : 23836.2 secs   av.it.:  18.5
      thresh= 4.294E-07 alpha_mix =  0.700 |ddv_scf|^2 =  1.978E-12

      iter #   9 total cpu time : 23845.6 secs   av.it.:  20.1
      thresh= 1.406E-07 alpha_mix =  0.700 |ddv_scf|^2 =  1.489E-12

      iter #  10 total cpu time : 23854.7 secs   av.it.:  18.2
      thresh= 1.220E-07 alpha_mix =  0.700 |ddv_scf|^2 =  2.278E-13

      iter #  11 total cpu time : 23864.0 secs   av.it.:  19.4
      thresh= 4.773E-08 alpha_mix =  0.700 |ddv_scf|^2 =  1.328E-13

      iter #  12 total cpu time : 23872.8 secs   av.it.:  17.2
      thresh= 3.645E-08 alpha_mix =  0.700 |ddv_scf|^2 =  1.577E-14

      iter #  13 total cpu time : 23882.1 secs   av.it.:  18.9
      thresh= 1.256E-08 alpha_mix =  0.700 |ddv_scf|^2 =  1.163E-14

      iter #  14 total cpu time : 23890.7 secs   av.it.:  16.5
      thresh= 1.078E-08 alpha_mix =  0.700 |ddv_scf|^2 =  1.990E-16

     End of self-consistent calculation

     Convergence has been achieved 


     Representation #  32 mode #  32

     Self-consistent Calculation

      iter #   1 total cpu time : 23897.9 secs   av.it.:   7.0
      thresh= 1.000E-02 alpha_mix =  0.700 |ddv_scf|^2 =  1.333E-07

      iter #   2 total cpu time : 23906.9 secs   av.it.:  21.2
      thresh= 3.651E-05 alpha_mix =  0.700 |ddv_scf|^2 =  3.292E-07

      iter #   3 total cpu time : 23915.9 secs   av.it.:  17.8
      thresh= 5.737E-05 alpha_mix =  0.700 |ddv_scf|^2 =  1.331E-07

      iter #   4 total cpu time : 23924.6 secs   av.it.:  17.2
      thresh= 3.649E-05 alpha_mix =  0.700 |ddv_scf|^2 =  2.532E-08

      iter #   5 total cpu time : 23933.4 secs   av.it.:  17.2
      thresh= 1.591E-05 alpha_mix =  0.700 |ddv_scf|^2 =  1.030E-10

      iter #   6 total cpu time : 23943.1 secs   av.it.:  21.4
      thresh= 1.015E-06 alpha_mix =  0.700 |ddv_scf|^2 =  7.520E-11

      iter #   7 total cpu time : 23951.6 secs   av.it.:  18.5
      thresh= 8.672E-07 alpha_mix =  0.700 |ddv_scf|^2 =  1.073E-11

      iter #   8 total cpu time : 23960.6 secs   av.it.:  18.5
      thresh= 3.276E-07 alpha_mix =  0.700 |ddv_scf|^2 =  6.698E-13

      iter #   9 total cpu time : 23970.1 secs   av.it.:  20.2
      thresh= 8.184E-08 alpha_mix =  0.700 |ddv_scf|^2 =  6.093E-13

      iter #  10 total cpu time : 23979.2 secs   av.it.:  18.4
      thresh= 7.806E-08 alpha_mix =  0.700 |ddv_scf|^2 =  4.450E-13

      iter #  11 total cpu time : 23988.2 secs   av.it.:  17.8
      thresh= 6.671E-08 alpha_mix =  0.700 |ddv_scf|^2 =  4.422E-14

      iter #  12 total cpu time : 23997.2 secs   av.it.:  19.0
      thresh= 2.103E-08 alpha_mix =  0.700 |ddv_scf|^2 =  2.365E-15

     End of self-consistent calculation

     Convergence has been achieved 


     Representation #  33 mode #  33

     Self-consistent Calculation

      iter #   1 total cpu time : 24004.4 secs   av.it.:   7.5
      thresh= 1.000E-02 alpha_mix =  0.700 |ddv_scf|^2 =  1.539E-06

      iter #   2 total cpu time : 24014.0 secs   av.it.:  20.6
      thresh= 1.241E-04 alpha_mix =  0.700 |ddv_scf|^2 =  6.751E-06

      iter #   3 total cpu time : 24022.9 secs   av.it.:  17.5
      thresh= 2.598E-04 alpha_mix =  0.700 |ddv_scf|^2 =  2.065E-07

      iter #   4 total cpu time : 24031.6 secs   av.it.:  17.0
      thresh= 4.544E-05 alpha_mix =  0.700 |ddv_scf|^2 =  2.170E-08

      iter #   5 total cpu time : 24040.5 secs   av.it.:  18.1
      thresh= 1.473E-05 alpha_mix =  0.700 |ddv_scf|^2 =  4.658E-10

      iter #   6 total cpu time : 24049.8 secs   av.it.:  19.5
      thresh= 2.158E-06 alpha_mix =  0.700 |ddv_scf|^2 =  2.067E-10

      iter #   7 total cpu time : 24058.7 secs   av.it.:  18.5
      thresh= 1.438E-06 alpha_mix =  0.700 |ddv_scf|^2 =  4.780E-12

      iter #   8 total cpu time : 24068.3 secs   av.it.:  21.1
      thresh= 2.186E-07 alpha_mix =  0.700 |ddv_scf|^2 =  1.841E-12

      iter #   9 total cpu time : 24077.7 secs   av.it.:  20.2
      thresh= 1.357E-07 alpha_mix =  0.700 |ddv_scf|^2 =  8.520E-13

      iter #  10 total cpu time : 24086.6 secs   av.it.:  18.0
      thresh= 9.230E-08 alpha_mix =  0.700 |ddv_scf|^2 =  1.150E-13

      iter #  11 total cpu time : 24095.8 secs   av.it.:  19.0
      thresh= 3.391E-08 alpha_mix =  0.700 |ddv_scf|^2 =  1.518E-14

      iter #  12 total cpu time : 24105.2 secs   av.it.:  20.5
      thresh= 1.232E-08 alpha_mix =  0.700 |ddv_scf|^2 =  8.010E-15

     End of self-consistent calculation

     Convergence has been achieved 


     Representation #  34 mode #  34

     Self-consistent Calculation

      iter #   1 total cpu time : 24112.6 secs   av.it.:   7.5
      thresh= 1.000E-02 alpha_mix =  0.700 |ddv_scf|^2 =  3.692E-06

      iter #   2 total cpu time : 24122.2 secs   av.it.:  20.6
      thresh= 1.921E-04 alpha_mix =  0.700 |ddv_scf|^2 =  3.517E-05

      iter #   3 total cpu time : 24130.8 secs   av.it.:  16.4
      thresh= 5.931E-04 alpha_mix =  0.700 |ddv_scf|^2 =  1.335E-06

      iter #   4 total cpu time : 24139.5 secs   av.it.:  17.2
      thresh= 1.156E-04 alpha_mix =  0.700 |ddv_scf|^2 =  1.196E-08

      iter #   5 total cpu time : 24148.7 secs   av.it.:  19.5
      thresh= 1.094E-05 alpha_mix =  0.700 |ddv_scf|^2 =  2.148E-09

      iter #   6 total cpu time : 24157.7 secs   av.it.:  18.4
      thresh= 4.635E-06 alpha_mix =  0.700 |ddv_scf|^2 =  4.382E-10

      iter #   7 total cpu time : 24166.6 secs   av.it.:  18.1
      thresh= 2.093E-06 alpha_mix =  0.700 |ddv_scf|^2 =  1.885E-11

      iter #   8 total cpu time : 24175.9 secs   av.it.:  19.2
      thresh= 4.342E-07 alpha_mix =  0.700 |ddv_scf|^2 =  2.854E-12

      iter #   9 total cpu time : 24184.9 secs   av.it.:  19.9
      thresh= 1.689E-07 alpha_mix =  0.700 |ddv_scf|^2 =  1.674E-12

      iter #  10 total cpu time : 24193.8 secs   av.it.:  18.5
      thresh= 1.294E-07 alpha_mix =  0.700 |ddv_scf|^2 =  3.662E-13

      iter #  11 total cpu time : 24202.9 secs   av.it.:  18.9
      thresh= 6.052E-08 alpha_mix =  0.700 |ddv_scf|^2 =  2.032E-13

      iter #  12 total cpu time : 24211.7 secs   av.it.:  17.2
      thresh= 4.508E-08 alpha_mix =  0.700 |ddv_scf|^2 =  2.794E-14

      iter #  13 total cpu time : 24220.7 secs   av.it.:  18.6
      thresh= 1.671E-08 alpha_mix =  0.700 |ddv_scf|^2 =  1.154E-14

      iter #  14 total cpu time : 24229.5 secs   av.it.:  17.2
      thresh= 1.074E-08 alpha_mix =  0.700 |ddv_scf|^2 =  3.983E-16

     End of self-consistent calculation

     Convergence has been achieved 


     Representation #  35 mode #  35

     Self-consistent Calculation

      iter #   1 total cpu time : 24236.7 secs   av.it.:   6.8
      thresh= 1.000E-02 alpha_mix =  0.700 |ddv_scf|^2 =  8.853E-08

      iter #   2 total cpu time : 24246.3 secs   av.it.:  20.5
      thresh= 2.975E-05 alpha_mix =  0.700 |ddv_scf|^2 =  5.453E-08

      iter #   3 total cpu time : 24255.5 secs   av.it.:  19.2
      thresh= 2.335E-05 alpha_mix =  0.700 |ddv_scf|^2 =  4.010E-08

      iter #   4 total cpu time : 24264.3 secs   av.it.:  17.4
      thresh= 2.002E-05 alpha_mix =  0.700 |ddv_scf|^2 =  4.102E-09

      iter #   5 total cpu time : 24273.0 secs   av.it.:  16.4
      thresh= 6.405E-06 alpha_mix =  0.700 |ddv_scf|^2 =  3.805E-10

      iter #   6 total cpu time : 24281.7 secs   av.it.:  18.4
      thresh= 1.951E-06 alpha_mix =  0.700 |ddv_scf|^2 =  3.975E-11

      iter #   7 total cpu time : 24290.8 secs   av.it.:  18.9
      thresh= 6.304E-07 alpha_mix =  0.700 |ddv_scf|^2 =  9.300E-12

      iter #   8 total cpu time : 24299.8 secs   av.it.:  18.4
      thresh= 3.050E-07 alpha_mix =  0.700 |ddv_scf|^2 =  2.203E-12

      iter #   9 total cpu time : 24308.9 secs   av.it.:  18.1
      thresh= 1.484E-07 alpha_mix =  0.700 |ddv_scf|^2 =  7.918E-14

      iter #  10 total cpu time : 24318.0 secs   av.it.:  19.8
      thresh= 2.814E-08 alpha_mix =  0.700 |ddv_scf|^2 =  1.806E-14

      iter #  11 total cpu time : 24327.1 secs   av.it.:  19.1
      thresh= 1.344E-08 alpha_mix =  0.700 |ddv_scf|^2 =  5.073E-15

     End of self-consistent calculation

     Convergence has been achieved 


     Representation #  36 mode #  36

     Self-consistent Calculation

      iter #   1 total cpu time : 24334.5 secs   av.it.:   7.5
      thresh= 1.000E-02 alpha_mix =  0.700 |ddv_scf|^2 =  1.489E-06

      iter #   2 total cpu time : 24344.5 secs   av.it.:  20.5
      thresh= 1.220E-04 alpha_mix =  0.700 |ddv_scf|^2 =  8.561E-06

      iter #   3 total cpu time : 24353.6 secs   av.it.:  17.2
      thresh= 2.926E-04 alpha_mix =  0.700 |ddv_scf|^2 =  8.039E-07

      iter #   4 total cpu time : 24362.5 secs   av.it.:  16.4
      thresh= 8.966E-05 alpha_mix =  0.700 |ddv_scf|^2 =  5.242E-09

      iter #   5 total cpu time : 24372.1 secs   av.it.:  20.0
      thresh= 7.240E-06 alpha_mix =  0.700 |ddv_scf|^2 =  2.432E-10

      iter #   6 total cpu time : 24381.6 secs   av.it.:  20.9
      thresh= 1.560E-06 alpha_mix =  0.700 |ddv_scf|^2 =  2.334E-10

      iter #   7 total cpu time : 24390.5 secs   av.it.:  18.0
      thresh= 1.528E-06 alpha_mix =  0.700 |ddv_scf|^2 =  3.594E-12

      iter #   8 total cpu time : 24400.0 secs   av.it.:  20.6
      thresh= 1.896E-07 alpha_mix =  0.700 |ddv_scf|^2 =  5.940E-13

      iter #   9 total cpu time : 24409.6 secs   av.it.:  21.4
      thresh= 7.707E-08 alpha_mix =  0.700 |ddv_scf|^2 =  3.706E-13

      iter #  10 total cpu time : 24418.4 secs   av.it.:  18.4
      thresh= 6.088E-08 alpha_mix =  0.700 |ddv_scf|^2 =  2.935E-13

      iter #  11 total cpu time : 24427.4 secs   av.it.:  18.2
      thresh= 5.417E-08 alpha_mix =  0.700 |ddv_scf|^2 =  1.779E-13

      iter #  12 total cpu time : 24436.4 secs   av.it.:  18.0
      thresh= 4.217E-08 alpha_mix =  0.700 |ddv_scf|^2 =  7.433E-15

     End of self-consistent calculation

     Convergence has been achieved 

     Number of q in the star =    1
     List of q in the star:
          1  -0.639910490   0.000788669  -0.465673381

     Diagonalizing the dynamical matrix

     q = (   -0.639910490   0.000788669  -0.465673381 ) 

 **************************************************************************
     freq (    1) =     -55.989224 [THz] =   -1867.599477 [cm-1]
     freq (    2) =      10.647308 [THz] =     355.155973 [cm-1]
     freq (    3) =      18.763814 [THz] =     625.893464 [cm-1]
     freq (    4) =      27.349147 [THz] =     912.269348 [cm-1]
     freq (    5) =      31.582787 [THz] =    1053.488382 [cm-1]
     freq (    6) =      35.650248 [THz] =    1189.164255 [cm-1]
     freq (    7) =      41.077433 [THz] =    1370.195693 [cm-1]
     freq (    8) =      42.367219 [THz] =    1413.218308 [cm-1]
     freq (    9) =      43.093094 [THz] =    1437.430880 [cm-1]
     freq (   10) =      48.755520 [THz] =    1626.309101 [cm-1]
     freq (   11) =      50.066994 [THz] =    1670.055164 [cm-1]
     freq (   12) =      51.891008 [THz] =    1730.897706 [cm-1]
     freq (   13) =      54.297184 [THz] =    1811.159117 [cm-1]
     freq (   14) =      56.034937 [THz] =    1869.124315 [cm-1]
     freq (   15) =      57.269268 [THz] =    1910.297146 [cm-1]
     freq (   16) =      59.156947 [THz] =    1973.263351 [cm-1]
     freq (   17) =      60.154691 [THz] =    2006.544499 [cm-1]
     freq (   18) =      65.457402 [THz] =    2183.423921 [cm-1]
     freq (   19) =      68.135879 [THz] =    2272.768274 [cm-1]
     freq (   20) =      71.164095 [THz] =    2373.778698 [cm-1]
     freq (   21) =      72.381262 [THz] =    2414.379015 [cm-1]
     freq (   22) =      73.733207 [THz] =    2459.475036 [cm-1]
     freq (   23) =      76.471309 [THz] =    2550.808316 [cm-1]
     freq (   24) =      78.795888 [THz] =    2628.347905 [cm-1]
     freq (   25) =      79.924558 [THz] =    2665.996274 [cm-1]
     freq (   26) =      90.411491 [THz] =    3015.802722 [cm-1]
     freq (   27) =     105.937635 [THz] =    3533.699138 [cm-1]
     freq (   28) =     111.779420 [THz] =    3728.560096 [cm-1]
     freq (   29) =     119.527041 [THz] =    3986.992936 [cm-1]
     freq (   30) =     122.220818 [THz] =    4076.847649 [cm-1]
     freq (   31) =     124.631944 [THz] =    4157.274170 [cm-1]
     freq (   32) =     133.414341 [THz] =    4450.223393 [cm-1]
     freq (   33) =     139.497250 [THz] =    4653.127398 [cm-1]
     freq (   34) =     142.041420 [THz] =    4737.991767 [cm-1]
     freq (   35) =     154.252166 [THz] =    5145.298427 [cm-1]
     freq (   36) =     166.075524 [THz] =    5539.683174 [cm-1]
 **************************************************************************

     Mode symmetry, C_1 (1)     point group:

     freq (   1-   1) =      -1867.6  [cm-1]   --> A                  
     freq (   2-   2) =        355.2  [cm-1]   --> A                  
     freq (   3-   3) =        625.9  [cm-1]   --> A                  
     freq (   4-   4) =        912.3  [cm-1]   --> A                  
     freq (   5-   5) =       1053.5  [cm-1]   --> A                  
     freq (   6-   6) =       1189.2  [cm-1]   --> A                  
     freq (   7-   7) =       1370.2  [cm-1]   --> A                  
     freq (   8-   8) =       1413.2  [cm-1]   --> A                  
     freq (   9-   9) =       1437.4  [cm-1]   --> A                  
     freq (  10-  10) =       1626.3  [cm-1]   --> A                  
     freq (  11-  11) =       1670.1  [cm-1]   --> A                  
     freq (  12-  12) =       1730.9  [cm-1]   --> A                  
     freq (  13-  13) =       1811.2  [cm-1]   --> A                  
     freq (  14-  14) =       1869.1  [cm-1]   --> A                  
     freq (  15-  15) =       1910.3  [cm-1]   --> A                  
     freq (  16-  16) =       1973.3  [cm-1]   --> A                  
     freq (  17-  17) =       2006.5  [cm-1]   --> A                  
     freq (  18-  18) =       2183.4  [cm-1]   --> A                  
     freq (  19-  19) =       2272.8  [cm-1]   --> A                  
     freq (  20-  20) =       2373.8  [cm-1]   --> A                  
     freq (  21-  21) =       2414.4  [cm-1]   --> A                  
     freq (  22-  22) =       2459.5  [cm-1]   --> A                  
     freq (  23-  23) =       2550.8  [cm-1]   --> A                  
     freq (  24-  24) =       2628.3  [cm-1]   --> A                  
     freq (  25-  25) =       2666.0  [cm-1]   --> A                  
     freq (  26-  26) =       3015.8  [cm-1]   --> A                  
     freq (  27-  27) =       3533.7  [cm-1]   --> A                  
     freq (  28-  28) =       3728.6  [cm-1]   --> A                  
     freq (  29-  29) =       3987.0  [cm-1]   --> A                  
     freq (  30-  30) =       4076.8  [cm-1]   --> A                  
     freq (  31-  31) =       4157.3  [cm-1]   --> A                  
     freq (  32-  32) =       4450.2  [cm-1]   --> A                  
     freq (  33-  33) =       4653.1  [cm-1]   --> A                  
     freq (  34-  34) =       4738.0  [cm-1]   --> A                  
     freq (  35-  35) =       5145.3  [cm-1]   --> A                  
     freq (  36-  36) =       5539.7  [cm-1]   --> A                  

     Calculation of q =   -0.6385685  -0.6401768  -0.0028239

     Parallelization info
     --------------------
     sticks:   dense  smooth     PW     G-vecs:    dense   smooth      PW
     Min         472     239     88                14919     5248    1238
     Max         473     240     89                14922     5249    1241
     Sum         945     479    177                29841    10497    2479


     Title: 
     Phonons                                                                    


     bravais-lattice index     =            0
     lattice parameter (alat)  =       6.9360  a.u.
     unit-cell volume          =     220.3604 (a.u.)^3
     number of atoms/cell      =           12
     number of atomic types    =            4
     number of electrons       =        62.00
     number of Kohn-Sham states=           37
     kinetic-energy cutoff     =      50.0000  Ry
     charge density cutoff     =     400.0000  Ry
     Exchange-correlation= PBE
                           (   1   4   3   4   0   0   0)

     celldm(1)=   6.935967  celldm(2)=   0.000000  celldm(3)=   0.000000
     celldm(4)=   0.000000  celldm(5)=   0.000000  celldm(6)=   0.000000

     crystal axes: (cart. coord. in units of alat)
               a(1) = (   0.783212  -0.000199  -0.002546 )  
               a(2) = (  -0.000446   0.781471   0.001937 )  
               a(3) = (  -0.003854  -0.000915   1.079009 )  

     reciprocal axes: (cart. coord. in units 2 pi/alat)
               b(1) = (  1.276809  0.000718  0.004561 )  
               b(2) = (  0.000328  1.279636  0.001087 )  
               b(3) = (  0.003012 -0.002295  0.926786 )  


     PseudoPot. # 1 for B  read from file:
     /home/marco/ZOS_Cloud_Compute/pseudo/B.UPF
     MD5 check sum: d9c678ba5d3b2fd7b74e61139c9288d8
     Pseudo is Projector augmented-wave + core cor, Zval =  3.0
     Generated using "atomic" code by A. Dal Corso  v.5.1.2
     Shape of augmentation charge: PSQ
     Using radial grid of 1059 points,  4 beta functions with: 
                l(1) =   0
                l(2) =   0
                l(3) =   1
                l(4) =   1
     Q(r) pseudized with 0 coefficients 


     PseudoPot. # 2 for H  read from file:
     /home/marco/ZOS_Cloud_Compute/pseudo/H.UPF
     MD5 check sum: 850d63dcbcc06c5de8b44e0ab9f952da
     Pseudo is Projector augmented-wave, Zval =  1.0
     Generated using "atomic" code by A. Dal Corso  v.5.1.2
     Shape of augmentation charge: PSQ
     Using radial grid of  929 points,  2 beta functions with: 
                l(1) =   0
                l(2) =   0
     Q(r) pseudized with 0 coefficients 


     PseudoPot. # 3 for Hf read from file:
     /home/marco/ZOS_Cloud_Compute/pseudo/Hf.UPF
     MD5 check sum: 054ab3954715fe03e42536d2af1a941a
     Pseudo is Projector augmented-wave + core cor, Zval = 36.0
     Generated using "atomic" code by A. Dal Corso  v.5.1.2
     Shape of augmentation charge: PSQ
     Using radial grid of 1271 points,  8 beta functions with: 
                l(1) =   0
                l(2) =   0
                l(3) =   1
                l(4) =   1
                l(5) =   2
                l(6) =   2
                l(7) =   3
                l(8) =   3
     Q(r) pseudized with 0 coefficients 


     PseudoPot. # 4 for Ti read from file:
     /home/marco/ZOS_Cloud_Compute/pseudo/Ti.UPF
     MD5 check sum: 8e4df49b7f0d34bbd5052bf3f5ea0213
     Pseudo is Ultrasoft, Zval = 12.0
     Generated by new atomic code, or converted to UPF format
     Using radial grid of  851 points,  6 beta functions with: 
                l(1) =   0
                l(2) =   0
                l(3) =   1
                l(4) =   1
                l(5) =   2
                l(6) =   2
     Q(r) pseudized with  8 coefficients,  rinner =    1.000   1.000   1.000
                                                       1.000   1.000

     atomic species   valence    mass     pseudopotential
        B              3.00     1.00000     B ( 1.00)
        H              1.00     1.00000     H ( 1.00)
        Hf            36.00     1.00000     Hf( 1.00)
        Ti            12.00     1.00000     Ti( 1.00)

     No symmetry found



   Cartesian axes

     site n.     atom                  positions (alat units)
         1           Ti  tau(   1) = (   0.8328786   0.0435249  -0.0256727  )
         2           Hf  tau(   2) = (   0.3372088   0.3612871   0.5590328  )
         3           B   tau(   3) = (   0.4539714   0.4542505   0.0175264  )
         4           B   tau(   4) = (   0.7200178  -0.0518344   0.5024055  )
         5           H   tau(   5) = (  -0.0256008   0.4650200   0.8320925  )
         6           H   tau(   6) = (   0.2014697  -0.0293658   0.3516208  )
         7           H   tau(   7) = (   0.7210522   0.1730909   0.6930471  )
         8           H   tau(   8) = (   0.4339971   0.1860250   0.9658756  )
         9           H   tau(   9) = (   0.1701144   0.4317520   0.1361768  )
        10           H   tau(  10) = (   0.6766716   0.3995010   0.2322497  )
        11           H   tau(  11) = (   0.4136734   0.6834833   0.8639849  )
        12           H   tau(  12) = (   0.5026499   0.7856495   0.2817314  )

     number of k points=    16  Methfessel-Paxton smearing, width (Ry)=  0.0200
                       cart. coord. in units 2pi/alat
        k(    1) = (   0.0000000   0.0000000   0.0000000), wk =   0.2500000
        k(    2) = (  -0.6385685  -0.6401768  -0.0028239), wk =   0.0000000
        k(    3) = (  -0.0015060   0.0011475  -0.4633928), wk =   0.2500000
        k(    4) = (  -0.6400744  -0.6390293  -0.4662167), wk =   0.0000000
        k(    5) = (  -0.0001639  -0.6398180  -0.0005433), wk =   0.2500000
        k(    6) = (  -0.6387324  -1.2799948  -0.0033673), wk =   0.0000000
        k(    7) = (  -0.0016699  -0.6386705  -0.4639361), wk =   0.2500000
        k(    8) = (  -0.6402384  -1.2788473  -0.4667600), wk =   0.0000000
        k(    9) = (  -0.6384045  -0.0003588  -0.0022806), wk =   0.2500000
        k(   10) = (  -1.2769730  -0.6405357  -0.0051046), wk =   0.0000000
        k(   11) = (  -0.6399105   0.0007887  -0.4656734), wk =   0.2500000
        k(   12) = (  -1.2784790  -0.6393882  -0.4684973), wk =   0.0000000
        k(   13) = (  -0.6385685  -0.6401768  -0.0028239), wk =   0.2500000
        k(   14) = (  -1.2771370  -1.2803537  -0.0056479), wk =   0.0000000
        k(   15) = (  -0.6400744  -0.6390293  -0.4662167), wk =   0.2500000
        k(   16) = (  -1.2786429  -1.2792062  -0.4690407), wk =   0.0000000

     Dense  grid:    29841 G-vectors     FFT dimensions: (  36,  36,  48)

     Smooth grid:    10497 G-vectors     FFT dimensions: (  25,  25,  36)

     Estimated max dynamical RAM per process >     151.35 MB

     Estimated total dynamical RAM >     302.69 MB

     Check: negative core charge=   -0.000003

     The potential is recalculated from file :
     ./tmp/_ph0/HfTiBH42.save/charge-density

     Starting wfcs are   48 atomic wfcs
     Checking if some PAW data can be deallocated... 

     Band Structure Calculation
     Davidson diagonalization with overlap

     ethr =  1.61E-11,  avg # of iterations = 16.9

     total cpu time spent up to now is       65.9 secs

     End of band structure calculation

          k = 0.0000 0.0000 0.0000 (  1301 PWs)   bands (ev):

  -145.8687-144.9786-144.3005-144.1146-142.2253 -32.1459 -26.3092  -4.4735
    -3.0279  -3.0018  -1.3223  -1.0973  -0.9137   9.1820  13.4131  13.4925
    13.5719  13.6270  13.7080  13.7481  13.7691  14.6301  17.1910  17.8612
    21.6575  22.9043  25.6861  26.3974  26.5808  27.7656  28.9348  29.1155
    30.0907  30.1663  31.9809  33.2037  35.0753

          k =-0.6386-0.6402-0.0028 (  1316 PWs)   bands (ev):

  -147.4579-146.8647-146.6998-143.5456-142.8592 -31.9136 -26.1212  -4.4869
    -4.2368  -3.2888  -2.3481  -2.2387  -1.5150  13.4809  13.5293  13.5355
    13.5735  13.6213  13.6746  13.7335  13.8514  14.6022  16.4654  16.8082
    18.9742  19.0393  23.0409  25.6150  28.3651  29.3881  32.6170  32.8603
    34.3880  34.8920  36.1203  36.9623  37.6793

          k =-0.0015 0.0011-0.4634 (  1318 PWs)   bands (ev):

  -146.6711-146.1798-145.7930-145.7011-143.4910 -32.1360 -26.3319  -3.8150
    -3.1476  -2.9392  -2.2100  -1.1691  -1.0108  12.2824  12.8857  13.4436
    13.4870  13.5348  13.5719  13.6225  13.7122  13.7434  17.1982  18.2071
    20.5067  22.4473  22.6953  24.0304  26.1162  27.0909  30.0490  30.8239
    32.1048  32.7708  33.4059  34.4025  36.3078

          k =-0.6401-0.6390-0.4662 (  1338 PWs)   bands (ev):

  -148.5610-147.4924-146.9483-146.2407-145.7269 -31.9118 -26.1203  -4.2224
    -4.0799  -3.7326  -2.7947  -2.1460  -1.3980  13.4562  13.4765  13.5066
    13.5359  13.5511  13.5968  13.6630  14.9540  15.5734  16.2084  17.5656
    19.5237  19.9925  21.4954  21.7919  29.3189  29.7585  31.5422  32.3811
    32.6939  33.8140  36.9042  37.1226  37.5780

          k =-0.0002-0.6398-0.0005 (  1322 PWs)   bands (ev):

  -147.8479-146.3374-145.3863-144.9404-144.4476 -32.0270 -26.2258  -4.1758
    -3.6521  -3.1050  -2.6804  -1.7684  -0.8101  13.3558  13.4315  13.4679
    13.5711  13.6183  13.6419  13.6949  13.7767  14.8129  15.6037  17.3983
    19.4553  21.2184  21.3954  24.8048  27.5059  28.6438  29.4270  31.7340
    33.1624  34.4001  34.9579  36.1765  36.8862

          k =-0.6387-1.2800-0.0034 (  1324 PWs)   bands (ev):

  -147.7827-147.0483-145.1938-145.1786-144.4808 -32.0287 -26.2207  -4.2800
    -3.8205  -2.9695  -2.7355  -1.5979  -0.8528  13.3547  13.4047  13.4955
    13.5847  13.6161  13.6763  13.7026  13.8471  14.8974  15.9197  17.0979
    19.0162  21.0688  22.2350  25.0445  27.2855  29.1361  29.7773  31.4290
    32.3192  33.9142  34.6769  35.8967  36.5703

          k =-0.0017-0.6387-0.4639 (  1292 PWs)   bands (ev):

  -145.7922-145.0251-143.2316-142.5662-141.7360 -32.0233 -26.2268  -4.7272
    -4.3700  -2.8283  -1.8714  -1.2593  -0.7943  12.6124  13.4100  13.5516
    13.6177  13.6623  13.7363  13.7557  13.8224  14.3059  16.7301  18.2220
    19.6943  20.4747  21.4406  23.3713  27.5636  29.0851  31.4134  32.1187
    32.6377  34.0737  34.5963  35.6552  36.0355

          k =-0.6402-1.2788-0.4668 (  1286 PWs)   bands (ev):

  -145.1380-144.6247-142.7278-142.2087-141.6591 -32.0240 -26.2251  -4.7274
    -4.3585  -2.7940  -1.9506  -1.2964  -0.8618  12.7747  13.4194  13.5640
    13.6174  13.7296  13.7506  13.7671  13.8266  14.1294  17.0666  18.4008
    19.8022  20.5075  22.2441  23.1571  27.3894  27.8976  31.8841  32.0182
    32.2496  33.6984  34.6216  35.0827  36.5541

          k =-0.6384-0.0004-0.0023 (  1324 PWs)   bands (ev):

  -147.7827-147.0483-145.1938-145.1786-144.4808 -32.0287 -26.2207  -4.2800
    -3.8205  -2.9695  -2.7355  -1.5979  -0.8528  13.3547  13.4047  13.4955
    13.5847  13.6161  13.6763  13.7026  13.8471  14.8974  15.9197  17.0979
    19.0162  21.0688  22.2350  25.0445  27.2855  29.1361  29.7773  31.4290
    32.3192  33.9142  34.6769  35.8967  36.5703

          k =-1.2770-0.6405-0.0051 (  1322 PWs)   bands (ev):

  -147.8479-146.3374-145.3863-144.9404-144.4476 -32.0270 -26.2258  -4.1758
    -3.6521  -3.1050  -2.6804  -1.7684  -0.8101  13.3558  13.4315  13.4679
    13.5711  13.6183  13.6419  13.6949  13.7767  14.8129  15.6037  17.3983
    19.4553  21.2184  21.3954  24.8048  27.5059  28.6438  29.4270  31.7340
    33.1624  34.4001  34.9579  36.1765  36.8862

          k =-0.6399 0.0008-0.4657 (  1286 PWs)   bands (ev):

  -145.1380-144.6247-142.7278-142.2087-141.6591 -32.0240 -26.2251  -4.7274
    -4.3585  -2.7940  -1.9506  -1.2964  -0.8618  12.7747  13.4194  13.5640
    13.6174  13.7296  13.7506  13.7671  13.8266  14.1294  17.0666  18.4008
    19.8022  20.5075  22.2441  23.1571  27.3894  27.8976  31.8841  32.0182
    32.2496  33.6984  34.6216  35.0827  36.5541

          k =-1.2785-0.6394-0.4685 (  1292 PWs)   bands (ev):

  -145.7922-145.0251-143.2316-142.5662-141.7360 -32.0233 -26.2268  -4.7272
    -4.3700  -2.8283  -1.8714  -1.2593  -0.7943  12.6124  13.4100  13.5516
    13.6177  13.6623  13.7363  13.7557  13.8224  14.3059  16.7301  18.2220
    19.6943  20.4747  21.4406  23.3713  27.5636  29.0851  31.4134  32.1187
    32.6377  34.0737  34.5963  35.6552  36.0355

          k =-0.6386-0.6402-0.0028 (  1316 PWs)   bands (ev):

  -147.4579-146.8647-146.6998-143.5456-142.8592 -31.9136 -26.1212  -4.4869
    -4.2368  -3.2888  -2.3481  -2.2387  -1.5150  13.4809  13.5293  13.5355
    13.5735  13.6213  13.6746  13.7335  13.8514  14.6022  16.4654  16.8082
    18.9742  19.0393  23.0409  25.6150  28.3651  29.3881  32.6170  32.8603
    34.3880  34.8920  36.1203  36.9623  37.6793

          k =-1.2771-1.2804-0.0056 (  1301 PWs)   bands (ev):

  -145.8687-144.9786-144.3005-144.1146-142.2253 -32.1459 -26.3092  -4.4735
    -3.0279  -3.0018  -1.3223  -1.0973  -0.9137   9.1820  13.4131  13.4925
    13.5719  13.6270  13.7080  13.7481  13.7691  14.6301  17.1910  17.8612
    21.6575  22.9043  25.6861  26.3974  26.5808  27.7656  28.9348  29.1155
    30.0907  30.1663  31.9809  33.2037  35.0753

          k =-0.6401-0.6390-0.4662 (  1338 PWs)   bands (ev):

  -148.5610-147.4924-146.9483-146.2407-145.7269 -31.9118 -26.1203  -4.2224
    -4.0799  -3.7326  -2.7947  -2.1460  -1.3980  13.4562  13.4765  13.5066
    13.5359  13.5511  13.5968  13.6630  14.9540  15.5734  16.2084  17.5656
    19.5237  19.9925  21.4954  21.7919  29.3189  29.7585  31.5422  32.3811
    32.6939  33.8140  36.9042  37.1226  37.5780

          k =-1.2786-1.2792-0.4690 (  1318 PWs)   bands (ev):

  -146.6711-146.1798-145.7930-145.7011-143.4910 -32.1360 -26.3319  -3.8150
    -3.1476  -2.9392  -2.2100  -1.1691  -1.0108  12.2824  12.8857  13.4436
    13.4870  13.5348  13.5719  13.6225  13.7122  13.7434  17.1982  18.2071
    20.5067  22.4473  22.6953  24.0304  26.1162  27.0909  30.0490  30.8239
    32.1048  32.7708  33.4059  34.4025  36.3078

     the Fermi energy is    31.1994 ev

     Writing output data file ./tmp/_ph0/HfTiBH42.save/

     Phonons                                                                    

     bravais-lattice index     =            0
     lattice parameter (alat)  =       6.9360  a.u.
     unit-cell volume          =     220.3604 (a.u.)^3
     number of atoms/cell      =           12
     number of atomic types    =            4
     kinetic-energy cut-off    =      50.0000  Ry
     charge density cut-off    =     400.0000  Ry
     convergence threshold     =      1.0E-14
     beta                      =       0.7000
     number of iterations used =            4
     Exchange-correlation= PBE
                           (   1   4   3   4   0   0   0)


     celldm(1)=    6.93597  celldm(2)=    0.00000  celldm(3)=    0.00000
     celldm(4)=    0.00000  celldm(5)=    0.00000  celldm(6)=    0.00000

     crystal axes: (cart. coord. in units of alat)
               a(1) = (  0.7832 -0.0002 -0.0025 )  
               a(2) = ( -0.0004  0.7815  0.0019 )  
               a(3) = ( -0.0039 -0.0009  1.0790 )  

     reciprocal axes: (cart. coord. in units 2 pi/alat)
               b(1) = (  1.2768  0.0007  0.0046 )  
               b(2) = (  0.0003  1.2796  0.0011 )  
               b(3) = (  0.0030 -0.0023  0.9268 )  


     Atoms inside the unit cell: 

     Cartesian axes

     site n.  atom      mass           positions (alat units)
        1     Ti   1.0000   tau(    1) = (    0.83288    0.04352   -0.02567  )
        2     Hf   1.0000   tau(    2) = (    0.33721    0.36129    0.55903  )
        3     B    1.0000   tau(    3) = (    0.45397    0.45425    0.01753  )
        4     B    1.0000   tau(    4) = (    0.72002   -0.05183    0.50241  )
        5     H    1.0000   tau(    5) = (   -0.02560    0.46502    0.83209  )
        6     H    1.0000   tau(    6) = (    0.20147   -0.02937    0.35162  )
        7     H    1.0000   tau(    7) = (    0.72105    0.17309    0.69305  )
        8     H    1.0000   tau(    8) = (    0.43400    0.18602    0.96588  )
        9     H    1.0000   tau(    9) = (    0.17011    0.43175    0.13618  )
       10     H    1.0000   tau(   10) = (    0.67667    0.39950    0.23225  )
       11     H    1.0000   tau(   11) = (    0.41367    0.68348    0.86398  )
       12     H    1.0000   tau(   12) = (    0.50265    0.78565    0.28173  )

     Computing dynamical matrix for 
                    q = (  -0.6385685  -0.6401768  -0.0028239 )

      2 Sym.Ops. (with q -> -q+G )


     G cutoff =  487.4323  (  14922 G-vectors)     FFT grid: ( 36, 36, 48)
     G cutoff =  243.7162  (   5249 G-vectors)  smooth grid: ( 25, 25, 36)

     number of k points=    16  Methfessel-Paxton smearing, width (Ry)=  0.0200

     PseudoPot. # 1 for B  read from file:
     /home/marco/ZOS_Cloud_Compute/pseudo/B.UPF
     MD5 check sum: d9c678ba5d3b2fd7b74e61139c9288d8
     Pseudo is Projector augmented-wave + core cor, Zval =  3.0
     Generated using "atomic" code by A. Dal Corso  v.5.1.2
     Shape of augmentation charge: PSQ
     Using radial grid of 1059 points,  4 beta functions with: 
                l(1) =   0
                l(2) =   0
                l(3) =   1
                l(4) =   1
     Q(r) pseudized with 0 coefficients 


     PseudoPot. # 2 for H  read from file:
     /home/marco/ZOS_Cloud_Compute/pseudo/H.UPF
     MD5 check sum: 850d63dcbcc06c5de8b44e0ab9f952da
     Pseudo is Projector augmented-wave, Zval =  1.0
     Generated using "atomic" code by A. Dal Corso  v.5.1.2
     Shape of augmentation charge: PSQ
     Using radial grid of  929 points,  2 beta functions with: 
                l(1) =   0
                l(2) =   0
     Q(r) pseudized with 0 coefficients 


     PseudoPot. # 3 for Hf read from file:
     /home/marco/ZOS_Cloud_Compute/pseudo/Hf.UPF
     MD5 check sum: 054ab3954715fe03e42536d2af1a941a
     Pseudo is Projector augmented-wave + core cor, Zval = 36.0
     Generated using "atomic" code by A. Dal Corso  v.5.1.2
     Shape of augmentation charge: PSQ
     Using radial grid of 1271 points,  8 beta functions with: 
                l(1) =   0
                l(2) =   0
                l(3) =   1
                l(4) =   1
                l(5) =   2
                l(6) =   2
                l(7) =   3
                l(8) =   3
     Q(r) pseudized with 0 coefficients 


     PseudoPot. # 4 for Ti read from file:
     /home/marco/ZOS_Cloud_Compute/pseudo/Ti.UPF
     MD5 check sum: 8e4df49b7f0d34bbd5052bf3f5ea0213
     Pseudo is Ultrasoft, Zval = 12.0
     Generated by new atomic code, or converted to UPF format
     Using radial grid of  851 points,  6 beta functions with: 
                l(1) =   0
                l(2) =   0
                l(3) =   1
                l(4) =   1
                l(5) =   2
                l(6) =   2
     Q(r) pseudized with  8 coefficients,  rinner =    1.000   1.000   1.000
                                                       1.000   1.000

     Mode symmetry, C_1 (1)     point group:


     Atomic displacements:
     There are   36 irreducible representations

     Representation     1      1 modes -  To be done

     Representation     2      1 modes -  To be done

     Representation     3      1 modes -  To be done

     Representation     4      1 modes -  To be done

     Representation     5      1 modes -  To be done

     Representation     6      1 modes -  To be done

     Representation     7      1 modes -  To be done

     Representation     8      1 modes -  To be done

     Representation     9      1 modes -  To be done

     Representation    10      1 modes -  To be done

     Representation    11      1 modes -  To be done

     Representation    12      1 modes -  To be done

     Representation    13      1 modes -  To be done

     Representation    14      1 modes -  To be done

     Representation    15      1 modes -  To be done

     Representation    16      1 modes -  To be done

     Representation    17      1 modes -  To be done

     Representation    18      1 modes -  To be done

     Representation    19      1 modes -  To be done

     Representation    20      1 modes -  To be done

     Representation    21      1 modes -  To be done

     Representation    22      1 modes -  To be done

     Representation    23      1 modes -  To be done

     Representation    24      1 modes -  To be done

     Representation    25      1 modes -  To be done

     Representation    26      1 modes -  To be done

     Representation    27      1 modes -  To be done

     Representation    28      1 modes -  To be done

     Representation    29      1 modes -  To be done

     Representation    30      1 modes -  To be done

     Representation    31      1 modes -  To be done

     Representation    32      1 modes -  To be done

     Representation    33      1 modes -  To be done

     Representation    34      1 modes -  To be done

     Representation    35      1 modes -  To be done

     Representation    36      1 modes -  To be done



     Alpha used in Ewald sum =   2.8000
     PHONON       :      5h13m CPU      6h48m WALL



     Representation #   1 mode #   1

     Self-consistent Calculation

      iter #   1 total cpu time : 24505.3 secs   av.it.:  12.9
      thresh= 1.000E-02 alpha_mix =  0.700 |ddv_scf|^2 =  1.295E-04

      iter #   2 total cpu time : 24514.1 secs   av.it.:  19.9
      thresh= 1.138E-03 alpha_mix =  0.700 |ddv_scf|^2 =  2.026E-04

      iter #   3 total cpu time : 24522.9 secs   av.it.:  17.9
      thresh= 1.423E-03 alpha_mix =  0.700 |ddv_scf|^2 =  1.284E-06

      iter #   4 total cpu time : 24532.4 secs   av.it.:  20.4
      thresh= 1.133E-04 alpha_mix =  0.700 |ddv_scf|^2 =  1.068E-06

      iter #   5 total cpu time : 24541.0 secs   av.it.:  16.6
      thresh= 1.033E-04 alpha_mix =  0.700 |ddv_scf|^2 =  9.654E-08

      iter #   6 total cpu time : 24549.9 secs   av.it.:  17.9
      thresh= 3.107E-05 alpha_mix =  0.700 |ddv_scf|^2 =  5.243E-09

      iter #   7 total cpu time : 24559.0 secs   av.it.:  19.0
      thresh= 7.241E-06 alpha_mix =  0.700 |ddv_scf|^2 =  2.061E-10

      iter #   8 total cpu time : 24568.4 secs   av.it.:  20.0
      thresh= 1.435E-06 alpha_mix =  0.700 |ddv_scf|^2 =  5.236E-11

      iter #   9 total cpu time : 24577.6 secs   av.it.:  19.2
      thresh= 7.236E-07 alpha_mix =  0.700 |ddv_scf|^2 =  9.618E-12

      iter #  10 total cpu time : 24587.0 secs   av.it.:  20.1
      thresh= 3.101E-07 alpha_mix =  0.700 |ddv_scf|^2 =  8.057E-12

      iter #  11 total cpu time : 24596.0 secs   av.it.:  18.2
      thresh= 2.838E-07 alpha_mix =  0.700 |ddv_scf|^2 =  2.300E-12

      iter #  12 total cpu time : 24604.9 secs   av.it.:  18.0
      thresh= 1.517E-07 alpha_mix =  0.700 |ddv_scf|^2 =  5.575E-13

      iter #  13 total cpu time : 24614.0 secs   av.it.:  19.0
      thresh= 7.466E-08 alpha_mix =  0.700 |ddv_scf|^2 =  9.628E-14

      iter #  14 total cpu time : 24623.2 secs   av.it.:  19.4
      thresh= 3.103E-08 alpha_mix =  0.700 |ddv_scf|^2 =  2.272E-14

      iter #  15 total cpu time : 24632.2 secs   av.it.:  18.4
      thresh= 1.507E-08 alpha_mix =  0.700 |ddv_scf|^2 =  2.729E-15

     End of self-consistent calculation

     Convergence has been achieved 


     Representation #   2 mode #   2

     Self-consistent Calculation

      iter #   1 total cpu time : 24640.7 secs   av.it.:  12.9
      thresh= 1.000E-02 alpha_mix =  0.700 |ddv_scf|^2 =  1.325E-04

      iter #   2 total cpu time : 24650.1 secs   av.it.:  20.0
      thresh= 1.151E-03 alpha_mix =  0.700 |ddv_scf|^2 =  2.244E-04

      iter #   3 total cpu time : 24658.9 secs   av.it.:  18.0
      thresh= 1.498E-03 alpha_mix =  0.700 |ddv_scf|^2 =  1.020E-05

      iter #   4 total cpu time : 24667.7 secs   av.it.:  18.1
      thresh= 3.194E-04 alpha_mix =  0.700 |ddv_scf|^2 =  4.670E-06

      iter #   5 total cpu time : 24675.9 secs   av.it.:  17.5
      thresh= 2.161E-04 alpha_mix =  0.700 |ddv_scf|^2 =  3.548E-08

      iter #   6 total cpu time : 24685.2 secs   av.it.:  19.9
      thresh= 1.884E-05 alpha_mix =  0.700 |ddv_scf|^2 =  6.096E-09

      iter #   7 total cpu time : 24694.0 secs   av.it.:  18.4
      thresh= 7.808E-06 alpha_mix =  0.700 |ddv_scf|^2 =  2.181E-10

      iter #   8 total cpu time : 24703.3 secs   av.it.:  19.9
      thresh= 1.477E-06 alpha_mix =  0.700 |ddv_scf|^2 =  3.115E-11

      iter #   9 total cpu time : 24712.0 secs   av.it.:  20.0
      thresh= 5.581E-07 alpha_mix =  0.700 |ddv_scf|^2 =  7.463E-12

      iter #  10 total cpu time : 24721.4 secs   av.it.:  20.2
      thresh= 2.732E-07 alpha_mix =  0.700 |ddv_scf|^2 =  1.778E-12

      iter #  11 total cpu time : 24730.6 secs   av.it.:  19.4
      thresh= 1.333E-07 alpha_mix =  0.700 |ddv_scf|^2 =  9.392E-13

      iter #  12 total cpu time : 24739.6 secs   av.it.:  18.9
      thresh= 9.691E-08 alpha_mix =  0.700 |ddv_scf|^2 =  3.038E-13

      iter #  13 total cpu time : 24748.6 secs   av.it.:  18.8
      thresh= 5.512E-08 alpha_mix =  0.700 |ddv_scf|^2 =  1.036E-14

      iter #  14 total cpu time : 24758.0 secs   av.it.:  20.6
      thresh= 1.018E-08 alpha_mix =  0.700 |ddv_scf|^2 =  5.558E-15

     End of self-consistent calculation

     Convergence has been achieved 


     Representation #   3 mode #   3

     Self-consistent Calculation

      iter #   1 total cpu time : 24766.3 secs   av.it.:  12.0
      thresh= 1.000E-02 alpha_mix =  0.700 |ddv_scf|^2 =  3.243E-05

      iter #   2 total cpu time : 24775.6 secs   av.it.:  19.8
      thresh= 5.695E-04 alpha_mix =  0.700 |ddv_scf|^2 =  1.410E-05

      iter #   3 total cpu time : 24784.9 secs   av.it.:  19.5
      thresh= 3.755E-04 alpha_mix =  0.700 |ddv_scf|^2 =  2.455E-05

      iter #   4 total cpu time : 24793.3 secs   av.it.:  16.0
      thresh= 4.955E-04 alpha_mix =  0.700 |ddv_scf|^2 =  1.327E-07

      iter #   5 total cpu time : 24802.7 secs   av.it.:  19.9
      thresh= 3.643E-05 alpha_mix =  0.700 |ddv_scf|^2 =  1.649E-08

      iter #   6 total cpu time : 24811.8 secs   av.it.:  19.0
      thresh= 1.284E-05 alpha_mix =  0.700 |ddv_scf|^2 =  2.760E-10

      iter #   7 total cpu time : 24821.2 secs   av.it.:  20.8
      thresh= 1.661E-06 alpha_mix =  0.700 |ddv_scf|^2 =  8.465E-11

      iter #   8 total cpu time : 24829.8 secs   av.it.:  19.6
      thresh= 9.200E-07 alpha_mix =  0.700 |ddv_scf|^2 =  1.503E-11

      iter #   9 total cpu time : 24839.3 secs   av.it.:  20.4
      thresh= 3.877E-07 alpha_mix =  0.700 |ddv_scf|^2 =  3.442E-11

      iter #  10 total cpu time : 24848.0 secs   av.it.:  17.0
      thresh= 5.867E-07 alpha_mix =  0.700 |ddv_scf|^2 =  1.128E-12

      iter #  11 total cpu time : 24857.3 secs   av.it.:  19.9
      thresh= 1.062E-07 alpha_mix =  0.700 |ddv_scf|^2 =  2.532E-13

      iter #  12 total cpu time : 24866.8 secs   av.it.:  20.1
      thresh= 5.032E-08 alpha_mix =  0.700 |ddv_scf|^2 =  8.703E-14

      iter #  13 total cpu time : 24876.1 secs   av.it.:  19.0
      thresh= 2.950E-08 alpha_mix =  0.700 |ddv_scf|^2 =  1.299E-14

      iter #  14 total cpu time : 24885.2 secs   av.it.:  18.6
      thresh= 1.140E-08 alpha_mix =  0.700 |ddv_scf|^2 =  1.272E-15

     End of self-consistent calculation

     Convergence has been achieved 


     Representation #   4 mode #   4

     Self-consistent Calculation

      iter #   1 total cpu time : 24894.7 secs   av.it.:  17.0
      thresh= 1.000E-02 alpha_mix =  0.700 |ddv_scf|^2 =  1.961E-03

      iter #   2 total cpu time : 24904.4 secs   av.it.:  21.5
      thresh= 4.428E-03 alpha_mix =  0.700 |ddv_scf|^2 =  3.454E-03

      iter #   3 total cpu time : 24913.4 secs   av.it.:  18.0
      thresh= 5.877E-03 alpha_mix =  0.700 |ddv_scf|^2 =  2.668E-04

      iter #   4 total cpu time : 24922.3 secs   av.it.:  18.0
      thresh= 1.633E-03 alpha_mix =  0.700 |ddv_scf|^2 =  1.214E-04

      iter #   5 total cpu time : 24930.7 secs   av.it.:  17.0
      thresh= 1.102E-03 alpha_mix =  0.700 |ddv_scf|^2 =  2.042E-06

      iter #   6 total cpu time : 24940.1 secs   av.it.:  20.1
      thresh= 1.429E-04 alpha_mix =  0.700 |ddv_scf|^2 =  3.234E-07

      iter #   7 total cpu time : 24949.3 secs   av.it.:  19.4
      thresh= 5.686E-05 alpha_mix =  0.700 |ddv_scf|^2 =  1.687E-08

      iter #   8 total cpu time : 24958.9 secs   av.it.:  21.0
      thresh= 1.299E-05 alpha_mix =  0.700 |ddv_scf|^2 =  4.413E-09

      iter #   9 total cpu time : 24968.4 secs   av.it.:  20.0
      thresh= 6.643E-06 alpha_mix =  0.700 |ddv_scf|^2 =  6.353E-10

      iter #  10 total cpu time : 24977.8 secs   av.it.:  20.0
      thresh= 2.521E-06 alpha_mix =  0.700 |ddv_scf|^2 =  1.575E-10

      iter #  11 total cpu time : 24987.0 secs   av.it.:  19.0
      thresh= 1.255E-06 alpha_mix =  0.700 |ddv_scf|^2 =  2.569E-11

      iter #  12 total cpu time : 24996.1 secs   av.it.:  18.9
      thresh= 5.068E-07 alpha_mix =  0.700 |ddv_scf|^2 =  8.840E-12

      iter #  13 total cpu time : 25005.3 secs   av.it.:  19.2
      thresh= 2.973E-07 alpha_mix =  0.700 |ddv_scf|^2 =  1.481E-12

      iter #  14 total cpu time : 25014.7 secs   av.it.:  20.0
      thresh= 1.217E-07 alpha_mix =  0.700 |ddv_scf|^2 =  3.272E-13

      iter #  15 total cpu time : 25024.0 secs   av.it.:  19.8
      thresh= 5.720E-08 alpha_mix =  0.700 |ddv_scf|^2 =  8.335E-14

      iter #  16 total cpu time : 25033.3 secs   av.it.:  19.8
      thresh= 2.887E-08 alpha_mix =  0.700 |ddv_scf|^2 =  2.241E-14

      iter #  17 total cpu time : 25042.6 secs   av.it.:  19.1
      thresh= 1.497E-08 alpha_mix =  0.700 |ddv_scf|^2 =  6.882E-15

     End of self-consistent calculation

     Convergence has been achieved 


     Representation #   5 mode #   5

     Self-consistent Calculation

      iter #   1 total cpu time : 25051.8 secs   av.it.:  17.0
      thresh= 1.000E-02 alpha_mix =  0.700 |ddv_scf|^2 =  1.956E-03

      iter #   2 total cpu time : 25061.4 secs   av.it.:  21.4
      thresh= 4.423E-03 alpha_mix =  0.700 |ddv_scf|^2 =  4.146E-03

      iter #   3 total cpu time : 25070.4 secs   av.it.:  18.2
      thresh= 6.439E-03 alpha_mix =  0.700 |ddv_scf|^2 =  1.141E-03

      iter #   4 total cpu time : 25079.1 secs   av.it.:  16.6
      thresh= 3.378E-03 alpha_mix =  0.700 |ddv_scf|^2 =  3.571E-05

      iter #   5 total cpu time : 25088.2 secs   av.it.:  19.0
      thresh= 5.976E-04 alpha_mix =  0.700 |ddv_scf|^2 =  3.073E-06

      iter #   6 total cpu time : 25096.8 secs   av.it.:  20.0
      thresh= 1.753E-04 alpha_mix =  0.700 |ddv_scf|^2 =  3.860E-07

      iter #   7 total cpu time : 25106.1 secs   av.it.:  19.4
      thresh= 6.213E-05 alpha_mix =  0.700 |ddv_scf|^2 =  1.793E-08

      iter #   8 total cpu time : 25115.7 secs   av.it.:  20.8
      thresh= 1.339E-05 alpha_mix =  0.700 |ddv_scf|^2 =  3.435E-09

      iter #   9 total cpu time : 25125.1 secs   av.it.:  20.2
      thresh= 5.861E-06 alpha_mix =  0.700 |ddv_scf|^2 =  5.928E-10

      iter #  10 total cpu time : 25134.4 secs   av.it.:  19.9
      thresh= 2.435E-06 alpha_mix =  0.700 |ddv_scf|^2 =  1.475E-10

      iter #  11 total cpu time : 25143.2 secs   av.it.:  18.6
      thresh= 1.214E-06 alpha_mix =  0.700 |ddv_scf|^2 =  3.087E-11

      iter #  12 total cpu time : 25152.5 secs   av.it.:  19.1
      thresh= 5.556E-07 alpha_mix =  0.700 |ddv_scf|^2 =  9.959E-12

      iter #  13 total cpu time : 25161.8 secs   av.it.:  20.0
      thresh= 3.156E-07 alpha_mix =  0.700 |ddv_scf|^2 =  1.787E-12

      iter #  14 total cpu time : 25171.2 secs   av.it.:  19.9
      thresh= 1.337E-07 alpha_mix =  0.700 |ddv_scf|^2 =  4.826E-13

      iter #  15 total cpu time : 25180.4 secs   av.it.:  19.0
      thresh= 6.947E-08 alpha_mix =  0.700 |ddv_scf|^2 =  9.971E-14

      iter #  16 total cpu time : 25189.7 secs   av.it.:  19.4
      thresh= 3.158E-08 alpha_mix =  0.700 |ddv_scf|^2 =  1.444E-14

      iter #  17 total cpu time : 25199.1 secs   av.it.:  20.0
      thresh= 1.202E-08 alpha_mix =  0.700 |ddv_scf|^2 =  3.575E-15

     End of self-consistent calculation

     Convergence has been achieved 


     Representation #   6 mode #   6

     Self-consistent Calculation

      iter #   1 total cpu time : 25208.4 secs   av.it.:  16.2
      thresh= 1.000E-02 alpha_mix =  0.700 |ddv_scf|^2 =  6.699E-04

      iter #   2 total cpu time : 25218.0 secs   av.it.:  21.4
      thresh= 2.588E-03 alpha_mix =  0.700 |ddv_scf|^2 =  2.090E-04

      iter #   3 total cpu time : 25227.5 secs   av.it.:  20.5
      thresh= 1.446E-03 alpha_mix =  0.700 |ddv_scf|^2 =  1.018E-04

      iter #   4 total cpu time : 25236.2 secs   av.it.:  17.1
      thresh= 1.009E-03 alpha_mix =  0.700 |ddv_scf|^2 =  1.527E-05

      iter #   5 total cpu time : 25245.3 secs   av.it.:  18.5
      thresh= 3.908E-04 alpha_mix =  0.700 |ddv_scf|^2 =  1.690E-06

      iter #   6 total cpu time : 25254.5 secs   av.it.:  19.0
      thresh= 1.300E-04 alpha_mix =  0.700 |ddv_scf|^2 =  9.501E-09

      iter #   7 total cpu time : 25264.5 secs   av.it.:  22.9
      thresh= 9.747E-06 alpha_mix =  0.700 |ddv_scf|^2 =  8.386E-09

      iter #   8 total cpu time : 25274.0 secs   av.it.:  20.2
      thresh= 9.157E-06 alpha_mix =  0.700 |ddv_scf|^2 =  3.011E-10

      iter #   9 total cpu time : 25283.4 secs   av.it.:  20.1
      thresh= 1.735E-06 alpha_mix =  0.700 |ddv_scf|^2 =  1.119E-10

      iter #  10 total cpu time : 25292.8 secs   av.it.:  19.9
      thresh= 1.058E-06 alpha_mix =  0.700 |ddv_scf|^2 =  2.773E-11

      iter #  11 total cpu time : 25302.0 secs   av.it.:  19.0
      thresh= 5.266E-07 alpha_mix =  0.700 |ddv_scf|^2 =  3.494E-11

      iter #  12 total cpu time : 25311.0 secs   av.it.:  17.9
      thresh= 5.911E-07 alpha_mix =  0.700 |ddv_scf|^2 =  2.349E-12

      iter #  13 total cpu time : 25320.1 secs   av.it.:  19.8
      thresh= 1.533E-07 alpha_mix =  0.700 |ddv_scf|^2 =  3.522E-13

      iter #  14 total cpu time : 25328.9 secs   av.it.:  20.2
      thresh= 5.935E-08 alpha_mix =  0.700 |ddv_scf|^2 =  7.498E-14

      iter #  15 total cpu time : 25338.0 secs   av.it.:  19.0
      thresh= 2.738E-08 alpha_mix =  0.700 |ddv_scf|^2 =  1.320E-14

      iter #  16 total cpu time : 25347.3 secs   av.it.:  19.8
      thresh= 1.149E-08 alpha_mix =  0.700 |ddv_scf|^2 =  1.607E-15

     End of self-consistent calculation

     Convergence has been achieved 


     Representation #   7 mode #   7

     Self-consistent Calculation

      iter #   1 total cpu time : 25355.0 secs   av.it.:   8.8
      thresh= 1.000E-02 alpha_mix =  0.700 |ddv_scf|^2 =  6.012E-06

      iter #   2 total cpu time : 25364.5 secs   av.it.:  20.5
      thresh= 2.452E-04 alpha_mix =  0.700 |ddv_scf|^2 =  1.772E-05

      iter #   3 total cpu time : 25373.5 secs   av.it.:  18.1
      thresh= 4.209E-04 alpha_mix =  0.700 |ddv_scf|^2 =  5.462E-06

      iter #   4 total cpu time : 25382.1 secs   av.it.:  16.1
      thresh= 2.337E-04 alpha_mix =  0.700 |ddv_scf|^2 =  3.630E-08

      iter #   5 total cpu time : 25391.5 secs   av.it.:  20.2
      thresh= 1.905E-05 alpha_mix =  0.700 |ddv_scf|^2 =  3.089E-09

      iter #   6 total cpu time : 25401.0 secs   av.it.:  20.6
      thresh= 5.558E-06 alpha_mix =  0.700 |ddv_scf|^2 =  1.333E-09

      iter #   7 total cpu time : 25410.2 secs   av.it.:  19.5
      thresh= 3.651E-06 alpha_mix =  0.700 |ddv_scf|^2 =  1.206E-10

      iter #   8 total cpu time : 25419.5 secs   av.it.:  19.5
      thresh= 1.098E-06 alpha_mix =  0.700 |ddv_scf|^2 =  4.734E-11

      iter #   9 total cpu time : 25428.7 secs   av.it.:  19.0
      thresh= 6.880E-07 alpha_mix =  0.700 |ddv_scf|^2 =  3.959E-11

      iter #  10 total cpu time : 25437.7 secs   av.it.:  18.1
      thresh= 6.292E-07 alpha_mix =  0.700 |ddv_scf|^2 =  1.154E-11

      iter #  11 total cpu time : 25446.9 secs   av.it.:  18.9
      thresh= 3.398E-07 alpha_mix =  0.700 |ddv_scf|^2 =  8.528E-13

      iter #  12 total cpu time : 25456.1 secs   av.it.:  19.2
      thresh= 9.235E-08 alpha_mix =  0.700 |ddv_scf|^2 =  4.692E-14

      iter #  13 total cpu time : 25465.4 secs   av.it.:  19.9
      thresh= 2.166E-08 alpha_mix =  0.700 |ddv_scf|^2 =  1.868E-14

      iter #  14 total cpu time : 25474.5 secs   av.it.:  19.0
      thresh= 1.367E-08 alpha_mix =  0.700 |ddv_scf|^2 =  2.571E-15

     End of self-consistent calculation

     Convergence has been achieved 


     Representation #   8 mode #   8

     Self-consistent Calculation

      iter #   1 total cpu time : 25482.2 secs   av.it.:   9.0
      thresh= 1.000E-02 alpha_mix =  0.700 |ddv_scf|^2 =  5.659E-06

      iter #   2 total cpu time : 25491.7 secs   av.it.:  20.1
      thresh= 2.379E-04 alpha_mix =  0.700 |ddv_scf|^2 =  1.154E-05

      iter #   3 total cpu time : 25500.7 secs   av.it.:  18.0
      thresh= 3.398E-04 alpha_mix =  0.700 |ddv_scf|^2 =  3.257E-06

      iter #   4 total cpu time : 25509.3 secs   av.it.:  16.1
      thresh= 1.805E-04 alpha_mix =  0.700 |ddv_scf|^2 =  4.264E-08

      iter #   5 total cpu time : 25518.6 secs   av.it.:  19.1
      thresh= 2.065E-05 alpha_mix =  0.700 |ddv_scf|^2 =  3.386E-09

      iter #   6 total cpu time : 25527.9 secs   av.it.:  20.0
      thresh= 5.819E-06 alpha_mix =  0.700 |ddv_scf|^2 =  1.425E-09

      iter #   7 total cpu time : 25537.1 secs   av.it.:  19.0
      thresh= 3.775E-06 alpha_mix =  0.700 |ddv_scf|^2 =  9.930E-11

      iter #   8 total cpu time : 25546.4 secs   av.it.:  20.0
      thresh= 9.965E-07 alpha_mix =  0.700 |ddv_scf|^2 =  3.102E-11

      iter #   9 total cpu time : 25555.8 secs   av.it.:  19.9
      thresh= 5.569E-07 alpha_mix =  0.700 |ddv_scf|^2 =  5.284E-11

      iter #  10 total cpu time : 25564.6 secs   av.it.:  17.5
      thresh= 7.269E-07 alpha_mix =  0.700 |ddv_scf|^2 =  9.780E-12

      iter #  11 total cpu time : 25573.6 secs   av.it.:  18.1
      thresh= 3.127E-07 alpha_mix =  0.700 |ddv_scf|^2 =  8.372E-13

      iter #  12 total cpu time : 25582.7 secs   av.it.:  18.8
      thresh= 9.150E-08 alpha_mix =  0.700 |ddv_scf|^2 =  6.366E-14

      iter #  13 total cpu time : 25592.1 secs   av.it.:  19.5
      thresh= 2.523E-08 alpha_mix =  0.700 |ddv_scf|^2 =  2.042E-14

      iter #  14 total cpu time : 25601.1 secs   av.it.:  18.6
      thresh= 1.429E-08 alpha_mix =  0.700 |ddv_scf|^2 =  2.450E-15

     End of self-consistent calculation

     Convergence has been achieved 


     Representation #   9 mode #   9

     Self-consistent Calculation

      iter #   1 total cpu time : 25608.7 secs   av.it.:   9.0
      thresh= 1.000E-02 alpha_mix =  0.700 |ddv_scf|^2 =  1.042E-06

      iter #   2 total cpu time : 25618.3 secs   av.it.:  20.5
      thresh= 1.021E-04 alpha_mix =  0.700 |ddv_scf|^2 =  2.964E-07

      iter #   3 total cpu time : 25627.8 secs   av.it.:  20.0
      thresh= 5.444E-05 alpha_mix =  0.700 |ddv_scf|^2 =  1.618E-07

      iter #   4 total cpu time : 25636.6 secs   av.it.:  17.1
      thresh= 4.023E-05 alpha_mix =  0.700 |ddv_scf|^2 =  3.051E-08

      iter #   5 total cpu time : 25645.6 secs   av.it.:  18.1
      thresh= 1.747E-05 alpha_mix =  0.700 |ddv_scf|^2 =  5.035E-09

      iter #   6 total cpu time : 25654.8 secs   av.it.:  18.9
      thresh= 7.096E-06 alpha_mix =  0.700 |ddv_scf|^2 =  5.333E-11

      iter #   7 total cpu time : 25664.6 secs   av.it.:  22.1
      thresh= 7.303E-07 alpha_mix =  0.700 |ddv_scf|^2 =  4.364E-11

      iter #   8 total cpu time : 25674.0 secs   av.it.:  20.0
      thresh= 6.606E-07 alpha_mix =  0.700 |ddv_scf|^2 =  2.263E-12

      iter #   9 total cpu time : 25683.4 secs   av.it.:  20.0
      thresh= 1.504E-07 alpha_mix =  0.700 |ddv_scf|^2 =  6.820E-13

      iter #  10 total cpu time : 25692.6 secs   av.it.:  18.8
      thresh= 8.258E-08 alpha_mix =  0.700 |ddv_scf|^2 =  8.241E-13

      iter #  11 total cpu time : 25701.3 secs   av.it.:  16.9
      thresh= 9.078E-08 alpha_mix =  0.700 |ddv_scf|^2 =  3.852E-14

      iter #  12 total cpu time : 25710.4 secs   av.it.:  19.0
      thresh= 1.963E-08 alpha_mix =  0.700 |ddv_scf|^2 =  5.865E-15

     End of self-consistent calculation

     Convergence has been achieved 


     Representation #  10 mode #  10

     Self-consistent Calculation

      iter #   1 total cpu time : 25718.2 secs   av.it.:   9.5
      thresh= 1.000E-02 alpha_mix =  0.700 |ddv_scf|^2 =  6.408E-06

      iter #   2 total cpu time : 25727.9 secs   av.it.:  21.0
      thresh= 2.531E-04 alpha_mix =  0.700 |ddv_scf|^2 =  1.797E-05

      iter #   3 total cpu time : 25736.8 secs   av.it.:  18.1
      thresh= 4.239E-04 alpha_mix =  0.700 |ddv_scf|^2 =  5.453E-06

      iter #   4 total cpu time : 25745.5 secs   av.it.:  16.4
      thresh= 2.335E-04 alpha_mix =  0.700 |ddv_scf|^2 =  3.364E-08

      iter #   5 total cpu time : 25754.3 secs   av.it.:  20.6
      thresh= 1.834E-05 alpha_mix =  0.700 |ddv_scf|^2 =  6.689E-09

      iter #   6 total cpu time : 25763.7 secs   av.it.:  19.8
      thresh= 8.179E-06 alpha_mix =  0.700 |ddv_scf|^2 =  1.416E-09

      iter #   7 total cpu time : 25773.1 secs   av.it.:  20.0
      thresh= 3.762E-06 alpha_mix =  0.700 |ddv_scf|^2 =  1.838E-10

      iter #   8 total cpu time : 25782.4 secs   av.it.:  19.6
      thresh= 1.356E-06 alpha_mix =  0.700 |ddv_scf|^2 =  2.424E-11

      iter #   9 total cpu time : 25791.9 secs   av.it.:  20.1
      thresh= 4.924E-07 alpha_mix =  0.700 |ddv_scf|^2 =  1.307E-11

      iter #  10 total cpu time : 25800.6 secs   av.it.:  18.5
      thresh= 3.615E-07 alpha_mix =  0.700 |ddv_scf|^2 =  6.068E-12

      iter #  11 total cpu time : 25809.4 secs   av.it.:  17.5
      thresh= 2.463E-07 alpha_mix =  0.700 |ddv_scf|^2 =  1.396E-12

      iter #  12 total cpu time : 25818.4 secs   av.it.:  17.9
      thresh= 1.182E-07 alpha_mix =  0.700 |ddv_scf|^2 =  5.672E-14

      iter #  13 total cpu time : 25827.7 secs   av.it.:  20.0
      thresh= 2.382E-08 alpha_mix =  0.700 |ddv_scf|^2 =  1.691E-14

      iter #  14 total cpu time : 25836.9 secs   av.it.:  19.0
      thresh= 1.300E-08 alpha_mix =  0.700 |ddv_scf|^2 =  2.574E-15

     End of self-consistent calculation

     Convergence has been achieved 


     Representation #  11 mode #  11

     Self-consistent Calculation

      iter #   1 total cpu time : 25844.7 secs   av.it.:   9.8
      thresh= 1.000E-02 alpha_mix =  0.700 |ddv_scf|^2 =  5.859E-06

      iter #   2 total cpu time : 25854.2 secs   av.it.:  20.8
      thresh= 2.420E-04 alpha_mix =  0.700 |ddv_scf|^2 =  1.187E-05

      iter #   3 total cpu time : 25863.3 secs   av.it.:  18.2
      thresh= 3.445E-04 alpha_mix =  0.700 |ddv_scf|^2 =  2.439E-06

      iter #   4 total cpu time : 25871.9 secs   av.it.:  16.1
      thresh= 1.562E-04 alpha_mix =  0.700 |ddv_scf|^2 =  3.672E-08

      iter #   5 total cpu time : 25881.1 secs   av.it.:  19.2
      thresh= 1.916E-05 alpha_mix =  0.700 |ddv_scf|^2 =  5.132E-09

      iter #   6 total cpu time : 25890.4 secs   av.it.:  19.1
      thresh= 7.164E-06 alpha_mix =  0.700 |ddv_scf|^2 =  1.331E-09

      iter #   7 total cpu time : 25899.7 secs   av.it.:  19.8
      thresh= 3.649E-06 alpha_mix =  0.700 |ddv_scf|^2 =  1.864E-10

      iter #   8 total cpu time : 25909.0 secs   av.it.:  19.9
      thresh= 1.365E-06 alpha_mix =  0.700 |ddv_scf|^2 =  3.307E-11

      iter #   9 total cpu time : 25918.4 secs   av.it.:  20.0
      thresh= 5.751E-07 alpha_mix =  0.700 |ddv_scf|^2 =  2.798E-11

      iter #  10 total cpu time : 25927.5 secs   av.it.:  18.1
      thresh= 5.290E-07 alpha_mix =  0.700 |ddv_scf|^2 =  7.241E-12

      iter #  11 total cpu time : 25936.4 secs   av.it.:  17.6
      thresh= 2.691E-07 alpha_mix =  0.700 |ddv_scf|^2 =  1.781E-12

      iter #  12 total cpu time : 25945.3 secs   av.it.:  17.9
      thresh= 1.335E-07 alpha_mix =  0.700 |ddv_scf|^2 =  7.515E-14

      iter #  13 total cpu time : 25954.8 secs   av.it.:  20.1
      thresh= 2.741E-08 alpha_mix =  0.700 |ddv_scf|^2 =  3.178E-14

      iter #  14 total cpu time : 25963.9 secs   av.it.:  18.9
      thresh= 1.783E-08 alpha_mix =  0.700 |ddv_scf|^2 =  3.860E-15

     End of self-consistent calculation

     Convergence has been achieved 


     Representation #  12 mode #  12

     Self-consistent Calculation

      iter #   1 total cpu time : 25971.4 secs   av.it.:   8.2
      thresh= 1.000E-02 alpha_mix =  0.700 |ddv_scf|^2 =  9.388E-07

      iter #   2 total cpu time : 25980.6 secs   av.it.:  19.1
      thresh= 9.689E-05 alpha_mix =  0.700 |ddv_scf|^2 =  2.374E-07

      iter #   3 total cpu time : 25989.9 secs   av.it.:  19.5
      thresh= 4.872E-05 alpha_mix =  0.700 |ddv_scf|^2 =  3.510E-07

      iter #   4 total cpu time : 25998.4 secs   av.it.:  16.0
      thresh= 5.925E-05 alpha_mix =  0.700 |ddv_scf|^2 =  6.531E-09

      iter #   5 total cpu time : 26007.6 secs   av.it.:  19.2
      thresh= 8.081E-06 alpha_mix =  0.700 |ddv_scf|^2 =  1.726E-09

      iter #   6 total cpu time : 26017.0 secs   av.it.:  19.9
      thresh= 4.154E-06 alpha_mix =  0.700 |ddv_scf|^2 =  5.044E-11

      iter #   7 total cpu time : 26026.6 secs   av.it.:  21.2
      thresh= 7.102E-07 alpha_mix =  0.700 |ddv_scf|^2 =  4.664E-11

      iter #   8 total cpu time : 26035.7 secs   av.it.:  18.9
      thresh= 6.829E-07 alpha_mix =  0.700 |ddv_scf|^2 =  7.238E-13

      iter #   9 total cpu time : 26045.2 secs   av.it.:  20.1
      thresh= 8.508E-08 alpha_mix =  0.700 |ddv_scf|^2 =  4.120E-13

      iter #  10 total cpu time : 26054.2 secs   av.it.:  18.4
      thresh= 6.419E-08 alpha_mix =  0.700 |ddv_scf|^2 =  3.167E-13

      iter #  11 total cpu time : 26062.9 secs   av.it.:  17.1
      thresh= 5.628E-08 alpha_mix =  0.700 |ddv_scf|^2 =  8.972E-15

     End of self-consistent calculation

     Convergence has been achieved 


     Representation #  13 mode #  13

     Self-consistent Calculation

      iter #   1 total cpu time : 26070.3 secs   av.it.:   7.5
      thresh= 1.000E-02 alpha_mix =  0.700 |ddv_scf|^2 =  9.590E-07

      iter #   2 total cpu time : 26080.0 secs   av.it.:  21.0
      thresh= 9.793E-05 alpha_mix =  0.700 |ddv_scf|^2 =  2.102E-06

      iter #   3 total cpu time : 26089.1 secs   av.it.:  18.9
      thresh= 1.450E-04 alpha_mix =  0.700 |ddv_scf|^2 =  1.054E-07

      iter #   4 total cpu time : 26098.1 secs   av.it.:  17.6
      thresh= 3.246E-05 alpha_mix =  0.700 |ddv_scf|^2 =  2.624E-08

      iter #   5 total cpu time : 26106.8 secs   av.it.:  18.0
      thresh= 1.620E-05 alpha_mix =  0.700 |ddv_scf|^2 =  2.361E-10

      iter #   6 total cpu time : 26116.4 secs   av.it.:  21.0
      thresh= 1.537E-06 alpha_mix =  0.700 |ddv_scf|^2 =  7.614E-11

      iter #   7 total cpu time : 26125.5 secs   av.it.:  19.1
      thresh= 8.726E-07 alpha_mix =  0.700 |ddv_scf|^2 =  4.956E-12

      iter #   8 total cpu time : 26135.0 secs   av.it.:  20.2
      thresh= 2.226E-07 alpha_mix =  0.700 |ddv_scf|^2 =  1.020E-12

      iter #   9 total cpu time : 26144.5 secs   av.it.:  20.4
      thresh= 1.010E-07 alpha_mix =  0.700 |ddv_scf|^2 =  4.636E-13

      iter #  10 total cpu time : 26153.9 secs   av.it.:  20.2
      thresh= 6.809E-08 alpha_mix =  0.700 |ddv_scf|^2 =  1.413E-12

      iter #  11 total cpu time : 26162.4 secs   av.it.:  16.8
      thresh= 1.189E-07 alpha_mix =  0.700 |ddv_scf|^2 =  9.274E-14

      iter #  12 total cpu time : 26171.7 secs   av.it.:  19.6
      thresh= 3.045E-08 alpha_mix =  0.700 |ddv_scf|^2 =  7.051E-15

     End of self-consistent calculation

     Convergence has been achieved 


     Representation #  14 mode #  14

     Self-consistent Calculation

      iter #   1 total cpu time : 26178.9 secs   av.it.:   7.4
      thresh= 1.000E-02 alpha_mix =  0.700 |ddv_scf|^2 =  2.276E-06

      iter #   2 total cpu time : 26188.5 secs   av.it.:  20.2
      thresh= 1.509E-04 alpha_mix =  0.700 |ddv_scf|^2 =  2.904E-05

      iter #   3 total cpu time : 26197.0 secs   av.it.:  16.0
      thresh= 5.389E-04 alpha_mix =  0.700 |ddv_scf|^2 =  1.869E-07

      iter #   4 total cpu time : 26206.1 secs   av.it.:  18.6
      thresh= 4.323E-05 alpha_mix =  0.700 |ddv_scf|^2 =  4.681E-09

      iter #   5 total cpu time : 26215.2 secs   av.it.:  19.0
      thresh= 6.842E-06 alpha_mix =  0.700 |ddv_scf|^2 =  2.168E-10

      iter #   6 total cpu time : 26224.6 secs   av.it.:  19.8
      thresh= 1.472E-06 alpha_mix =  0.700 |ddv_scf|^2 =  3.091E-11

      iter #   7 total cpu time : 26233.8 secs   av.it.:  19.1
      thresh= 5.559E-07 alpha_mix =  0.700 |ddv_scf|^2 =  4.498E-12

      iter #   8 total cpu time : 26243.0 secs   av.it.:  19.1
      thresh= 2.121E-07 alpha_mix =  0.700 |ddv_scf|^2 =  9.977E-13

      iter #   9 total cpu time : 26252.5 secs   av.it.:  20.0
      thresh= 9.988E-08 alpha_mix =  0.700 |ddv_scf|^2 =  7.856E-13

      iter #  10 total cpu time : 26261.5 secs   av.it.:  18.0
      thresh= 8.863E-08 alpha_mix =  0.700 |ddv_scf|^2 =  4.932E-13

      iter #  11 total cpu time : 26270.5 secs   av.it.:  18.1
      thresh= 7.023E-08 alpha_mix =  0.700 |ddv_scf|^2 =  2.251E-14

      iter #  12 total cpu time : 26279.7 secs   av.it.:  19.6
      thresh= 1.500E-08 alpha_mix =  0.700 |ddv_scf|^2 =  4.428E-15

     End of self-consistent calculation

     Convergence has been achieved 


     Representation #  15 mode #  15

     Self-consistent Calculation

      iter #   1 total cpu time : 26286.9 secs   av.it.:   7.1
      thresh= 1.000E-02 alpha_mix =  0.700 |ddv_scf|^2 =  1.998E-07

      iter #   2 total cpu time : 26296.5 secs   av.it.:  20.9
      thresh= 4.470E-05 alpha_mix =  0.700 |ddv_scf|^2 =  2.163E-07

      iter #   3 total cpu time : 26305.7 secs   av.it.:  19.0
      thresh= 4.651E-05 alpha_mix =  0.700 |ddv_scf|^2 =  3.111E-07

      iter #   4 total cpu time : 26314.3 secs   av.it.:  16.1
      thresh= 5.577E-05 alpha_mix =  0.700 |ddv_scf|^2 =  3.684E-09

      iter #   5 total cpu time : 26323.6 secs   av.it.:  19.1
      thresh= 6.070E-06 alpha_mix =  0.700 |ddv_scf|^2 =  2.869E-10

      iter #   6 total cpu time : 26332.9 secs   av.it.:  20.0
      thresh= 1.694E-06 alpha_mix =  0.700 |ddv_scf|^2 =  5.773E-11

      iter #   7 total cpu time : 26342.4 secs   av.it.:  20.2
      thresh= 7.598E-07 alpha_mix =  0.700 |ddv_scf|^2 =  5.650E-12

      iter #   8 total cpu time : 26351.8 secs   av.it.:  20.0
      thresh= 2.377E-07 alpha_mix =  0.700 |ddv_scf|^2 =  1.243E-12

      iter #   9 total cpu time : 26361.1 secs   av.it.:  19.8
      thresh= 1.115E-07 alpha_mix =  0.700 |ddv_scf|^2 =  1.024E-12

      iter #  10 total cpu time : 26370.0 secs   av.it.:  18.0
      thresh= 1.012E-07 alpha_mix =  0.700 |ddv_scf|^2 =  2.929E-13

      iter #  11 total cpu time : 26379.0 secs   av.it.:  17.9
      thresh= 5.412E-08 alpha_mix =  0.700 |ddv_scf|^2 =  6.670E-14

      iter #  12 total cpu time : 26388.1 secs   av.it.:  18.8
      thresh= 2.583E-08 alpha_mix =  0.700 |ddv_scf|^2 =  5.910E-15

     End of self-consistent calculation

     Convergence has been achieved 


     Representation #  16 mode #  16

     Self-consistent Calculation

      iter #   1 total cpu time : 26395.4 secs   av.it.:   7.5
      thresh= 1.000E-02 alpha_mix =  0.700 |ddv_scf|^2 =  1.392E-06

      iter #   2 total cpu time : 26405.0 secs   av.it.:  20.6
      thresh= 1.180E-04 alpha_mix =  0.700 |ddv_scf|^2 =  9.490E-06

      iter #   3 total cpu time : 26413.6 secs   av.it.:  16.4
      thresh= 3.081E-04 alpha_mix =  0.700 |ddv_scf|^2 =  8.828E-07

      iter #   4 total cpu time : 26422.4 secs   av.it.:  17.1
      thresh= 9.396E-05 alpha_mix =  0.700 |ddv_scf|^2 =  4.682E-09

      iter #   5 total cpu time : 26431.9 secs   av.it.:  20.1
      thresh= 6.843E-06 alpha_mix =  0.700 |ddv_scf|^2 =  7.398E-10

      iter #   6 total cpu time : 26441.1 secs   av.it.:  19.6
      thresh= 2.720E-06 alpha_mix =  0.700 |ddv_scf|^2 =  9.434E-11

      iter #   7 total cpu time : 26450.3 secs   av.it.:  19.0
      thresh= 9.713E-07 alpha_mix =  0.700 |ddv_scf|^2 =  1.259E-11

      iter #   8 total cpu time : 26459.8 secs   av.it.:  20.0
      thresh= 3.549E-07 alpha_mix =  0.700 |ddv_scf|^2 =  2.602E-12

      iter #   9 total cpu time : 26468.5 secs   av.it.:  20.0
      thresh= 1.613E-07 alpha_mix =  0.700 |ddv_scf|^2 =  9.391E-13

      iter #  10 total cpu time : 26477.8 secs   av.it.:  19.2
      thresh= 9.691E-08 alpha_mix =  0.700 |ddv_scf|^2 =  6.185E-13

      iter #  11 total cpu time : 26486.6 secs   av.it.:  17.4
      thresh= 7.864E-08 alpha_mix =  0.700 |ddv_scf|^2 =  4.480E-14

      iter #  12 total cpu time : 26495.9 secs   av.it.:  19.1
      thresh= 2.117E-08 alpha_mix =  0.700 |ddv_scf|^2 =  1.154E-14

      iter #  13 total cpu time : 26505.0 secs   av.it.:  18.9
      thresh= 1.074E-08 alpha_mix =  0.700 |ddv_scf|^2 =  2.299E-15

     End of self-consistent calculation

     Convergence has been achieved 


     Representation #  17 mode #  17

     Self-consistent Calculation

      iter #   1 total cpu time : 26512.3 secs   av.it.:   7.9
      thresh= 1.000E-02 alpha_mix =  0.700 |ddv_scf|^2 =  9.153E-07

      iter #   2 total cpu time : 26522.0 secs   av.it.:  21.5
      thresh= 9.567E-05 alpha_mix =  0.700 |ddv_scf|^2 =  2.212E-06

      iter #   3 total cpu time : 26531.2 secs   av.it.:  18.9
      thresh= 1.487E-04 alpha_mix =  0.700 |ddv_scf|^2 =  4.806E-07

      iter #   4 total cpu time : 26539.8 secs   av.it.:  16.4
      thresh= 6.933E-05 alpha_mix =  0.700 |ddv_scf|^2 =  7.293E-09

      iter #   5 total cpu time : 26549.1 secs   av.it.:  19.9
      thresh= 8.540E-06 alpha_mix =  0.700 |ddv_scf|^2 =  4.406E-10

      iter #   6 total cpu time : 26558.6 secs   av.it.:  20.0
      thresh= 2.099E-06 alpha_mix =  0.700 |ddv_scf|^2 =  1.039E-10

      iter #   7 total cpu time : 26567.5 secs   av.it.:  19.1
      thresh= 1.020E-06 alpha_mix =  0.700 |ddv_scf|^2 =  5.848E-12

      iter #   8 total cpu time : 26576.9 secs   av.it.:  19.9
      thresh= 2.418E-07 alpha_mix =  0.700 |ddv_scf|^2 =  1.833E-12

      iter #   9 total cpu time : 26585.8 secs   av.it.:  19.1
      thresh= 1.354E-07 alpha_mix =  0.700 |ddv_scf|^2 =  4.456E-13

      iter #  10 total cpu time : 26595.0 secs   av.it.:  18.9
      thresh= 6.676E-08 alpha_mix =  0.700 |ddv_scf|^2 =  5.976E-13

      iter #  11 total cpu time : 26604.1 secs   av.it.:  18.2
      thresh= 7.730E-08 alpha_mix =  0.700 |ddv_scf|^2 =  4.946E-14

      iter #  12 total cpu time : 26613.4 secs   av.it.:  19.9
      thresh= 2.224E-08 alpha_mix =  0.700 |ddv_scf|^2 =  8.720E-15

     End of self-consistent calculation

     Convergence has been achieved 


     Representation #  18 mode #  18

     Self-consistent Calculation

      iter #   1 total cpu time : 26620.7 secs   av.it.:   7.6
      thresh= 1.000E-02 alpha_mix =  0.700 |ddv_scf|^2 =  4.474E-07

      iter #   2 total cpu time : 26630.4 secs   av.it.:  21.0
      thresh= 6.689E-05 alpha_mix =  0.700 |ddv_scf|^2 =  4.755E-06

      iter #   3 total cpu time : 26639.0 secs   av.it.:  16.1
      thresh= 2.181E-04 alpha_mix =  0.700 |ddv_scf|^2 =  8.518E-08

      iter #   4 total cpu time : 26648.2 secs   av.it.:  19.0
      thresh= 2.919E-05 alpha_mix =  0.700 |ddv_scf|^2 =  7.974E-09

      iter #   5 total cpu time : 26657.1 secs   av.it.:  18.0
      thresh= 8.930E-06 alpha_mix =  0.700 |ddv_scf|^2 =  7.959E-10

      iter #   6 total cpu time : 26666.3 secs   av.it.:  18.5
      thresh= 2.821E-06 alpha_mix =  0.700 |ddv_scf|^2 =  5.306E-11

      iter #   7 total cpu time : 26675.2 secs   av.it.:  18.6
      thresh= 7.284E-07 alpha_mix =  0.700 |ddv_scf|^2 =  2.878E-12

      iter #   8 total cpu time : 26683.7 secs   av.it.:  19.4
      thresh= 1.697E-07 alpha_mix =  0.700 |ddv_scf|^2 =  1.329E-12

      iter #   9 total cpu time : 26692.9 secs   av.it.:  18.9
      thresh= 1.153E-07 alpha_mix =  0.700 |ddv_scf|^2 =  2.386E-13

      iter #  10 total cpu time : 26702.5 secs   av.it.:  21.0
      thresh= 4.885E-08 alpha_mix =  0.700 |ddv_scf|^2 =  5.849E-13

      iter #  11 total cpu time : 26711.5 secs   av.it.:  17.8
      thresh= 7.648E-08 alpha_mix =  0.700 |ddv_scf|^2 =  3.084E-14

      iter #  12 total cpu time : 26720.1 secs   av.it.:  19.8
      thresh= 1.756E-08 alpha_mix =  0.700 |ddv_scf|^2 =  1.236E-14

      iter #  13 total cpu time : 26729.1 secs   av.it.:  18.5
      thresh= 1.112E-08 alpha_mix =  0.700 |ddv_scf|^2 =  1.321E-15

     End of self-consistent calculation

     Convergence has been achieved 


     Representation #  19 mode #  19

     Self-consistent Calculation

      iter #   1 total cpu time : 26736.5 secs   av.it.:   8.1
      thresh= 1.000E-02 alpha_mix =  0.700 |ddv_scf|^2 =  1.006E-06

      iter #   2 total cpu time : 26746.2 secs   av.it.:  21.5
      thresh= 1.003E-04 alpha_mix =  0.700 |ddv_scf|^2 =  3.074E-06

      iter #   3 total cpu time : 26755.3 secs   av.it.:  18.5
      thresh= 1.753E-04 alpha_mix =  0.700 |ddv_scf|^2 =  8.980E-07

      iter #   4 total cpu time : 26763.9 secs   av.it.:  16.5
      thresh= 9.476E-05 alpha_mix =  0.700 |ddv_scf|^2 =  4.346E-09

      iter #   5 total cpu time : 26773.6 secs   av.it.:  21.0
      thresh= 6.593E-06 alpha_mix =  0.700 |ddv_scf|^2 =  8.838E-10

      iter #   6 total cpu time : 26782.8 secs   av.it.:  19.5
      thresh= 2.973E-06 alpha_mix =  0.700 |ddv_scf|^2 =  9.605E-11

      iter #   7 total cpu time : 26792.1 secs   av.it.:  19.4
      thresh= 9.800E-07 alpha_mix =  0.700 |ddv_scf|^2 =  8.015E-12

      iter #   8 total cpu time : 26801.5 secs   av.it.:  19.8
      thresh= 2.831E-07 alpha_mix =  0.700 |ddv_scf|^2 =  2.292E-12

      iter #   9 total cpu time : 26810.8 secs   av.it.:  19.9
      thresh= 1.514E-07 alpha_mix =  0.700 |ddv_scf|^2 =  1.079E-12

      iter #  10 total cpu time : 26819.9 secs   av.it.:  18.6
      thresh= 1.039E-07 alpha_mix =  0.700 |ddv_scf|^2 =  3.832E-13

      iter #  11 total cpu time : 26828.4 secs   av.it.:  19.0
      thresh= 6.191E-08 alpha_mix =  0.700 |ddv_scf|^2 =  1.110E-13

      iter #  12 total cpu time : 26837.6 secs   av.it.:  19.0
      thresh= 3.331E-08 alpha_mix =  0.700 |ddv_scf|^2 =  1.297E-14

      iter #  13 total cpu time : 26846.4 secs   av.it.:  19.0
      thresh= 1.139E-08 alpha_mix =  0.700 |ddv_scf|^2 =  3.431E-15

     End of self-consistent calculation

     Convergence has been achieved 


     Representation #  20 mode #  20

     Self-consistent Calculation

      iter #   1 total cpu time : 26853.7 secs   av.it.:   7.8
      thresh= 1.000E-02 alpha_mix =  0.700 |ddv_scf|^2 =  1.461E-06

      iter #   2 total cpu time : 26863.3 secs   av.it.:  20.8
      thresh= 1.209E-04 alpha_mix =  0.700 |ddv_scf|^2 =  1.000E-05

      iter #   3 total cpu time : 26872.1 secs   av.it.:  16.8
      thresh= 3.162E-04 alpha_mix =  0.700 |ddv_scf|^2 =  9.344E-07

      iter #   4 total cpu time : 26880.8 secs   av.it.:  17.1
      thresh= 9.667E-05 alpha_mix =  0.700 |ddv_scf|^2 =  4.066E-09

      iter #   5 total cpu time : 26890.2 secs   av.it.:  20.1
      thresh= 6.376E-06 alpha_mix =  0.700 |ddv_scf|^2 =  5.026E-10

      iter #   6 total cpu time : 26899.6 secs   av.it.:  19.6
      thresh= 2.242E-06 alpha_mix =  0.700 |ddv_scf|^2 =  1.141E-10

      iter #   7 total cpu time : 26908.8 secs   av.it.:  18.9
      thresh= 1.068E-06 alpha_mix =  0.700 |ddv_scf|^2 =  1.084E-11

      iter #   8 total cpu time : 26918.3 secs   av.it.:  20.5
      thresh= 3.292E-07 alpha_mix =  0.700 |ddv_scf|^2 =  4.348E-12

      iter #   9 total cpu time : 26927.7 secs   av.it.:  19.6
      thresh= 2.085E-07 alpha_mix =  0.700 |ddv_scf|^2 =  3.313E-13

      iter #  10 total cpu time : 26937.2 secs   av.it.:  20.5
      thresh= 5.756E-08 alpha_mix =  0.700 |ddv_scf|^2 =  5.284E-13

      iter #  11 total cpu time : 26945.8 secs   av.it.:  17.8
      thresh= 7.269E-08 alpha_mix =  0.700 |ddv_scf|^2 =  3.847E-14

      iter #  12 total cpu time : 26955.0 secs   av.it.:  19.0
      thresh= 1.961E-08 alpha_mix =  0.700 |ddv_scf|^2 =  4.931E-15

     End of self-consistent calculation

     Convergence has been achieved 


     Representation #  21 mode #  21

     Self-consistent Calculation

      iter #   1 total cpu time : 26962.4 secs   av.it.:   7.5
      thresh= 1.000E-02 alpha_mix =  0.700 |ddv_scf|^2 =  4.636E-07

      iter #   2 total cpu time : 26972.0 secs   av.it.:  20.9
      thresh= 6.809E-05 alpha_mix =  0.700 |ddv_scf|^2 =  4.327E-06

      iter #   3 total cpu time : 26980.6 secs   av.it.:  16.2
      thresh= 2.080E-04 alpha_mix =  0.700 |ddv_scf|^2 =  1.537E-07

      iter #   4 total cpu time : 26989.6 secs   av.it.:  18.0
      thresh= 3.920E-05 alpha_mix =  0.700 |ddv_scf|^2 =  9.748E-09

      iter #   5 total cpu time : 26998.6 secs   av.it.:  18.1
      thresh= 9.873E-06 alpha_mix =  0.700 |ddv_scf|^2 =  1.200E-09

      iter #   6 total cpu time : 27007.1 secs   av.it.:  18.1
      thresh= 3.464E-06 alpha_mix =  0.700 |ddv_scf|^2 =  6.294E-11

      iter #   7 total cpu time : 27016.3 secs   av.it.:  18.9
      thresh= 7.934E-07 alpha_mix =  0.700 |ddv_scf|^2 =  4.370E-12

      iter #   8 total cpu time : 27025.7 secs   av.it.:  20.0
      thresh= 2.090E-07 alpha_mix =  0.700 |ddv_scf|^2 =  1.905E-12

      iter #   9 total cpu time : 27035.0 secs   av.it.:  19.6
      thresh= 1.380E-07 alpha_mix =  0.700 |ddv_scf|^2 =  3.025E-13

      iter #  10 total cpu time : 27044.4 secs   av.it.:  20.2
      thresh= 5.500E-08 alpha_mix =  0.700 |ddv_scf|^2 =  3.773E-13

      iter #  11 total cpu time : 27053.4 secs   av.it.:  18.0
      thresh= 6.143E-08 alpha_mix =  0.700 |ddv_scf|^2 =  4.078E-14

      iter #  12 total cpu time : 27062.6 secs   av.it.:  19.2
      thresh= 2.019E-08 alpha_mix =  0.700 |ddv_scf|^2 =  1.820E-14

      iter #  13 total cpu time : 27071.7 secs   av.it.:  18.1
      thresh= 1.349E-08 alpha_mix =  0.700 |ddv_scf|^2 =  1.686E-15

     End of self-consistent calculation

     Convergence has been achieved 


     Representation #  22 mode #  22

     Self-consistent Calculation

      iter #   1 total cpu time : 27079.0 secs   av.it.:   7.6
      thresh= 1.000E-02 alpha_mix =  0.700 |ddv_scf|^2 =  2.530E-06

      iter #   2 total cpu time : 27088.6 secs   av.it.:  20.6
      thresh= 1.591E-04 alpha_mix =  0.700 |ddv_scf|^2 =  3.267E-05

      iter #   3 total cpu time : 27097.2 secs   av.it.:  16.1
      thresh= 5.715E-04 alpha_mix =  0.700 |ddv_scf|^2 =  2.938E-07

      iter #   4 total cpu time : 27106.2 secs   av.it.:  18.4
      thresh= 5.420E-05 alpha_mix =  0.700 |ddv_scf|^2 =  8.557E-09

      iter #   5 total cpu time : 27115.3 secs   av.it.:  19.0
      thresh= 9.250E-06 alpha_mix =  0.700 |ddv_scf|^2 =  2.669E-10

      iter #   6 total cpu time : 27124.8 secs   av.it.:  20.2
      thresh= 1.634E-06 alpha_mix =  0.700 |ddv_scf|^2 =  4.575E-11

      iter #   7 total cpu time : 27134.0 secs   av.it.:  19.0
      thresh= 6.764E-07 alpha_mix =  0.700 |ddv_scf|^2 =  3.528E-12

      iter #   8 total cpu time : 27143.2 secs   av.it.:  19.5
      thresh= 1.878E-07 alpha_mix =  0.700 |ddv_scf|^2 =  3.192E-13

      iter #   9 total cpu time : 27152.8 secs   av.it.:  20.2
      thresh= 5.650E-08 alpha_mix =  0.700 |ddv_scf|^2 =  3.748E-13

      iter #  10 total cpu time : 27162.0 secs   av.it.:  19.0
      thresh= 6.122E-08 alpha_mix =  0.700 |ddv_scf|^2 =  8.168E-13

      iter #  11 total cpu time : 27170.8 secs   av.it.:  17.2
      thresh= 9.038E-08 alpha_mix =  0.700 |ddv_scf|^2 =  1.551E-14

      iter #  12 total cpu time : 27180.4 secs   av.it.:  21.0
      thresh= 1.245E-08 alpha_mix =  0.700 |ddv_scf|^2 =  5.391E-15

     End of self-consistent calculation

     Convergence has been achieved 


     Representation #  23 mode #  23

     Self-consistent Calculation

      iter #   1 total cpu time : 27187.7 secs   av.it.:   7.2
      thresh= 1.000E-02 alpha_mix =  0.700 |ddv_scf|^2 =  1.021E-06

      iter #   2 total cpu time : 27197.2 secs   av.it.:  20.2
      thresh= 1.010E-04 alpha_mix =  0.700 |ddv_scf|^2 =  2.125E-06

      iter #   3 total cpu time : 27206.2 secs   av.it.:  17.9
      thresh= 1.458E-04 alpha_mix =  0.700 |ddv_scf|^2 =  9.824E-08

      iter #   4 total cpu time : 27215.2 secs   av.it.:  18.0
      thresh= 3.134E-05 alpha_mix =  0.700 |ddv_scf|^2 =  3.738E-08

      iter #   5 total cpu time : 27223.8 secs   av.it.:  17.9
      thresh= 1.933E-05 alpha_mix =  0.700 |ddv_scf|^2 =  4.636E-10

      iter #   6 total cpu time : 27233.4 secs   av.it.:  20.8
      thresh= 2.153E-06 alpha_mix =  0.700 |ddv_scf|^2 =  9.679E-11

      iter #   7 total cpu time : 27242.7 secs   av.it.:  20.0
      thresh= 9.838E-07 alpha_mix =  0.700 |ddv_scf|^2 =  7.456E-12

      iter #   8 total cpu time : 27252.1 secs   av.it.:  19.9
      thresh= 2.731E-07 alpha_mix =  0.700 |ddv_scf|^2 =  2.274E-12

      iter #   9 total cpu time : 27261.3 secs   av.it.:  19.2
      thresh= 1.508E-07 alpha_mix =  0.700 |ddv_scf|^2 =  1.562E-13

      iter #  10 total cpu time : 27270.9 secs   av.it.:  21.0
      thresh= 3.952E-08 alpha_mix =  0.700 |ddv_scf|^2 =  1.955E-13

      iter #  11 total cpu time : 27280.0 secs   av.it.:  18.4
      thresh= 4.422E-08 alpha_mix =  0.700 |ddv_scf|^2 =  7.910E-14

      iter #  12 total cpu time : 27289.0 secs   av.it.:  18.6
      thresh= 2.812E-08 alpha_mix =  0.700 |ddv_scf|^2 =  4.270E-15

     End of self-consistent calculation

     Convergence has been achieved 


     Representation #  24 mode #  24

     Self-consistent Calculation

      iter #   1 total cpu time : 27296.3 secs   av.it.:   7.5
      thresh= 1.000E-02 alpha_mix =  0.700 |ddv_scf|^2 =  2.052E-07

      iter #   2 total cpu time : 27306.1 secs   av.it.:  21.5
      thresh= 4.530E-05 alpha_mix =  0.700 |ddv_scf|^2 =  1.987E-07

      iter #   3 total cpu time : 27315.5 secs   av.it.:  20.0
      thresh= 4.457E-05 alpha_mix =  0.700 |ddv_scf|^2 =  3.131E-07

      iter #   4 total cpu time : 27324.2 secs   av.it.:  16.6
      thresh= 5.595E-05 alpha_mix =  0.700 |ddv_scf|^2 =  5.266E-09

      iter #   5 total cpu time : 27332.8 secs   av.it.:  19.6
      thresh= 7.257E-06 alpha_mix =  0.700 |ddv_scf|^2 =  3.161E-10

      iter #   6 total cpu time : 27341.3 secs   av.it.:  19.2
      thresh= 1.778E-06 alpha_mix =  0.700 |ddv_scf|^2 =  2.710E-11

      iter #   7 total cpu time : 27350.8 secs   av.it.:  20.1
      thresh= 5.205E-07 alpha_mix =  0.700 |ddv_scf|^2 =  5.954E-12

      iter #   8 total cpu time : 27360.3 secs   av.it.:  19.9
      thresh= 2.440E-07 alpha_mix =  0.700 |ddv_scf|^2 =  1.283E-12

      iter #   9 total cpu time : 27369.9 secs   av.it.:  21.2
      thresh= 1.133E-07 alpha_mix =  0.700 |ddv_scf|^2 =  1.986E-12

      iter #  10 total cpu time : 27378.7 secs   av.it.:  17.0
      thresh= 1.409E-07 alpha_mix =  0.700 |ddv_scf|^2 =  6.870E-13

      iter #  11 total cpu time : 27387.6 secs   av.it.:  18.0
      thresh= 8.289E-08 alpha_mix =  0.700 |ddv_scf|^2 =  3.623E-14

      iter #  12 total cpu time : 27396.9 secs   av.it.:  19.5
      thresh= 1.903E-08 alpha_mix =  0.700 |ddv_scf|^2 =  3.733E-15

     End of self-consistent calculation

     Convergence has been achieved 


     Representation #  25 mode #  25

     Self-consistent Calculation

      iter #   1 total cpu time : 27404.1 secs   av.it.:   7.5
      thresh= 1.000E-02 alpha_mix =  0.700 |ddv_scf|^2 =  9.848E-07

      iter #   2 total cpu time : 27413.6 secs   av.it.:  20.2
      thresh= 9.924E-05 alpha_mix =  0.700 |ddv_scf|^2 =  1.950E-06

      iter #   3 total cpu time : 27422.2 secs   av.it.:  18.1
      thresh= 1.396E-04 alpha_mix =  0.700 |ddv_scf|^2 =  3.425E-08

      iter #   4 total cpu time : 27431.5 secs   av.it.:  19.5
      thresh= 1.851E-05 alpha_mix =  0.700 |ddv_scf|^2 =  3.838E-08

      iter #   5 total cpu time : 27440.2 secs   av.it.:  16.9
      thresh= 1.959E-05 alpha_mix =  0.700 |ddv_scf|^2 =  6.360E-10

      iter #   6 total cpu time : 27449.6 secs   av.it.:  20.1
      thresh= 2.522E-06 alpha_mix =  0.700 |ddv_scf|^2 =  1.023E-10

      iter #   7 total cpu time : 27458.9 secs   av.it.:  19.6
      thresh= 1.011E-06 alpha_mix =  0.700 |ddv_scf|^2 =  7.198E-12

      iter #   8 total cpu time : 27468.3 secs   av.it.:  20.0
      thresh= 2.683E-07 alpha_mix =  0.700 |ddv_scf|^2 =  2.135E-12

      iter #   9 total cpu time : 27477.5 secs   av.it.:  19.5
      thresh= 1.461E-07 alpha_mix =  0.700 |ddv_scf|^2 =  2.110E-13

      iter #  10 total cpu time : 27486.9 secs   av.it.:  21.6
      thresh= 4.594E-08 alpha_mix =  0.700 |ddv_scf|^2 =  3.202E-13

      iter #  11 total cpu time : 27496.0 secs   av.it.:  18.0
      thresh= 5.658E-08 alpha_mix =  0.700 |ddv_scf|^2 =  1.497E-13

      iter #  12 total cpu time : 27504.7 secs   av.it.:  17.9
      thresh= 3.869E-08 alpha_mix =  0.700 |ddv_scf|^2 =  6.820E-15

     End of self-consistent calculation

     Convergence has been achieved 


     Representation #  26 mode #  26

     Self-consistent Calculation

      iter #   1 total cpu time : 27512.0 secs   av.it.:   7.5
      thresh= 1.000E-02 alpha_mix =  0.700 |ddv_scf|^2 =  2.519E-06

      iter #   2 total cpu time : 27521.6 secs   av.it.:  20.5
      thresh= 1.587E-04 alpha_mix =  0.700 |ddv_scf|^2 =  3.319E-05

      iter #   3 total cpu time : 27530.2 secs   av.it.:  16.1
      thresh= 5.761E-04 alpha_mix =  0.700 |ddv_scf|^2 =  2.046E-07

      iter #   4 total cpu time : 27539.3 secs   av.it.:  18.5
      thresh= 4.523E-05 alpha_mix =  0.700 |ddv_scf|^2 =  7.503E-09

      iter #   5 total cpu time : 27548.5 secs   av.it.:  18.9
      thresh= 8.662E-06 alpha_mix =  0.700 |ddv_scf|^2 =  2.842E-10

      iter #   6 total cpu time : 27557.9 secs   av.it.:  19.5
      thresh= 1.686E-06 alpha_mix =  0.700 |ddv_scf|^2 =  5.366E-11

      iter #   7 total cpu time : 27567.1 secs   av.it.:  19.4
      thresh= 7.326E-07 alpha_mix =  0.700 |ddv_scf|^2 =  4.347E-12

      iter #   8 total cpu time : 27576.3 secs   av.it.:  20.0
      thresh= 2.085E-07 alpha_mix =  0.700 |ddv_scf|^2 =  7.711E-13

      iter #   9 total cpu time : 27585.6 secs   av.it.:  19.9
      thresh= 8.781E-08 alpha_mix =  0.700 |ddv_scf|^2 =  5.664E-13

      iter #  10 total cpu time : 27594.7 secs   av.it.:  18.2
      thresh= 7.526E-08 alpha_mix =  0.700 |ddv_scf|^2 =  5.301E-13

      iter #  11 total cpu time : 27603.6 secs   av.it.:  17.9
      thresh= 7.281E-08 alpha_mix =  0.700 |ddv_scf|^2 =  4.399E-14

      iter #  12 total cpu time : 27612.8 secs   av.it.:  19.0
      thresh= 2.097E-08 alpha_mix =  0.700 |ddv_scf|^2 =  6.554E-15

     End of self-consistent calculation

     Convergence has been achieved 


     Representation #  27 mode #  27

     Self-consistent Calculation

      iter #   1 total cpu time : 27620.1 secs   av.it.:   7.2
      thresh= 1.000E-02 alpha_mix =  0.700 |ddv_scf|^2 =  1.921E-07

      iter #   2 total cpu time : 27629.7 secs   av.it.:  21.1
      thresh= 4.383E-05 alpha_mix =  0.700 |ddv_scf|^2 =  6.212E-08

      iter #   3 total cpu time : 27639.4 secs   av.it.:  21.2
      thresh= 2.492E-05 alpha_mix =  0.700 |ddv_scf|^2 =  2.112E-08

      iter #   4 total cpu time : 27648.5 secs   av.it.:  18.5
      thresh= 1.453E-05 alpha_mix =  0.700 |ddv_scf|^2 =  8.467E-09

      iter #   5 total cpu time : 27657.4 secs   av.it.:  18.0
      thresh= 9.202E-06 alpha_mix =  0.700 |ddv_scf|^2 =  6.731E-10

      iter #   6 total cpu time : 27666.5 secs   av.it.:  18.2
      thresh= 2.594E-06 alpha_mix =  0.700 |ddv_scf|^2 =  2.707E-11

      iter #   7 total cpu time : 27675.9 secs   av.it.:  20.2
      thresh= 5.203E-07 alpha_mix =  0.700 |ddv_scf|^2 =  5.326E-12

      iter #   8 total cpu time : 27685.2 secs   av.it.:  19.4
      thresh= 2.308E-07 alpha_mix =  0.700 |ddv_scf|^2 =  1.107E-12

      iter #   9 total cpu time : 27694.8 secs   av.it.:  20.8
      thresh= 1.052E-07 alpha_mix =  0.700 |ddv_scf|^2 =  2.682E-13

      iter #  10 total cpu time : 27704.3 secs   av.it.:  20.2
      thresh= 5.179E-08 alpha_mix =  0.700 |ddv_scf|^2 =  3.507E-13

      iter #  11 total cpu time : 27713.4 secs   av.it.:  18.1
      thresh= 5.922E-08 alpha_mix =  0.700 |ddv_scf|^2 =  1.770E-13

      iter #  12 total cpu time : 27722.2 secs   av.it.:  17.0
      thresh= 4.207E-08 alpha_mix =  0.700 |ddv_scf|^2 =  3.781E-15

     End of self-consistent calculation

     Convergence has been achieved 


     Representation #  28 mode #  28

     Self-consistent Calculation

      iter #   1 total cpu time : 27729.5 secs   av.it.:   7.4
      thresh= 1.000E-02 alpha_mix =  0.700 |ddv_scf|^2 =  8.789E-07

      iter #   2 total cpu time : 27739.2 secs   av.it.:  21.0
      thresh= 9.375E-05 alpha_mix =  0.700 |ddv_scf|^2 =  1.846E-06

      iter #   3 total cpu time : 27748.4 secs   av.it.:  18.8
      thresh= 1.359E-04 alpha_mix =  0.700 |ddv_scf|^2 =  1.914E-07

      iter #   4 total cpu time : 27757.2 secs   av.it.:  17.1
      thresh= 4.375E-05 alpha_mix =  0.700 |ddv_scf|^2 =  2.365E-08

      iter #   5 total cpu time : 27766.3 secs   av.it.:  18.6
      thresh= 1.538E-05 alpha_mix =  0.700 |ddv_scf|^2 =  2.670E-10

      iter #   6 total cpu time : 27775.9 secs   av.it.:  20.8
      thresh= 1.634E-06 alpha_mix =  0.700 |ddv_scf|^2 =  8.528E-11

      iter #   7 total cpu time : 27785.0 secs   av.it.:  19.0
      thresh= 9.235E-07 alpha_mix =  0.700 |ddv_scf|^2 =  6.680E-12

      iter #   8 total cpu time : 27794.5 secs   av.it.:  20.1
      thresh= 2.585E-07 alpha_mix =  0.700 |ddv_scf|^2 =  9.749E-13

      iter #   9 total cpu time : 27804.1 secs   av.it.:  21.0
      thresh= 9.874E-08 alpha_mix =  0.700 |ddv_scf|^2 =  7.484E-13

      iter #  10 total cpu time : 27813.4 secs   av.it.:  18.9
      thresh= 8.651E-08 alpha_mix =  0.700 |ddv_scf|^2 =  1.096E-12

      iter #  11 total cpu time : 27822.2 secs   av.it.:  17.2
      thresh= 1.047E-07 alpha_mix =  0.700 |ddv_scf|^2 =  7.280E-14

      iter #  12 total cpu time : 27831.5 secs   av.it.:  19.9
      thresh= 2.698E-08 alpha_mix =  0.700 |ddv_scf|^2 =  7.322E-15

     End of self-consistent calculation

     Convergence has been achieved 


     Representation #  29 mode #  29

     Self-consistent Calculation

      iter #   1 total cpu time : 27838.6 secs   av.it.:   7.1
      thresh= 1.000E-02 alpha_mix =  0.700 |ddv_scf|^2 =  1.519E-06

      iter #   2 total cpu time : 27848.3 secs   av.it.:  20.6
      thresh= 1.233E-04 alpha_mix =  0.700 |ddv_scf|^2 =  1.553E-05

      iter #   3 total cpu time : 27856.8 secs   av.it.:  15.8
      thresh= 3.941E-04 alpha_mix =  0.700 |ddv_scf|^2 =  4.227E-07

      iter #   4 total cpu time : 27865.7 secs   av.it.:  17.2
      thresh= 6.501E-05 alpha_mix =  0.700 |ddv_scf|^2 =  7.424E-09

      iter #   5 total cpu time : 27874.4 secs   av.it.:  18.9
      thresh= 8.616E-06 alpha_mix =  0.700 |ddv_scf|^2 =  3.327E-10

      iter #   6 total cpu time : 27883.8 secs   av.it.:  19.5
      thresh= 1.824E-06 alpha_mix =  0.700 |ddv_scf|^2 =  8.036E-11

      iter #   7 total cpu time : 27893.1 secs   av.it.:  19.0
      thresh= 8.964E-07 alpha_mix =  0.700 |ddv_scf|^2 =  5.488E-12

      iter #   8 total cpu time : 27902.7 secs   av.it.:  20.4
      thresh= 2.343E-07 alpha_mix =  0.700 |ddv_scf|^2 =  1.662E-12

      iter #   9 total cpu time : 27912.1 secs   av.it.:  20.0
      thresh= 1.289E-07 alpha_mix =  0.700 |ddv_scf|^2 =  1.954E-13

      iter #  10 total cpu time : 27921.5 secs   av.it.:  20.0
      thresh= 4.421E-08 alpha_mix =  0.700 |ddv_scf|^2 =  8.457E-14

      iter #  11 total cpu time : 27930.7 secs   av.it.:  19.1
      thresh= 2.908E-08 alpha_mix =  0.700 |ddv_scf|^2 =  1.839E-14

      iter #  12 total cpu time : 27939.9 secs   av.it.:  18.6
      thresh= 1.356E-08 alpha_mix =  0.700 |ddv_scf|^2 =  2.409E-15

     End of self-consistent calculation

     Convergence has been achieved 


     Representation #  30 mode #  30

     Self-consistent Calculation

      iter #   1 total cpu time : 27947.1 secs   av.it.:   7.1
      thresh= 1.000E-02 alpha_mix =  0.700 |ddv_scf|^2 =  2.308E-07

      iter #   2 total cpu time : 27956.8 secs   av.it.:  21.0
      thresh= 4.804E-05 alpha_mix =  0.700 |ddv_scf|^2 =  5.394E-07

      iter #   3 total cpu time : 27965.8 secs   av.it.:  18.0
      thresh= 7.344E-05 alpha_mix =  0.700 |ddv_scf|^2 =  3.491E-07

      iter #   4 total cpu time : 27974.8 secs   av.it.:  17.0
      thresh= 5.908E-05 alpha_mix =  0.700 |ddv_scf|^2 =  2.190E-09

      iter #   5 total cpu time : 27984.6 secs   av.it.:  20.1
      thresh= 4.680E-06 alpha_mix =  0.700 |ddv_scf|^2 =  4.126E-10

      iter #   6 total cpu time : 27994.3 secs   av.it.:  19.9
      thresh= 2.031E-06 alpha_mix =  0.700 |ddv_scf|^2 =  5.056E-11

      iter #   7 total cpu time : 28004.2 secs   av.it.:  20.8
      thresh= 7.110E-07 alpha_mix =  0.700 |ddv_scf|^2 =  5.608E-12

      iter #   8 total cpu time : 28013.8 secs   av.it.:  19.9
      thresh= 2.368E-07 alpha_mix =  0.700 |ddv_scf|^2 =  7.885E-13

      iter #   9 total cpu time : 28023.0 secs   av.it.:  19.0
      thresh= 8.880E-08 alpha_mix =  0.700 |ddv_scf|^2 =  4.852E-14

      iter #  10 total cpu time : 28032.5 secs   av.it.:  20.9
      thresh= 2.203E-08 alpha_mix =  0.700 |ddv_scf|^2 =  4.440E-14

      iter #  11 total cpu time : 28041.7 secs   av.it.:  19.0
      thresh= 2.107E-08 alpha_mix =  0.700 |ddv_scf|^2 =  2.845E-15

     End of self-consistent calculation

     Convergence has been achieved 


     Representation #  31 mode #  31

     Self-consistent Calculation

      iter #   1 total cpu time : 28049.0 secs   av.it.:   7.2
      thresh= 1.000E-02 alpha_mix =  0.700 |ddv_scf|^2 =  2.160E-06

      iter #   2 total cpu time : 28058.5 secs   av.it.:  20.6
      thresh= 1.470E-04 alpha_mix =  0.700 |ddv_scf|^2 =  2.658E-05

      iter #   3 total cpu time : 28067.1 secs   av.it.:  16.1
      thresh= 5.155E-04 alpha_mix =  0.700 |ddv_scf|^2 =  2.707E-07

      iter #   4 total cpu time : 28076.1 secs   av.it.:  18.1
      thresh= 5.202E-05 alpha_mix =  0.700 |ddv_scf|^2 =  7.770E-09

      iter #   5 total cpu time : 28085.4 secs   av.it.:  19.0
      thresh= 8.815E-06 alpha_mix =  0.700 |ddv_scf|^2 =  1.998E-10

      iter #   6 total cpu time : 28094.8 secs   av.it.:  20.2
      thresh= 1.413E-06 alpha_mix =  0.700 |ddv_scf|^2 =  5.108E-11

      iter #   7 total cpu time : 28104.0 secs   av.it.:  19.1
      thresh= 7.147E-07 alpha_mix =  0.700 |ddv_scf|^2 =  3.136E-12

      iter #   8 total cpu time : 28113.2 secs   av.it.:  19.1
      thresh= 1.771E-07 alpha_mix =  0.700 |ddv_scf|^2 =  2.974E-13

      iter #   9 total cpu time : 28122.1 secs   av.it.:  20.6
      thresh= 5.454E-08 alpha_mix =  0.700 |ddv_scf|^2 =  5.401E-13

      iter #  10 total cpu time : 28131.3 secs   av.it.:  18.4
      thresh= 7.349E-08 alpha_mix =  0.700 |ddv_scf|^2 =  7.399E-13

      iter #  11 total cpu time : 28140.1 secs   av.it.:  17.2
      thresh= 8.602E-08 alpha_mix =  0.700 |ddv_scf|^2 =  1.974E-14

      iter #  12 total cpu time : 28149.4 secs   av.it.:  19.9
      thresh= 1.405E-08 alpha_mix =  0.700 |ddv_scf|^2 =  3.541E-15

     End of self-consistent calculation

     Convergence has been achieved 


     Representation #  32 mode #  32

     Self-consistent Calculation

      iter #   1 total cpu time : 28156.8 secs   av.it.:   7.4
      thresh= 1.000E-02 alpha_mix =  0.700 |ddv_scf|^2 =  9.157E-07

      iter #   2 total cpu time : 28166.5 secs   av.it.:  20.9
      thresh= 9.569E-05 alpha_mix =  0.700 |ddv_scf|^2 =  1.811E-06

      iter #   3 total cpu time : 28175.6 secs   av.it.:  18.8
      thresh= 1.346E-04 alpha_mix =  0.700 |ddv_scf|^2 =  5.753E-08

      iter #   4 total cpu time : 28184.7 secs   av.it.:  18.9
      thresh= 2.399E-05 alpha_mix =  0.700 |ddv_scf|^2 =  3.724E-08

      iter #   5 total cpu time : 28193.6 secs   av.it.:  17.5
      thresh= 1.930E-05 alpha_mix =  0.700 |ddv_scf|^2 =  5.997E-10

      iter #   6 total cpu time : 28202.9 secs   av.it.:  20.0
      thresh= 2.449E-06 alpha_mix =  0.700 |ddv_scf|^2 =  1.072E-10

      iter #   7 total cpu time : 28212.1 secs   av.it.:  19.2
      thresh= 1.035E-06 alpha_mix =  0.700 |ddv_scf|^2 =  4.025E-12

      iter #   8 total cpu time : 28221.7 secs   av.it.:  20.9
      thresh= 2.006E-07 alpha_mix =  0.700 |ddv_scf|^2 =  1.205E-12

      iter #   9 total cpu time : 28231.1 secs   av.it.:  20.5
      thresh= 1.098E-07 alpha_mix =  0.700 |ddv_scf|^2 =  5.602E-13

      iter #  10 total cpu time : 28240.6 secs   av.it.:  19.9
      thresh= 7.485E-08 alpha_mix =  0.700 |ddv_scf|^2 =  1.051E-12

      iter #  11 total cpu time : 28249.4 secs   av.it.:  17.0
      thresh= 1.025E-07 alpha_mix =  0.700 |ddv_scf|^2 =  1.512E-13

      iter #  12 total cpu time : 28258.6 secs   av.it.:  19.0
      thresh= 3.888E-08 alpha_mix =  0.700 |ddv_scf|^2 =  1.132E-14

      iter #  13 total cpu time : 28268.1 secs   av.it.:  19.4
      thresh= 1.064E-08 alpha_mix =  0.700 |ddv_scf|^2 =  2.763E-15

     End of self-consistent calculation

     Convergence has been achieved 


     Representation #  33 mode #  33

     Self-consistent Calculation

      iter #   1 total cpu time : 28275.4 secs   av.it.:   7.2
      thresh= 1.000E-02 alpha_mix =  0.700 |ddv_scf|^2 =  2.485E-07

      iter #   2 total cpu time : 28285.2 secs   av.it.:  21.5
      thresh= 4.985E-05 alpha_mix =  0.700 |ddv_scf|^2 =  6.087E-07

      iter #   3 total cpu time : 28294.2 secs   av.it.:  18.1
      thresh= 7.802E-05 alpha_mix =  0.700 |ddv_scf|^2 =  3.682E-07

      iter #   4 total cpu time : 28303.1 secs   av.it.:  17.1
      thresh= 6.068E-05 alpha_mix =  0.700 |ddv_scf|^2 =  1.585E-09

      iter #   5 total cpu time : 28312.7 secs   av.it.:  20.6
      thresh= 3.982E-06 alpha_mix =  0.700 |ddv_scf|^2 =  3.082E-10

      iter #   6 total cpu time : 28322.0 secs   av.it.:  19.8
      thresh= 1.755E-06 alpha_mix =  0.700 |ddv_scf|^2 =  2.039E-11

      iter #   7 total cpu time : 28331.4 secs   av.it.:  19.9
      thresh= 4.515E-07 alpha_mix =  0.700 |ddv_scf|^2 =  5.350E-12

      iter #   8 total cpu time : 28340.7 secs   av.it.:  19.4
      thresh= 2.313E-07 alpha_mix =  0.700 |ddv_scf|^2 =  7.299E-13

      iter #   9 total cpu time : 28349.5 secs   av.it.:  19.8
      thresh= 8.543E-08 alpha_mix =  0.700 |ddv_scf|^2 =  4.311E-14

      iter #  10 total cpu time : 28359.2 secs   av.it.:  21.2
      thresh= 2.076E-08 alpha_mix =  0.700 |ddv_scf|^2 =  2.964E-14

      iter #  11 total cpu time : 28368.2 secs   av.it.:  18.2
      thresh= 1.722E-08 alpha_mix =  0.700 |ddv_scf|^2 =  2.039E-15

     End of self-consistent calculation

     Convergence has been achieved 


     Representation #  34 mode #  34

     Self-consistent Calculation

      iter #   1 total cpu time : 28375.5 secs   av.it.:   7.2
      thresh= 1.000E-02 alpha_mix =  0.700 |ddv_scf|^2 =  1.854E-06

      iter #   2 total cpu time : 28385.2 secs   av.it.:  20.5
      thresh= 1.362E-04 alpha_mix =  0.700 |ddv_scf|^2 =  2.038E-05

      iter #   3 total cpu time : 28393.8 secs   av.it.:  16.1
      thresh= 4.514E-04 alpha_mix =  0.700 |ddv_scf|^2 =  3.208E-07

      iter #   4 total cpu time : 28402.8 secs   av.it.:  18.0
      thresh= 5.664E-05 alpha_mix =  0.700 |ddv_scf|^2 =  3.776E-09

      iter #   5 total cpu time : 28412.2 secs   av.it.:  19.8
      thresh= 6.145E-06 alpha_mix =  0.700 |ddv_scf|^2 =  4.641E-10

      iter #   6 total cpu time : 28421.4 secs   av.it.:  19.5
      thresh= 2.154E-06 alpha_mix =  0.700 |ddv_scf|^2 =  4.306E-11

      iter #   7 total cpu time : 28430.8 secs   av.it.:  19.8
      thresh= 6.562E-07 alpha_mix =  0.700 |ddv_scf|^2 =  3.427E-12

      iter #   8 total cpu time : 28440.2 secs   av.it.:  20.0
      thresh= 1.851E-07 alpha_mix =  0.700 |ddv_scf|^2 =  1.173E-12

      iter #   9 total cpu time : 28449.3 secs   av.it.:  18.9
      thresh= 1.083E-07 alpha_mix =  0.700 |ddv_scf|^2 =  1.054E-13

      iter #  10 total cpu time : 28459.1 secs   av.it.:  21.9
      thresh= 3.246E-08 alpha_mix =  0.700 |ddv_scf|^2 =  5.802E-13

      iter #  11 total cpu time : 28467.8 secs   av.it.:  16.6
      thresh= 7.617E-08 alpha_mix =  0.700 |ddv_scf|^2 =  1.390E-14

      iter #  12 total cpu time : 28477.1 secs   av.it.:  20.2
      thresh= 1.179E-08 alpha_mix =  0.700 |ddv_scf|^2 =  1.497E-15

     End of self-consistent calculation

     Convergence has been achieved 


     Representation #  35 mode #  35

     Self-consistent Calculation

      iter #   1 total cpu time : 28484.4 secs   av.it.:   7.4
      thresh= 1.000E-02 alpha_mix =  0.700 |ddv_scf|^2 =  8.789E-07

      iter #   2 total cpu time : 28494.0 secs   av.it.:  20.9
      thresh= 9.375E-05 alpha_mix =  0.700 |ddv_scf|^2 =  1.773E-06

      iter #   3 total cpu time : 28503.1 secs   av.it.:  18.8
      thresh= 1.332E-04 alpha_mix =  0.700 |ddv_scf|^2 =  2.585E-08

      iter #   4 total cpu time : 28512.6 secs   av.it.:  20.0
      thresh= 1.608E-05 alpha_mix =  0.700 |ddv_scf|^2 =  3.691E-08

      iter #   5 total cpu time : 28521.3 secs   av.it.:  16.9
      thresh= 1.921E-05 alpha_mix =  0.700 |ddv_scf|^2 =  5.362E-10

      iter #   6 total cpu time : 28530.3 secs   av.it.:  19.9
      thresh= 2.316E-06 alpha_mix =  0.700 |ddv_scf|^2 =  8.668E-11

      iter #   7 total cpu time : 28539.4 secs   av.it.:  19.2
      thresh= 9.310E-07 alpha_mix =  0.700 |ddv_scf|^2 =  3.184E-12

      iter #   8 total cpu time : 28548.9 secs   av.it.:  20.2
      thresh= 1.784E-07 alpha_mix =  0.700 |ddv_scf|^2 =  1.276E-12

      iter #   9 total cpu time : 28558.2 secs   av.it.:  19.5
      thresh= 1.130E-07 alpha_mix =  0.700 |ddv_scf|^2 =  4.542E-13

      iter #  10 total cpu time : 28567.5 secs   av.it.:  20.9
      thresh= 6.740E-08 alpha_mix =  0.700 |ddv_scf|^2 =  1.218E-12

      iter #  11 total cpu time : 28575.6 secs   av.it.:  16.2
      thresh= 1.103E-07 alpha_mix =  0.700 |ddv_scf|^2 =  1.198E-13

      iter #  12 total cpu time : 28584.1 secs   av.it.:  18.9
      thresh= 3.462E-08 alpha_mix =  0.700 |ddv_scf|^2 =  6.990E-15

     End of self-consistent calculation

     Convergence has been achieved 


     Representation #  36 mode #  36

     Self-consistent Calculation

      iter #   1 total cpu time : 28591.1 secs   av.it.:   7.1
      thresh= 1.000E-02 alpha_mix =  0.700 |ddv_scf|^2 =  2.185E-07

      iter #   2 total cpu time : 28600.7 secs   av.it.:  20.8
      thresh= 4.675E-05 alpha_mix =  0.700 |ddv_scf|^2 =  1.934E-07

      iter #   3 total cpu time : 28610.0 secs   av.it.:  19.5
      thresh= 4.397E-05 alpha_mix =  0.700 |ddv_scf|^2 =  2.327E-07

      iter #   4 total cpu time : 28618.7 secs   av.it.:  16.2
      thresh= 4.824E-05 alpha_mix =  0.700 |ddv_scf|^2 =  5.314E-09

      iter #   5 total cpu time : 28627.8 secs   av.it.:  18.6
      thresh= 7.290E-06 alpha_mix =  0.700 |ddv_scf|^2 =  4.247E-10

      iter #   6 total cpu time : 28636.9 secs   av.it.:  19.8
      thresh= 2.061E-06 alpha_mix =  0.700 |ddv_scf|^2 =  6.654E-11

      iter #   7 total cpu time : 28646.3 secs   av.it.:  19.9
      thresh= 8.157E-07 alpha_mix =  0.700 |ddv_scf|^2 =  3.038E-12

      iter #   8 total cpu time : 28655.8 secs   av.it.:  20.2
      thresh= 1.743E-07 alpha_mix =  0.700 |ddv_scf|^2 =  8.847E-13

      iter #   9 total cpu time : 28665.3 secs   av.it.:  20.1
      thresh= 9.406E-08 alpha_mix =  0.700 |ddv_scf|^2 =  6.043E-13

      iter #  10 total cpu time : 28674.3 secs   av.it.:  18.2
      thresh= 7.773E-08 alpha_mix =  0.700 |ddv_scf|^2 =  2.536E-13

      iter #  11 total cpu time : 28683.3 secs   av.it.:  17.9
      thresh= 5.036E-08 alpha_mix =  0.700 |ddv_scf|^2 =  1.291E-14

      iter #  12 total cpu time : 28692.7 secs   av.it.:  19.5
      thresh= 1.136E-08 alpha_mix =  0.700 |ddv_scf|^2 =  4.873E-15

     End of self-consistent calculation

     Convergence has been achieved 

     Number of q in the star =    1
     List of q in the star:
          1  -0.638568485  -0.640176840  -0.002823945

     Diagonalizing the dynamical matrix

     q = (   -0.638568485  -0.640176840  -0.002823945 ) 

 **************************************************************************
     freq (    1) =     -40.242018 [THz] =   -1342.329220 [cm-1]
     freq (    2) =      18.518365 [THz] =     617.706156 [cm-1]
     freq (    3) =      26.284781 [THz] =     876.765914 [cm-1]
     freq (    4) =      31.412587 [THz] =    1047.811100 [cm-1]
     freq (    5) =      33.781528 [THz] =    1126.830477 [cm-1]
     freq (    6) =      36.778409 [THz] =    1226.795687 [cm-1]
     freq (    7) =      40.737562 [THz] =    1358.858787 [cm-1]
     freq (    8) =      42.699002 [THz] =    1424.285402 [cm-1]
     freq (    9) =      45.076286 [THz] =    1503.583072 [cm-1]
     freq (   10) =      47.275684 [THz] =    1576.947064 [cm-1]
     freq (   11) =      47.654435 [THz] =    1589.580861 [cm-1]
     freq (   12) =      52.042040 [THz] =    1735.935606 [cm-1]
     freq (   13) =      53.869288 [THz] =    1796.886019 [cm-1]
     freq (   14) =      55.195931 [THz] =    1841.138062 [cm-1]
     freq (   15) =      58.073145 [THz] =    1937.111595 [cm-1]
     freq (   16) =      60.815860 [THz] =    2028.598722 [cm-1]
     freq (   17) =      62.959602 [THz] =    2100.106264 [cm-1]
     freq (   18) =      63.681874 [THz] =    2124.198654 [cm-1]
     freq (   19) =      65.460245 [THz] =    2183.518754 [cm-1]
     freq (   20) =      69.679007 [THz] =    2324.241484 [cm-1]
     freq (   21) =      71.438407 [THz] =    2382.928754 [cm-1]
     freq (   22) =      73.397735 [THz] =    2448.284894 [cm-1]
     freq (   23) =      76.662692 [THz] =    2557.192133 [cm-1]
     freq (   24) =      78.968002 [THz] =    2634.088997 [cm-1]
     freq (   25) =      84.515943 [THz] =    2819.148419 [cm-1]
     freq (   26) =      92.661399 [THz] =    3090.851567 [cm-1]
     freq (   27) =     100.234956 [THz] =    3343.478239 [cm-1]
     freq (   28) =     102.321520 [THz] =    3413.078510 [cm-1]
     freq (   29) =     110.361065 [THz] =    3681.248880 [cm-1]
     freq (   30) =     121.424144 [THz] =    4050.273487 [cm-1]
     freq (   31) =     134.676558 [THz] =    4492.326411 [cm-1]
     freq (   32) =     135.877184 [THz] =    4532.375000 [cm-1]
     freq (   33) =     137.772440 [THz] =    4595.593918 [cm-1]
     freq (   34) =     164.431397 [THz] =    5484.841024 [cm-1]
     freq (   35) =     166.823017 [THz] =    5564.616884 [cm-1]
     freq (   36) =     172.296210 [THz] =    5747.182943 [cm-1]
 **************************************************************************

     Mode symmetry, C_1 (1)     point group:

     freq (   1-   1) =      -1342.3  [cm-1]   --> A                  
     freq (   2-   2) =        617.7  [cm-1]   --> A                  
     freq (   3-   3) =        876.8  [cm-1]   --> A                  
     freq (   4-   4) =       1047.8  [cm-1]   --> A                  
     freq (   5-   5) =       1126.8  [cm-1]   --> A                  
     freq (   6-   6) =       1226.8  [cm-1]   --> A                  
     freq (   7-   7) =       1358.9  [cm-1]   --> A                  
     freq (   8-   8) =       1424.3  [cm-1]   --> A                  
     freq (   9-   9) =       1503.6  [cm-1]   --> A                  
     freq (  10-  10) =       1576.9  [cm-1]   --> A                  
     freq (  11-  11) =       1589.6  [cm-1]   --> A                  
     freq (  12-  12) =       1735.9  [cm-1]   --> A                  
     freq (  13-  13) =       1796.9  [cm-1]   --> A                  
     freq (  14-  14) =       1841.1  [cm-1]   --> A                  
     freq (  15-  15) =       1937.1  [cm-1]   --> A                  
     freq (  16-  16) =       2028.6  [cm-1]   --> A                  
     freq (  17-  17) =       2100.1  [cm-1]   --> A                  
     freq (  18-  18) =       2124.2  [cm-1]   --> A                  
     freq (  19-  19) =       2183.5  [cm-1]   --> A                  
     freq (  20-  20) =       2324.2  [cm-1]   --> A                  
     freq (  21-  21) =       2382.9  [cm-1]   --> A                  
     freq (  22-  22) =       2448.3  [cm-1]   --> A                  
     freq (  23-  23) =       2557.2  [cm-1]   --> A                  
     freq (  24-  24) =       2634.1  [cm-1]   --> A                  
     freq (  25-  25) =       2819.1  [cm-1]   --> A                  
     freq (  26-  26) =       3090.9  [cm-1]   --> A                  
     freq (  27-  27) =       3343.5  [cm-1]   --> A                  
     freq (  28-  28) =       3413.1  [cm-1]   --> A                  
     freq (  29-  29) =       3681.2  [cm-1]   --> A                  
     freq (  30-  30) =       4050.3  [cm-1]   --> A                  
     freq (  31-  31) =       4492.3  [cm-1]   --> A                  
     freq (  32-  32) =       4532.4  [cm-1]   --> A                  
     freq (  33-  33) =       4595.6  [cm-1]   --> A                  
     freq (  34-  34) =       5484.8  [cm-1]   --> A                  
     freq (  35-  35) =       5564.6  [cm-1]   --> A                  
     freq (  36-  36) =       5747.2  [cm-1]   --> A                  

     Calculation of q =   -0.6400744  -0.6390293  -0.4662167

     Parallelization info
     --------------------
     sticks:   dense  smooth     PW     G-vecs:    dense   smooth      PW
     Min         472     239     92                14919     5248    1322
     Max         473     240     93                14922     5249    1323
     Sum         945     479    185                29841    10497    2645


     Title: 
     Phonons                                                                    


     bravais-lattice index     =            0
     lattice parameter (alat)  =       6.9360  a.u.
     unit-cell volume          =     220.3604 (a.u.)^3
     number of atoms/cell      =           12
     number of atomic types    =            4
     number of electrons       =        62.00
     number of Kohn-Sham states=           37
     kinetic-energy cutoff     =      50.0000  Ry
     charge density cutoff     =     400.0000  Ry
     Exchange-correlation= PBE
                           (   1   4   3   4   0   0   0)

     celldm(1)=   6.935967  celldm(2)=   0.000000  celldm(3)=   0.000000
     celldm(4)=   0.000000  celldm(5)=   0.000000  celldm(6)=   0.000000

     crystal axes: (cart. coord. in units of alat)
               a(1) = (   0.783212  -0.000199  -0.002546 )  
               a(2) = (  -0.000446   0.781471   0.001937 )  
               a(3) = (  -0.003854  -0.000915   1.079009 )  

     reciprocal axes: (cart. coord. in units 2 pi/alat)
               b(1) = (  1.276809  0.000718  0.004561 )  
               b(2) = (  0.000328  1.279636  0.001087 )  
               b(3) = (  0.003012 -0.002295  0.926786 )  


     PseudoPot. # 1 for B  read from file:
     /home/marco/ZOS_Cloud_Compute/pseudo/B.UPF
     MD5 check sum: d9c678ba5d3b2fd7b74e61139c9288d8
     Pseudo is Projector augmented-wave + core cor, Zval =  3.0
     Generated using "atomic" code by A. Dal Corso  v.5.1.2
     Shape of augmentation charge: PSQ
     Using radial grid of 1059 points,  4 beta functions with: 
                l(1) =   0
                l(2) =   0
                l(3) =   1
                l(4) =   1
     Q(r) pseudized with 0 coefficients 


     PseudoPot. # 2 for H  read from file:
     /home/marco/ZOS_Cloud_Compute/pseudo/H.UPF
     MD5 check sum: 850d63dcbcc06c5de8b44e0ab9f952da
     Pseudo is Projector augmented-wave, Zval =  1.0
     Generated using "atomic" code by A. Dal Corso  v.5.1.2
     Shape of augmentation charge: PSQ
     Using radial grid of  929 points,  2 beta functions with: 
                l(1) =   0
                l(2) =   0
     Q(r) pseudized with 0 coefficients 


     PseudoPot. # 3 for Hf read from file:
     /home/marco/ZOS_Cloud_Compute/pseudo/Hf.UPF
     MD5 check sum: 054ab3954715fe03e42536d2af1a941a
     Pseudo is Projector augmented-wave + core cor, Zval = 36.0
     Generated using "atomic" code by A. Dal Corso  v.5.1.2
     Shape of augmentation charge: PSQ
     Using radial grid of 1271 points,  8 beta functions with: 
                l(1) =   0
                l(2) =   0
                l(3) =   1
                l(4) =   1
                l(5) =   2
                l(6) =   2
                l(7) =   3
                l(8) =   3
     Q(r) pseudized with 0 coefficients 


     PseudoPot. # 4 for Ti read from file:
     /home/marco/ZOS_Cloud_Compute/pseudo/Ti.UPF
     MD5 check sum: 8e4df49b7f0d34bbd5052bf3f5ea0213
     Pseudo is Ultrasoft, Zval = 12.0
     Generated by new atomic code, or converted to UPF format
     Using radial grid of  851 points,  6 beta functions with: 
                l(1) =   0
                l(2) =   0
                l(3) =   1
                l(4) =   1
                l(5) =   2
                l(6) =   2
     Q(r) pseudized with  8 coefficients,  rinner =    1.000   1.000   1.000
                                                       1.000   1.000

     atomic species   valence    mass     pseudopotential
        B              3.00     1.00000     B ( 1.00)
        H              1.00     1.00000     H ( 1.00)
        Hf            36.00     1.00000     Hf( 1.00)
        Ti            12.00     1.00000     Ti( 1.00)

     No symmetry found



   Cartesian axes

     site n.     atom                  positions (alat units)
         1           Ti  tau(   1) = (   0.8328786   0.0435249  -0.0256727  )
         2           Hf  tau(   2) = (   0.3372088   0.3612871   0.5590328  )
         3           B   tau(   3) = (   0.4539714   0.4542505   0.0175264  )
         4           B   tau(   4) = (   0.7200178  -0.0518344   0.5024055  )
         5           H   tau(   5) = (  -0.0256008   0.4650200   0.8320925  )
         6           H   tau(   6) = (   0.2014697  -0.0293658   0.3516208  )
         7           H   tau(   7) = (   0.7210522   0.1730909   0.6930471  )
         8           H   tau(   8) = (   0.4339971   0.1860250   0.9658756  )
         9           H   tau(   9) = (   0.1701144   0.4317520   0.1361768  )
        10           H   tau(  10) = (   0.6766716   0.3995010   0.2322497  )
        11           H   tau(  11) = (   0.4136734   0.6834833   0.8639849  )
        12           H   tau(  12) = (   0.5026499   0.7856495   0.2817314  )

     number of k points=    16  Methfessel-Paxton smearing, width (Ry)=  0.0200
                       cart. coord. in units 2pi/alat
        k(    1) = (   0.0000000   0.0000000   0.0000000), wk =   0.2500000
        k(    2) = (  -0.6400744  -0.6390293  -0.4662167), wk =   0.0000000
        k(    3) = (  -0.0015060   0.0011475  -0.4633928), wk =   0.2500000
        k(    4) = (  -0.6415804  -0.6378818  -0.9296095), wk =   0.0000000
        k(    5) = (  -0.0001639  -0.6398180  -0.0005433), wk =   0.2500000
        k(    6) = (  -0.6402384  -1.2788473  -0.4667600), wk =   0.0000000
        k(    7) = (  -0.0016699  -0.6386705  -0.4639361), wk =   0.2500000
        k(    8) = (  -0.6417443  -1.2776998  -0.9301528), wk =   0.0000000
        k(    9) = (  -0.6384045  -0.0003588  -0.0022806), wk =   0.2500000
        k(   10) = (  -1.2784790  -0.6393882  -0.4684973), wk =   0.0000000
        k(   11) = (  -0.6399105   0.0007887  -0.4656734), wk =   0.2500000
        k(   12) = (  -1.2799849  -0.6382407  -0.9318901), wk =   0.0000000
        k(   13) = (  -0.6385685  -0.6401768  -0.0028239), wk =   0.2500000
        k(   14) = (  -1.2786429  -1.2792062  -0.4690407), wk =   0.0000000
        k(   15) = (  -0.6400744  -0.6390293  -0.4662167), wk =   0.2500000
        k(   16) = (  -1.2801489  -1.2780587  -0.9324334), wk =   0.0000000

     Dense  grid:    29841 G-vectors     FFT dimensions: (  36,  36,  48)

     Smooth grid:    10497 G-vectors     FFT dimensions: (  25,  25,  36)

     Estimated max dynamical RAM per process >     151.43 MB

     Estimated total dynamical RAM >     302.86 MB

     Check: negative core charge=   -0.000003

     The potential is recalculated from file :
     ./tmp/_ph0/HfTiBH42.save/charge-density

     Starting wfcs are   48 atomic wfcs
     Checking if some PAW data can be deallocated... 

     Band Structure Calculation
     Davidson diagonalization with overlap

     ethr =  1.61E-11,  avg # of iterations = 16.9

     total cpu time spent up to now is       77.4 secs

     End of band structure calculation

          k = 0.0000 0.0000 0.0000 (  1301 PWs)   bands (ev):

  -145.8687-144.9786-144.3005-144.1146-142.2253 -32.1459 -26.3092  -4.4735
    -3.0279  -3.0018  -1.3223  -1.0973  -0.9137   9.1820  13.4131  13.4925
    13.5719  13.6270  13.7080  13.7481  13.7691  14.6301  17.1910  17.8612
    21.6575  22.9043  25.6861  26.3974  26.5808  27.7656  28.9348  29.1155
    30.0907  30.1663  31.9809  33.2037  35.0753

          k =-0.6401-0.6390-0.4662 (  1338 PWs)   bands (ev):

  -148.5610-147.4924-146.9483-146.2407-145.7269 -31.9118 -26.1203  -4.2224
    -4.0799  -3.7326  -2.7947  -2.1460  -1.3980  13.4562  13.4765  13.5066
    13.5359  13.5511  13.5968  13.6630  14.9540  15.5734  16.2084  17.5656
    19.5237  19.9925  21.4954  21.7919  29.3189  29.7585  31.5422  32.3811
    32.6939  33.8140  36.9042  37.1226  37.5780

          k =-0.0015 0.0011-0.4634 (  1318 PWs)   bands (ev):

  -146.6711-146.1798-145.7930-145.7011-143.4910 -32.1360 -26.3319  -3.8150
    -3.1476  -2.9392  -2.2100  -1.1691  -1.0108  12.2824  12.8857  13.4436
    13.4870  13.5348  13.5719  13.6225  13.7122  13.7434  17.1982  18.2071
    20.5067  22.4473  22.6953  24.0304  26.1162  27.0909  30.0490  30.8239
    32.1048  32.7708  33.4059  34.4025  36.3078

          k =-0.6416-0.6379-0.9296 (  1316 PWs)   bands (ev):

  -147.4579-146.8647-146.6998-143.5456-142.8592 -31.9136 -26.1212  -4.4869
    -4.2368  -3.2888  -2.3481  -2.2387  -1.5150  13.4809  13.5293  13.5355
    13.5735  13.6213  13.6746  13.7335  13.8514  14.6022  16.4654  16.8082
    18.9742  19.0393  23.0409  25.6150  28.3651  29.3881  32.6170  32.8603
    34.3880  34.8920  36.1203  36.9623  37.6793

          k =-0.0002-0.6398-0.0005 (  1322 PWs)   bands (ev):

  -147.8479-146.3374-145.3863-144.9404-144.4476 -32.0270 -26.2258  -4.1758
    -3.6521  -3.1050  -2.6804  -1.7684  -0.8101  13.3558  13.4315  13.4679
    13.5711  13.6183  13.6419  13.6949  13.7767  14.8129  15.6037  17.3983
    19.4553  21.2184  21.3954  24.8048  27.5059  28.6438  29.4270  31.7340
    33.1624  34.4001  34.9579  36.1765  36.8862

          k =-0.6402-1.2788-0.4668 (  1286 PWs)   bands (ev):

  -145.1380-144.6247-142.7278-142.2087-141.6591 -32.0240 -26.2251  -4.7274
    -4.3585  -2.7940  -1.9506  -1.2964  -0.8618  12.7747  13.4194  13.5640
    13.6174  13.7296  13.7506  13.7671  13.8266  14.1294  17.0666  18.4008
    19.8022  20.5075  22.2441  23.1571  27.3894  27.8976  31.8841  32.0182
    32.2496  33.6984  34.6216  35.0827  36.5541

          k =-0.0017-0.6387-0.4639 (  1292 PWs)   bands (ev):

  -145.7922-145.0251-143.2316-142.5662-141.7360 -32.0233 -26.2268  -4.7272
    -4.3700  -2.8283  -1.8714  -1.2593  -0.7943  12.6124  13.4100  13.5516
    13.6177  13.6623  13.7363  13.7557  13.8224  14.3059  16.7301  18.2220
    19.6943  20.4747  21.4406  23.3713  27.5636  29.0851  31.4134  32.1187
    32.6377  34.0737  34.5963  35.6552  36.0355

          k =-0.6417-1.2777-0.9302 (  1324 PWs)   bands (ev):

  -147.7827-147.0483-145.1938-145.1786-144.4808 -32.0287 -26.2207  -4.2800
    -3.8205  -2.9695  -2.7355  -1.5979  -0.8528  13.3547  13.4047  13.4955
    13.5847  13.6161  13.6763  13.7026  13.8471  14.8974  15.9197  17.0979
    19.0162  21.0688  22.2350  25.0445  27.2855  29.1361  29.7773  31.4290
    32.3192  33.9142  34.6769  35.8967  36.5703

          k =-0.6384-0.0004-0.0023 (  1324 PWs)   bands (ev):

  -147.7827-147.0483-145.1938-145.1786-144.4808 -32.0287 -26.2207  -4.2800
    -3.8205  -2.9695  -2.7355  -1.5979  -0.8528  13.3547  13.4047  13.4955
    13.5847  13.6161  13.6763  13.7026  13.8471  14.8974  15.9197  17.0979
    19.0162  21.0688  22.2350  25.0445  27.2855  29.1361  29.7773  31.4290
    32.3192  33.9142  34.6769  35.8967  36.5703

          k =-1.2785-0.6394-0.4685 (  1292 PWs)   bands (ev):

  -145.7922-145.0251-143.2316-142.5662-141.7360 -32.0233 -26.2268  -4.7272
    -4.3700  -2.8283  -1.8714  -1.2593  -0.7943  12.6124  13.4100  13.5516
    13.6177  13.6623  13.7363  13.7557  13.8224  14.3059  16.7301  18.2220
    19.6943  20.4747  21.4406  23.3713  27.5636  29.0851  31.4134  32.1187
    32.6377  34.0737  34.5963  35.6552  36.0355

          k =-0.6399 0.0008-0.4657 (  1286 PWs)   bands (ev):

  -145.1380-144.6247-142.7278-142.2087-141.6591 -32.0240 -26.2251  -4.7274
    -4.3585  -2.7940  -1.9506  -1.2964  -0.8618  12.7747  13.4194  13.5640
    13.6174  13.7296  13.7506  13.7671  13.8266  14.1294  17.0666  18.4008
    19.8022  20.5075  22.2441  23.1571  27.3894  27.8976  31.8841  32.0182
    32.2496  33.6984  34.6216  35.0827  36.5541

          k =-1.2800-0.6382-0.9319 (  1322 PWs)   bands (ev):

  -147.8479-146.3374-145.3863-144.9404-144.4476 -32.0270 -26.2258  -4.1758
    -3.6521  -3.1050  -2.6804  -1.7684  -0.8101  13.3558  13.4315  13.4679
    13.5711  13.6183  13.6419  13.6949  13.7767  14.8129  15.6037  17.3983
    19.4553  21.2184  21.3954  24.8048  27.5059  28.6438  29.4270  31.7340
    33.1624  34.4001  34.9579  36.1765  36.8862

          k =-0.6386-0.6402-0.0028 (  1316 PWs)   bands (ev):

  -147.4579-146.8647-146.6998-143.5456-142.8592 -31.9136 -26.1212  -4.4869
    -4.2368  -3.2888  -2.3481  -2.2387  -1.5150  13.4809  13.5293  13.5355
    13.5735  13.6213  13.6746  13.7335  13.8514  14.6022  16.4654  16.8082
    18.9742  19.0393  23.0409  25.6150  28.3651  29.3881  32.6170  32.8603
    34.3880  34.8920  36.1203  36.9623  37.6793

          k =-1.2786-1.2792-0.4690 (  1318 PWs)   bands (ev):

  -146.6711-146.1798-145.7930-145.7011-143.4910 -32.1360 -26.3319  -3.8150
    -3.1476  -2.9392  -2.2100  -1.1691  -1.0108  12.2824  12.8857  13.4436
    13.4870  13.5348  13.5719  13.6225  13.7122  13.7434  17.1982  18.2071
    20.5067  22.4473  22.6953  24.0304  26.1162  27.0909  30.0490  30.8239
    32.1048  32.7708  33.4059  34.4025  36.3078

          k =-0.6401-0.6390-0.4662 (  1338 PWs)   bands (ev):

  -148.5610-147.4924-146.9483-146.2407-145.7269 -31.9118 -26.1203  -4.2224
    -4.0799  -3.7326  -2.7947  -2.1460  -1.3980  13.4562  13.4765  13.5066
    13.5359  13.5511  13.5968  13.6630  14.9540  15.5734  16.2084  17.5656
    19.5237  19.9925  21.4954  21.7919  29.3189  29.7585  31.5422  32.3811
    32.6939  33.8140  36.9042  37.1226  37.5780

          k =-1.2801-1.2781-0.9324 (  1301 PWs)   bands (ev):

  -145.8687-144.9786-144.3005-144.1146-142.2253 -32.1459 -26.3092  -4.4735
    -3.0279  -3.0018  -1.3223  -1.0973  -0.9137   9.1820  13.4131  13.4925
    13.5719  13.6270  13.7080  13.7481  13.7691  14.6301  17.1910  17.8612
    21.6575  22.9043  25.6861  26.3974  26.5808  27.7656  28.9348  29.1155
    30.0907  30.1663  31.9809  33.2037  35.0753

     the Fermi energy is    31.1994 ev

     Writing output data file ./tmp/_ph0/HfTiBH42.save/

     Phonons                                                                    

     bravais-lattice index     =            0
     lattice parameter (alat)  =       6.9360  a.u.
     unit-cell volume          =     220.3604 (a.u.)^3
     number of atoms/cell      =           12
     number of atomic types    =            4
     kinetic-energy cut-off    =      50.0000  Ry
     charge density cut-off    =     400.0000  Ry
     convergence threshold     =      1.0E-14
     beta                      =       0.7000
     number of iterations used =            4
     Exchange-correlation= PBE
                           (   1   4   3   4   0   0   0)


     celldm(1)=    6.93597  celldm(2)=    0.00000  celldm(3)=    0.00000
     celldm(4)=    0.00000  celldm(5)=    0.00000  celldm(6)=    0.00000

     crystal axes: (cart. coord. in units of alat)
               a(1) = (  0.7832 -0.0002 -0.0025 )  
               a(2) = ( -0.0004  0.7815  0.0019 )  
               a(3) = ( -0.0039 -0.0009  1.0790 )  

     reciprocal axes: (cart. coord. in units 2 pi/alat)
               b(1) = (  1.2768  0.0007  0.0046 )  
               b(2) = (  0.0003  1.2796  0.0011 )  
               b(3) = (  0.0030 -0.0023  0.9268 )  


     Atoms inside the unit cell: 

     Cartesian axes

     site n.  atom      mass           positions (alat units)
        1     Ti   1.0000   tau(    1) = (    0.83288    0.04352   -0.02567  )
        2     Hf   1.0000   tau(    2) = (    0.33721    0.36129    0.55903  )
        3     B    1.0000   tau(    3) = (    0.45397    0.45425    0.01753  )
        4     B    1.0000   tau(    4) = (    0.72002   -0.05183    0.50241  )
        5     H    1.0000   tau(    5) = (   -0.02560    0.46502    0.83209  )
        6     H    1.0000   tau(    6) = (    0.20147   -0.02937    0.35162  )
        7     H    1.0000   tau(    7) = (    0.72105    0.17309    0.69305  )
        8     H    1.0000   tau(    8) = (    0.43400    0.18602    0.96588  )
        9     H    1.0000   tau(    9) = (    0.17011    0.43175    0.13618  )
       10     H    1.0000   tau(   10) = (    0.67667    0.39950    0.23225  )
       11     H    1.0000   tau(   11) = (    0.41367    0.68348    0.86398  )
       12     H    1.0000   tau(   12) = (    0.50265    0.78565    0.28173  )

     Computing dynamical matrix for 
                    q = (  -0.6400744  -0.6390293  -0.4662167 )

      2 Sym.Ops. (with q -> -q+G )


     G cutoff =  487.4323  (  14922 G-vectors)     FFT grid: ( 36, 36, 48)
     G cutoff =  243.7162  (   5249 G-vectors)  smooth grid: ( 25, 25, 36)

     number of k points=    16  Methfessel-Paxton smearing, width (Ry)=  0.0200

     PseudoPot. # 1 for B  read from file:
     /home/marco/ZOS_Cloud_Compute/pseudo/B.UPF
     MD5 check sum: d9c678ba5d3b2fd7b74e61139c9288d8
     Pseudo is Projector augmented-wave + core cor, Zval =  3.0
     Generated using "atomic" code by A. Dal Corso  v.5.1.2
     Shape of augmentation charge: PSQ
     Using radial grid of 1059 points,  4 beta functions with: 
                l(1) =   0
                l(2) =   0
                l(3) =   1
                l(4) =   1
     Q(r) pseudized with 0 coefficients 


     PseudoPot. # 2 for H  read from file:
     /home/marco/ZOS_Cloud_Compute/pseudo/H.UPF
     MD5 check sum: 850d63dcbcc06c5de8b44e0ab9f952da
     Pseudo is Projector augmented-wave, Zval =  1.0
     Generated using "atomic" code by A. Dal Corso  v.5.1.2
     Shape of augmentation charge: PSQ
     Using radial grid of  929 points,  2 beta functions with: 
                l(1) =   0
                l(2) =   0
     Q(r) pseudized with 0 coefficients 


     PseudoPot. # 3 for Hf read from file:
     /home/marco/ZOS_Cloud_Compute/pseudo/Hf.UPF
     MD5 check sum: 054ab3954715fe03e42536d2af1a941a
     Pseudo is Projector augmented-wave + core cor, Zval = 36.0
     Generated using "atomic" code by A. Dal Corso  v.5.1.2
     Shape of augmentation charge: PSQ
     Using radial grid of 1271 points,  8 beta functions with: 
                l(1) =   0
                l(2) =   0
                l(3) =   1
                l(4) =   1
                l(5) =   2
                l(6) =   2
                l(7) =   3
                l(8) =   3
     Q(r) pseudized with 0 coefficients 


     PseudoPot. # 4 for Ti read from file:
     /home/marco/ZOS_Cloud_Compute/pseudo/Ti.UPF
     MD5 check sum: 8e4df49b7f0d34bbd5052bf3f5ea0213
     Pseudo is Ultrasoft, Zval = 12.0
     Generated by new atomic code, or converted to UPF format
     Using radial grid of  851 points,  6 beta functions with: 
                l(1) =   0
                l(2) =   0
                l(3) =   1
                l(4) =   1
                l(5) =   2
                l(6) =   2
     Q(r) pseudized with  8 coefficients,  rinner =    1.000   1.000   1.000
                                                       1.000   1.000

     Mode symmetry, C_1 (1)     point group:


     Atomic displacements:
     There are   36 irreducible representations

     Representation     1      1 modes -  To be done

     Representation     2      1 modes -  To be done

     Representation     3      1 modes -  To be done

     Representation     4      1 modes -  To be done

     Representation     5      1 modes -  To be done

     Representation     6      1 modes -  To be done

     Representation     7      1 modes -  To be done

     Representation     8      1 modes -  To be done

     Representation     9      1 modes -  To be done

     Representation    10      1 modes -  To be done

     Representation    11      1 modes -  To be done

     Representation    12      1 modes -  To be done

     Representation    13      1 modes -  To be done

     Representation    14      1 modes -  To be done

     Representation    15      1 modes -  To be done

     Representation    16      1 modes -  To be done

     Representation    17      1 modes -  To be done

     Representation    18      1 modes -  To be done

     Representation    19      1 modes -  To be done

     Representation    20      1 modes -  To be done

     Representation    21      1 modes -  To be done

     Representation    22      1 modes -  To be done

     Representation    23      1 modes -  To be done

     Representation    24      1 modes -  To be done

     Representation    25      1 modes -  To be done

     Representation    26      1 modes -  To be done

     Representation    27      1 modes -  To be done

     Representation    28      1 modes -  To be done

     Representation    29      1 modes -  To be done

     Representation    30      1 modes -  To be done

     Representation    31      1 modes -  To be done

     Representation    32      1 modes -  To be done

     Representation    33      1 modes -  To be done

     Representation    34      1 modes -  To be done

     Representation    35      1 modes -  To be done

     Representation    36      1 modes -  To be done



     Alpha used in Ewald sum =   2.8000
     PHONON       :      6h 7m CPU      7h59m WALL



     Representation #   1 mode #   1

     Self-consistent Calculation

      iter #   1 total cpu time : 28762.4 secs   av.it.:  12.5
      thresh= 1.000E-02 alpha_mix =  0.700 |ddv_scf|^2 =  9.483E-05

      iter #   2 total cpu time : 28771.8 secs   av.it.:  19.6
      thresh= 9.738E-04 alpha_mix =  0.700 |ddv_scf|^2 =  9.373E-05

      iter #   3 total cpu time : 28780.2 secs   av.it.:  18.4
      thresh= 9.681E-04 alpha_mix =  0.700 |ddv_scf|^2 =  1.052E-05

      iter #   4 total cpu time : 28789.0 secs   av.it.:  17.0
      thresh= 3.243E-04 alpha_mix =  0.700 |ddv_scf|^2 =  8.494E-07

      iter #   5 total cpu time : 28798.0 secs   av.it.:  17.9
      thresh= 9.216E-05 alpha_mix =  0.700 |ddv_scf|^2 =  4.749E-08

      iter #   6 total cpu time : 28807.1 secs   av.it.:  18.8
      thresh= 2.179E-05 alpha_mix =  0.700 |ddv_scf|^2 =  5.256E-10

      iter #   7 total cpu time : 28816.6 secs   av.it.:  20.6
      thresh= 2.293E-06 alpha_mix =  0.700 |ddv_scf|^2 =  2.120E-10

      iter #   8 total cpu time : 28826.0 secs   av.it.:  20.1
      thresh= 1.456E-06 alpha_mix =  0.700 |ddv_scf|^2 =  2.567E-11

      iter #   9 total cpu time : 28835.5 secs   av.it.:  20.2
      thresh= 5.066E-07 alpha_mix =  0.700 |ddv_scf|^2 =  4.968E-12

      iter #  10 total cpu time : 28844.8 secs   av.it.:  19.8
      thresh= 2.229E-07 alpha_mix =  0.700 |ddv_scf|^2 =  1.702E-12

      iter #  11 total cpu time : 28853.9 secs   av.it.:  18.4
      thresh= 1.305E-07 alpha_mix =  0.700 |ddv_scf|^2 =  2.332E-12

      iter #  12 total cpu time : 28862.8 secs   av.it.:  18.2
      thresh= 1.527E-07 alpha_mix =  0.700 |ddv_scf|^2 =  1.790E-13

      iter #  13 total cpu time : 28871.9 secs   av.it.:  19.5
      thresh= 4.231E-08 alpha_mix =  0.700 |ddv_scf|^2 =  6.770E-15

     End of self-consistent calculation

     Convergence has been achieved 


     Representation #   2 mode #   2

     Self-consistent Calculation

      iter #   1 total cpu time : 28880.4 secs   av.it.:  12.6
      thresh= 1.000E-02 alpha_mix =  0.700 |ddv_scf|^2 =  9.674E-05

      iter #   2 total cpu time : 28889.8 secs   av.it.:  19.9
      thresh= 9.836E-04 alpha_mix =  0.700 |ddv_scf|^2 =  9.697E-05

      iter #   3 total cpu time : 28898.9 secs   av.it.:  18.4
      thresh= 9.848E-04 alpha_mix =  0.700 |ddv_scf|^2 =  1.295E-05

      iter #   4 total cpu time : 28907.6 secs   av.it.:  16.5
      thresh= 3.598E-04 alpha_mix =  0.700 |ddv_scf|^2 =  5.848E-07

      iter #   5 total cpu time : 28916.7 secs   av.it.:  18.0
      thresh= 7.647E-05 alpha_mix =  0.700 |ddv_scf|^2 =  4.177E-08

      iter #   6 total cpu time : 28925.8 secs   av.it.:  18.5
      thresh= 2.044E-05 alpha_mix =  0.700 |ddv_scf|^2 =  4.397E-10

      iter #   7 total cpu time : 28935.2 secs   av.it.:  20.2
      thresh= 2.097E-06 alpha_mix =  0.700 |ddv_scf|^2 =  1.329E-10

      iter #   8 total cpu time : 28944.4 secs   av.it.:  19.2
      thresh= 1.153E-06 alpha_mix =  0.700 |ddv_scf|^2 =  2.308E-11

      iter #   9 total cpu time : 28953.6 secs   av.it.:  19.0
      thresh= 4.804E-07 alpha_mix =  0.700 |ddv_scf|^2 =  4.151E-12

      iter #  10 total cpu time : 28962.9 secs   av.it.:  19.0
      thresh= 2.037E-07 alpha_mix =  0.700 |ddv_scf|^2 =  3.649E-12

      iter #  11 total cpu time : 28971.8 secs   av.it.:  17.4
      thresh= 1.910E-07 alpha_mix =  0.700 |ddv_scf|^2 =  1.293E-12

      iter #  12 total cpu time : 28981.0 secs   av.it.:  18.5
      thresh= 1.137E-07 alpha_mix =  0.700 |ddv_scf|^2 =  2.234E-13

      iter #  13 total cpu time : 28989.8 secs   av.it.:  18.2
      thresh= 4.726E-08 alpha_mix =  0.700 |ddv_scf|^2 =  6.399E-15

     End of self-consistent calculation

     Convergence has been achieved 


     Representation #   3 mode #   3

     Self-consistent Calculation

      iter #   1 total cpu time : 28998.3 secs   av.it.:  12.6
      thresh= 1.000E-02 alpha_mix =  0.700 |ddv_scf|^2 =  6.338E-05

      iter #   2 total cpu time : 29007.9 secs   av.it.:  20.1
      thresh= 7.961E-04 alpha_mix =  0.700 |ddv_scf|^2 =  7.614E-05

      iter #   3 total cpu time : 29017.0 secs   av.it.:  18.8
      thresh= 8.726E-04 alpha_mix =  0.700 |ddv_scf|^2 =  9.896E-06

      iter #   4 total cpu time : 29025.9 secs   av.it.:  17.5
      thresh= 3.146E-04 alpha_mix =  0.700 |ddv_scf|^2 =  2.681E-06

      iter #   5 total cpu time : 29034.8 secs   av.it.:  17.1
      thresh= 1.637E-04 alpha_mix =  0.700 |ddv_scf|^2 =  6.026E-08

      iter #   6 total cpu time : 29044.0 secs   av.it.:  19.0
      thresh= 2.455E-05 alpha_mix =  0.700 |ddv_scf|^2 =  2.778E-10

      iter #   7 total cpu time : 29053.7 secs   av.it.:  21.4
      thresh= 1.667E-06 alpha_mix =  0.700 |ddv_scf|^2 =  1.440E-10

      iter #   8 total cpu time : 29063.2 secs   av.it.:  20.1
      thresh= 1.200E-06 alpha_mix =  0.700 |ddv_scf|^2 =  1.809E-11

      iter #   9 total cpu time : 29072.8 secs   av.it.:  20.6
      thresh= 4.253E-07 alpha_mix =  0.700 |ddv_scf|^2 =  2.059E-12

      iter #  10 total cpu time : 29082.3 secs   av.it.:  20.5
      thresh= 1.435E-07 alpha_mix =  0.700 |ddv_scf|^2 =  1.792E-12

      iter #  11 total cpu time : 29090.8 secs   av.it.:  18.9
      thresh= 1.339E-07 alpha_mix =  0.700 |ddv_scf|^2 =  6.869E-13

      iter #  12 total cpu time : 29099.2 secs   av.it.:  18.4
      thresh= 8.288E-08 alpha_mix =  0.700 |ddv_scf|^2 =  2.402E-14

      iter #  13 total cpu time : 29108.7 secs   av.it.:  20.5
      thresh= 1.550E-08 alpha_mix =  0.700 |ddv_scf|^2 =  2.431E-15

     End of self-consistent calculation

     Convergence has been achieved 


     Representation #   4 mode #   4

     Self-consistent Calculation

      iter #   1 total cpu time : 29118.1 secs   av.it.:  17.0
      thresh= 1.000E-02 alpha_mix =  0.700 |ddv_scf|^2 =  1.553E-03

      iter #   2 total cpu time : 29127.1 secs   av.it.:  21.6
      thresh= 3.941E-03 alpha_mix =  0.700 |ddv_scf|^2 =  1.719E-03

      iter #   3 total cpu time : 29136.2 secs   av.it.:  19.0
      thresh= 4.146E-03 alpha_mix =  0.700 |ddv_scf|^2 =  7.077E-05

      iter #   4 total cpu time : 29145.5 secs   av.it.:  19.4
      thresh= 8.412E-04 alpha_mix =  0.700 |ddv_scf|^2 =  7.999E-05

      iter #   5 total cpu time : 29154.0 secs   av.it.:  17.2
      thresh= 8.944E-04 alpha_mix =  0.700 |ddv_scf|^2 =  3.752E-06

      iter #   6 total cpu time : 29162.5 secs   av.it.:  18.9
      thresh= 1.937E-04 alpha_mix =  0.700 |ddv_scf|^2 =  2.180E-08

      iter #   7 total cpu time : 29171.7 secs   av.it.:  22.5
      thresh= 1.476E-05 alpha_mix =  0.700 |ddv_scf|^2 =  6.594E-09

      iter #   8 total cpu time : 29181.4 secs   av.it.:  21.0
      thresh= 8.120E-06 alpha_mix =  0.700 |ddv_scf|^2 =  1.203E-09

      iter #   9 total cpu time : 29190.6 secs   av.it.:  20.9
      thresh= 3.469E-06 alpha_mix =  0.700 |ddv_scf|^2 =  1.446E-10

      iter #  10 total cpu time : 29200.2 secs   av.it.:  20.8
      thresh= 1.202E-06 alpha_mix =  0.700 |ddv_scf|^2 =  8.896E-11

      iter #  11 total cpu time : 29209.4 secs   av.it.:  19.0
      thresh= 9.432E-07 alpha_mix =  0.700 |ddv_scf|^2 =  1.322E-10

      iter #  12 total cpu time : 29218.3 secs   av.it.:  17.6
      thresh= 1.150E-06 alpha_mix =  0.700 |ddv_scf|^2 =  3.227E-12

      iter #  13 total cpu time : 29227.8 secs   av.it.:  19.8
      thresh= 1.796E-07 alpha_mix =  0.700 |ddv_scf|^2 =  3.878E-13

      iter #  14 total cpu time : 29237.3 secs   av.it.:  20.6
      thresh= 6.227E-08 alpha_mix =  0.700 |ddv_scf|^2 =  8.092E-14

      iter #  15 total cpu time : 29246.9 secs   av.it.:  20.6
      thresh= 2.845E-08 alpha_mix =  0.700 |ddv_scf|^2 =  2.689E-14

      iter #  16 total cpu time : 29256.4 secs   av.it.:  20.4
      thresh= 1.640E-08 alpha_mix =  0.700 |ddv_scf|^2 =  4.590E-15

     End of self-consistent calculation

     Convergence has been achieved 


     Representation #   5 mode #   5

     Self-consistent Calculation

      iter #   1 total cpu time : 29265.8 secs   av.it.:  16.9
      thresh= 1.000E-02 alpha_mix =  0.700 |ddv_scf|^2 =  1.528E-03

      iter #   2 total cpu time : 29275.5 secs   av.it.:  21.5
      thresh= 3.909E-03 alpha_mix =  0.700 |ddv_scf|^2 =  1.575E-03

      iter #   3 total cpu time : 29284.6 secs   av.it.:  19.1
      thresh= 3.969E-03 alpha_mix =  0.700 |ddv_scf|^2 =  2.502E-05

      iter #   4 total cpu time : 29294.0 secs   av.it.:  21.4
      thresh= 5.002E-04 alpha_mix =  0.700 |ddv_scf|^2 =  7.665E-05

      iter #   5 total cpu time : 29302.8 secs   av.it.:  17.1
      thresh= 8.755E-04 alpha_mix =  0.700 |ddv_scf|^2 =  2.477E-06

      iter #   6 total cpu time : 29312.2 secs   av.it.:  19.9
      thresh= 1.574E-04 alpha_mix =  0.700 |ddv_scf|^2 =  4.741E-08

      iter #   7 total cpu time : 29321.9 secs   av.it.:  21.2
      thresh= 2.177E-05 alpha_mix =  0.700 |ddv_scf|^2 =  5.289E-09

      iter #   8 total cpu time : 29331.5 secs   av.it.:  21.2
      thresh= 7.273E-06 alpha_mix =  0.700 |ddv_scf|^2 =  1.197E-09

      iter #   9 total cpu time : 29341.0 secs   av.it.:  20.5
      thresh= 3.459E-06 alpha_mix =  0.700 |ddv_scf|^2 =  9.956E-11

      iter #  10 total cpu time : 29350.6 secs   av.it.:  20.6
      thresh= 9.978E-07 alpha_mix =  0.700 |ddv_scf|^2 =  1.808E-11

      iter #  11 total cpu time : 29360.0 secs   av.it.:  20.0
      thresh= 4.252E-07 alpha_mix =  0.700 |ddv_scf|^2 =  9.950E-12

      iter #  12 total cpu time : 29369.1 secs   av.it.:  18.2
      thresh= 3.154E-07 alpha_mix =  0.700 |ddv_scf|^2 =  3.713E-12

      iter #  13 total cpu time : 29378.3 secs   av.it.:  19.2
      thresh= 1.927E-07 alpha_mix =  0.700 |ddv_scf|^2 =  2.566E-13

      iter #  14 total cpu time : 29387.7 secs   av.it.:  20.2
      thresh= 5.065E-08 alpha_mix =  0.700 |ddv_scf|^2 =  1.652E-14

      iter #  15 total cpu time : 29397.4 secs   av.it.:  21.0
      thresh= 1.285E-08 alpha_mix =  0.700 |ddv_scf|^2 =  9.907E-15

     End of self-consistent calculation

     Convergence has been achieved 


     Representation #   6 mode #   6

     Self-consistent Calculation

      iter #   1 total cpu time : 29406.4 secs   av.it.:  16.4
      thresh= 1.000E-02 alpha_mix =  0.700 |ddv_scf|^2 =  1.035E-03

      iter #   2 total cpu time : 29416.1 secs   av.it.:  21.5
      thresh= 3.217E-03 alpha_mix =  0.700 |ddv_scf|^2 =  1.078E-03

      iter #   3 total cpu time : 29425.3 secs   av.it.:  19.1
      thresh= 3.283E-03 alpha_mix =  0.700 |ddv_scf|^2 =  2.301E-04

      iter #   4 total cpu time : 29434.3 secs   av.it.:  17.9
      thresh= 1.517E-03 alpha_mix =  0.700 |ddv_scf|^2 =  7.113E-05

      iter #   5 total cpu time : 29443.2 secs   av.it.:  17.8
      thresh= 8.434E-04 alpha_mix =  0.700 |ddv_scf|^2 =  1.068E-06

      iter #   6 total cpu time : 29452.5 secs   av.it.:  20.0
      thresh= 1.033E-04 alpha_mix =  0.700 |ddv_scf|^2 =  7.115E-08

      iter #   7 total cpu time : 29462.0 secs   av.it.:  20.5
      thresh= 2.667E-05 alpha_mix =  0.700 |ddv_scf|^2 =  3.053E-09

      iter #   8 total cpu time : 29472.0 secs   av.it.:  22.6
      thresh= 5.526E-06 alpha_mix =  0.700 |ddv_scf|^2 =  2.830E-09

      iter #   9 total cpu time : 29481.6 secs   av.it.:  20.1
      thresh= 5.320E-06 alpha_mix =  0.700 |ddv_scf|^2 =  3.212E-10

      iter #  10 total cpu time : 29491.0 secs   av.it.:  20.2
      thresh= 1.792E-06 alpha_mix =  0.700 |ddv_scf|^2 =  2.796E-10

      iter #  11 total cpu time : 29499.9 secs   av.it.:  17.9
      thresh= 1.672E-06 alpha_mix =  0.700 |ddv_scf|^2 =  5.860E-11

      iter #  12 total cpu time : 29508.9 secs   av.it.:  18.0
      thresh= 7.655E-07 alpha_mix =  0.700 |ddv_scf|^2 =  1.811E-12

      iter #  13 total cpu time : 29518.0 secs   av.it.:  20.2
      thresh= 1.346E-07 alpha_mix =  0.700 |ddv_scf|^2 =  5.948E-13

      iter #  14 total cpu time : 29527.4 secs   av.it.:  20.1
      thresh= 7.712E-08 alpha_mix =  0.700 |ddv_scf|^2 =  5.567E-14

      iter #  15 total cpu time : 29537.2 secs   av.it.:  21.6
      thresh= 2.359E-08 alpha_mix =  0.700 |ddv_scf|^2 =  4.028E-14

      iter #  16 total cpu time : 29546.6 secs   av.it.:  20.2
      thresh= 2.007E-08 alpha_mix =  0.700 |ddv_scf|^2 =  1.387E-14

      iter #  17 total cpu time : 29555.4 secs   av.it.:  18.2
      thresh= 1.178E-08 alpha_mix =  0.700 |ddv_scf|^2 =  6.604E-15

     End of self-consistent calculation

     Convergence has been achieved 


     Representation #   7 mode #   7

     Self-consistent Calculation

      iter #   1 total cpu time : 29563.1 secs   av.it.:   9.0
      thresh= 1.000E-02 alpha_mix =  0.700 |ddv_scf|^2 =  4.003E-06

      iter #   2 total cpu time : 29572.5 secs   av.it.:  20.1
      thresh= 2.001E-04 alpha_mix =  0.700 |ddv_scf|^2 =  7.653E-06

      iter #   3 total cpu time : 29581.6 secs   av.it.:  18.2
      thresh= 2.766E-04 alpha_mix =  0.700 |ddv_scf|^2 =  4.710E-06

      iter #   4 total cpu time : 29590.2 secs   av.it.:  16.4
      thresh= 2.170E-04 alpha_mix =  0.700 |ddv_scf|^2 =  5.579E-09

      iter #   5 total cpu time : 29599.8 secs   av.it.:  20.5
      thresh= 7.469E-06 alpha_mix =  0.700 |ddv_scf|^2 =  2.899E-09

      iter #   6 total cpu time : 29608.9 secs   av.it.:  18.6
      thresh= 5.384E-06 alpha_mix =  0.700 |ddv_scf|^2 =  1.095E-10

      iter #   7 total cpu time : 29618.3 secs   av.it.:  20.0
      thresh= 1.046E-06 alpha_mix =  0.700 |ddv_scf|^2 =  2.361E-11

      iter #   8 total cpu time : 29627.5 secs   av.it.:  19.5
      thresh= 4.859E-07 alpha_mix =  0.700 |ddv_scf|^2 =  4.077E-12

      iter #   9 total cpu time : 29636.5 secs   av.it.:  19.6
      thresh= 2.019E-07 alpha_mix =  0.700 |ddv_scf|^2 =  8.317E-12

      iter #  10 total cpu time : 29645.4 secs   av.it.:  17.1
      thresh= 2.884E-07 alpha_mix =  0.700 |ddv_scf|^2 =  1.193E-12

      iter #  11 total cpu time : 29654.3 secs   av.it.:  18.0
      thresh= 1.092E-07 alpha_mix =  0.700 |ddv_scf|^2 =  1.880E-14

      iter #  12 total cpu time : 29663.8 secs   av.it.:  20.4
      thresh= 1.371E-08 alpha_mix =  0.700 |ddv_scf|^2 =  6.964E-15

     End of self-consistent calculation

     Convergence has been achieved 


     Representation #   8 mode #   8

     Self-consistent Calculation

      iter #   1 total cpu time : 29671.5 secs   av.it.:   9.0
      thresh= 1.000E-02 alpha_mix =  0.700 |ddv_scf|^2 =  3.960E-06

      iter #   2 total cpu time : 29681.0 secs   av.it.:  19.8
      thresh= 1.990E-04 alpha_mix =  0.700 |ddv_scf|^2 =  6.779E-06

      iter #   3 total cpu time : 29690.0 secs   av.it.:  18.2
      thresh= 2.604E-04 alpha_mix =  0.700 |ddv_scf|^2 =  4.307E-06

      iter #   4 total cpu time : 29698.7 secs   av.it.:  16.2
      thresh= 2.075E-04 alpha_mix =  0.700 |ddv_scf|^2 =  1.158E-08

      iter #   5 total cpu time : 29708.3 secs   av.it.:  20.2
      thresh= 1.076E-05 alpha_mix =  0.700 |ddv_scf|^2 =  5.580E-09

      iter #   6 total cpu time : 29717.3 secs   av.it.:  18.4
      thresh= 7.470E-06 alpha_mix =  0.700 |ddv_scf|^2 =  9.183E-11

      iter #   7 total cpu time : 29726.9 secs   av.it.:  21.0
      thresh= 9.583E-07 alpha_mix =  0.700 |ddv_scf|^2 =  6.211E-11

      iter #   8 total cpu time : 29736.2 secs   av.it.:  19.5
      thresh= 7.881E-07 alpha_mix =  0.700 |ddv_scf|^2 =  6.458E-12

      iter #   9 total cpu time : 29745.7 secs   av.it.:  20.4
      thresh= 2.541E-07 alpha_mix =  0.700 |ddv_scf|^2 =  1.205E-11

      iter #  10 total cpu time : 29754.6 secs   av.it.:  17.2
      thresh= 3.471E-07 alpha_mix =  0.700 |ddv_scf|^2 =  2.606E-12

      iter #  11 total cpu time : 29763.5 secs   av.it.:  17.9
      thresh= 1.614E-07 alpha_mix =  0.700 |ddv_scf|^2 =  6.799E-14

      iter #  12 total cpu time : 29772.9 secs   av.it.:  19.9
      thresh= 2.608E-08 alpha_mix =  0.700 |ddv_scf|^2 =  1.077E-14

      iter #  13 total cpu time : 29782.1 secs   av.it.:  19.0
      thresh= 1.038E-08 alpha_mix =  0.700 |ddv_scf|^2 =  1.685E-15

     End of self-consistent calculation

     Convergence has been achieved 


     Representation #   9 mode #   9

     Self-consistent Calculation

      iter #   1 total cpu time : 29789.7 secs   av.it.:   9.0
      thresh= 1.000E-02 alpha_mix =  0.700 |ddv_scf|^2 =  3.164E-06

      iter #   2 total cpu time : 29799.5 secs   av.it.:  21.4
      thresh= 1.779E-04 alpha_mix =  0.700 |ddv_scf|^2 =  5.267E-06

      iter #   3 total cpu time : 29808.7 secs   av.it.:  19.4
      thresh= 2.295E-04 alpha_mix =  0.700 |ddv_scf|^2 =  5.277E-08

      iter #   4 total cpu time : 29818.3 secs   av.it.:  21.0
      thresh= 2.297E-05 alpha_mix =  0.700 |ddv_scf|^2 =  1.111E-07

      iter #   5 total cpu time : 29827.2 secs   av.it.:  17.2
      thresh= 3.333E-05 alpha_mix =  0.700 |ddv_scf|^2 =  8.736E-09

      iter #   6 total cpu time : 29836.5 secs   av.it.:  19.2
      thresh= 9.347E-06 alpha_mix =  0.700 |ddv_scf|^2 =  3.631E-10

      iter #   7 total cpu time : 29846.0 secs   av.it.:  20.1
      thresh= 1.906E-06 alpha_mix =  0.700 |ddv_scf|^2 =  5.402E-11

      iter #   8 total cpu time : 29855.6 secs   av.it.:  20.8
      thresh= 7.350E-07 alpha_mix =  0.700 |ddv_scf|^2 =  1.360E-11

      iter #   9 total cpu time : 29865.2 secs   av.it.:  20.9
      thresh= 3.688E-07 alpha_mix =  0.700 |ddv_scf|^2 =  8.258E-12

      iter #  10 total cpu time : 29874.7 secs   av.it.:  20.0
      thresh= 2.874E-07 alpha_mix =  0.700 |ddv_scf|^2 =  2.288E-12

      iter #  11 total cpu time : 29883.8 secs   av.it.:  18.1
      thresh= 1.513E-07 alpha_mix =  0.700 |ddv_scf|^2 =  1.303E-12

      iter #  12 total cpu time : 29892.7 secs   av.it.:  17.4
      thresh= 1.141E-07 alpha_mix =  0.700 |ddv_scf|^2 =  2.326E-14

      iter #  13 total cpu time : 29902.2 secs   av.it.:  20.8
      thresh= 1.525E-08 alpha_mix =  0.700 |ddv_scf|^2 =  7.290E-15

     End of self-consistent calculation

     Convergence has been achieved 


     Representation #  10 mode #  10

     Self-consistent Calculation

      iter #   1 total cpu time : 29910.1 secs   av.it.:   9.6
      thresh= 1.000E-02 alpha_mix =  0.700 |ddv_scf|^2 =  4.332E-06

      iter #   2 total cpu time : 29919.7 secs   av.it.:  21.1
      thresh= 2.081E-04 alpha_mix =  0.700 |ddv_scf|^2 =  4.575E-06

      iter #   3 total cpu time : 29928.9 secs   av.it.:  19.2
      thresh= 2.139E-04 alpha_mix =  0.700 |ddv_scf|^2 =  4.321E-08

      iter #   4 total cpu time : 29938.5 secs   av.it.:  20.8
      thresh= 2.079E-05 alpha_mix =  0.700 |ddv_scf|^2 =  1.496E-08

      iter #   5 total cpu time : 29947.9 secs   av.it.:  19.5
      thresh= 1.223E-05 alpha_mix =  0.700 |ddv_scf|^2 =  2.852E-08

      iter #   6 total cpu time : 29956.6 secs   av.it.:  16.8
      thresh= 1.689E-05 alpha_mix =  0.700 |ddv_scf|^2 =  1.199E-10

      iter #   7 total cpu time : 29966.1 secs   av.it.:  20.0
      thresh= 1.095E-06 alpha_mix =  0.700 |ddv_scf|^2 =  3.855E-11

      iter #   8 total cpu time : 29975.2 secs   av.it.:  18.9
      thresh= 6.209E-07 alpha_mix =  0.700 |ddv_scf|^2 =  4.445E-12

      iter #   9 total cpu time : 29984.4 secs   av.it.:  20.8
      thresh= 2.108E-07 alpha_mix =  0.700 |ddv_scf|^2 =  1.612E-12

      iter #  10 total cpu time : 29993.8 secs   av.it.:  20.2
      thresh= 1.270E-07 alpha_mix =  0.700 |ddv_scf|^2 =  2.738E-13

      iter #  11 total cpu time : 30003.1 secs   av.it.:  19.5
      thresh= 5.232E-08 alpha_mix =  0.700 |ddv_scf|^2 =  9.403E-14

      iter #  12 total cpu time : 30012.4 secs   av.it.:  19.2
      thresh= 3.066E-08 alpha_mix =  0.700 |ddv_scf|^2 =  9.454E-14

      iter #  13 total cpu time : 30021.5 secs   av.it.:  18.4
      thresh= 3.075E-08 alpha_mix =  0.700 |ddv_scf|^2 =  1.296E-15

     End of self-consistent calculation

     Convergence has been achieved 


     Representation #  11 mode #  11

     Self-consistent Calculation

      iter #   1 total cpu time : 30029.3 secs   av.it.:   9.8
      thresh= 1.000E-02 alpha_mix =  0.700 |ddv_scf|^2 =  4.024E-06

      iter #   2 total cpu time : 30038.9 secs   av.it.:  20.9
      thresh= 2.006E-04 alpha_mix =  0.700 |ddv_scf|^2 =  4.112E-06

      iter #   3 total cpu time : 30048.1 secs   av.it.:  19.1
      thresh= 2.028E-04 alpha_mix =  0.700 |ddv_scf|^2 =  1.436E-07

      iter #   4 total cpu time : 30056.8 secs   av.it.:  18.4
      thresh= 3.789E-05 alpha_mix =  0.700 |ddv_scf|^2 =  7.585E-08

      iter #   5 total cpu time : 30065.9 secs   av.it.:  17.9
      thresh= 2.754E-05 alpha_mix =  0.700 |ddv_scf|^2 =  9.304E-09

      iter #   6 total cpu time : 30075.1 secs   av.it.:  19.0
      thresh= 9.646E-06 alpha_mix =  0.700 |ddv_scf|^2 =  9.863E-11

      iter #   7 total cpu time : 30084.6 secs   av.it.:  20.8
      thresh= 9.931E-07 alpha_mix =  0.700 |ddv_scf|^2 =  5.208E-11

      iter #   8 total cpu time : 30094.0 secs   av.it.:  19.6
      thresh= 7.217E-07 alpha_mix =  0.700 |ddv_scf|^2 =  5.906E-12

      iter #   9 total cpu time : 30103.6 secs   av.it.:  20.8
      thresh= 2.430E-07 alpha_mix =  0.700 |ddv_scf|^2 =  2.118E-12

      iter #  10 total cpu time : 30113.0 secs   av.it.:  20.1
      thresh= 1.455E-07 alpha_mix =  0.700 |ddv_scf|^2 =  3.014E-12

      iter #  11 total cpu time : 30121.8 secs   av.it.:  17.1
      thresh= 1.736E-07 alpha_mix =  0.700 |ddv_scf|^2 =  2.278E-13

      iter #  12 total cpu time : 30131.0 secs   av.it.:  18.9
      thresh= 4.773E-08 alpha_mix =  0.700 |ddv_scf|^2 =  1.588E-14

      iter #  13 total cpu time : 30140.3 secs   av.it.:  19.5
      thresh= 1.260E-08 alpha_mix =  0.700 |ddv_scf|^2 =  2.137E-15

     End of self-consistent calculation

     Convergence has been achieved 


     Representation #  12 mode #  12

     Self-consistent Calculation

      iter #   1 total cpu time : 30147.9 secs   av.it.:   8.8
      thresh= 1.000E-02 alpha_mix =  0.700 |ddv_scf|^2 =  5.807E-06

      iter #   2 total cpu time : 30157.5 secs   av.it.:  20.1
      thresh= 2.410E-04 alpha_mix =  0.700 |ddv_scf|^2 =  6.119E-05

      iter #   3 total cpu time : 30166.1 secs   av.it.:  16.1
      thresh= 7.822E-04 alpha_mix =  0.700 |ddv_scf|^2 =  1.094E-06

      iter #   4 total cpu time : 30174.9 secs   av.it.:  17.1
      thresh= 1.046E-04 alpha_mix =  0.700 |ddv_scf|^2 =  3.307E-08

      iter #   5 total cpu time : 30184.0 secs   av.it.:  18.6
      thresh= 1.819E-05 alpha_mix =  0.700 |ddv_scf|^2 =  3.603E-09

      iter #   6 total cpu time : 30193.2 secs   av.it.:  19.0
      thresh= 6.003E-06 alpha_mix =  0.700 |ddv_scf|^2 =  8.253E-10

      iter #   7 total cpu time : 30202.4 secs   av.it.:  19.4
      thresh= 2.873E-06 alpha_mix =  0.700 |ddv_scf|^2 =  1.542E-10

      iter #   8 total cpu time : 30211.6 secs   av.it.:  18.6
      thresh= 1.242E-06 alpha_mix =  0.700 |ddv_scf|^2 =  1.962E-11

      iter #   9 total cpu time : 30221.1 secs   av.it.:  20.4
      thresh= 4.429E-07 alpha_mix =  0.700 |ddv_scf|^2 =  1.005E-11

      iter #  10 total cpu time : 30230.1 secs   av.it.:  18.2
      thresh= 3.170E-07 alpha_mix =  0.700 |ddv_scf|^2 =  1.225E-12

      iter #  11 total cpu time : 30239.3 secs   av.it.:  19.0
      thresh= 1.107E-07 alpha_mix =  0.700 |ddv_scf|^2 =  1.528E-13

      iter #  12 total cpu time : 30248.6 secs   av.it.:  18.9
      thresh= 3.910E-08 alpha_mix =  0.700 |ddv_scf|^2 =  1.964E-14

      iter #  13 total cpu time : 30258.0 secs   av.it.:  20.0
      thresh= 1.401E-08 alpha_mix =  0.700 |ddv_scf|^2 =  1.201E-14

      iter #  14 total cpu time : 30267.1 secs   av.it.:  18.4
      thresh= 1.096E-08 alpha_mix =  0.700 |ddv_scf|^2 =  1.543E-15

     End of self-consistent calculation

     Convergence has been achieved 


     Representation #  13 mode #  13

     Self-consistent Calculation

      iter #   1 total cpu time : 30274.4 secs   av.it.:   7.5
      thresh= 1.000E-02 alpha_mix =  0.700 |ddv_scf|^2 =  7.352E-07

      iter #   2 total cpu time : 30284.1 secs   av.it.:  21.4
      thresh= 8.574E-05 alpha_mix =  0.700 |ddv_scf|^2 =  1.210E-06

      iter #   3 total cpu time : 30293.4 secs   av.it.:  19.6
      thresh= 1.100E-04 alpha_mix =  0.700 |ddv_scf|^2 =  1.146E-07

      iter #   4 total cpu time : 30302.3 secs   av.it.:  17.4
      thresh= 3.385E-05 alpha_mix =  0.700 |ddv_scf|^2 =  7.890E-09

      iter #   5 total cpu time : 30311.7 secs   av.it.:  19.6
      thresh= 8.883E-06 alpha_mix =  0.700 |ddv_scf|^2 =  7.095E-10

      iter #   6 total cpu time : 30320.9 secs   av.it.:  19.8
      thresh= 2.664E-06 alpha_mix =  0.700 |ddv_scf|^2 =  3.311E-11

      iter #   7 total cpu time : 30330.3 secs   av.it.:  20.4
      thresh= 5.754E-07 alpha_mix =  0.700 |ddv_scf|^2 =  6.882E-12

      iter #   8 total cpu time : 30339.6 secs   av.it.:  19.2
      thresh= 2.623E-07 alpha_mix =  0.700 |ddv_scf|^2 =  1.066E-12

      iter #   9 total cpu time : 30349.5 secs   av.it.:  21.8
      thresh= 1.032E-07 alpha_mix =  0.700 |ddv_scf|^2 =  1.582E-12

      iter #  10 total cpu time : 30358.6 secs   av.it.:  18.4
      thresh= 1.258E-07 alpha_mix =  0.700 |ddv_scf|^2 =  1.791E-12

      iter #  11 total cpu time : 30367.6 secs   av.it.:  17.9
      thresh= 1.338E-07 alpha_mix =  0.700 |ddv_scf|^2 =  3.594E-14

      iter #  12 total cpu time : 30376.6 secs   av.it.:  20.2
      thresh= 1.896E-08 alpha_mix =  0.700 |ddv_scf|^2 =  7.060E-15

     End of self-consistent calculation

     Convergence has been achieved 


     Representation #  14 mode #  14

     Self-consistent Calculation

      iter #   1 total cpu time : 30384.1 secs   av.it.:   7.5
      thresh= 1.000E-02 alpha_mix =  0.700 |ddv_scf|^2 =  1.661E-06

      iter #   2 total cpu time : 30393.8 secs   av.it.:  20.5
      thresh= 1.289E-04 alpha_mix =  0.700 |ddv_scf|^2 =  1.844E-05

      iter #   3 total cpu time : 30402.4 secs   av.it.:  16.1
      thresh= 4.294E-04 alpha_mix =  0.700 |ddv_scf|^2 =  2.891E-07

      iter #   4 total cpu time : 30411.4 secs   av.it.:  17.9
      thresh= 5.377E-05 alpha_mix =  0.700 |ddv_scf|^2 =  7.029E-09

      iter #   5 total cpu time : 30420.0 secs   av.it.:  18.8
      thresh= 8.384E-06 alpha_mix =  0.700 |ddv_scf|^2 =  5.480E-10

      iter #   6 total cpu time : 30429.2 secs   av.it.:  19.1
      thresh= 2.341E-06 alpha_mix =  0.700 |ddv_scf|^2 =  5.660E-11

      iter #   7 total cpu time : 30438.0 secs   av.it.:  18.5
      thresh= 7.524E-07 alpha_mix =  0.700 |ddv_scf|^2 =  5.012E-12

      iter #   8 total cpu time : 30447.6 secs   av.it.:  20.2
      thresh= 2.239E-07 alpha_mix =  0.700 |ddv_scf|^2 =  1.404E-12

      iter #   9 total cpu time : 30457.0 secs   av.it.:  19.8
      thresh= 1.185E-07 alpha_mix =  0.700 |ddv_scf|^2 =  1.919E-13

      iter #  10 total cpu time : 30466.4 secs   av.it.:  19.8
      thresh= 4.380E-08 alpha_mix =  0.700 |ddv_scf|^2 =  9.431E-14

      iter #  11 total cpu time : 30475.5 secs   av.it.:  18.4
      thresh= 3.071E-08 alpha_mix =  0.700 |ddv_scf|^2 =  9.143E-15

     End of self-consistent calculation

     Convergence has been achieved 


     Representation #  15 mode #  15

     Self-consistent Calculation

      iter #   1 total cpu time : 30482.8 secs   av.it.:   7.5
      thresh= 1.000E-02 alpha_mix =  0.700 |ddv_scf|^2 =  3.965E-07

      iter #   2 total cpu time : 30492.5 secs   av.it.:  21.2
      thresh= 6.297E-05 alpha_mix =  0.700 |ddv_scf|^2 =  9.788E-07

      iter #   3 total cpu time : 30501.1 secs   av.it.:  18.4
      thresh= 9.894E-05 alpha_mix =  0.700 |ddv_scf|^2 =  4.428E-07

      iter #   4 total cpu time : 30509.9 secs   av.it.:  16.9
      thresh= 6.654E-05 alpha_mix =  0.700 |ddv_scf|^2 =  3.858E-09

      iter #   5 total cpu time : 30519.2 secs   av.it.:  19.4
      thresh= 6.212E-06 alpha_mix =  0.700 |ddv_scf|^2 =  5.744E-10

      iter #   6 total cpu time : 30528.3 secs   av.it.:  18.8
      thresh= 2.397E-06 alpha_mix =  0.700 |ddv_scf|^2 =  1.126E-11

      iter #   7 total cpu time : 30537.7 secs   av.it.:  19.9
      thresh= 3.356E-07 alpha_mix =  0.700 |ddv_scf|^2 =  4.181E-12

      iter #   8 total cpu time : 30547.0 secs   av.it.:  18.9
      thresh= 2.045E-07 alpha_mix =  0.700 |ddv_scf|^2 =  3.631E-13

      iter #   9 total cpu time : 30556.4 secs   av.it.:  19.8
      thresh= 6.026E-08 alpha_mix =  0.700 |ddv_scf|^2 =  9.212E-14

      iter #  10 total cpu time : 30565.9 secs   av.it.:  20.4
      thresh= 3.035E-08 alpha_mix =  0.700 |ddv_scf|^2 =  2.888E-13

      iter #  11 total cpu time : 30574.8 secs   av.it.:  17.0
      thresh= 5.374E-08 alpha_mix =  0.700 |ddv_scf|^2 =  1.186E-14

      iter #  12 total cpu time : 30584.0 secs   av.it.:  18.9
      thresh= 1.089E-08 alpha_mix =  0.700 |ddv_scf|^2 =  1.193E-15

     End of self-consistent calculation

     Convergence has been achieved 


     Representation #  16 mode #  16

     Self-consistent Calculation

      iter #   1 total cpu time : 30591.3 secs   av.it.:   7.6
      thresh= 1.000E-02 alpha_mix =  0.700 |ddv_scf|^2 =  1.012E-06

      iter #   2 total cpu time : 30600.3 secs   av.it.:  20.8
      thresh= 1.006E-04 alpha_mix =  0.700 |ddv_scf|^2 =  4.258E-06

      iter #   3 total cpu time : 30609.2 secs   av.it.:  17.4
      thresh= 2.064E-04 alpha_mix =  0.700 |ddv_scf|^2 =  9.855E-07

      iter #   4 total cpu time : 30617.9 secs   av.it.:  16.5
      thresh= 9.927E-05 alpha_mix =  0.700 |ddv_scf|^2 =  2.924E-09

      iter #   5 total cpu time : 30626.8 secs   av.it.:  20.6
      thresh= 5.407E-06 alpha_mix =  0.700 |ddv_scf|^2 =  5.030E-10

      iter #   6 total cpu time : 30635.9 secs   av.it.:  19.6
      thresh= 2.243E-06 alpha_mix =  0.700 |ddv_scf|^2 =  4.912E-11

      iter #   7 total cpu time : 30645.4 secs   av.it.:  19.9
      thresh= 7.009E-07 alpha_mix =  0.700 |ddv_scf|^2 =  1.009E-11

      iter #   8 total cpu time : 30654.9 secs   av.it.:  20.2
      thresh= 3.176E-07 alpha_mix =  0.700 |ddv_scf|^2 =  2.380E-12

      iter #   9 total cpu time : 30664.2 secs   av.it.:  19.0
      thresh= 1.543E-07 alpha_mix =  0.700 |ddv_scf|^2 =  3.716E-14

      iter #  10 total cpu time : 30674.0 secs   av.it.:  21.8
      thresh= 1.928E-08 alpha_mix =  0.700 |ddv_scf|^2 =  4.514E-14

      iter #  11 total cpu time : 30683.2 secs   av.it.:  19.2
      thresh= 2.125E-08 alpha_mix =  0.700 |ddv_scf|^2 =  1.555E-15

     End of self-consistent calculation

     Convergence has been achieved 


     Representation #  17 mode #  17

     Self-consistent Calculation

      iter #   1 total cpu time : 30690.7 secs   av.it.:   7.8
      thresh= 1.000E-02 alpha_mix =  0.700 |ddv_scf|^2 =  7.560E-07

      iter #   2 total cpu time : 30700.1 secs   av.it.:  22.0
      thresh= 8.695E-05 alpha_mix =  0.700 |ddv_scf|^2 =  1.582E-06

      iter #   3 total cpu time : 30709.5 secs   av.it.:  19.4
      thresh= 1.258E-04 alpha_mix =  0.700 |ddv_scf|^2 =  5.467E-07

      iter #   4 total cpu time : 30718.2 secs   av.it.:  16.6
      thresh= 7.394E-05 alpha_mix =  0.700 |ddv_scf|^2 =  5.567E-09

      iter #   5 total cpu time : 30727.8 secs   av.it.:  20.5
      thresh= 7.461E-06 alpha_mix =  0.700 |ddv_scf|^2 =  5.660E-10

      iter #   6 total cpu time : 30737.1 secs   av.it.:  19.5
      thresh= 2.379E-06 alpha_mix =  0.700 |ddv_scf|^2 =  2.431E-11

      iter #   7 total cpu time : 30746.9 secs   av.it.:  21.0
      thresh= 4.930E-07 alpha_mix =  0.700 |ddv_scf|^2 =  6.234E-12

      iter #   8 total cpu time : 30756.2 secs   av.it.:  19.6
      thresh= 2.497E-07 alpha_mix =  0.700 |ddv_scf|^2 =  1.415E-12

      iter #   9 total cpu time : 30765.7 secs   av.it.:  20.2
      thresh= 1.190E-07 alpha_mix =  0.700 |ddv_scf|^2 =  7.835E-13

      iter #  10 total cpu time : 30775.1 secs   av.it.:  20.1
      thresh= 8.852E-08 alpha_mix =  0.700 |ddv_scf|^2 =  9.918E-13

      iter #  11 total cpu time : 30784.3 secs   av.it.:  18.5
      thresh= 9.959E-08 alpha_mix =  0.700 |ddv_scf|^2 =  1.689E-14

      iter #  12 total cpu time : 30793.8 secs   av.it.:  20.5
      thresh= 1.300E-08 alpha_mix =  0.700 |ddv_scf|^2 =  2.926E-15

     End of self-consistent calculation

     Convergence has been achieved 


     Representation #  18 mode #  18

     Self-consistent Calculation

      iter #   1 total cpu time : 30801.2 secs   av.it.:   7.6
      thresh= 1.000E-02 alpha_mix =  0.700 |ddv_scf|^2 =  9.638E-07

      iter #   2 total cpu time : 30811.0 secs   av.it.:  20.9
      thresh= 9.817E-05 alpha_mix =  0.700 |ddv_scf|^2 =  9.847E-06

      iter #   3 total cpu time : 30819.7 secs   av.it.:  16.4
      thresh= 3.138E-04 alpha_mix =  0.700 |ddv_scf|^2 =  2.220E-07

      iter #   4 total cpu time : 30828.7 secs   av.it.:  18.0
      thresh= 4.712E-05 alpha_mix =  0.700 |ddv_scf|^2 =  3.957E-09

      iter #   5 total cpu time : 30838.0 secs   av.it.:  19.8
      thresh= 6.291E-06 alpha_mix =  0.700 |ddv_scf|^2 =  4.354E-10

      iter #   6 total cpu time : 30846.6 secs   av.it.:  19.1
      thresh= 2.087E-06 alpha_mix =  0.700 |ddv_scf|^2 =  2.189E-11

      iter #   7 total cpu time : 30855.9 secs   av.it.:  19.1
      thresh= 4.678E-07 alpha_mix =  0.700 |ddv_scf|^2 =  2.781E-12

      iter #   8 total cpu time : 30865.3 secs   av.it.:  19.6
      thresh= 1.668E-07 alpha_mix =  0.700 |ddv_scf|^2 =  1.076E-12

      iter #   9 total cpu time : 30874.5 secs   av.it.:  19.1
      thresh= 1.037E-07 alpha_mix =  0.700 |ddv_scf|^2 =  7.769E-13

      iter #  10 total cpu time : 30883.6 secs   av.it.:  18.1
      thresh= 8.814E-08 alpha_mix =  0.700 |ddv_scf|^2 =  6.911E-14

      iter #  11 total cpu time : 30893.0 secs   av.it.:  19.6
      thresh= 2.629E-08 alpha_mix =  0.700 |ddv_scf|^2 =  3.393E-14

      iter #  12 total cpu time : 30902.1 secs   av.it.:  18.8
      thresh= 1.842E-08 alpha_mix =  0.700 |ddv_scf|^2 =  3.845E-15

     End of self-consistent calculation

     Convergence has been achieved 


     Representation #  19 mode #  19

     Self-consistent Calculation

      iter #   1 total cpu time : 30909.6 secs   av.it.:   8.2
      thresh= 1.000E-02 alpha_mix =  0.700 |ddv_scf|^2 =  7.925E-07

      iter #   2 total cpu time : 30919.2 secs   av.it.:  21.9
      thresh= 8.902E-05 alpha_mix =  0.700 |ddv_scf|^2 =  1.688E-06

      iter #   3 total cpu time : 30928.5 secs   av.it.:  19.5
      thresh= 1.299E-04 alpha_mix =  0.700 |ddv_scf|^2 =  6.498E-07

      iter #   4 total cpu time : 30937.2 secs   av.it.:  16.6
      thresh= 8.061E-05 alpha_mix =  0.700 |ddv_scf|^2 =  4.885E-09

      iter #   5 total cpu time : 30946.2 secs   av.it.:  21.1
      thresh= 6.990E-06 alpha_mix =  0.700 |ddv_scf|^2 =  7.430E-10

      iter #   6 total cpu time : 30955.6 secs   av.it.:  19.8
      thresh= 2.726E-06 alpha_mix =  0.700 |ddv_scf|^2 =  2.881E-11

      iter #   7 total cpu time : 30965.1 secs   av.it.:  20.9
      thresh= 5.367E-07 alpha_mix =  0.700 |ddv_scf|^2 =  4.124E-12

      iter #   8 total cpu time : 30974.7 secs   av.it.:  20.2
      thresh= 2.031E-07 alpha_mix =  0.700 |ddv_scf|^2 =  1.401E-12

      iter #   9 total cpu time : 30983.9 secs   av.it.:  19.0
      thresh= 1.184E-07 alpha_mix =  0.700 |ddv_scf|^2 =  2.390E-13

      iter #  10 total cpu time : 30993.1 secs   av.it.:  20.9
      thresh= 4.889E-08 alpha_mix =  0.700 |ddv_scf|^2 =  3.622E-13

      iter #  11 total cpu time : 31002.4 secs   av.it.:  19.4
      thresh= 6.018E-08 alpha_mix =  0.700 |ddv_scf|^2 =  1.038E-14

      iter #  12 total cpu time : 31011.9 secs   av.it.:  20.0
      thresh= 1.019E-08 alpha_mix =  0.700 |ddv_scf|^2 =  1.778E-15

     End of self-consistent calculation

     Convergence has been achieved 


     Representation #  20 mode #  20

     Self-consistent Calculation

      iter #   1 total cpu time : 31019.3 secs   av.it.:   7.8
      thresh= 1.000E-02 alpha_mix =  0.700 |ddv_scf|^2 =  9.715E-07

      iter #   2 total cpu time : 31029.0 secs   av.it.:  21.0
      thresh= 9.857E-05 alpha_mix =  0.700 |ddv_scf|^2 =  3.152E-06

      iter #   3 total cpu time : 31038.0 secs   av.it.:  18.1
      thresh= 1.775E-04 alpha_mix =  0.700 |ddv_scf|^2 =  8.922E-07

      iter #   4 total cpu time : 31046.8 secs   av.it.:  16.8
      thresh= 9.446E-05 alpha_mix =  0.700 |ddv_scf|^2 =  1.959E-09

      iter #   5 total cpu time : 31056.5 secs   av.it.:  21.2
      thresh= 4.426E-06 alpha_mix =  0.700 |ddv_scf|^2 =  5.256E-10

      iter #   6 total cpu time : 31065.8 secs   av.it.:  19.9
      thresh= 2.293E-06 alpha_mix =  0.700 |ddv_scf|^2 =  3.646E-11

      iter #   7 total cpu time : 31075.3 secs   av.it.:  20.2
      thresh= 6.038E-07 alpha_mix =  0.700 |ddv_scf|^2 =  1.134E-11

      iter #   8 total cpu time : 31084.7 secs   av.it.:  19.9
      thresh= 3.367E-07 alpha_mix =  0.700 |ddv_scf|^2 =  1.821E-12

      iter #   9 total cpu time : 31093.9 secs   av.it.:  18.8
      thresh= 1.349E-07 alpha_mix =  0.700 |ddv_scf|^2 =  4.738E-14

      iter #  10 total cpu time : 31103.4 secs   av.it.:  20.4
      thresh= 2.177E-08 alpha_mix =  0.700 |ddv_scf|^2 =  1.509E-14

      iter #  11 total cpu time : 31112.8 secs   av.it.:  20.0
      thresh= 1.228E-08 alpha_mix =  0.700 |ddv_scf|^2 =  3.071E-15

     End of self-consistent calculation

     Convergence has been achieved 


     Representation #  21 mode #  21

     Self-consistent Calculation

      iter #   1 total cpu time : 31120.2 secs   av.it.:   7.6
      thresh= 1.000E-02 alpha_mix =  0.700 |ddv_scf|^2 =  1.185E-06

      iter #   2 total cpu time : 31129.9 secs   av.it.:  21.1
      thresh= 1.089E-04 alpha_mix =  0.700 |ddv_scf|^2 =  1.298E-05

      iter #   3 total cpu time : 31138.5 secs   av.it.:  16.1
      thresh= 3.603E-04 alpha_mix =  0.700 |ddv_scf|^2 =  2.118E-07

      iter #   4 total cpu time : 31147.6 secs   av.it.:  18.2
      thresh= 4.602E-05 alpha_mix =  0.700 |ddv_scf|^2 =  4.543E-09

      iter #   5 total cpu time : 31157.0 secs   av.it.:  19.8
      thresh= 6.740E-06 alpha_mix =  0.700 |ddv_scf|^2 =  4.931E-10

      iter #   6 total cpu time : 31166.3 secs   av.it.:  19.1
      thresh= 2.220E-06 alpha_mix =  0.700 |ddv_scf|^2 =  1.709E-11

      iter #   7 total cpu time : 31175.5 secs   av.it.:  19.1
      thresh= 4.134E-07 alpha_mix =  0.700 |ddv_scf|^2 =  1.851E-12

      iter #   8 total cpu time : 31184.9 secs   av.it.:  19.8
      thresh= 1.360E-07 alpha_mix =  0.700 |ddv_scf|^2 =  8.302E-13

      iter #   9 total cpu time : 31194.2 secs   av.it.:  19.4
      thresh= 9.112E-08 alpha_mix =  0.700 |ddv_scf|^2 =  7.348E-13

      iter #  10 total cpu time : 31203.2 secs   av.it.:  17.9
      thresh= 8.572E-08 alpha_mix =  0.700 |ddv_scf|^2 =  5.414E-14

      iter #  11 total cpu time : 31212.6 secs   av.it.:  19.8
      thresh= 2.327E-08 alpha_mix =  0.700 |ddv_scf|^2 =  2.886E-14

      iter #  12 total cpu time : 31221.7 secs   av.it.:  18.6
      thresh= 1.699E-08 alpha_mix =  0.700 |ddv_scf|^2 =  2.688E-15

     End of self-consistent calculation

     Convergence has been achieved 


     Representation #  22 mode #  22

     Self-consistent Calculation

      iter #   1 total cpu time : 31229.1 secs   av.it.:   7.8
      thresh= 1.000E-02 alpha_mix =  0.700 |ddv_scf|^2 =  2.096E-06

      iter #   2 total cpu time : 31238.8 secs   av.it.:  20.5
      thresh= 1.448E-04 alpha_mix =  0.700 |ddv_scf|^2 =  2.567E-05

      iter #   3 total cpu time : 31246.8 secs   av.it.:  16.1
      thresh= 5.067E-04 alpha_mix =  0.700 |ddv_scf|^2 =  1.976E-07

      iter #   4 total cpu time : 31255.4 secs   av.it.:  18.5
      thresh= 4.446E-05 alpha_mix =  0.700 |ddv_scf|^2 =  5.396E-09

      iter #   5 total cpu time : 31264.7 secs   av.it.:  19.1
      thresh= 7.346E-06 alpha_mix =  0.700 |ddv_scf|^2 =  5.533E-10

      iter #   6 total cpu time : 31274.0 secs   av.it.:  19.6
      thresh= 2.352E-06 alpha_mix =  0.700 |ddv_scf|^2 =  4.238E-11

      iter #   7 total cpu time : 31283.2 secs   av.it.:  19.1
      thresh= 6.510E-07 alpha_mix =  0.700 |ddv_scf|^2 =  5.223E-12

      iter #   8 total cpu time : 31292.5 secs   av.it.:  19.2
      thresh= 2.285E-07 alpha_mix =  0.700 |ddv_scf|^2 =  1.100E-12

      iter #   9 total cpu time : 31301.8 secs   av.it.:  19.2
      thresh= 1.049E-07 alpha_mix =  0.700 |ddv_scf|^2 =  1.307E-13

      iter #  10 total cpu time : 31311.2 secs   av.it.:  19.8
      thresh= 3.616E-08 alpha_mix =  0.700 |ddv_scf|^2 =  4.754E-14

      iter #  11 total cpu time : 31320.5 secs   av.it.:  19.5
      thresh= 2.180E-08 alpha_mix =  0.700 |ddv_scf|^2 =  8.395E-15

     End of self-consistent calculation

     Convergence has been achieved 


     Representation #  23 mode #  23

     Self-consistent Calculation

      iter #   1 total cpu time : 31327.8 secs   av.it.:   7.4
      thresh= 1.000E-02 alpha_mix =  0.700 |ddv_scf|^2 =  8.751E-07

      iter #   2 total cpu time : 31337.3 secs   av.it.:  20.6
      thresh= 9.355E-05 alpha_mix =  0.700 |ddv_scf|^2 =  1.348E-06

      iter #   3 total cpu time : 31346.3 secs   av.it.:  18.5
      thresh= 1.161E-04 alpha_mix =  0.700 |ddv_scf|^2 =  2.155E-08

      iter #   4 total cpu time : 31355.4 secs   av.it.:  19.0
      thresh= 1.468E-05 alpha_mix =  0.700 |ddv_scf|^2 =  1.871E-08

      iter #   5 total cpu time : 31364.3 secs   av.it.:  17.5
      thresh= 1.368E-05 alpha_mix =  0.700 |ddv_scf|^2 =  5.432E-10

      iter #   6 total cpu time : 31373.7 secs   av.it.:  19.8
      thresh= 2.331E-06 alpha_mix =  0.700 |ddv_scf|^2 =  3.130E-11

      iter #   7 total cpu time : 31383.1 secs   av.it.:  19.9
      thresh= 5.595E-07 alpha_mix =  0.700 |ddv_scf|^2 =  7.369E-12

      iter #   8 total cpu time : 31392.4 secs   av.it.:  19.6
      thresh= 2.715E-07 alpha_mix =  0.700 |ddv_scf|^2 =  3.660E-13

      iter #   9 total cpu time : 31402.2 secs   av.it.:  22.4
      thresh= 6.050E-08 alpha_mix =  0.700 |ddv_scf|^2 =  3.427E-13

      iter #  10 total cpu time : 31411.8 secs   av.it.:  20.2
      thresh= 5.854E-08 alpha_mix =  0.700 |ddv_scf|^2 =  2.373E-13

      iter #  11 total cpu time : 31420.6 secs   av.it.:  17.1
      thresh= 4.871E-08 alpha_mix =  0.700 |ddv_scf|^2 =  2.854E-14

      iter #  12 total cpu time : 31429.7 secs   av.it.:  18.8
      thresh= 1.689E-08 alpha_mix =  0.700 |ddv_scf|^2 =  2.028E-15

     End of self-consistent calculation

     Convergence has been achieved 


     Representation #  24 mode #  24

     Self-consistent Calculation

      iter #   1 total cpu time : 31437.1 secs   av.it.:   7.6
      thresh= 1.000E-02 alpha_mix =  0.700 |ddv_scf|^2 =  4.296E-07

      iter #   2 total cpu time : 31446.9 secs   av.it.:  21.4
      thresh= 6.554E-05 alpha_mix =  0.700 |ddv_scf|^2 =  5.548E-07

      iter #   3 total cpu time : 31456.2 secs   av.it.:  20.1
      thresh= 7.448E-05 alpha_mix =  0.700 |ddv_scf|^2 =  4.515E-08

      iter #   4 total cpu time : 31465.5 secs   av.it.:  18.9
      thresh= 2.125E-05 alpha_mix =  0.700 |ddv_scf|^2 =  2.779E-08

      iter #   5 total cpu time : 31474.5 secs   av.it.:  18.0
      thresh= 1.667E-05 alpha_mix =  0.700 |ddv_scf|^2 =  9.636E-10

      iter #   6 total cpu time : 31483.8 secs   av.it.:  19.5
      thresh= 3.104E-06 alpha_mix =  0.700 |ddv_scf|^2 =  1.967E-11

      iter #   7 total cpu time : 31493.5 secs   av.it.:  21.0
      thresh= 4.435E-07 alpha_mix =  0.700 |ddv_scf|^2 =  6.451E-12

      iter #   8 total cpu time : 31502.9 secs   av.it.:  20.2
      thresh= 2.540E-07 alpha_mix =  0.700 |ddv_scf|^2 =  1.395E-12

      iter #   9 total cpu time : 31512.6 secs   av.it.:  21.2
      thresh= 1.181E-07 alpha_mix =  0.700 |ddv_scf|^2 =  7.465E-13

      iter #  10 total cpu time : 31522.1 secs   av.it.:  20.4
      thresh= 8.640E-08 alpha_mix =  0.700 |ddv_scf|^2 =  9.991E-13

      iter #  11 total cpu time : 31531.0 secs   av.it.:  17.4
      thresh= 9.996E-08 alpha_mix =  0.700 |ddv_scf|^2 =  1.199E-13

      iter #  12 total cpu time : 31539.8 secs   av.it.:  19.1
      thresh= 3.462E-08 alpha_mix =  0.700 |ddv_scf|^2 =  9.950E-15

     End of self-consistent calculation

     Convergence has been achieved 


     Representation #  25 mode #  25

     Self-consistent Calculation

      iter #   1 total cpu time : 31547.1 secs   av.it.:   7.6
      thresh= 1.000E-02 alpha_mix =  0.700 |ddv_scf|^2 =  8.105E-07

      iter #   2 total cpu time : 31556.8 secs   av.it.:  20.5
      thresh= 9.003E-05 alpha_mix =  0.700 |ddv_scf|^2 =  1.193E-06

      iter #   3 total cpu time : 31565.9 secs   av.it.:  18.4
      thresh= 1.092E-04 alpha_mix =  0.700 |ddv_scf|^2 =  8.095E-09

      iter #   4 total cpu time : 31575.4 secs   av.it.:  20.5
      thresh= 8.997E-06 alpha_mix =  0.700 |ddv_scf|^2 =  1.466E-08

      iter #   5 total cpu time : 31584.2 secs   av.it.:  17.0
      thresh= 1.211E-05 alpha_mix =  0.700 |ddv_scf|^2 =  1.156E-09

      iter #   6 total cpu time : 31593.4 secs   av.it.:  19.0
      thresh= 3.400E-06 alpha_mix =  0.700 |ddv_scf|^2 =  4.055E-11

      iter #   7 total cpu time : 31602.8 secs   av.it.:  20.0
      thresh= 6.368E-07 alpha_mix =  0.700 |ddv_scf|^2 =  8.760E-12

      iter #   8 total cpu time : 31612.6 secs   av.it.:  20.0
      thresh= 2.960E-07 alpha_mix =  0.700 |ddv_scf|^2 =  3.617E-13

      iter #   9 total cpu time : 31622.5 secs   av.it.:  22.4
      thresh= 6.014E-08 alpha_mix =  0.700 |ddv_scf|^2 =  3.717E-13

      iter #  10 total cpu time : 31632.2 secs   av.it.:  19.8
      thresh= 6.097E-08 alpha_mix =  0.700 |ddv_scf|^2 =  7.292E-14

      iter #  11 total cpu time : 31641.8 secs   av.it.:  19.2
      thresh= 2.700E-08 alpha_mix =  0.700 |ddv_scf|^2 =  8.644E-14

      iter #  12 total cpu time : 31650.4 secs   av.it.:  17.4
      thresh= 2.940E-08 alpha_mix =  0.700 |ddv_scf|^2 =  2.303E-15

     End of self-consistent calculation

     Convergence has been achieved 


     Representation #  26 mode #  26

     Self-consistent Calculation

      iter #   1 total cpu time : 31657.8 secs   av.it.:   7.5
      thresh= 1.000E-02 alpha_mix =  0.700 |ddv_scf|^2 =  1.964E-06

      iter #   2 total cpu time : 31667.5 secs   av.it.:  20.8
      thresh= 1.401E-04 alpha_mix =  0.700 |ddv_scf|^2 =  2.387E-05

      iter #   3 total cpu time : 31675.9 secs   av.it.:  16.1
      thresh= 4.885E-04 alpha_mix =  0.700 |ddv_scf|^2 =  1.885E-07

      iter #   4 total cpu time : 31684.4 secs   av.it.:  18.5
      thresh= 4.342E-05 alpha_mix =  0.700 |ddv_scf|^2 =  5.724E-09

      iter #   5 total cpu time : 31693.5 secs   av.it.:  18.8
      thresh= 7.565E-06 alpha_mix =  0.700 |ddv_scf|^2 =  4.296E-10

      iter #   6 total cpu time : 31702.8 secs   av.it.:  19.5
      thresh= 2.073E-06 alpha_mix =  0.700 |ddv_scf|^2 =  4.711E-11

      iter #   7 total cpu time : 31712.1 secs   av.it.:  18.9
      thresh= 6.863E-07 alpha_mix =  0.700 |ddv_scf|^2 =  5.102E-12

      iter #   8 total cpu time : 31721.5 secs   av.it.:  19.6
      thresh= 2.259E-07 alpha_mix =  0.700 |ddv_scf|^2 =  1.189E-12

      iter #   9 total cpu time : 31730.8 secs   av.it.:  19.5
      thresh= 1.091E-07 alpha_mix =  0.700 |ddv_scf|^2 =  1.418E-13

      iter #  10 total cpu time : 31740.2 secs   av.it.:  19.9
      thresh= 3.766E-08 alpha_mix =  0.700 |ddv_scf|^2 =  5.139E-14

      iter #  11 total cpu time : 31749.2 secs   av.it.:  18.8
      thresh= 2.267E-08 alpha_mix =  0.700 |ddv_scf|^2 =  1.037E-14

      iter #  12 total cpu time : 31758.6 secs   av.it.:  19.9
      thresh= 1.018E-08 alpha_mix =  0.700 |ddv_scf|^2 =  2.980E-15

     End of self-consistent calculation

     Convergence has been achieved 


     Representation #  27 mode #  27

     Self-consistent Calculation

      iter #   1 total cpu time : 31766.0 secs   av.it.:   7.5
      thresh= 1.000E-02 alpha_mix =  0.700 |ddv_scf|^2 =  4.229E-07

      iter #   2 total cpu time : 31775.8 secs   av.it.:  21.5
      thresh= 6.503E-05 alpha_mix =  0.700 |ddv_scf|^2 =  5.662E-07

      iter #   3 total cpu time : 31785.2 secs   av.it.:  19.9
      thresh= 7.524E-05 alpha_mix =  0.700 |ddv_scf|^2 =  7.420E-09

      iter #   4 total cpu time : 31794.7 secs   av.it.:  20.8
      thresh= 8.614E-06 alpha_mix =  0.700 |ddv_scf|^2 =  1.636E-09

      iter #   5 total cpu time : 31803.4 secs   av.it.:  20.0
      thresh= 4.045E-06 alpha_mix =  0.700 |ddv_scf|^2 =  1.241E-09

      iter #   6 total cpu time : 31812.2 secs   av.it.:  17.2
      thresh= 3.523E-06 alpha_mix =  0.700 |ddv_scf|^2 =  8.800E-11

      iter #   7 total cpu time : 31820.7 secs   av.it.:  19.1
      thresh= 9.381E-07 alpha_mix =  0.700 |ddv_scf|^2 =  6.301E-12

      iter #   8 total cpu time : 31830.1 secs   av.it.:  19.6
      thresh= 2.510E-07 alpha_mix =  0.700 |ddv_scf|^2 =  1.495E-12

      iter #   9 total cpu time : 31839.0 secs   av.it.:  20.9
      thresh= 1.223E-07 alpha_mix =  0.700 |ddv_scf|^2 =  6.076E-13

      iter #  10 total cpu time : 31848.5 secs   av.it.:  20.2
      thresh= 7.795E-08 alpha_mix =  0.700 |ddv_scf|^2 =  8.224E-14

      iter #  11 total cpu time : 31857.4 secs   av.it.:  21.0
      thresh= 2.868E-08 alpha_mix =  0.700 |ddv_scf|^2 =  7.879E-14

      iter #  12 total cpu time : 31866.5 secs   av.it.:  18.4
      thresh= 2.807E-08 alpha_mix =  0.700 |ddv_scf|^2 =  5.273E-14

      iter #  13 total cpu time : 31874.9 secs   av.it.:  17.6
      thresh= 2.296E-08 alpha_mix =  0.700 |ddv_scf|^2 =  2.072E-15

     End of self-consistent calculation

     Convergence has been achieved 


     Representation #  28 mode #  28

     Self-consistent Calculation

      iter #   1 total cpu time : 31882.3 secs   av.it.:   7.6
      thresh= 1.000E-02 alpha_mix =  0.700 |ddv_scf|^2 =  7.673E-07

      iter #   2 total cpu time : 31892.0 secs   av.it.:  21.4
      thresh= 8.759E-05 alpha_mix =  0.700 |ddv_scf|^2 =  1.185E-06

      iter #   3 total cpu time : 31901.4 secs   av.it.:  19.4
      thresh= 1.089E-04 alpha_mix =  0.700 |ddv_scf|^2 =  1.030E-07

      iter #   4 total cpu time : 31910.4 secs   av.it.:  17.6
      thresh= 3.210E-05 alpha_mix =  0.700 |ddv_scf|^2 =  1.279E-08

      iter #   5 total cpu time : 31919.6 secs   av.it.:  19.1
      thresh= 1.131E-05 alpha_mix =  0.700 |ddv_scf|^2 =  7.914E-10

      iter #   6 total cpu time : 31928.9 secs   av.it.:  19.4
      thresh= 2.813E-06 alpha_mix =  0.700 |ddv_scf|^2 =  3.479E-11

      iter #   7 total cpu time : 31938.4 secs   av.it.:  20.2
      thresh= 5.899E-07 alpha_mix =  0.700 |ddv_scf|^2 =  7.225E-12

      iter #   8 total cpu time : 31947.8 secs   av.it.:  19.9
      thresh= 2.688E-07 alpha_mix =  0.700 |ddv_scf|^2 =  1.154E-12

      iter #   9 total cpu time : 31957.6 secs   av.it.:  21.5
      thresh= 1.074E-07 alpha_mix =  0.700 |ddv_scf|^2 =  9.840E-13

      iter #  10 total cpu time : 31966.8 secs   av.it.:  19.0
      thresh= 9.919E-08 alpha_mix =  0.700 |ddv_scf|^2 =  1.154E-12

      iter #  11 total cpu time : 31975.7 secs   av.it.:  17.4
      thresh= 1.074E-07 alpha_mix =  0.700 |ddv_scf|^2 =  4.609E-14

      iter #  12 total cpu time : 31985.1 secs   av.it.:  20.1
      thresh= 2.147E-08 alpha_mix =  0.700 |ddv_scf|^2 =  5.818E-15

     End of self-consistent calculation

     Convergence has been achieved 


     Representation #  29 mode #  29

     Self-consistent Calculation

      iter #   1 total cpu time : 31992.4 secs   av.it.:   7.4
      thresh= 1.000E-02 alpha_mix =  0.700 |ddv_scf|^2 =  1.202E-06

      iter #   2 total cpu time : 32002.1 secs   av.it.:  20.6
      thresh= 1.096E-04 alpha_mix =  0.700 |ddv_scf|^2 =  1.088E-05

      iter #   3 total cpu time : 32010.6 secs   av.it.:  16.2
      thresh= 3.298E-04 alpha_mix =  0.700 |ddv_scf|^2 =  4.412E-07

      iter #   4 total cpu time : 32019.5 secs   av.it.:  17.2
      thresh= 6.642E-05 alpha_mix =  0.700 |ddv_scf|^2 =  7.482E-09

      iter #   5 total cpu time : 32028.0 secs   av.it.:  18.6
      thresh= 8.650E-06 alpha_mix =  0.700 |ddv_scf|^2 =  4.420E-10

      iter #   6 total cpu time : 32036.7 secs   av.it.:  19.2
      thresh= 2.102E-06 alpha_mix =  0.700 |ddv_scf|^2 =  5.983E-11

      iter #   7 total cpu time : 32045.8 secs   av.it.:  18.8
      thresh= 7.735E-07 alpha_mix =  0.700 |ddv_scf|^2 =  5.986E-12

      iter #   8 total cpu time : 32055.3 secs   av.it.:  20.4
      thresh= 2.447E-07 alpha_mix =  0.700 |ddv_scf|^2 =  1.643E-12

      iter #   9 total cpu time : 32064.6 secs   av.it.:  19.5
      thresh= 1.282E-07 alpha_mix =  0.700 |ddv_scf|^2 =  1.589E-13

      iter #  10 total cpu time : 32074.2 secs   av.it.:  20.6
      thresh= 3.986E-08 alpha_mix =  0.700 |ddv_scf|^2 =  1.385E-13

      iter #  11 total cpu time : 32083.2 secs   av.it.:  18.5
      thresh= 3.722E-08 alpha_mix =  0.700 |ddv_scf|^2 =  7.608E-15

     End of self-consistent calculation

     Convergence has been achieved 


     Representation #  30 mode #  30

     Self-consistent Calculation

      iter #   1 total cpu time : 32090.5 secs   av.it.:   7.5
      thresh= 1.000E-02 alpha_mix =  0.700 |ddv_scf|^2 =  4.183E-07

      iter #   2 total cpu time : 32100.1 secs   av.it.:  21.2
      thresh= 6.467E-05 alpha_mix =  0.700 |ddv_scf|^2 =  6.759E-07

      iter #   3 total cpu time : 32109.4 secs   av.it.:  19.2
      thresh= 8.221E-05 alpha_mix =  0.700 |ddv_scf|^2 =  2.022E-07

      iter #   4 total cpu time : 32118.1 secs   av.it.:  16.8
      thresh= 4.497E-05 alpha_mix =  0.700 |ddv_scf|^2 =  7.828E-09

      iter #   5 total cpu time : 32127.4 secs   av.it.:  19.4
      thresh= 8.848E-06 alpha_mix =  0.700 |ddv_scf|^2 =  6.561E-10

      iter #   6 total cpu time : 32136.7 secs   av.it.:  19.6
      thresh= 2.562E-06 alpha_mix =  0.700 |ddv_scf|^2 =  1.790E-11

      iter #   7 total cpu time : 32145.9 secs   av.it.:  20.9
      thresh= 4.231E-07 alpha_mix =  0.700 |ddv_scf|^2 =  7.699E-12

      iter #   8 total cpu time : 32155.2 secs   av.it.:  19.6
      thresh= 2.775E-07 alpha_mix =  0.700 |ddv_scf|^2 =  3.747E-13

      iter #   9 total cpu time : 32164.3 secs   av.it.:  21.6
      thresh= 6.121E-08 alpha_mix =  0.700 |ddv_scf|^2 =  3.040E-13

      iter #  10 total cpu time : 32173.8 secs   av.it.:  20.2
      thresh= 5.513E-08 alpha_mix =  0.700 |ddv_scf|^2 =  5.868E-13

      iter #  11 total cpu time : 32182.7 secs   av.it.:  17.4
      thresh= 7.660E-08 alpha_mix =  0.700 |ddv_scf|^2 =  2.009E-14

      iter #  12 total cpu time : 32191.7 secs   av.it.:  20.0
      thresh= 1.417E-08 alpha_mix =  0.700 |ddv_scf|^2 =  2.782E-15

     End of self-consistent calculation

     Convergence has been achieved 


     Representation #  31 mode #  31

     Self-consistent Calculation

      iter #   1 total cpu time : 32199.1 secs   av.it.:   7.5
      thresh= 1.000E-02 alpha_mix =  0.700 |ddv_scf|^2 =  1.498E-06

      iter #   2 total cpu time : 32208.7 secs   av.it.:  20.5
      thresh= 1.224E-04 alpha_mix =  0.700 |ddv_scf|^2 =  1.577E-05

      iter #   3 total cpu time : 32217.4 secs   av.it.:  16.2
      thresh= 3.971E-04 alpha_mix =  0.700 |ddv_scf|^2 =  3.328E-07

      iter #   4 total cpu time : 32226.0 secs   av.it.:  17.8
      thresh= 5.769E-05 alpha_mix =  0.700 |ddv_scf|^2 =  7.605E-09

      iter #   5 total cpu time : 32235.1 secs   av.it.:  18.8
      thresh= 8.721E-06 alpha_mix =  0.700 |ddv_scf|^2 =  5.262E-10

      iter #   6 total cpu time : 32244.3 secs   av.it.:  19.0
      thresh= 2.294E-06 alpha_mix =  0.700 |ddv_scf|^2 =  4.641E-11

      iter #   7 total cpu time : 32253.4 secs   av.it.:  18.6
      thresh= 6.813E-07 alpha_mix =  0.700 |ddv_scf|^2 =  4.478E-12

      iter #   8 total cpu time : 32262.8 secs   av.it.:  19.9
      thresh= 2.116E-07 alpha_mix =  0.700 |ddv_scf|^2 =  1.029E-12

      iter #   9 total cpu time : 32271.6 secs   av.it.:  20.1
      thresh= 1.014E-07 alpha_mix =  0.700 |ddv_scf|^2 =  1.765E-13

      iter #  10 total cpu time : 32281.1 secs   av.it.:  19.9
      thresh= 4.201E-08 alpha_mix =  0.700 |ddv_scf|^2 =  9.188E-14

      iter #  11 total cpu time : 32290.2 secs   av.it.:  18.5
      thresh= 3.031E-08 alpha_mix =  0.700 |ddv_scf|^2 =  6.580E-15

     End of self-consistent calculation

     Convergence has been achieved 


     Representation #  32 mode #  32

     Self-consistent Calculation

      iter #   1 total cpu time : 32297.6 secs   av.it.:   7.6
      thresh= 1.000E-02 alpha_mix =  0.700 |ddv_scf|^2 =  7.451E-07

      iter #   2 total cpu time : 32307.3 secs   av.it.:  21.4
      thresh= 8.632E-05 alpha_mix =  0.700 |ddv_scf|^2 =  1.064E-06

      iter #   3 total cpu time : 32316.1 secs   av.it.:  19.4
      thresh= 1.032E-04 alpha_mix =  0.700 |ddv_scf|^2 =  1.887E-08

      iter #   4 total cpu time : 32324.8 secs   av.it.:  20.0
      thresh= 1.374E-05 alpha_mix =  0.700 |ddv_scf|^2 =  1.610E-08

      iter #   5 total cpu time : 32333.8 secs   av.it.:  17.8
      thresh= 1.269E-05 alpha_mix =  0.700 |ddv_scf|^2 =  1.400E-09

      iter #   6 total cpu time : 32342.7 secs   av.it.:  18.6
      thresh= 3.742E-06 alpha_mix =  0.700 |ddv_scf|^2 =  3.710E-11

      iter #   7 total cpu time : 32351.5 secs   av.it.:  20.2
      thresh= 6.091E-07 alpha_mix =  0.700 |ddv_scf|^2 =  7.658E-12

      iter #   8 total cpu time : 32360.9 secs   av.it.:  19.9
      thresh= 2.767E-07 alpha_mix =  0.700 |ddv_scf|^2 =  1.061E-12

      iter #   9 total cpu time : 32370.7 secs   av.it.:  21.6
      thresh= 1.030E-07 alpha_mix =  0.700 |ddv_scf|^2 =  5.988E-13

      iter #  10 total cpu time : 32379.9 secs   av.it.:  20.1
      thresh= 7.738E-08 alpha_mix =  0.700 |ddv_scf|^2 =  3.610E-13

      iter #  11 total cpu time : 32389.0 secs   av.it.:  18.1
      thresh= 6.008E-08 alpha_mix =  0.700 |ddv_scf|^2 =  1.427E-13

      iter #  12 total cpu time : 32397.5 secs   av.it.:  18.4
      thresh= 3.777E-08 alpha_mix =  0.700 |ddv_scf|^2 =  5.908E-15

     End of self-consistent calculation

     Convergence has been achieved 


     Representation #  33 mode #  33

     Self-consistent Calculation

      iter #   1 total cpu time : 32404.9 secs   av.it.:   7.6
      thresh= 1.000E-02 alpha_mix =  0.700 |ddv_scf|^2 =  4.223E-07

      iter #   2 total cpu time : 32414.6 secs   av.it.:  21.2
      thresh= 6.498E-05 alpha_mix =  0.700 |ddv_scf|^2 =  6.461E-07

      iter #   3 total cpu time : 32423.9 secs   av.it.:  19.4
      thresh= 8.038E-05 alpha_mix =  0.700 |ddv_scf|^2 =  1.778E-07

      iter #   4 total cpu time : 32432.7 secs   av.it.:  17.0
      thresh= 4.217E-05 alpha_mix =  0.700 |ddv_scf|^2 =  1.145E-08

      iter #   5 total cpu time : 32442.0 secs   av.it.:  19.1
      thresh= 1.070E-05 alpha_mix =  0.700 |ddv_scf|^2 =  7.165E-10

      iter #   6 total cpu time : 32451.3 secs   av.it.:  19.6
      thresh= 2.677E-06 alpha_mix =  0.700 |ddv_scf|^2 =  1.923E-11

      iter #   7 total cpu time : 32460.8 secs   av.it.:  21.1
      thresh= 4.385E-07 alpha_mix =  0.700 |ddv_scf|^2 =  7.529E-12

      iter #   8 total cpu time : 32470.2 secs   av.it.:  19.6
      thresh= 2.744E-07 alpha_mix =  0.700 |ddv_scf|^2 =  3.942E-13

      iter #   9 total cpu time : 32479.3 secs   av.it.:  21.2
      thresh= 6.279E-08 alpha_mix =  0.700 |ddv_scf|^2 =  2.736E-13

      iter #  10 total cpu time : 32488.8 secs   av.it.:  20.2
      thresh= 5.231E-08 alpha_mix =  0.700 |ddv_scf|^2 =  6.708E-13

      iter #  11 total cpu time : 32497.6 secs   av.it.:  16.9
      thresh= 8.190E-08 alpha_mix =  0.700 |ddv_scf|^2 =  2.106E-14

      iter #  12 total cpu time : 32507.1 secs   av.it.:  20.2
      thresh= 1.451E-08 alpha_mix =  0.700 |ddv_scf|^2 =  4.581E-15

     End of self-consistent calculation

     Convergence has been achieved 


     Representation #  34 mode #  34

     Self-consistent Calculation

      iter #   1 total cpu time : 32514.4 secs   av.it.:   7.5
      thresh= 1.000E-02 alpha_mix =  0.700 |ddv_scf|^2 =  1.283E-06

      iter #   2 total cpu time : 32524.1 secs   av.it.:  20.8
      thresh= 1.133E-04 alpha_mix =  0.700 |ddv_scf|^2 =  1.126E-05

      iter #   3 total cpu time : 32532.1 secs   av.it.:  16.4
      thresh= 3.355E-04 alpha_mix =  0.700 |ddv_scf|^2 =  5.034E-07

      iter #   4 total cpu time : 32541.0 secs   av.it.:  17.5
      thresh= 7.095E-05 alpha_mix =  0.700 |ddv_scf|^2 =  7.925E-09

      iter #   5 total cpu time : 32550.2 secs   av.it.:  18.8
      thresh= 8.902E-06 alpha_mix =  0.700 |ddv_scf|^2 =  5.632E-10

      iter #   6 total cpu time : 32559.5 secs   av.it.:  19.2
      thresh= 2.373E-06 alpha_mix =  0.700 |ddv_scf|^2 =  9.818E-11

      iter #   7 total cpu time : 32568.5 secs   av.it.:  18.1
      thresh= 9.908E-07 alpha_mix =  0.700 |ddv_scf|^2 =  5.020E-12

      iter #   8 total cpu time : 32578.0 secs   av.it.:  20.2
      thresh= 2.241E-07 alpha_mix =  0.700 |ddv_scf|^2 =  1.446E-12

      iter #   9 total cpu time : 32587.1 secs   av.it.:  19.8
      thresh= 1.203E-07 alpha_mix =  0.700 |ddv_scf|^2 =  1.383E-13

      iter #  10 total cpu time : 32596.8 secs   av.it.:  20.6
      thresh= 3.719E-08 alpha_mix =  0.700 |ddv_scf|^2 =  9.633E-14

      iter #  11 total cpu time : 32605.9 secs   av.it.:  18.4
      thresh= 3.104E-08 alpha_mix =  0.700 |ddv_scf|^2 =  6.802E-15

     End of self-consistent calculation

     Convergence has been achieved 


     Representation #  35 mode #  35

     Self-consistent Calculation

      iter #   1 total cpu time : 32613.2 secs   av.it.:   7.5
      thresh= 1.000E-02 alpha_mix =  0.700 |ddv_scf|^2 =  6.989E-07

      iter #   2 total cpu time : 32622.9 secs   av.it.:  21.2
      thresh= 8.360E-05 alpha_mix =  0.700 |ddv_scf|^2 =  1.056E-06

      iter #   3 total cpu time : 32631.6 secs   av.it.:  19.1
      thresh= 1.028E-04 alpha_mix =  0.700 |ddv_scf|^2 =  1.002E-08

      iter #   4 total cpu time : 32641.2 secs   av.it.:  20.8
      thresh= 1.001E-05 alpha_mix =  0.700 |ddv_scf|^2 =  8.346E-09

      iter #   5 total cpu time : 32650.2 secs   av.it.:  17.4
      thresh= 9.136E-06 alpha_mix =  0.700 |ddv_scf|^2 =  1.955E-09

      iter #   6 total cpu time : 32659.2 secs   av.it.:  18.2
      thresh= 4.422E-06 alpha_mix =  0.700 |ddv_scf|^2 =  4.063E-11

      iter #   7 total cpu time : 32668.7 secs   av.it.:  19.9
      thresh= 6.374E-07 alpha_mix =  0.700 |ddv_scf|^2 =  6.508E-12

      iter #   8 total cpu time : 32678.0 secs   av.it.:  20.1
      thresh= 2.551E-07 alpha_mix =  0.700 |ddv_scf|^2 =  8.407E-13

      iter #   9 total cpu time : 32687.8 secs   av.it.:  21.8
      thresh= 9.169E-08 alpha_mix =  0.700 |ddv_scf|^2 =  6.791E-13

      iter #  10 total cpu time : 32697.1 secs   av.it.:  19.8
      thresh= 8.241E-08 alpha_mix =  0.700 |ddv_scf|^2 =  1.491E-13

      iter #  11 total cpu time : 32706.5 secs   av.it.:  19.5
      thresh= 3.861E-08 alpha_mix =  0.700 |ddv_scf|^2 =  1.913E-13

      iter #  12 total cpu time : 32714.8 secs   av.it.:  17.4
      thresh= 4.374E-08 alpha_mix =  0.700 |ddv_scf|^2 =  7.419E-15

     End of self-consistent calculation

     Convergence has been achieved 


     Representation #  36 mode #  36

     Self-consistent Calculation

      iter #   1 total cpu time : 32722.1 secs   av.it.:   7.5
      thresh= 1.000E-02 alpha_mix =  0.700 |ddv_scf|^2 =  4.649E-07

      iter #   2 total cpu time : 32731.7 secs   av.it.:  21.0
      thresh= 6.818E-05 alpha_mix =  0.700 |ddv_scf|^2 =  1.879E-06

      iter #   3 total cpu time : 32740.7 secs   av.it.:  17.5
      thresh= 1.371E-04 alpha_mix =  0.700 |ddv_scf|^2 =  4.661E-07

      iter #   4 total cpu time : 32749.6 secs   av.it.:  17.1
      thresh= 6.827E-05 alpha_mix =  0.700 |ddv_scf|^2 =  3.102E-09

      iter #   5 total cpu time : 32758.8 secs   av.it.:  19.6
      thresh= 5.570E-06 alpha_mix =  0.700 |ddv_scf|^2 =  5.341E-10

      iter #   6 total cpu time : 32768.0 secs   av.it.:  18.8
      thresh= 2.311E-06 alpha_mix =  0.700 |ddv_scf|^2 =  1.283E-11

      iter #   7 total cpu time : 32777.4 secs   av.it.:  19.9
      thresh= 3.582E-07 alpha_mix =  0.700 |ddv_scf|^2 =  3.901E-12

      iter #   8 total cpu time : 32786.2 secs   av.it.:  19.8
      thresh= 1.975E-07 alpha_mix =  0.700 |ddv_scf|^2 =  4.418E-13

      iter #   9 total cpu time : 32795.8 secs   av.it.:  20.2
      thresh= 6.647E-08 alpha_mix =  0.700 |ddv_scf|^2 =  5.068E-13

      iter #  10 total cpu time : 32804.9 secs   av.it.:  17.5
      thresh= 7.119E-08 alpha_mix =  0.700 |ddv_scf|^2 =  2.136E-13

      iter #  11 total cpu time : 32813.9 secs   av.it.:  18.0
      thresh= 4.621E-08 alpha_mix =  0.700 |ddv_scf|^2 =  1.394E-14

      iter #  12 total cpu time : 32823.2 secs   av.it.:  19.4
      thresh= 1.181E-08 alpha_mix =  0.700 |ddv_scf|^2 =  2.329E-15

     End of self-consistent calculation

     Convergence has been achieved 

     Number of q in the star =    1
     List of q in the star:
          1  -0.640074435  -0.639029333  -0.466216715

     Diagonalizing the dynamical matrix

     q = (   -0.640074435  -0.639029333  -0.466216715 ) 

 **************************************************************************
     freq (    1) =     -26.577544 [THz] =    -886.531437 [cm-1]
     freq (    2) =     -15.930467 [THz] =    -531.383194 [cm-1]
     freq (    3) =      22.308384 [THz] =     744.127594 [cm-1]
     freq (    4) =      25.221633 [THz] =     841.303135 [cm-1]
     freq (    5) =      29.278845 [THz] =     976.637157 [cm-1]
     freq (    6) =      34.626850 [THz] =    1155.027397 [cm-1]
     freq (    7) =      38.855971 [THz] =    1296.095682 [cm-1]
     freq (    8) =      41.346820 [THz] =    1379.181477 [cm-1]
     freq (    9) =      44.325828 [THz] =    1478.550458 [cm-1]
     freq (   10) =      46.353506 [THz] =    1546.186516 [cm-1]
     freq (   11) =      48.506891 [THz] =    1618.015719 [cm-1]
     freq (   12) =      49.606595 [THz] =    1654.697912 [cm-1]
     freq (   13) =      52.886438 [THz] =    1764.101681 [cm-1]
     freq (   14) =      54.267231 [THz] =    1810.159994 [cm-1]
     freq (   15) =      58.000183 [THz] =    1934.677853 [cm-1]
     freq (   16) =      59.029088 [THz] =    1968.998438 [cm-1]
     freq (   17) =      61.074412 [THz] =    2037.223094 [cm-1]
     freq (   18) =      63.087471 [THz] =    2104.371502 [cm-1]
     freq (   19) =      64.859383 [THz] =    2163.476130 [cm-1]
     freq (   20) =      68.471943 [THz] =    2283.978165 [cm-1]
     freq (   21) =      68.630581 [THz] =    2289.269765 [cm-1]
     freq (   22) =      70.527236 [THz] =    2352.535378 [cm-1]
     freq (   23) =      72.962942 [THz] =    2433.781766 [cm-1]
     freq (   24) =      75.825638 [THz] =    2529.271019 [cm-1]
     freq (   25) =      87.921023 [THz] =    2932.729640 [cm-1]
     freq (   26) =      91.015621 [THz] =    3035.954328 [cm-1]
     freq (   27) =     102.113097 [THz] =    3406.126290 [cm-1]
     freq (   28) =     102.367806 [THz] =    3414.622454 [cm-1]
     freq (   29) =     112.813051 [THz] =    3763.038312 [cm-1]
     freq (   30) =     118.322103 [THz] =    3946.800516 [cm-1]
     freq (   31) =     128.819437 [THz] =    4296.953903 [cm-1]
     freq (   32) =     131.649014 [THz] =    4391.338412 [cm-1]
     freq (   33) =     133.921035 [THz] =    4467.124891 [cm-1]
     freq (   34) =     147.915019 [THz] =    4933.913958 [cm-1]
     freq (   35) =     162.430396 [THz] =    5418.094793 [cm-1]
     freq (   36) =     167.193652 [THz] =    5576.979936 [cm-1]
 **************************************************************************

     Mode symmetry, C_1 (1)     point group:

     freq (   1-   1) =       -886.5  [cm-1]   --> A                  
     freq (   2-   2) =       -531.4  [cm-1]   --> A                  
     freq (   3-   3) =        744.1  [cm-1]   --> A                  
     freq (   4-   4) =        841.3  [cm-1]   --> A                  
     freq (   5-   5) =        976.6  [cm-1]   --> A                  
     freq (   6-   6) =       1155.0  [cm-1]   --> A                  
     freq (   7-   7) =       1296.1  [cm-1]   --> A                  
     freq (   8-   8) =       1379.2  [cm-1]   --> A                  
     freq (   9-   9) =       1478.6  [cm-1]   --> A                  
     freq (  10-  10) =       1546.2  [cm-1]   --> A                  
     freq (  11-  11) =       1618.0  [cm-1]   --> A                  
     freq (  12-  12) =       1654.7  [cm-1]   --> A                  
     freq (  13-  13) =       1764.1  [cm-1]   --> A                  
     freq (  14-  14) =       1810.2  [cm-1]   --> A                  
     freq (  15-  15) =       1934.7  [cm-1]   --> A                  
     freq (  16-  16) =       1969.0  [cm-1]   --> A                  
     freq (  17-  17) =       2037.2  [cm-1]   --> A                  
     freq (  18-  18) =       2104.4  [cm-1]   --> A                  
     freq (  19-  19) =       2163.5  [cm-1]   --> A                  
     freq (  20-  20) =       2284.0  [cm-1]   --> A                  
     freq (  21-  21) =       2289.3  [cm-1]   --> A                  
     freq (  22-  22) =       2352.5  [cm-1]   --> A                  
     freq (  23-  23) =       2433.8  [cm-1]   --> A                  
     freq (  24-  24) =       2529.3  [cm-1]   --> A                  
     freq (  25-  25) =       2932.7  [cm-1]   --> A                  
     freq (  26-  26) =       3036.0  [cm-1]   --> A                  
     freq (  27-  27) =       3406.1  [cm-1]   --> A                  
     freq (  28-  28) =       3414.6  [cm-1]   --> A                  
     freq (  29-  29) =       3763.0  [cm-1]   --> A                  
     freq (  30-  30) =       3946.8  [cm-1]   --> A                  
     freq (  31-  31) =       4297.0  [cm-1]   --> A                  
     freq (  32-  32) =       4391.3  [cm-1]   --> A                  
     freq (  33-  33) =       4467.1  [cm-1]   --> A                  
     freq (  34-  34) =       4933.9  [cm-1]   --> A                  
     freq (  35-  35) =       5418.1  [cm-1]   --> A                  
     freq (  36-  36) =       5577.0  [cm-1]   --> A                  

     init_run     :     22.74s CPU     24.21s WALL (       7 calls)
     electrons    :     33.98s CPU     53.12s WALL (       7 calls)

     Called by init_run:
     wfcinit      :      0.00s CPU      0.00s WALL (       7 calls)
     potinit      :      6.29s CPU      6.37s WALL (       7 calls)
     hinit0       :     13.79s CPU     14.16s WALL (       7 calls)

     Called by electrons:
     c_bands      :     33.97s CPU     53.09s WALL (       7 calls)
     v_of_rho     :      0.14s CPU      0.16s WALL (       8 calls)
     newd         :      2.74s CPU      3.68s WALL (       8 calls)
     PAW_pot      :      6.99s CPU      7.06s WALL (       8 calls)

     Called by c_bands:
     init_us_2    :     26.80s CPU     27.70s WALL (   32352 calls)
     cegterg      :     30.80s CPU     48.20s WALL (     112 calls)

     Called by *egterg:
     cdiaghg      :      9.61s CPU     15.53s WALL (    2002 calls)
     h_psi        :   7239.23s CPU  12237.56s WALL ( 1145076 calls)
     s_psi        :    876.15s CPU   1002.93s WALL ( 2317438 calls)
     g_psi        :      0.23s CPU      0.22s WALL (    1890 calls)

     Called by h_psi:
     h_psi:calbec :    421.72s CPU    631.63s WALL ( 1145076 calls)
     vloc_psi     :   6365.65s CPU  11045.66s WALL ( 1145076 calls)
     add_vuspsi   :    405.77s CPU    503.09s WALL ( 1145076 calls)

     General routines
     calbec       :    923.04s CPU   1221.39s WALL ( 2359510 calls)
     fft          :     79.60s CPU    171.58s WALL (   73419 calls)
     ffts         :      9.06s CPU     16.28s WALL (   29793 calls)
     fftw         :   6458.88s CPU  11335.63s WALL (38419322 calls)
     interpolate  :     10.97s CPU     21.42s WALL (    7689 calls)
     davcio       :     13.35s CPU     22.19s WALL (  194087 calls)

     Parallel routines
     fft_scatt_xy :    530.47s CPU    812.04s WALL (38522534 calls)
     fft_scatt_yz :   3513.44s CPU   6967.23s WALL (38522534 calls)

     PHONON       :      6h59m CPU      9h 7m WALL

     INITIALIZATION: 
     phq_setup    :      0.38s CPU      0.66s WALL (       8 calls)
     phq_init     :    274.15s CPU    389.10s WALL (       8 calls)

     phq_init     :    274.15s CPU    389.10s WALL (       8 calls)
     set_drhoc    :     12.42s CPU     12.45s WALL (      24 calls)
     init_vloc    :      5.75s CPU      5.87s WALL (       8 calls)
     init_us_1    :      5.57s CPU      5.83s WALL (       8 calls)
     newd         :      2.74s CPU      3.68s WALL (       8 calls)
     dvanqq       :     79.74s CPU     80.26s WALL (       8 calls)
     drho         :    170.97s CPU    283.95s WALL (       8 calls)

     DYNAMICAL MATRIX:
     dynmat0      :     12.46s CPU     13.70s WALL (       8 calls)
     phqscf       :  24812.23s CPU  32351.68s WALL (       8 calls)
     dynmatrix    :      0.12s CPU      0.25s WALL (       8 calls)

     phqscf       :  24812.23s CPU  32351.68s WALL (       8 calls)
     solve_linter :  24772.35s CPU  32284.14s WALL (     288 calls)
     drhodv       :     38.39s CPU     61.78s WALL (     288 calls)

     dynmat0      :     12.46s CPU     13.70s WALL (       8 calls)
     dynmat_us    :      1.93s CPU      2.94s WALL (       8 calls)
     d2ionq       :      1.92s CPU      2.12s WALL (       8 calls)
     dynmatcc     :      8.58s CPU      8.61s WALL (       8 calls)

     dynmat_us    :      1.93s CPU      2.94s WALL (       8 calls)
     addusdynmat  :      0.01s CPU      0.01s WALL (       8 calls)

     phqscf       :  24812.23s CPU  32351.68s WALL (       8 calls)
     solve_linter :  24772.35s CPU  32284.14s WALL (     288 calls)

     solve_linter :  24772.35s CPU  32284.14s WALL (     288 calls)
     dvqpsi_us    :     89.65s CPU    152.24s WALL (    2304 calls)
     ortho        :     82.14s CPU    154.76s WALL (   29400 calls)
     cgsolve      :   9352.45s CPU  14758.56s WALL (   29400 calls)
     incdrhoscf   :    367.64s CPU    637.35s WALL (   29400 calls)
     addusddens   :   1822.34s CPU   3141.97s WALL (    3963 calls)
     vpsifft      :    307.33s CPU    526.07s WALL (   27096 calls)
     dv_of_drho   :     53.21s CPU     92.08s WALL (    3675 calls)
     mix_pot      :      6.95s CPU     20.49s WALL (    3675 calls)
     ef_shift     :      0.80s CPU      1.54s WALL (     434 calls)
     localdos     :     17.74s CPU     21.10s WALL (      36 calls)
     psymdvscf    :     19.60s CPU     23.89s WALL (    3675 calls)
     newdq        :   1624.95s CPU   1638.68s WALL (    3675 calls)
     adddvscf     :     52.09s CPU     56.34s WALL (   27096 calls)
     drhodvus     :      0.88s CPU      3.34s WALL (     288 calls)

     dvqpsi_us    :     89.65s CPU    152.24s WALL (    2304 calls)
     dvqpsi_us_on :     57.74s CPU     95.13s WALL (    2304 calls)

     cgsolve      :   9352.45s CPU  14758.56s WALL (   29400 calls)
     ch_psi       :   9078.62s CPU  14370.77s WALL ( 1142962 calls)

     ch_psi       :   9078.62s CPU  14370.77s WALL ( 1142962 calls)
     h_psi        :   7239.23s CPU  12237.56s WALL ( 1145076 calls)
     last         :   1394.54s CPU   1627.81s WALL ( 1142962 calls)

     h_psi        :   7239.23s CPU  12237.56s WALL ( 1145076 calls)
     add_vuspsi   :    405.77s CPU    503.09s WALL ( 1145076 calls)

     incdrhoscf   :    367.64s CPU    637.35s WALL (   29400 calls)
     addusdbec    :     28.00s CPU     40.71s WALL (   31704 calls)

     drhodvus     :      0.88s CPU      3.34s WALL (     288 calls)

      General routines
     calbec       :    923.04s CPU   1221.39s WALL ( 2359510 calls)
     fft          :     79.60s CPU    171.58s WALL (   73419 calls)
     ffts         :      9.06s CPU     16.28s WALL (   29793 calls)
     fftw         :   6458.88s CPU  11335.63s WALL (38419322 calls)
     davcio       :     13.35s CPU     22.19s WALL (  194087 calls)
     write_rec    :      5.57s CPU     30.75s WALL (    3963 calls)


     PHONON       :      6h59m CPU      9h 7m WALL


   This run was terminated on:  11:34:45   3Feb2026            

=------------------------------------------------------------------------------=
   JOB DONE.
=------------------------------------------------------------------------------=
