
     Program PHONON v.6.7MaX starts on  8Jan2026 at  7:41:27 

     This program is part of the open-source Quantum ESPRESSO suite
     for quantum simulation of materials; please cite
         "P. Giannozzi et al., J. Phys.:Condens. Matter 21 395502 (2009);
         "P. Giannozzi et al., J. Phys.:Condens. Matter 29 465901 (2017);
          URL http://www.quantum-espresso.org", 
     in publications or presentations arising from this work. More details at
     http://www.quantum-espresso.org/quote

     Parallel version (MPI), running on     2 processors

     MPI processes distributed on     1 nodes
     R & G space division:  proc/nbgrp/npool/nimage =       2
     Waiting for input...
     Reading input from standard input

     Reading xml data from directory:

     ./tmp/01_HfH3_Top1.save/
     file Hf.UPF: wavefunction(s)  5P 4F renormalized
     file H.UPF: wavefunction(s)  1S renormalized

     IMPORTANT: XC functional enforced from input :
     Exchange-correlation= PBE
                           (   1   4   3   4   0   0   0)
     Any further DFT definition will be discarded
     Please, verify this is what you really want


     Parallelization info
     --------------------
     sticks:   dense  smooth     PW     G-vecs:    dense   smooth      PW
     Min         388     192     68                 8040     2840     547
     Max         389     193     69                 8043     2841     548
     Sum         777     385    137                16083     5681    1095


     Check: negative core charge=   -0.000006
     Reading collected, re-writing distributed wavefunctions


     Dynamical matrices for ( 2, 2, 2)  uniform grid of q-points
     (   8 q-points):
       N         xq(1)         xq(2)         xq(3) 
       1   0.000000000   0.000000000   0.000000000
       2  -0.000363498   0.000197872  -0.704334487
       3   0.000213294  -0.694647242  -0.000187340
       4  -0.000150203  -0.694449370  -0.704521827
       5  -0.694929641   0.002129280   0.000358243
       6  -0.695293139   0.002327153  -0.703976243
       7  -0.694716347  -0.692517962   0.000170903
       8  -0.695079845  -0.692320090  -0.704163583

     Calculation of q =    0.0000000   0.0000000   0.0000000

     Phonons for 01_HfH3_Top1                                                   

     bravais-lattice index     =            0
     lattice parameter (alat)  =       6.8677  a.u.
     unit-cell volume          =     119.0868 (a.u.)^3
     number of atoms/cell      =            4
     number of atomic types    =            2
     kinetic-energy cut-off    =      50.0000  Ry
     charge density cut-off    =     400.0000  Ry
     convergence threshold     =      1.0E-14
     beta                      =       0.7000
     number of iterations used =            4
     Exchange-correlation= PBE
                           (   1   4   3   4   0   0   0)


     celldm(1)=    6.86772  celldm(2)=    0.00000  celldm(3)=    0.00000
     celldm(4)=    0.00000  celldm(5)=    0.00000  celldm(6)=    0.00000

     crystal axes: (cart. coord. in units of alat)
               a(1) = (  0.7195  0.0002 -0.0004 )  
               a(2) = (  0.0022  0.7198  0.0002 )  
               a(3) = (  0.0004 -0.0002  0.7099 )  

     reciprocal axes: (cart. coord. in units 2 pi/alat)
               b(1) = (  1.3899 -0.0043 -0.0007 )  
               b(2) = ( -0.0004  1.3893  0.0004 )  
               b(3) = (  0.0007 -0.0004  1.4087 )  


     Atoms inside the unit cell: 

     Cartesian axes

     site n.  atom      mass           positions (alat units)
        1     Hf 178.4900   tau(    1) = (    0.16224    0.48310    0.12711  )
        2     H    1.0080   tau(    2) = (    0.51635    0.11876    0.12649  )
        3     H    1.0080   tau(    3) = (    0.49557    0.42557    0.48184  )
        4     H    1.0080   tau(    4) = (    0.10548    0.09582    0.48195  )

     Computing dynamical matrix for 
                    q = (   0.0000000   0.0000000   0.0000000 )

      2 Sym.Ops. (with q -> -q+G )


     G cutoff =  477.8870  (   8043 G-vectors)     FFT grid: ( 32, 32, 32)
     G cutoff =  238.9435  (   2840 G-vectors)  smooth grid: ( 24, 24, 24)

     number of k points=     8  Methfessel-Paxton smearing, width (Ry)=  0.0200

     PseudoPot. # 1 for Hf read from file:
     /home/marco/ZOS_Cloud_Compute/pseudo/Hf.UPF
     MD5 check sum: 054ab3954715fe03e42536d2af1a941a
     Pseudo is Projector augmented-wave + core cor, Zval = 36.0
     Generated using "atomic" code by A. Dal Corso  v.5.1.2
     Shape of augmentation charge: PSQ
     Using radial grid of 1271 points,  8 beta functions with: 
                l(1) =   0
                l(2) =   0
                l(3) =   1
                l(4) =   1
                l(5) =   2
                l(6) =   2
                l(7) =   3
                l(8) =   3
     Q(r) pseudized with 0 coefficients 


     PseudoPot. # 2 for H  read from file:
     /home/marco/ZOS_Cloud_Compute/pseudo/H.UPF
     MD5 check sum: 850d63dcbcc06c5de8b44e0ab9f952da
     Pseudo is Projector augmented-wave, Zval =  1.0
     Generated using "atomic" code by A. Dal Corso  v.5.1.2
     Shape of augmentation charge: PSQ
     Using radial grid of  929 points,  2 beta functions with: 
                l(1) =   0
                l(2) =   0
     Q(r) pseudized with 0 coefficients 


     Mode symmetry, C_1 (1)     point group:


     Atomic displacements:
     There are   12 irreducible representations

     Representation     1      1 modes -  To be done

     Representation     2      1 modes -  To be done

     Representation     3      1 modes -  To be done

     Representation     4      1 modes -  To be done

     Representation     5      1 modes -  To be done

     Representation     6      1 modes -  To be done

     Representation     7      1 modes -  To be done

     Representation     8      1 modes -  To be done

     Representation     9      1 modes -  To be done

     Representation    10      1 modes -  To be done

     Representation    11      1 modes -  To be done

     Representation    12      1 modes -  To be done



     Alpha used in Ewald sum =   2.8000
     PHONON       :      7.52s CPU      9.07s WALL



     Representation #   1 mode #   1

     Self-consistent Calculation

     Pert. #  1: Fermi energy shift (Ry) =    -2.1292E-01     0.0000E+00

      iter #   1 total cpu time :    13.6 secs   av.it.:  10.8
      thresh= 1.000E-02 alpha_mix =  0.700 |ddv_scf|^2 =  1.729E-03

     Pert. #  1: Fermi energy shift (Ry) =     2.2527E-03     0.0000E+00

      iter #   2 total cpu time :    18.0 secs   av.it.:  12.4
      thresh= 4.159E-03 alpha_mix =  0.700 |ddv_scf|^2 =  1.963E-04

     Pert. #  1: Fermi energy shift (Ry) =    -5.4964E-02     0.0000E+00

      iter #   3 total cpu time :    22.4 secs   av.it.:  12.8
      thresh= 1.401E-03 alpha_mix =  0.700 |ddv_scf|^2 =  8.038E-07

     Pert. #  1: Fermi energy shift (Ry) =    -4.3133E-02     0.0000E+00

      iter #   4 total cpu time :    27.0 secs   av.it.:  14.8
      thresh= 8.966E-05 alpha_mix =  0.700 |ddv_scf|^2 =  1.562E-08

     Pert. #  1: Fermi energy shift (Ry) =    -4.6944E-02     0.0000E+00

      iter #   5 total cpu time :    31.5 secs   av.it.:  14.2
      thresh= 1.250E-05 alpha_mix =  0.700 |ddv_scf|^2 =  9.918E-10

     Pert. #  1: Fermi energy shift (Ry) =    -4.6919E-02     0.0000E+00

      iter #   6 total cpu time :    36.0 secs   av.it.:  13.9
      thresh= 3.149E-06 alpha_mix =  0.700 |ddv_scf|^2 =  3.362E-11

     Pert. #  1: Fermi energy shift (Ry) =    -4.6733E-02     0.0000E+00

      iter #   7 total cpu time :    40.5 secs   av.it.:  13.9
      thresh= 5.799E-07 alpha_mix =  0.700 |ddv_scf|^2 =  2.519E-12

     Pert. #  1: Fermi energy shift (Ry) =    -4.6790E-02     0.0000E+00

      iter #   8 total cpu time :    44.9 secs   av.it.:  14.0
      thresh= 1.587E-07 alpha_mix =  0.700 |ddv_scf|^2 =  3.092E-13

     Pert. #  1: Fermi energy shift (Ry) =    -4.6783E-02     0.0000E+00

      iter #   9 total cpu time :    49.3 secs   av.it.:  13.2
      thresh= 5.560E-08 alpha_mix =  0.700 |ddv_scf|^2 =  1.513E-14

     Pert. #  1: Fermi energy shift (Ry) =    -4.6781E-02     0.0000E+00

      iter #  10 total cpu time :    53.8 secs   av.it.:  13.8
      thresh= 1.230E-08 alpha_mix =  0.700 |ddv_scf|^2 =  7.337E-16

     End of self-consistent calculation

     Convergence has been achieved 


     Representation #   2 mode #   2

     Self-consistent Calculation

     Pert. #  1: Fermi energy shift (Ry) =    -5.0368E-01     0.0000E+00

      iter #   1 total cpu time :    58.4 secs   av.it.:  10.8
      thresh= 1.000E-02 alpha_mix =  0.700 |ddv_scf|^2 =  1.732E-03

     Pert. #  1: Fermi energy shift (Ry) =     2.9009E-02     0.0000E+00

      iter #   2 total cpu time :    62.8 secs   av.it.:  12.6
      thresh= 4.161E-03 alpha_mix =  0.700 |ddv_scf|^2 =  1.972E-04

     Pert. #  1: Fermi energy shift (Ry) =    -1.0610E-01     0.0000E+00

      iter #   3 total cpu time :    67.2 secs   av.it.:  12.8
      thresh= 1.404E-03 alpha_mix =  0.700 |ddv_scf|^2 =  8.064E-07

     Pert. #  1: Fermi energy shift (Ry) =    -9.8938E-02     0.0000E+00

      iter #   4 total cpu time :    71.7 secs   av.it.:  14.8
      thresh= 8.980E-05 alpha_mix =  0.700 |ddv_scf|^2 =  1.583E-08

     Pert. #  1: Fermi energy shift (Ry) =    -1.0043E-01     0.0000E+00

      iter #   5 total cpu time :    76.2 secs   av.it.:  14.2
      thresh= 1.258E-05 alpha_mix =  0.700 |ddv_scf|^2 =  1.028E-09

     Pert. #  1: Fermi energy shift (Ry) =    -1.0086E-01     0.0000E+00

      iter #   6 total cpu time :    80.7 secs   av.it.:  14.0
      thresh= 3.207E-06 alpha_mix =  0.700 |ddv_scf|^2 =  4.292E-11

     Pert. #  1: Fermi energy shift (Ry) =    -1.0067E-01     0.0000E+00

      iter #   7 total cpu time :    85.2 secs   av.it.:  14.1
      thresh= 6.551E-07 alpha_mix =  0.700 |ddv_scf|^2 =  6.527E-12

     Pert. #  1: Fermi energy shift (Ry) =    -1.0073E-01     0.0000E+00

      iter #   8 total cpu time :    89.7 secs   av.it.:  13.2
      thresh= 2.555E-07 alpha_mix =  0.700 |ddv_scf|^2 =  3.526E-13

     Pert. #  1: Fermi energy shift (Ry) =    -1.0072E-01     0.0000E+00

      iter #   9 total cpu time :    94.3 secs   av.it.:  13.6
      thresh= 5.938E-08 alpha_mix =  0.700 |ddv_scf|^2 =  1.320E-14

     Pert. #  1: Fermi energy shift (Ry) =    -1.0072E-01     0.0000E+00

      iter #  10 total cpu time :    98.7 secs   av.it.:  13.8
      thresh= 1.149E-08 alpha_mix =  0.700 |ddv_scf|^2 =  6.198E-16

     End of self-consistent calculation

     Convergence has been achieved 


     Representation #   3 mode #   3

     Self-consistent Calculation

     Pert. #  1: Fermi energy shift (Ry) =    -5.9858E-03    -2.0680E-25

      iter #   1 total cpu time :   103.3 secs   av.it.:  10.1
      thresh= 1.000E-02 alpha_mix =  0.700 |ddv_scf|^2 =  1.607E-03

     Pert. #  1: Fermi energy shift (Ry) =    -5.2366E-04     5.1699E-26

      iter #   2 total cpu time :   107.7 secs   av.it.:  12.0
      thresh= 4.009E-03 alpha_mix =  0.700 |ddv_scf|^2 =  1.425E-04

     Pert. #  1: Fermi energy shift (Ry) =    -1.2039E-03    -2.5849E-26

      iter #   3 total cpu time :   112.0 secs   av.it.:  11.9
      thresh= 1.194E-03 alpha_mix =  0.700 |ddv_scf|^2 =  6.787E-07

     Pert. #  1: Fermi energy shift (Ry) =    -1.3648E-03     6.4623E-27

      iter #   4 total cpu time :   116.4 secs   av.it.:  13.5
      thresh= 8.238E-05 alpha_mix =  0.700 |ddv_scf|^2 =  9.234E-09

     Pert. #  1: Fermi energy shift (Ry) =    -1.3203E-03     1.6156E-27

      iter #   5 total cpu time :   120.9 secs   av.it.:  13.5
      thresh= 9.609E-06 alpha_mix =  0.700 |ddv_scf|^2 =  1.280E-10

     Pert. #  1: Fermi energy shift (Ry) =    -1.3494E-03     1.6156E-27

      iter #   6 total cpu time :   125.3 secs   av.it.:  13.4
      thresh= 1.131E-06 alpha_mix =  0.700 |ddv_scf|^2 =  9.509E-13

     Pert. #  1: Fermi energy shift (Ry) =    -1.3325E-03     1.6156E-27

      iter #   7 total cpu time :   129.9 secs   av.it.:  14.6
      thresh= 9.751E-08 alpha_mix =  0.700 |ddv_scf|^2 =  1.927E-13

     Pert. #  1: Fermi energy shift (Ry) =    -1.3395E-03     1.6156E-27

      iter #   8 total cpu time :   134.3 secs   av.it.:  13.9
      thresh= 4.390E-08 alpha_mix =  0.700 |ddv_scf|^2 =  2.584E-14

     Pert. #  1: Fermi energy shift (Ry) =    -1.3381E-03     1.6156E-27

      iter #   9 total cpu time :   138.8 secs   av.it.:  14.0
      thresh= 1.608E-08 alpha_mix =  0.700 |ddv_scf|^2 =  8.315E-17

     End of self-consistent calculation

     Convergence has been achieved 


     Representation #   4 mode #   4

     Self-consistent Calculation

     Pert. #  1: Fermi energy shift (Ry) =     7.2758E-02     0.0000E+00

      iter #   1 total cpu time :   142.9 secs   av.it.:   4.4
      thresh= 1.000E-02 alpha_mix =  0.700 |ddv_scf|^2 =  3.673E-07

     Pert. #  1: Fermi energy shift (Ry) =     6.7481E-02     0.0000E+00

      iter #   2 total cpu time :   147.2 secs   av.it.:  12.6
      thresh= 6.060E-05 alpha_mix =  0.700 |ddv_scf|^2 =  2.767E-08

     Pert. #  1: Fermi energy shift (Ry) =     6.7526E-02     0.0000E+00

      iter #   3 total cpu time :   151.7 secs   av.it.:  13.0
      thresh= 1.663E-05 alpha_mix =  0.700 |ddv_scf|^2 =  5.167E-10

     Pert. #  1: Fermi energy shift (Ry) =     6.6861E-02     0.0000E+00

      iter #   4 total cpu time :   156.1 secs   av.it.:  13.0
      thresh= 2.273E-06 alpha_mix =  0.700 |ddv_scf|^2 =  1.240E-11

     Pert. #  1: Fermi energy shift (Ry) =     6.6817E-02     0.0000E+00

      iter #   5 total cpu time :   160.6 secs   av.it.:  13.6
      thresh= 3.521E-07 alpha_mix =  0.700 |ddv_scf|^2 =  1.248E-12

     Pert. #  1: Fermi energy shift (Ry) =     6.6783E-02     0.0000E+00

      iter #   6 total cpu time :   165.0 secs   av.it.:  13.5
      thresh= 1.117E-07 alpha_mix =  0.700 |ddv_scf|^2 =  1.344E-13

     Pert. #  1: Fermi energy shift (Ry) =     6.6787E-02     0.0000E+00

      iter #   7 total cpu time :   169.5 secs   av.it.:  13.0
      thresh= 3.666E-08 alpha_mix =  0.700 |ddv_scf|^2 =  8.009E-15

     End of self-consistent calculation

     Convergence has been achieved 


     Representation #   5 mode #   5

     Self-consistent Calculation

     Pert. #  1: Fermi energy shift (Ry) =     1.2342E-01     0.0000E+00

      iter #   1 total cpu time :   173.5 secs   av.it.:   4.2
      thresh= 1.000E-02 alpha_mix =  0.700 |ddv_scf|^2 =  3.697E-07

     Pert. #  1: Fermi energy shift (Ry) =     1.0443E-01     0.0000E+00

      iter #   2 total cpu time :   177.9 secs   av.it.:  12.4
      thresh= 6.080E-05 alpha_mix =  0.700 |ddv_scf|^2 =  2.790E-08

     Pert. #  1: Fermi energy shift (Ry) =     1.0632E-01     0.0000E+00

      iter #   3 total cpu time :   182.4 secs   av.it.:  13.0
      thresh= 1.670E-05 alpha_mix =  0.700 |ddv_scf|^2 =  5.191E-10

     Pert. #  1: Fermi energy shift (Ry) =     1.0552E-01     0.0000E+00

      iter #   4 total cpu time :   186.8 secs   av.it.:  12.8
      thresh= 2.278E-06 alpha_mix =  0.700 |ddv_scf|^2 =  1.213E-11

     Pert. #  1: Fermi energy shift (Ry) =     1.0539E-01     0.0000E+00

      iter #   5 total cpu time :   191.3 secs   av.it.:  13.8
      thresh= 3.483E-07 alpha_mix =  0.700 |ddv_scf|^2 =  1.076E-12

     Pert. #  1: Fermi energy shift (Ry) =     1.0537E-01     0.0000E+00

      iter #   6 total cpu time :   195.7 secs   av.it.:  13.5
      thresh= 1.037E-07 alpha_mix =  0.700 |ddv_scf|^2 =  1.103E-13

     Pert. #  1: Fermi energy shift (Ry) =     1.0538E-01     0.0000E+00

      iter #   7 total cpu time :   200.1 secs   av.it.:  13.1
      thresh= 3.320E-08 alpha_mix =  0.700 |ddv_scf|^2 =  8.935E-15

     End of self-consistent calculation

     Convergence has been achieved 


     Representation #   6 mode #   6

     Self-consistent Calculation

     Pert. #  1: Fermi energy shift (Ry) =     2.4261E-04    -6.4623E-27

      iter #   1 total cpu time :   204.1 secs   av.it.:   3.5
      thresh= 1.000E-02 alpha_mix =  0.700 |ddv_scf|^2 =  1.904E-07

     Pert. #  1: Fermi energy shift (Ry) =     1.9422E-04     1.2622E-29

      iter #   2 total cpu time :   208.4 secs   av.it.:  11.4
      thresh= 4.363E-05 alpha_mix =  0.700 |ddv_scf|^2 =  7.886E-09

     Pert. #  1: Fermi energy shift (Ry) =     1.6396E-04    -2.0195E-28

      iter #   3 total cpu time :   212.8 secs   av.it.:  12.4
      thresh= 8.881E-06 alpha_mix =  0.700 |ddv_scf|^2 =  3.871E-10

     Pert. #  1: Fermi energy shift (Ry) =     1.6334E-04    -4.0390E-28

      iter #   4 total cpu time :   217.4 secs   av.it.:  11.9
      thresh= 1.968E-06 alpha_mix =  0.700 |ddv_scf|^2 =  7.632E-12

     Pert. #  1: Fermi energy shift (Ry) =     1.6402E-04    -4.0390E-28

      iter #   5 total cpu time :   221.7 secs   av.it.:  12.1
      thresh= 2.763E-07 alpha_mix =  0.700 |ddv_scf|^2 =  4.065E-14

     Pert. #  1: Fermi energy shift (Ry) =     1.6435E-04    -4.0390E-28

      iter #   6 total cpu time :   226.2 secs   av.it.:  14.0
      thresh= 2.016E-08 alpha_mix =  0.700 |ddv_scf|^2 =  2.564E-15

     End of self-consistent calculation

     Convergence has been achieved 


     Representation #   7 mode #   7

     Self-consistent Calculation

     Pert. #  1: Fermi energy shift (Ry) =    -5.9786E-02     0.0000E+00

      iter #   1 total cpu time :   230.3 secs   av.it.:   4.8
      thresh= 1.000E-02 alpha_mix =  0.700 |ddv_scf|^2 =  3.541E-07

     Pert. #  1: Fermi energy shift (Ry) =    -5.1130E-02     0.0000E+00

      iter #   2 total cpu time :   234.6 secs   av.it.:  12.8
      thresh= 5.950E-05 alpha_mix =  0.700 |ddv_scf|^2 =  2.704E-08

     Pert. #  1: Fermi energy shift (Ry) =    -5.0276E-02     0.0000E+00

      iter #   3 total cpu time :   239.0 secs   av.it.:  13.2
      thresh= 1.644E-05 alpha_mix =  0.700 |ddv_scf|^2 =  5.726E-10

     Pert. #  1: Fermi energy shift (Ry) =    -5.0204E-02     0.0000E+00

      iter #   4 total cpu time :   243.5 secs   av.it.:  13.5
      thresh= 2.393E-06 alpha_mix =  0.700 |ddv_scf|^2 =  2.516E-11

     Pert. #  1: Fermi energy shift (Ry) =    -5.0248E-02     0.0000E+00

      iter #   5 total cpu time :   247.9 secs   av.it.:  13.6
      thresh= 5.015E-07 alpha_mix =  0.700 |ddv_scf|^2 =  5.452E-12

     Pert. #  1: Fermi energy shift (Ry) =    -5.0209E-02     0.0000E+00

      iter #   6 total cpu time :   252.3 secs   av.it.:  13.0
      thresh= 2.335E-07 alpha_mix =  0.700 |ddv_scf|^2 =  4.281E-14

     Pert. #  1: Fermi energy shift (Ry) =    -5.0210E-02     0.0000E+00

      iter #   7 total cpu time :   256.8 secs   av.it.:  14.2
      thresh= 2.069E-08 alpha_mix =  0.700 |ddv_scf|^2 =  2.410E-15

     End of self-consistent calculation

     Convergence has been achieved 


     Representation #   8 mode #   8

     Self-consistent Calculation

     Pert. #  1: Fermi energy shift (Ry) =     4.9530E-02     0.0000E+00

      iter #   1 total cpu time :   260.8 secs   av.it.:   4.4
      thresh= 1.000E-02 alpha_mix =  0.700 |ddv_scf|^2 =  2.138E-07

     Pert. #  1: Fermi energy shift (Ry) =     3.6050E-02     0.0000E+00

      iter #   2 total cpu time :   265.1 secs   av.it.:  12.2
      thresh= 4.624E-05 alpha_mix =  0.700 |ddv_scf|^2 =  1.075E-08

     Pert. #  1: Fermi energy shift (Ry) =     3.5861E-02     0.0000E+00

      iter #   3 total cpu time :   269.6 secs   av.it.:  13.4
      thresh= 1.037E-05 alpha_mix =  0.700 |ddv_scf|^2 =  5.448E-10

     Pert. #  1: Fermi energy shift (Ry) =     3.6184E-02     0.0000E+00

      iter #   4 total cpu time :   274.0 secs   av.it.:  13.5
      thresh= 2.334E-06 alpha_mix =  0.700 |ddv_scf|^2 =  2.668E-11

     Pert. #  1: Fermi energy shift (Ry) =     3.6257E-02     0.0000E+00

      iter #   5 total cpu time :   278.4 secs   av.it.:  13.2
      thresh= 5.166E-07 alpha_mix =  0.700 |ddv_scf|^2 =  4.524E-12

     Pert. #  1: Fermi energy shift (Ry) =     3.6232E-02     0.0000E+00

      iter #   6 total cpu time :   282.7 secs   av.it.:  12.8
      thresh= 2.127E-07 alpha_mix =  0.700 |ddv_scf|^2 =  6.217E-14

     Pert. #  1: Fermi energy shift (Ry) =     3.6237E-02     0.0000E+00

      iter #   7 total cpu time :   287.2 secs   av.it.:  13.2
      thresh= 2.493E-08 alpha_mix =  0.700 |ddv_scf|^2 =  4.395E-15

     End of self-consistent calculation

     Convergence has been achieved 


     Representation #   9 mode #   9

     Self-consistent Calculation

     Pert. #  1: Fermi energy shift (Ry) =     8.6381E-04    -2.5849E-26

      iter #   1 total cpu time :   291.3 secs   av.it.:   4.4
      thresh= 1.000E-02 alpha_mix =  0.700 |ddv_scf|^2 =  2.666E-07

     Pert. #  1: Fermi energy shift (Ry) =     7.2571E-04    -4.0390E-28

      iter #   2 total cpu time :   295.6 secs   av.it.:  12.0
      thresh= 5.163E-05 alpha_mix =  0.700 |ddv_scf|^2 =  1.344E-08

     Pert. #  1: Fermi energy shift (Ry) =     7.0307E-04    -2.0195E-28

      iter #   3 total cpu time :   299.9 secs   av.it.:  12.5
      thresh= 1.159E-05 alpha_mix =  0.700 |ddv_scf|^2 =  4.147E-10

     Pert. #  1: Fermi energy shift (Ry) =     6.9480E-04    -2.0195E-28

      iter #   4 total cpu time :   304.2 secs   av.it.:  12.4
      thresh= 2.036E-06 alpha_mix =  0.700 |ddv_scf|^2 =  6.162E-12

     Pert. #  1: Fermi energy shift (Ry) =     6.9443E-04    -2.0195E-28

      iter #   5 total cpu time :   308.6 secs   av.it.:  13.0
      thresh= 2.482E-07 alpha_mix =  0.700 |ddv_scf|^2 =  5.367E-14

     Pert. #  1: Fermi energy shift (Ry) =     6.9420E-04    -2.0195E-28

      iter #   6 total cpu time :   313.0 secs   av.it.:  13.4
      thresh= 2.317E-08 alpha_mix =  0.700 |ddv_scf|^2 =  5.304E-16

     End of self-consistent calculation

     Convergence has been achieved 


     Representation #  10 mode #  10

     Self-consistent Calculation

     Pert. #  1: Fermi energy shift (Ry) =     4.8270E-02     0.0000E+00

      iter #   1 total cpu time :   317.0 secs   av.it.:   4.4
      thresh= 1.000E-02 alpha_mix =  0.700 |ddv_scf|^2 =  2.139E-07

     Pert. #  1: Fermi energy shift (Ry) =     2.8589E-02     0.0000E+00

      iter #   2 total cpu time :   321.4 secs   av.it.:  12.2
      thresh= 4.625E-05 alpha_mix =  0.700 |ddv_scf|^2 =  1.080E-08

     Pert. #  1: Fermi energy shift (Ry) =     2.9854E-02     0.0000E+00

      iter #   3 total cpu time :   325.8 secs   av.it.:  13.4
      thresh= 1.039E-05 alpha_mix =  0.700 |ddv_scf|^2 =  5.395E-10

     Pert. #  1: Fermi energy shift (Ry) =     3.0153E-02     0.0000E+00

      iter #   4 total cpu time :   330.2 secs   av.it.:  13.6
      thresh= 2.323E-06 alpha_mix =  0.700 |ddv_scf|^2 =  2.437E-11

     Pert. #  1: Fermi energy shift (Ry) =     3.0203E-02     0.0000E+00

      iter #   5 total cpu time :   334.7 secs   av.it.:  13.2
      thresh= 4.936E-07 alpha_mix =  0.700 |ddv_scf|^2 =  4.312E-12

     Pert. #  1: Fermi energy shift (Ry) =     3.0188E-02     0.0000E+00

      iter #   6 total cpu time :   339.1 secs   av.it.:  12.9
      thresh= 2.076E-07 alpha_mix =  0.700 |ddv_scf|^2 =  6.234E-14

     Pert. #  1: Fermi energy shift (Ry) =     3.0199E-02     0.0000E+00

      iter #   7 total cpu time :   343.5 secs   av.it.:  13.2
      thresh= 2.497E-08 alpha_mix =  0.700 |ddv_scf|^2 =  4.305E-15

     End of self-consistent calculation

     Convergence has been achieved 


     Representation #  11 mode #  11

     Self-consistent Calculation

     Pert. #  1: Fermi energy shift (Ry) =    -4.7515E-02     0.0000E+00

      iter #   1 total cpu time :   347.5 secs   av.it.:   4.8
      thresh= 1.000E-02 alpha_mix =  0.700 |ddv_scf|^2 =  3.535E-07

     Pert. #  1: Fermi energy shift (Ry) =    -4.2347E-02     0.0000E+00

      iter #   2 total cpu time :   351.9 secs   av.it.:  12.8
      thresh= 5.946E-05 alpha_mix =  0.700 |ddv_scf|^2 =  2.708E-08

     Pert. #  1: Fermi energy shift (Ry) =    -4.0869E-02     0.0000E+00

      iter #   3 total cpu time :   356.4 secs   av.it.:  13.2
      thresh= 1.646E-05 alpha_mix =  0.700 |ddv_scf|^2 =  5.789E-10

     Pert. #  1: Fermi energy shift (Ry) =    -4.0854E-02     0.0000E+00

      iter #   4 total cpu time :   360.8 secs   av.it.:  13.5
      thresh= 2.406E-06 alpha_mix =  0.700 |ddv_scf|^2 =  2.833E-11

     Pert. #  1: Fermi energy shift (Ry) =    -4.0918E-02     0.0000E+00

      iter #   5 total cpu time :   365.3 secs   av.it.:  13.5
      thresh= 5.323E-07 alpha_mix =  0.700 |ddv_scf|^2 =  5.433E-12

     Pert. #  1: Fermi energy shift (Ry) =    -4.0880E-02     0.0000E+00

      iter #   6 total cpu time :   369.7 secs   av.it.:  13.0
      thresh= 2.331E-07 alpha_mix =  0.700 |ddv_scf|^2 =  4.460E-14

     Pert. #  1: Fermi energy shift (Ry) =    -4.0878E-02     0.0000E+00

      iter #   7 total cpu time :   374.2 secs   av.it.:  14.4
      thresh= 2.112E-08 alpha_mix =  0.700 |ddv_scf|^2 =  2.455E-15

     End of self-consistent calculation

     Convergence has been achieved 


     Representation #  12 mode #  12

     Self-consistent Calculation

     Pert. #  1: Fermi energy shift (Ry) =     5.7916E-04    -1.0340E-25

      iter #   1 total cpu time :   378.3 secs   av.it.:   4.4
      thresh= 1.000E-02 alpha_mix =  0.700 |ddv_scf|^2 =  2.669E-07

     Pert. #  1: Fermi energy shift (Ry) =     5.1037E-04     4.0390E-28

      iter #   2 total cpu time :   382.7 secs   av.it.:  12.2
      thresh= 5.166E-05 alpha_mix =  0.700 |ddv_scf|^2 =  1.363E-08

     Pert. #  1: Fermi energy shift (Ry) =     4.7807E-04     1.0097E-28

      iter #   3 total cpu time :   387.1 secs   av.it.:  12.4
      thresh= 1.168E-05 alpha_mix =  0.700 |ddv_scf|^2 =  4.100E-10

     Pert. #  1: Fermi energy shift (Ry) =     4.7061E-04     1.0097E-28

      iter #   4 total cpu time :   391.4 secs   av.it.:  12.4
      thresh= 2.025E-06 alpha_mix =  0.700 |ddv_scf|^2 =  6.166E-12

     Pert. #  1: Fermi energy shift (Ry) =     4.7118E-04     5.0487E-29

      iter #   5 total cpu time :   395.8 secs   av.it.:  13.0
      thresh= 2.483E-07 alpha_mix =  0.700 |ddv_scf|^2 =  4.991E-14

     Pert. #  1: Fermi energy shift (Ry) =     4.7037E-04     5.0487E-29

      iter #   6 total cpu time :   400.2 secs   av.it.:  13.6
      thresh= 2.234E-08 alpha_mix =  0.700 |ddv_scf|^2 =  5.853E-16

     End of self-consistent calculation

     Convergence has been achieved 

     Number of q in the star =    1
     List of q in the star:
          1   0.000000000   0.000000000   0.000000000

     Diagonalizing the dynamical matrix

     q = (    0.000000000   0.000000000   0.000000000 ) 

 **************************************************************************
     freq (    1) =     -28.804415 [THz] =    -960.811874 [cm-1]
     freq (    2) =      -0.628386 [THz] =     -20.960707 [cm-1]
     freq (    3) =      -0.517619 [THz] =     -17.265919 [cm-1]
     freq (    4) =       0.325985 [THz] =      10.873695 [cm-1]
     freq (    5) =      21.724146 [THz] =     724.639525 [cm-1]
     freq (    6) =      26.390279 [THz] =     880.284945 [cm-1]
     freq (    7) =      28.652052 [THz] =     955.729578 [cm-1]
     freq (    8) =      43.549335 [THz] =    1452.649455 [cm-1]
     freq (    9) =      51.792389 [THz] =    1727.608122 [cm-1]
     freq (   10) =      63.371371 [THz] =    2113.841400 [cm-1]
     freq (   11) =      64.826512 [THz] =    2162.379693 [cm-1]
     freq (   12) =      65.648931 [THz] =    2189.812625 [cm-1]
 **************************************************************************

     Mode symmetry, C_1 (1)     point group:

     freq (   1-   1) =       -960.8  [cm-1]   --> A               I+R
     freq (   2-   2) =        -21.0  [cm-1]   --> A               I+R
     freq (   3-   3) =        -17.3  [cm-1]   --> A               I+R
     freq (   4-   4) =         10.9  [cm-1]   --> A               I+R
     freq (   5-   5) =        724.6  [cm-1]   --> A               I+R
     freq (   6-   6) =        880.3  [cm-1]   --> A               I+R
     freq (   7-   7) =        955.7  [cm-1]   --> A               I+R
     freq (   8-   8) =       1452.6  [cm-1]   --> A               I+R
     freq (   9-   9) =       1727.6  [cm-1]   --> A               I+R
     freq (  10-  10) =       2113.8  [cm-1]   --> A               I+R
     freq (  11-  11) =       2162.4  [cm-1]   --> A               I+R
     freq (  12-  12) =       2189.8  [cm-1]   --> A               I+R

     Calculation of q =   -0.0003635   0.0001979  -0.7043345

     Subspace diagonalization in iterative solution of the eigenvalue problem:
     a serial algorithm will be used


     Parallelization info
     --------------------
     sticks:   dense  smooth     PW     G-vecs:    dense   smooth      PW
     Min         388     192     72                 8040     2840     664
     Max         389     193     73                 8043     2841     665
     Sum         777     385    145                16083     5681    1329


     Title: 
     Phonons for 01_HfH3_Top1                                                   


     bravais-lattice index     =            0
     lattice parameter (alat)  =       6.8677  a.u.
     unit-cell volume          =     119.0868 (a.u.)^3
     number of atoms/cell      =            4
     number of atomic types    =            2
     number of electrons       =        39.00
     number of Kohn-Sham states=           24
     kinetic-energy cutoff     =      50.0000  Ry
     charge density cutoff     =     400.0000  Ry
     Exchange-correlation= PBE
                           (   1   4   3   4   0   0   0)

     celldm(1)=   6.867718  celldm(2)=   0.000000  celldm(3)=   0.000000
     celldm(4)=   0.000000  celldm(5)=   0.000000  celldm(6)=   0.000000

     crystal axes: (cart. coord. in units of alat)
               a(1) = (   0.719498   0.000221  -0.000371 )  
               a(2) = (   0.002206   0.719790   0.000201 )  
               a(3) = (   0.000365  -0.000191   0.709890 )  

     reciprocal axes: (cart. coord. in units 2 pi/alat)
               b(1) = (  1.389859 -0.004259 -0.000716 )  
               b(2) = ( -0.000427  1.389294  0.000375 )  
               b(3) = (  0.000727 -0.000396  1.408669 )  


     PseudoPot. # 1 for Hf read from file:
     /home/marco/ZOS_Cloud_Compute/pseudo/Hf.UPF
     MD5 check sum: 054ab3954715fe03e42536d2af1a941a
     Pseudo is Projector augmented-wave + core cor, Zval = 36.0
     Generated using "atomic" code by A. Dal Corso  v.5.1.2
     Shape of augmentation charge: PSQ
     Using radial grid of 1271 points,  8 beta functions with: 
                l(1) =   0
                l(2) =   0
                l(3) =   1
                l(4) =   1
                l(5) =   2
                l(6) =   2
                l(7) =   3
                l(8) =   3
     Q(r) pseudized with 0 coefficients 


     PseudoPot. # 2 for H  read from file:
     /home/marco/ZOS_Cloud_Compute/pseudo/H.UPF
     MD5 check sum: 850d63dcbcc06c5de8b44e0ab9f952da
     Pseudo is Projector augmented-wave, Zval =  1.0
     Generated using "atomic" code by A. Dal Corso  v.5.1.2
     Shape of augmentation charge: PSQ
     Using radial grid of  929 points,  2 beta functions with: 
                l(1) =   0
                l(2) =   0
     Q(r) pseudized with 0 coefficients 


     atomic species   valence    mass     pseudopotential
        Hf            36.00   178.49000     Hf( 1.00)
        H              1.00     1.00800     H ( 1.00)

     No symmetry found



   Cartesian axes

     site n.     atom                  positions (alat units)
         1           Hf  tau(   1) = (   0.1622415   0.4830964   0.1271085  )
         2           H   tau(   2) = (   0.5163459   0.1187615   0.1264908  )
         3           H   tau(   3) = (   0.4955668   0.4255692   0.4818392  )
         4           H   tau(   4) = (   0.1054813   0.0958217   0.4819530  )

     number of k points=    16  Methfessel-Paxton smearing, width (Ry)=  0.0200
                       cart. coord. in units 2pi/alat
        k(    1) = (   0.0000000   0.0000000   0.0000000), wk =   0.2500000
        k(    2) = (  -0.0003635   0.0001979  -0.7043345), wk =   0.0000000
        k(    3) = (  -0.0003635   0.0001979  -0.7043345), wk =   0.2500000
        k(    4) = (  -0.0007270   0.0003957  -1.4086690), wk =   0.0000000
        k(    5) = (  -0.0001502  -0.6944494  -0.7045218), wk =   0.2500000
        k(    6) = (  -0.0005137  -0.6942515  -1.4088563), wk =   0.0000000
        k(    7) = (  -0.6950798  -0.6923201  -0.7041636), wk =   0.2500000
        k(    8) = (  -0.6954433  -0.6921222  -1.4084981), wk =   0.0000000
        k(    9) = (  -0.6949296   0.0021293   0.0003582), wk =   0.2500000
        k(   10) = (  -0.6952931   0.0023272  -0.7039762), wk =   0.0000000
        k(   11) = (   0.0002133  -0.6946472  -0.0001873), wk =   0.2500000
        k(   12) = (  -0.0001502  -0.6944494  -0.7045218), wk =   0.0000000
        k(   13) = (  -0.6945661   0.0019314   0.7046927), wk =   0.2500000
        k(   14) = (  -0.6949296   0.0021293   0.0003582), wk =   0.0000000
        k(   15) = (  -0.6951429   0.6967765   0.0005456), wk =   0.2500000
        k(   16) = (  -0.6955064   0.6969744  -0.7037889), wk =   0.0000000

     Dense  grid:    16083 G-vectors     FFT dimensions: (  32,  32,  32)

     Smooth grid:     5681 G-vectors     FFT dimensions: (  24,  24,  24)

     Estimated max dynamical RAM per process >      79.34 MB

     Estimated total dynamical RAM >     158.69 MB

     Check: negative core charge=   -0.000006

     The potential is recalculated from file :
     ./tmp/_ph0/01_HfH3_Top1.save/charge-density

     Starting wfcs are   25 atomic wfcs
     Checking if some PAW data can be deallocated... 

     Band Structure Calculation
     Davidson diagonalization with overlap

     ethr =  2.56E-11,  avg # of iterations = 11.6

     total cpu time spent up to now is        4.8 secs

     End of band structure calculation

          k = 0.0000 0.0000 0.0000 (   739 PWs)   bands (ev):

  -153.8292-152.7489-150.5820-150.3520-149.4375 -34.2412  -2.0151  -1.9996
    -1.8156  11.3349  11.3387  11.3421  11.3473  11.3671  11.3688  11.3733
    12.4762  20.8806  20.9915  35.8400  35.8746  36.1228  36.2690  37.2651

          k =-0.0004 0.0002-0.7043 (   706 PWs)   bands (ev):

  -148.5509-148.2770-148.0254-145.4891-144.0228 -33.9634  -4.9262  -1.6940
    -1.6886  11.3502  11.4431  11.4447  11.5541  11.5636  11.5668  11.6525
    17.5723  20.0818  25.2143  26.4225  29.2536  30.7929  36.9757  40.6028

          k =-0.0004 0.0002-0.7043 (   706 PWs)   bands (ev):

  -148.5509-148.2770-148.0254-145.4891-144.0228 -33.9634  -4.9262  -1.6940
    -1.6886  11.3502  11.4431  11.4447  11.5541  11.5636  11.5668  11.6525
    17.5723  20.0818  25.2143  26.4225  29.2536  30.7929  36.9757  40.6028

          k =-0.0007 0.0004-1.4087 (   739 PWs)   bands (ev):

  -153.8292-152.7489-150.5820-150.3520-149.4375 -34.2412  -2.0151  -1.9996
    -1.8156  11.3349  11.3387  11.3421  11.3473  11.3671  11.3688  11.3733
    12.4762  20.8806  20.9915  35.8400  35.8746  36.1228  36.2690  37.2651

          k =-0.0002-0.6944-0.7045 (   708 PWs)   bands (ev):

  -149.4388-149.3274-147.1745-146.7778-143.0807 -33.7345  -4.3329  -4.2454
    -1.4338  11.3720  11.3873  11.3881  11.4969  11.5813  11.6110  11.6507
    16.2332  23.8063  24.4704  25.1952  30.6621  30.6861  40.2763  40.6199

          k =-0.0005-0.6943-1.4089 (   708 PWs)   bands (ev):

  -149.1404-148.5958-147.5559-145.1900-145.1811 -33.9968  -4.8951  -1.7239
    -1.5437  11.3168  11.4480  11.4595  11.5386  11.5463  11.5481  11.6481
    17.8113  19.8081  25.0001  27.4562  29.5224  29.6054  37.1953  39.8674

          k =-0.6951-0.6923-0.7042 (   692 PWs)   bands (ev):

  -146.8770-145.8372-145.0071-144.8328-143.7508 -33.5179  -3.8091  -3.7186
    -3.6979  11.4810  11.5248  11.5592  11.5697  11.5719  11.5755  11.6980
    17.9394  18.1529  18.3264  29.1293  39.2135  39.2974  39.5411  40.9244

          k =-0.6954-0.6921-1.4085 (   712 PWs)   bands (ev):

  -150.0838-148.5151-147.5751-147.2878-144.3572 -33.7666  -4.2842  -4.2780
    -1.2923  11.3706  11.3738  11.4315  11.5308  11.5430  11.5751  11.5932
    15.7866  24.1332  24.3315  25.7175  31.0888  31.1025  40.1143  40.2478

          k =-0.6949 0.0021 0.0004 (   708 PWs)   bands (ev):

  -149.1147-148.6241-147.5500-145.2199-145.1531 -33.9958  -4.8990  -1.7246
    -1.5429  11.3174  11.4474  11.4572  11.5414  11.5470  11.5504  11.6449
    17.8093  19.8040  25.0102  27.4360  29.5227  29.6207  37.1894  39.9013

          k =-0.6953 0.0023-0.7040 (   708 PWs)   bands (ev):

  -149.4073-149.3272-147.2090-146.7631-143.1047 -33.7336  -4.3320  -4.2505
    -1.4339  11.3717  11.3889  11.3892  11.4961  11.5839  11.6092  11.6467
    16.2461  23.8071  24.4520  25.1978  30.6521  30.6717  40.2827  40.6279

          k = 0.0002-0.6946-0.0002 (   708 PWs)   bands (ev):

  -149.1404-148.5958-147.5559-145.1900-145.1811 -33.9968  -4.8951  -1.7239
    -1.5437  11.3168  11.4480  11.4595  11.5386  11.5463  11.5481  11.6481
    17.8113  19.8081  25.0001  27.4562  29.5224  29.6054  37.1953  39.8674

          k =-0.0002-0.6944-0.7045 (   708 PWs)   bands (ev):

  -149.4388-149.3274-147.1745-146.7778-143.0807 -33.7345  -4.3329  -4.2454
    -1.4338  11.3720  11.3873  11.3881  11.4969  11.5813  11.6110  11.6507
    16.2332  23.8063  24.4704  25.1952  30.6621  30.6861  40.2763  40.6199

          k =-0.6946 0.0019 0.7047 (   708 PWs)   bands (ev):

  -149.4073-149.3272-147.2090-146.7631-143.1047 -33.7336  -4.3320  -4.2505
    -1.4339  11.3717  11.3889  11.3892  11.4961  11.5839  11.6092  11.6467
    16.2461  23.8071  24.4520  25.1978  30.6521  30.6717  40.2827  40.6279

          k =-0.6949 0.0021 0.0004 (   708 PWs)   bands (ev):

  -149.1147-148.6241-147.5500-145.2199-145.1531 -33.9958  -4.8990  -1.7246
    -1.5429  11.3174  11.4474  11.4572  11.5414  11.5470  11.5504  11.6449
    17.8093  19.8040  25.0102  27.4360  29.5227  29.6207  37.1894  39.9013

          k =-0.6951 0.6968 0.0005 (   712 PWs)   bands (ev):

  -150.0838-148.5151-147.5751-147.2878-144.3572 -33.7666  -4.2842  -4.2780
    -1.2923  11.3706  11.3738  11.4315  11.5308  11.5430  11.5751  11.5932
    15.7866  24.1332  24.3315  25.7175  31.0888  31.1025  40.1143  40.2478

          k =-0.6955 0.6970-0.7038 (   692 PWs)   bands (ev):

  -146.8770-145.8372-145.0071-144.8328-143.7508 -33.5179  -3.8091  -3.7186
    -3.6979  11.4810  11.5248  11.5592  11.5697  11.5719  11.5755  11.6980
    17.9394  18.1529  18.3264  29.1293  39.2135  39.2974  39.5411  40.9244

     the Fermi energy is    27.2162 ev

     Writing output data file ./tmp/_ph0/01_HfH3_Top1.save/

     Phonons for 01_HfH3_Top1                                                   

     bravais-lattice index     =            0
     lattice parameter (alat)  =       6.8677  a.u.
     unit-cell volume          =     119.0868 (a.u.)^3
     number of atoms/cell      =            4
     number of atomic types    =            2
     kinetic-energy cut-off    =      50.0000  Ry
     charge density cut-off    =     400.0000  Ry
     convergence threshold     =      1.0E-14
     beta                      =       0.7000
     number of iterations used =            4
     Exchange-correlation= PBE
                           (   1   4   3   4   0   0   0)


     celldm(1)=    6.86772  celldm(2)=    0.00000  celldm(3)=    0.00000
     celldm(4)=    0.00000  celldm(5)=    0.00000  celldm(6)=    0.00000

     crystal axes: (cart. coord. in units of alat)
               a(1) = (  0.7195  0.0002 -0.0004 )  
               a(2) = (  0.0022  0.7198  0.0002 )  
               a(3) = (  0.0004 -0.0002  0.7099 )  

     reciprocal axes: (cart. coord. in units 2 pi/alat)
               b(1) = (  1.3899 -0.0043 -0.0007 )  
               b(2) = ( -0.0004  1.3893  0.0004 )  
               b(3) = (  0.0007 -0.0004  1.4087 )  


     Atoms inside the unit cell: 

     Cartesian axes

     site n.  atom      mass           positions (alat units)
        1     Hf 178.4900   tau(    1) = (    0.16224    0.48310    0.12711  )
        2     H    1.0080   tau(    2) = (    0.51635    0.11876    0.12649  )
        3     H    1.0080   tau(    3) = (    0.49557    0.42557    0.48184  )
        4     H    1.0080   tau(    4) = (    0.10548    0.09582    0.48195  )

     Computing dynamical matrix for 
                    q = (  -0.0003635   0.0001979  -0.7043345 )

      2 Sym.Ops. (with q -> -q+G )


     G cutoff =  477.8870  (   8043 G-vectors)     FFT grid: ( 32, 32, 32)
     G cutoff =  238.9435  (   2840 G-vectors)  smooth grid: ( 24, 24, 24)

     number of k points=    16  Methfessel-Paxton smearing, width (Ry)=  0.0200

     PseudoPot. # 1 for Hf read from file:
     /home/marco/ZOS_Cloud_Compute/pseudo/Hf.UPF
     MD5 check sum: 054ab3954715fe03e42536d2af1a941a
     Pseudo is Projector augmented-wave + core cor, Zval = 36.0
     Generated using "atomic" code by A. Dal Corso  v.5.1.2
     Shape of augmentation charge: PSQ
     Using radial grid of 1271 points,  8 beta functions with: 
                l(1) =   0
                l(2) =   0
                l(3) =   1
                l(4) =   1
                l(5) =   2
                l(6) =   2
                l(7) =   3
                l(8) =   3
     Q(r) pseudized with 0 coefficients 


     PseudoPot. # 2 for H  read from file:
     /home/marco/ZOS_Cloud_Compute/pseudo/H.UPF
     MD5 check sum: 850d63dcbcc06c5de8b44e0ab9f952da
     Pseudo is Projector augmented-wave, Zval =  1.0
     Generated using "atomic" code by A. Dal Corso  v.5.1.2
     Shape of augmentation charge: PSQ
     Using radial grid of  929 points,  2 beta functions with: 
                l(1) =   0
                l(2) =   0
     Q(r) pseudized with 0 coefficients 


     Mode symmetry, C_1 (1)     point group:


     Atomic displacements:
     There are   12 irreducible representations

     Representation     1      1 modes -  To be done

     Representation     2      1 modes -  To be done

     Representation     3      1 modes -  To be done

     Representation     4      1 modes -  To be done

     Representation     5      1 modes -  To be done

     Representation     6      1 modes -  To be done

     Representation     7      1 modes -  To be done

     Representation     8      1 modes -  To be done

     Representation     9      1 modes -  To be done

     Representation    10      1 modes -  To be done

     Representation    11      1 modes -  To be done

     Representation    12      1 modes -  To be done



     Alpha used in Ewald sum =   2.8000
     PHONON       :   5m52.30s CPU   6m51.51s WALL



     Representation #   1 mode #   1

     Self-consistent Calculation

      iter #   1 total cpu time :   415.8 secs   av.it.:  10.5
      thresh= 1.000E-02 alpha_mix =  0.700 |ddv_scf|^2 =  1.466E-03

      iter #   2 total cpu time :   420.2 secs   av.it.:  12.2
      thresh= 3.829E-03 alpha_mix =  0.700 |ddv_scf|^2 =  9.901E-05

      iter #   3 total cpu time :   424.7 secs   av.it.:  13.0
      thresh= 9.950E-04 alpha_mix =  0.700 |ddv_scf|^2 =  4.503E-06

      iter #   4 total cpu time :   429.2 secs   av.it.:  13.2
      thresh= 2.122E-04 alpha_mix =  0.700 |ddv_scf|^2 =  6.503E-06

      iter #   5 total cpu time :   433.6 secs   av.it.:  11.2
      thresh= 2.550E-04 alpha_mix =  0.700 |ddv_scf|^2 =  5.045E-09

      iter #   6 total cpu time :   438.2 secs   av.it.:  15.6
      thresh= 7.103E-06 alpha_mix =  0.700 |ddv_scf|^2 =  2.429E-09

      iter #   7 total cpu time :   442.6 secs   av.it.:  12.9
      thresh= 4.928E-06 alpha_mix =  0.700 |ddv_scf|^2 =  7.023E-10

      iter #   8 total cpu time :   447.0 secs   av.it.:  12.4
      thresh= 2.650E-06 alpha_mix =  0.700 |ddv_scf|^2 =  3.554E-11

      iter #   9 total cpu time :   451.4 secs   av.it.:  13.0
      thresh= 5.961E-07 alpha_mix =  0.700 |ddv_scf|^2 =  7.114E-13

      iter #  10 total cpu time :   455.9 secs   av.it.:  13.5
      thresh= 8.434E-08 alpha_mix =  0.700 |ddv_scf|^2 =  8.852E-14

      iter #  11 total cpu time :   460.3 secs   av.it.:  12.9
      thresh= 2.975E-08 alpha_mix =  0.700 |ddv_scf|^2 =  6.762E-15

     End of self-consistent calculation

     Convergence has been achieved 


     Representation #   2 mode #   2

     Self-consistent Calculation

      iter #   1 total cpu time :   464.7 secs   av.it.:  10.5
      thresh= 1.000E-02 alpha_mix =  0.700 |ddv_scf|^2 =  1.467E-03

      iter #   2 total cpu time :   469.2 secs   av.it.:  12.4
      thresh= 3.830E-03 alpha_mix =  0.700 |ddv_scf|^2 =  9.901E-05

      iter #   3 total cpu time :   473.5 secs   av.it.:  12.9
      thresh= 9.950E-04 alpha_mix =  0.700 |ddv_scf|^2 =  4.005E-06

      iter #   4 total cpu time :   478.0 secs   av.it.:  13.2
      thresh= 2.001E-04 alpha_mix =  0.700 |ddv_scf|^2 =  6.340E-06

      iter #   5 total cpu time :   482.3 secs   av.it.:  11.2
      thresh= 2.518E-04 alpha_mix =  0.700 |ddv_scf|^2 =  4.848E-09

      iter #   6 total cpu time :   486.9 secs   av.it.:  15.5
      thresh= 6.963E-06 alpha_mix =  0.700 |ddv_scf|^2 =  1.437E-09

      iter #   7 total cpu time :   491.4 secs   av.it.:  13.8
      thresh= 3.791E-06 alpha_mix =  0.700 |ddv_scf|^2 =  6.638E-10

      iter #   8 total cpu time :   495.7 secs   av.it.:  11.5
      thresh= 2.576E-06 alpha_mix =  0.700 |ddv_scf|^2 =  4.426E-11

      iter #   9 total cpu time :   500.1 secs   av.it.:  13.1
      thresh= 6.653E-07 alpha_mix =  0.700 |ddv_scf|^2 =  7.174E-13

      iter #  10 total cpu time :   504.6 secs   av.it.:  13.4
      thresh= 8.470E-08 alpha_mix =  0.700 |ddv_scf|^2 =  8.723E-14

      iter #  11 total cpu time :   509.0 secs   av.it.:  12.9
      thresh= 2.953E-08 alpha_mix =  0.700 |ddv_scf|^2 =  6.145E-15

     End of self-consistent calculation

     Convergence has been achieved 


     Representation #   3 mode #   3

     Self-consistent Calculation

      iter #   1 total cpu time :   513.4 secs   av.it.:  10.9
      thresh= 1.000E-02 alpha_mix =  0.700 |ddv_scf|^2 =  2.632E-02

      iter #   2 total cpu time :   517.8 secs   av.it.:  12.2
      thresh= 1.000E-02 alpha_mix =  0.700 |ddv_scf|^2 =  7.580E-02

      iter #   3 total cpu time :   522.1 secs   av.it.:  11.4
      thresh= 1.000E-02 alpha_mix =  0.700 |ddv_scf|^2 =  3.472E-05

      iter #   4 total cpu time :   526.5 secs   av.it.:  12.9
      thresh= 5.893E-04 alpha_mix =  0.700 |ddv_scf|^2 =  3.260E-07

      iter #   5 total cpu time :   531.1 secs   av.it.:  13.6
      thresh= 5.709E-05 alpha_mix =  0.700 |ddv_scf|^2 =  1.360E-07

      iter #   6 total cpu time :   535.3 secs   av.it.:  10.4
      thresh= 3.687E-05 alpha_mix =  0.700 |ddv_scf|^2 =  3.947E-09

      iter #   7 total cpu time :   539.8 secs   av.it.:  12.9
      thresh= 6.283E-06 alpha_mix =  0.700 |ddv_scf|^2 =  6.090E-11

      iter #   8 total cpu time :   544.3 secs   av.it.:  13.6
      thresh= 7.804E-07 alpha_mix =  0.700 |ddv_scf|^2 =  3.814E-12

      iter #   9 total cpu time :   548.8 secs   av.it.:  13.5
      thresh= 1.953E-07 alpha_mix =  0.700 |ddv_scf|^2 =  1.018E-12

      iter #  10 total cpu time :   553.3 secs   av.it.:  13.1
      thresh= 1.009E-07 alpha_mix =  0.700 |ddv_scf|^2 =  6.608E-13

      iter #  11 total cpu time :   557.5 secs   av.it.:  11.1
      thresh= 8.129E-08 alpha_mix =  0.700 |ddv_scf|^2 =  9.145E-15

     End of self-consistent calculation

     Convergence has been achieved 


     Representation #   4 mode #   4

     Self-consistent Calculation

      iter #   1 total cpu time :   561.3 secs   av.it.:   4.1
      thresh= 1.000E-02 alpha_mix =  0.700 |ddv_scf|^2 =  2.600E-07

      iter #   2 total cpu time :   565.8 secs   av.it.:  12.6
      thresh= 5.099E-05 alpha_mix =  0.700 |ddv_scf|^2 =  4.665E-08

      iter #   3 total cpu time :   570.1 secs   av.it.:  12.5
      thresh= 2.160E-05 alpha_mix =  0.700 |ddv_scf|^2 =  4.814E-08

      iter #   4 total cpu time :   574.4 secs   av.it.:  10.5
      thresh= 2.194E-05 alpha_mix =  0.700 |ddv_scf|^2 =  5.047E-10

      iter #   5 total cpu time :   578.7 secs   av.it.:  11.9
      thresh= 2.247E-06 alpha_mix =  0.700 |ddv_scf|^2 =  3.483E-12

      iter #   6 total cpu time :   583.2 secs   av.it.:  14.1
      thresh= 1.866E-07 alpha_mix =  0.700 |ddv_scf|^2 =  1.767E-12

      iter #   7 total cpu time :   587.6 secs   av.it.:  12.5
      thresh= 1.329E-07 alpha_mix =  0.700 |ddv_scf|^2 =  5.503E-13

      iter #   8 total cpu time :   592.0 secs   av.it.:  12.0
      thresh= 7.418E-08 alpha_mix =  0.700 |ddv_scf|^2 =  5.369E-15

     End of self-consistent calculation

     Convergence has been achieved 


     Representation #   5 mode #   5

     Self-consistent Calculation

      iter #   1 total cpu time :   595.9 secs   av.it.:   4.1
      thresh= 1.000E-02 alpha_mix =  0.700 |ddv_scf|^2 =  2.629E-07

      iter #   2 total cpu time :   600.2 secs   av.it.:  12.5
      thresh= 5.128E-05 alpha_mix =  0.700 |ddv_scf|^2 =  5.657E-08

      iter #   3 total cpu time :   604.6 secs   av.it.:  12.4
      thresh= 2.379E-05 alpha_mix =  0.700 |ddv_scf|^2 =  5.458E-08

      iter #   4 total cpu time :   608.8 secs   av.it.:  10.5
      thresh= 2.336E-05 alpha_mix =  0.700 |ddv_scf|^2 =  4.849E-10

      iter #   5 total cpu time :   613.1 secs   av.it.:  12.0
      thresh= 2.202E-06 alpha_mix =  0.700 |ddv_scf|^2 =  3.144E-12

      iter #   6 total cpu time :   617.6 secs   av.it.:  13.2
      thresh= 1.773E-07 alpha_mix =  0.700 |ddv_scf|^2 =  7.543E-14

      iter #   7 total cpu time :   622.1 secs   av.it.:  14.5
      thresh= 2.746E-08 alpha_mix =  0.700 |ddv_scf|^2 =  7.694E-14

      iter #   8 total cpu time :   626.5 secs   av.it.:  12.2
      thresh= 2.774E-08 alpha_mix =  0.700 |ddv_scf|^2 =  3.021E-15

     End of self-consistent calculation

     Convergence has been achieved 


     Representation #   6 mode #   6

     Self-consistent Calculation

      iter #   1 total cpu time :   630.3 secs   av.it.:   4.2
      thresh= 1.000E-02 alpha_mix =  0.700 |ddv_scf|^2 =  1.103E-05

      iter #   2 total cpu time :   634.5 secs   av.it.:  11.0
      thresh= 3.321E-04 alpha_mix =  0.700 |ddv_scf|^2 =  2.730E-05

      iter #   3 total cpu time :   638.6 secs   av.it.:   9.5
      thresh= 5.225E-04 alpha_mix =  0.700 |ddv_scf|^2 =  2.051E-08

      iter #   4 total cpu time :   643.0 secs   av.it.:  11.9
      thresh= 1.432E-05 alpha_mix =  0.700 |ddv_scf|^2 =  7.675E-11

      iter #   5 total cpu time :   647.4 secs   av.it.:  13.0
      thresh= 8.760E-07 alpha_mix =  0.700 |ddv_scf|^2 =  2.752E-11

      iter #   6 total cpu time :   651.6 secs   av.it.:  10.8
      thresh= 5.246E-07 alpha_mix =  0.700 |ddv_scf|^2 =  1.413E-11

      iter #   7 total cpu time :   655.8 secs   av.it.:  10.5
      thresh= 3.759E-07 alpha_mix =  0.700 |ddv_scf|^2 =  1.582E-13

      iter #   8 total cpu time :   660.1 secs   av.it.:  12.1
      thresh= 3.978E-08 alpha_mix =  0.700 |ddv_scf|^2 =  1.001E-15

     End of self-consistent calculation

     Convergence has been achieved 


     Representation #   7 mode #   7

     Self-consistent Calculation

      iter #   1 total cpu time :   663.9 secs   av.it.:   4.0
      thresh= 1.000E-02 alpha_mix =  0.700 |ddv_scf|^2 =  2.052E-07

      iter #   2 total cpu time :   668.3 secs   av.it.:  12.4
      thresh= 4.530E-05 alpha_mix =  0.700 |ddv_scf|^2 =  6.526E-08

      iter #   3 total cpu time :   672.6 secs   av.it.:  11.2
      thresh= 2.555E-05 alpha_mix =  0.700 |ddv_scf|^2 =  4.866E-08

      iter #   4 total cpu time :   676.8 secs   av.it.:  10.1
      thresh= 2.206E-05 alpha_mix =  0.700 |ddv_scf|^2 =  5.263E-11

      iter #   5 total cpu time :   681.3 secs   av.it.:  13.8
      thresh= 7.255E-07 alpha_mix =  0.700 |ddv_scf|^2 =  2.333E-12

      iter #   6 total cpu time :   685.9 secs   av.it.:  12.8
      thresh= 1.527E-07 alpha_mix =  0.700 |ddv_scf|^2 =  1.772E-12

      iter #   7 total cpu time :   690.1 secs   av.it.:  10.1
      thresh= 1.331E-07 alpha_mix =  0.700 |ddv_scf|^2 =  3.095E-14

      iter #   8 total cpu time :   694.5 secs   av.it.:  12.6
      thresh= 1.759E-08 alpha_mix =  0.700 |ddv_scf|^2 =  5.359E-16

     End of self-consistent calculation

     Convergence has been achieved 


     Representation #   8 mode #   8

     Self-consistent Calculation

      iter #   1 total cpu time :   698.2 secs   av.it.:   3.8
      thresh= 1.000E-02 alpha_mix =  0.700 |ddv_scf|^2 =  1.468E-07

      iter #   2 total cpu time :   702.6 secs   av.it.:  11.5
      thresh= 3.832E-05 alpha_mix =  0.700 |ddv_scf|^2 =  5.925E-09

      iter #   3 total cpu time :   707.0 secs   av.it.:  13.0
      thresh= 7.697E-06 alpha_mix =  0.700 |ddv_scf|^2 =  1.267E-08

      iter #   4 total cpu time :   711.2 secs   av.it.:  10.1
      thresh= 1.125E-05 alpha_mix =  0.700 |ddv_scf|^2 =  5.166E-11

      iter #   5 total cpu time :   715.7 secs   av.it.:  12.8
      thresh= 7.188E-07 alpha_mix =  0.700 |ddv_scf|^2 =  2.716E-12

      iter #   6 total cpu time :   720.2 secs   av.it.:  12.6
      thresh= 1.648E-07 alpha_mix =  0.700 |ddv_scf|^2 =  1.663E-12

      iter #   7 total cpu time :   724.4 secs   av.it.:  10.4
      thresh= 1.289E-07 alpha_mix =  0.700 |ddv_scf|^2 =  7.136E-14

      iter #   8 total cpu time :   728.8 secs   av.it.:  12.2
      thresh= 2.671E-08 alpha_mix =  0.700 |ddv_scf|^2 =  1.274E-15

     End of self-consistent calculation

     Convergence has been achieved 


     Representation #   9 mode #   9

     Self-consistent Calculation

      iter #   1 total cpu time :   732.7 secs   av.it.:   4.5
      thresh= 1.000E-02 alpha_mix =  0.700 |ddv_scf|^2 =  1.374E-05

      iter #   2 total cpu time :   736.9 secs   av.it.:  10.6
      thresh= 3.707E-04 alpha_mix =  0.700 |ddv_scf|^2 =  4.230E-05

      iter #   3 total cpu time :   741.1 secs   av.it.:   9.1
      thresh= 6.504E-04 alpha_mix =  0.700 |ddv_scf|^2 =  1.942E-08

      iter #   4 total cpu time :   745.6 secs   av.it.:  12.9
      thresh= 1.393E-05 alpha_mix =  0.700 |ddv_scf|^2 =  6.107E-10

      iter #   5 total cpu time :   750.0 secs   av.it.:  13.5
      thresh= 2.471E-06 alpha_mix =  0.700 |ddv_scf|^2 =  4.350E-11

      iter #   6 total cpu time :   754.5 secs   av.it.:  13.9
      thresh= 6.595E-07 alpha_mix =  0.700 |ddv_scf|^2 =  1.012E-11

      iter #   7 total cpu time :   759.0 secs   av.it.:  12.6
      thresh= 3.181E-07 alpha_mix =  0.700 |ddv_scf|^2 =  4.287E-12

      iter #   8 total cpu time :   763.3 secs   av.it.:  11.9
      thresh= 2.071E-07 alpha_mix =  0.700 |ddv_scf|^2 =  1.100E-14

      iter #   9 total cpu time :   767.8 secs   av.it.:  14.2
      thresh= 1.049E-08 alpha_mix =  0.700 |ddv_scf|^2 =  6.651E-16

     End of self-consistent calculation

     Convergence has been achieved 


     Representation #  10 mode #  10

     Self-consistent Calculation

      iter #   1 total cpu time :   771.6 secs   av.it.:   3.6
      thresh= 1.000E-02 alpha_mix =  0.700 |ddv_scf|^2 =  1.468E-07

      iter #   2 total cpu time :   775.9 secs   av.it.:  11.5
      thresh= 3.831E-05 alpha_mix =  0.700 |ddv_scf|^2 =  5.290E-09

      iter #   3 total cpu time :   780.3 secs   av.it.:  12.9
      thresh= 7.273E-06 alpha_mix =  0.700 |ddv_scf|^2 =  1.106E-08

      iter #   4 total cpu time :   784.6 secs   av.it.:  10.0
      thresh= 1.051E-05 alpha_mix =  0.700 |ddv_scf|^2 =  5.580E-11

      iter #   5 total cpu time :   789.0 secs   av.it.:  12.5
      thresh= 7.470E-07 alpha_mix =  0.700 |ddv_scf|^2 =  2.482E-12

      iter #   6 total cpu time :   793.4 secs   av.it.:  12.6
      thresh= 1.575E-07 alpha_mix =  0.700 |ddv_scf|^2 =  1.251E-12

      iter #   7 total cpu time :   797.6 secs   av.it.:  10.5
      thresh= 1.118E-07 alpha_mix =  0.700 |ddv_scf|^2 =  8.307E-14

      iter #   8 total cpu time :   802.0 secs   av.it.:  12.2
      thresh= 2.882E-08 alpha_mix =  0.700 |ddv_scf|^2 =  1.218E-15

     End of self-consistent calculation

     Convergence has been achieved 


     Representation #  11 mode #  11

     Self-consistent Calculation

      iter #   1 total cpu time :   805.8 secs   av.it.:   4.1
      thresh= 1.000E-02 alpha_mix =  0.700 |ddv_scf|^2 =  2.066E-07

      iter #   2 total cpu time :   810.2 secs   av.it.:  12.2
      thresh= 4.546E-05 alpha_mix =  0.700 |ddv_scf|^2 =  6.900E-08

      iter #   3 total cpu time :   814.4 secs   av.it.:  11.0
      thresh= 2.627E-05 alpha_mix =  0.700 |ddv_scf|^2 =  4.866E-08

      iter #   4 total cpu time :   818.7 secs   av.it.:  10.0
      thresh= 2.206E-05 alpha_mix =  0.700 |ddv_scf|^2 =  5.225E-11

      iter #   5 total cpu time :   823.2 secs   av.it.:  13.9
      thresh= 7.228E-07 alpha_mix =  0.700 |ddv_scf|^2 =  2.595E-12

      iter #   6 total cpu time :   827.6 secs   av.it.:  12.8
      thresh= 1.611E-07 alpha_mix =  0.700 |ddv_scf|^2 =  2.089E-12

      iter #   7 total cpu time :   831.8 secs   av.it.:  10.2
      thresh= 1.445E-07 alpha_mix =  0.700 |ddv_scf|^2 =  2.882E-14

      iter #   8 total cpu time :   836.3 secs   av.it.:  13.0
      thresh= 1.698E-08 alpha_mix =  0.700 |ddv_scf|^2 =  5.564E-16

     End of self-consistent calculation

     Convergence has been achieved 


     Representation #  12 mode #  12

     Self-consistent Calculation

      iter #   1 total cpu time :   840.2 secs   av.it.:   4.5
      thresh= 1.000E-02 alpha_mix =  0.700 |ddv_scf|^2 =  1.373E-05

      iter #   2 total cpu time :   844.5 secs   av.it.:  10.6
      thresh= 3.706E-04 alpha_mix =  0.700 |ddv_scf|^2 =  4.230E-05

      iter #   3 total cpu time :   848.6 secs   av.it.:   9.0
      thresh= 6.504E-04 alpha_mix =  0.700 |ddv_scf|^2 =  1.918E-08

      iter #   4 total cpu time :   853.1 secs   av.it.:  12.9
      thresh= 1.385E-05 alpha_mix =  0.700 |ddv_scf|^2 =  6.129E-10

      iter #   5 total cpu time :   857.6 secs   av.it.:  13.4
      thresh= 2.476E-06 alpha_mix =  0.700 |ddv_scf|^2 =  4.387E-11

      iter #   6 total cpu time :   862.1 secs   av.it.:  13.5
      thresh= 6.623E-07 alpha_mix =  0.700 |ddv_scf|^2 =  1.049E-11

      iter #   7 total cpu time :   866.5 secs   av.it.:  12.6
      thresh= 3.238E-07 alpha_mix =  0.700 |ddv_scf|^2 =  4.261E-12

      iter #   8 total cpu time :   870.8 secs   av.it.:  11.9
      thresh= 2.064E-07 alpha_mix =  0.700 |ddv_scf|^2 =  1.073E-14

      iter #   9 total cpu time :   875.3 secs   av.it.:  14.1
      thresh= 1.036E-08 alpha_mix =  0.700 |ddv_scf|^2 =  6.475E-16

     End of self-consistent calculation

     Convergence has been achieved 

     Number of q in the star =    1
     List of q in the star:
          1  -0.000363498   0.000197872  -0.704334487

     Diagonalizing the dynamical matrix

     q = (   -0.000363498   0.000197872  -0.704334487 ) 

 **************************************************************************
     freq (    1) =     -24.907732 [THz] =    -830.832512 [cm-1]
     freq (    2) =     -15.073822 [THz] =    -502.808589 [cm-1]
     freq (    3) =     -12.126022 [THz] =    -404.480544 [cm-1]
     freq (    4) =       7.056412 [THz] =     235.376557 [cm-1]
     freq (    5) =       7.270966 [THz] =     242.533329 [cm-1]
     freq (    6) =      20.614405 [THz] =     687.622521 [cm-1]
     freq (    7) =      32.234111 [THz] =    1075.214208 [cm-1]
     freq (    8) =      35.646317 [THz] =    1189.033144 [cm-1]
     freq (    9) =      64.010259 [THz] =    2135.152396 [cm-1]
     freq (   10) =      64.671385 [THz] =    2157.205207 [cm-1]
     freq (   11) =      65.421038 [THz] =    2182.210947 [cm-1]
     freq (   12) =      66.266797 [THz] =    2210.422433 [cm-1]
 **************************************************************************

     Mode symmetry, C_1 (1)     point group:

     freq (   1-   1) =       -830.8  [cm-1]   --> A                  
     freq (   2-   2) =       -502.8  [cm-1]   --> A                  
     freq (   3-   3) =       -404.5  [cm-1]   --> A                  
     freq (   4-   4) =        235.4  [cm-1]   --> A                  
     freq (   5-   5) =        242.5  [cm-1]   --> A                  
     freq (   6-   6) =        687.6  [cm-1]   --> A                  
     freq (   7-   7) =       1075.2  [cm-1]   --> A                  
     freq (   8-   8) =       1189.0  [cm-1]   --> A                  
     freq (   9-   9) =       2135.2  [cm-1]   --> A                  
     freq (  10-  10) =       2157.2  [cm-1]   --> A                  
     freq (  11-  11) =       2182.2  [cm-1]   --> A                  
     freq (  12-  12) =       2210.4  [cm-1]   --> A                  

     Calculation of q =    0.0002133  -0.6946472  -0.0001873

     Parallelization info
     --------------------
     sticks:   dense  smooth     PW     G-vecs:    dense   smooth      PW
     Min         388     192     72                 8040     2840     658
     Max         389     193     73                 8043     2841     659
     Sum         777     385    145                16083     5681    1317


     Title: 
     Phonons for 01_HfH3_Top1                                                   


     bravais-lattice index     =            0
     lattice parameter (alat)  =       6.8677  a.u.
     unit-cell volume          =     119.0868 (a.u.)^3
     number of atoms/cell      =            4
     number of atomic types    =            2
     number of electrons       =        39.00
     number of Kohn-Sham states=           24
     kinetic-energy cutoff     =      50.0000  Ry
     charge density cutoff     =     400.0000  Ry
     Exchange-correlation= PBE
                           (   1   4   3   4   0   0   0)

     celldm(1)=   6.867718  celldm(2)=   0.000000  celldm(3)=   0.000000
     celldm(4)=   0.000000  celldm(5)=   0.000000  celldm(6)=   0.000000

     crystal axes: (cart. coord. in units of alat)
               a(1) = (   0.719498   0.000221  -0.000371 )  
               a(2) = (   0.002206   0.719790   0.000201 )  
               a(3) = (   0.000365  -0.000191   0.709890 )  

     reciprocal axes: (cart. coord. in units 2 pi/alat)
               b(1) = (  1.389859 -0.004259 -0.000716 )  
               b(2) = ( -0.000427  1.389294  0.000375 )  
               b(3) = (  0.000727 -0.000396  1.408669 )  


     PseudoPot. # 1 for Hf read from file:
     /home/marco/ZOS_Cloud_Compute/pseudo/Hf.UPF
     MD5 check sum: 054ab3954715fe03e42536d2af1a941a
     Pseudo is Projector augmented-wave + core cor, Zval = 36.0
     Generated using "atomic" code by A. Dal Corso  v.5.1.2
     Shape of augmentation charge: PSQ
     Using radial grid of 1271 points,  8 beta functions with: 
                l(1) =   0
                l(2) =   0
                l(3) =   1
                l(4) =   1
                l(5) =   2
                l(6) =   2
                l(7) =   3
                l(8) =   3
     Q(r) pseudized with 0 coefficients 


     PseudoPot. # 2 for H  read from file:
     /home/marco/ZOS_Cloud_Compute/pseudo/H.UPF
     MD5 check sum: 850d63dcbcc06c5de8b44e0ab9f952da
     Pseudo is Projector augmented-wave, Zval =  1.0
     Generated using "atomic" code by A. Dal Corso  v.5.1.2
     Shape of augmentation charge: PSQ
     Using radial grid of  929 points,  2 beta functions with: 
                l(1) =   0
                l(2) =   0
     Q(r) pseudized with 0 coefficients 


     atomic species   valence    mass     pseudopotential
        Hf            36.00   178.49000     Hf( 1.00)
        H              1.00     1.00800     H ( 1.00)

     No symmetry found



   Cartesian axes

     site n.     atom                  positions (alat units)
         1           Hf  tau(   1) = (   0.1622415   0.4830964   0.1271085  )
         2           H   tau(   2) = (   0.5163459   0.1187615   0.1264908  )
         3           H   tau(   3) = (   0.4955668   0.4255692   0.4818392  )
         4           H   tau(   4) = (   0.1054813   0.0958217   0.4819530  )

     number of k points=    16  Methfessel-Paxton smearing, width (Ry)=  0.0200
                       cart. coord. in units 2pi/alat
        k(    1) = (   0.0000000   0.0000000   0.0000000), wk =   0.2500000
        k(    2) = (   0.0002133  -0.6946472  -0.0001873), wk =   0.0000000
        k(    3) = (  -0.0003635   0.0001979  -0.7043345), wk =   0.2500000
        k(    4) = (  -0.0001502  -0.6944494  -0.7045218), wk =   0.0000000
        k(    5) = (  -0.0001502  -0.6944494  -0.7045218), wk =   0.2500000
        k(    6) = (   0.0000631  -1.3890966  -0.7047092), wk =   0.0000000
        k(    7) = (  -0.6950798  -0.6923201  -0.7041636), wk =   0.2500000
        k(    8) = (  -0.6948666  -1.3869673  -0.7043509), wk =   0.0000000
        k(    9) = (  -0.6949296   0.0021293   0.0003582), wk =   0.2500000
        k(   10) = (  -0.6947163  -0.6925180   0.0001709), wk =   0.0000000
        k(   11) = (   0.0002133  -0.6946472  -0.0001873), wk =   0.2500000
        k(   12) = (   0.0004266  -1.3892945  -0.0003747), wk =   0.0000000
        k(   13) = (  -0.6945661   0.0019314   0.7046927), wk =   0.2500000
        k(   14) = (  -0.6943528  -0.6927158   0.7045054), wk =   0.0000000
        k(   15) = (  -0.6951429   0.6967765   0.0005456), wk =   0.2500000
        k(   16) = (  -0.6949296   0.0021293   0.0003582), wk =   0.0000000

     Dense  grid:    16083 G-vectors     FFT dimensions: (  32,  32,  32)

     Smooth grid:     5681 G-vectors     FFT dimensions: (  24,  24,  24)

     Estimated max dynamical RAM per process >      79.34 MB

     Estimated total dynamical RAM >     158.68 MB

     Check: negative core charge=   -0.000006

     The potential is recalculated from file :
     ./tmp/_ph0/01_HfH3_Top1.save/charge-density

     Starting wfcs are   25 atomic wfcs
     Checking if some PAW data can be deallocated... 

     Band Structure Calculation
     Davidson diagonalization with overlap

     ethr =  2.56E-11,  avg # of iterations = 11.6

     total cpu time spent up to now is        9.3 secs

     End of band structure calculation

          k = 0.0000 0.0000 0.0000 (   739 PWs)   bands (ev):

  -153.8292-152.7489-150.5820-150.3520-149.4375 -34.2412  -2.0151  -1.9996
    -1.8156  11.3349  11.3387  11.3421  11.3473  11.3671  11.3688  11.3733
    12.4762  20.8806  20.9915  35.8400  35.8746  36.1228  36.2690  37.2651

          k = 0.0002-0.6946-0.0002 (   708 PWs)   bands (ev):

  -149.1404-148.5958-147.5559-145.1900-145.1811 -33.9968  -4.8951  -1.7239
    -1.5437  11.3168  11.4480  11.4595  11.5386  11.5463  11.5481  11.6481
    17.8113  19.8081  25.0001  27.4562  29.5224  29.6054  37.1953  39.8674

          k =-0.0004 0.0002-0.7043 (   706 PWs)   bands (ev):

  -148.5509-148.2770-148.0254-145.4891-144.0228 -33.9634  -4.9262  -1.6940
    -1.6886  11.3502  11.4431  11.4447  11.5541  11.5636  11.5668  11.6525
    17.5723  20.0818  25.2143  26.4225  29.2536  30.7929  36.9757  40.6028

          k =-0.0002-0.6944-0.7045 (   708 PWs)   bands (ev):

  -149.4388-149.3274-147.1745-146.7778-143.0807 -33.7345  -4.3329  -4.2454
    -1.4338  11.3720  11.3873  11.3881  11.4969  11.5813  11.6110  11.6507
    16.2332  23.8063  24.4704  25.1952  30.6621  30.6861  40.2763  40.6199

          k =-0.0002-0.6944-0.7045 (   708 PWs)   bands (ev):

  -149.4388-149.3274-147.1745-146.7778-143.0807 -33.7345  -4.3329  -4.2454
    -1.4338  11.3720  11.3873  11.3881  11.4969  11.5813  11.6110  11.6507
    16.2332  23.8063  24.4704  25.1952  30.6621  30.6861  40.2763  40.6199

          k = 0.0001-1.3891-0.7047 (   706 PWs)   bands (ev):

  -148.5509-148.2770-148.0254-145.4891-144.0228 -33.9634  -4.9262  -1.6940
    -1.6886  11.3502  11.4431  11.4447  11.5541  11.5636  11.5668  11.6525
    17.5723  20.0818  25.2143  26.4225  29.2536  30.7929  36.9757  40.6028

          k =-0.6951-0.6923-0.7042 (   692 PWs)   bands (ev):

  -146.8770-145.8372-145.0071-144.8328-143.7508 -33.5179  -3.8091  -3.7186
    -3.6979  11.4810  11.5248  11.5592  11.5697  11.5719  11.5755  11.6980
    17.9394  18.1529  18.3264  29.1293  39.2135  39.2974  39.5411  40.9244

          k =-0.6949-1.3870-0.7044 (   708 PWs)   bands (ev):

  -149.4073-149.3272-147.2090-146.7631-143.1047 -33.7336  -4.3320  -4.2505
    -1.4339  11.3717  11.3889  11.3892  11.4961  11.5839  11.6092  11.6467
    16.2461  23.8071  24.4520  25.1978  30.6521  30.6717  40.2827  40.6279

          k =-0.6949 0.0021 0.0004 (   708 PWs)   bands (ev):

  -149.1147-148.6241-147.5500-145.2199-145.1531 -33.9958  -4.8990  -1.7246
    -1.5429  11.3174  11.4474  11.4572  11.5414  11.5470  11.5504  11.6449
    17.8093  19.8040  25.0102  27.4360  29.5227  29.6207  37.1894  39.9013

          k =-0.6947-0.6925 0.0002 (   712 PWs)   bands (ev):

  -150.0838-148.5151-147.5751-147.2878-144.3572 -33.7666  -4.2842  -4.2780
    -1.2923  11.3706  11.3738  11.4315  11.5308  11.5430  11.5751  11.5932
    15.7866  24.1332  24.3315  25.7175  31.0888  31.1025  40.1143  40.2478

          k = 0.0002-0.6946-0.0002 (   708 PWs)   bands (ev):

  -149.1404-148.5958-147.5559-145.1900-145.1811 -33.9968  -4.8951  -1.7239
    -1.5437  11.3168  11.4480  11.4595  11.5386  11.5463  11.5481  11.6481
    17.8113  19.8081  25.0001  27.4562  29.5224  29.6054  37.1953  39.8674

          k = 0.0004-1.3893-0.0004 (   739 PWs)   bands (ev):

  -153.8292-152.7489-150.5820-150.3520-149.4375 -34.2412  -2.0151  -1.9996
    -1.8156  11.3349  11.3387  11.3421  11.3473  11.3671  11.3688  11.3733
    12.4762  20.8806  20.9915  35.8400  35.8746  36.1228  36.2690  37.2651

          k =-0.6946 0.0019 0.7047 (   708 PWs)   bands (ev):

  -149.4073-149.3272-147.2090-146.7631-143.1047 -33.7336  -4.3320  -4.2505
    -1.4339  11.3717  11.3889  11.3892  11.4961  11.5839  11.6092  11.6467
    16.2461  23.8071  24.4520  25.1978  30.6521  30.6717  40.2827  40.6279

          k =-0.6944-0.6927 0.7045 (   692 PWs)   bands (ev):

  -146.8770-145.8372-145.0071-144.8328-143.7508 -33.5179  -3.8091  -3.7186
    -3.6979  11.4810  11.5248  11.5592  11.5697  11.5719  11.5755  11.6980
    17.9394  18.1529  18.3264  29.1293  39.2135  39.2974  39.5411  40.9244

          k =-0.6951 0.6968 0.0005 (   712 PWs)   bands (ev):

  -150.0838-148.5151-147.5751-147.2878-144.3572 -33.7666  -4.2842  -4.2780
    -1.2923  11.3706  11.3738  11.4315  11.5308  11.5430  11.5751  11.5932
    15.7866  24.1332  24.3315  25.7175  31.0888  31.1025  40.1143  40.2478

          k =-0.6949 0.0021 0.0004 (   708 PWs)   bands (ev):

  -149.1147-148.6241-147.5500-145.2199-145.1531 -33.9958  -4.8990  -1.7246
    -1.5429  11.3174  11.4474  11.4572  11.5414  11.5470  11.5504  11.6449
    17.8093  19.8040  25.0102  27.4360  29.5227  29.6207  37.1894  39.9013

     the Fermi energy is    27.2162 ev

     Writing output data file ./tmp/_ph0/01_HfH3_Top1.save/

     Phonons for 01_HfH3_Top1                                                   

     bravais-lattice index     =            0
     lattice parameter (alat)  =       6.8677  a.u.
     unit-cell volume          =     119.0868 (a.u.)^3
     number of atoms/cell      =            4
     number of atomic types    =            2
     kinetic-energy cut-off    =      50.0000  Ry
     charge density cut-off    =     400.0000  Ry
     convergence threshold     =      1.0E-14
     beta                      =       0.7000
     number of iterations used =            4
     Exchange-correlation= PBE
                           (   1   4   3   4   0   0   0)


     celldm(1)=    6.86772  celldm(2)=    0.00000  celldm(3)=    0.00000
     celldm(4)=    0.00000  celldm(5)=    0.00000  celldm(6)=    0.00000

     crystal axes: (cart. coord. in units of alat)
               a(1) = (  0.7195  0.0002 -0.0004 )  
               a(2) = (  0.0022  0.7198  0.0002 )  
               a(3) = (  0.0004 -0.0002  0.7099 )  

     reciprocal axes: (cart. coord. in units 2 pi/alat)
               b(1) = (  1.3899 -0.0043 -0.0007 )  
               b(2) = ( -0.0004  1.3893  0.0004 )  
               b(3) = (  0.0007 -0.0004  1.4087 )  


     Atoms inside the unit cell: 

     Cartesian axes

     site n.  atom      mass           positions (alat units)
        1     Hf 178.4900   tau(    1) = (    0.16224    0.48310    0.12711  )
        2     H    1.0080   tau(    2) = (    0.51635    0.11876    0.12649  )
        3     H    1.0080   tau(    3) = (    0.49557    0.42557    0.48184  )
        4     H    1.0080   tau(    4) = (    0.10548    0.09582    0.48195  )

     Computing dynamical matrix for 
                    q = (   0.0002133  -0.6946472  -0.0001873 )

      2 Sym.Ops. (with q -> -q+G )


     G cutoff =  477.8870  (   8043 G-vectors)     FFT grid: ( 32, 32, 32)
     G cutoff =  238.9435  (   2840 G-vectors)  smooth grid: ( 24, 24, 24)

     number of k points=    16  Methfessel-Paxton smearing, width (Ry)=  0.0200

     PseudoPot. # 1 for Hf read from file:
     /home/marco/ZOS_Cloud_Compute/pseudo/Hf.UPF
     MD5 check sum: 054ab3954715fe03e42536d2af1a941a
     Pseudo is Projector augmented-wave + core cor, Zval = 36.0
     Generated using "atomic" code by A. Dal Corso  v.5.1.2
     Shape of augmentation charge: PSQ
     Using radial grid of 1271 points,  8 beta functions with: 
                l(1) =   0
                l(2) =   0
                l(3) =   1
                l(4) =   1
                l(5) =   2
                l(6) =   2
                l(7) =   3
                l(8) =   3
     Q(r) pseudized with 0 coefficients 


     PseudoPot. # 2 for H  read from file:
     /home/marco/ZOS_Cloud_Compute/pseudo/H.UPF
     MD5 check sum: 850d63dcbcc06c5de8b44e0ab9f952da
     Pseudo is Projector augmented-wave, Zval =  1.0
     Generated using "atomic" code by A. Dal Corso  v.5.1.2
     Shape of augmentation charge: PSQ
     Using radial grid of  929 points,  2 beta functions with: 
                l(1) =   0
                l(2) =   0
     Q(r) pseudized with 0 coefficients 


     Mode symmetry, C_1 (1)     point group:


     Atomic displacements:
     There are   12 irreducible representations

     Representation     1      1 modes -  To be done

     Representation     2      1 modes -  To be done

     Representation     3      1 modes -  To be done

     Representation     4      1 modes -  To be done

     Representation     5      1 modes -  To be done

     Representation     6      1 modes -  To be done

     Representation     7      1 modes -  To be done

     Representation     8      1 modes -  To be done

     Representation     9      1 modes -  To be done

     Representation    10      1 modes -  To be done

     Representation    11      1 modes -  To be done

     Representation    12      1 modes -  To be done



     Alpha used in Ewald sum =   2.8000
     PHONON       :  12m40.62s CPU  14m46.43s WALL



     Representation #   1 mode #   1

     Self-consistent Calculation

      iter #   1 total cpu time :   890.8 secs   av.it.:  10.4
      thresh= 1.000E-02 alpha_mix =  0.700 |ddv_scf|^2 =  1.491E-03

      iter #   2 total cpu time :   895.1 secs   av.it.:  12.6
      thresh= 3.861E-03 alpha_mix =  0.700 |ddv_scf|^2 =  1.059E-04

      iter #   3 total cpu time :   899.5 secs   av.it.:  12.8
      thresh= 1.029E-03 alpha_mix =  0.700 |ddv_scf|^2 =  4.277E-06

      iter #   4 total cpu time :   904.0 secs   av.it.:  13.4
      thresh= 2.068E-04 alpha_mix =  0.700 |ddv_scf|^2 =  7.082E-06

      iter #   5 total cpu time :   908.2 secs   av.it.:  11.6
      thresh= 2.661E-04 alpha_mix =  0.700 |ddv_scf|^2 =  6.267E-08

      iter #   6 total cpu time :   912.7 secs   av.it.:  12.9
      thresh= 2.503E-05 alpha_mix =  0.700 |ddv_scf|^2 =  1.047E-08

      iter #   7 total cpu time :   917.0 secs   av.it.:  12.5
      thresh= 1.023E-05 alpha_mix =  0.700 |ddv_scf|^2 =  2.985E-10

      iter #   8 total cpu time :   921.6 secs   av.it.:  13.8
      thresh= 1.728E-06 alpha_mix =  0.700 |ddv_scf|^2 =  6.152E-11

      iter #   9 total cpu time :   926.0 secs   av.it.:  13.0
      thresh= 7.844E-07 alpha_mix =  0.700 |ddv_scf|^2 =  2.725E-13

      iter #  10 total cpu time :   930.5 secs   av.it.:  14.5
      thresh= 5.220E-08 alpha_mix =  0.700 |ddv_scf|^2 =  1.471E-13

      iter #  11 total cpu time :   934.9 secs   av.it.:  12.6
      thresh= 3.835E-08 alpha_mix =  0.700 |ddv_scf|^2 =  8.313E-14

      iter #  12 total cpu time :   939.3 secs   av.it.:  11.6
      thresh= 2.883E-08 alpha_mix =  0.700 |ddv_scf|^2 =  7.135E-16

     End of self-consistent calculation

     Convergence has been achieved 


     Representation #   2 mode #   2

     Self-consistent Calculation

      iter #   1 total cpu time :   943.8 secs   av.it.:  11.8
      thresh= 1.000E-02 alpha_mix =  0.700 |ddv_scf|^2 =  2.959E-02

      iter #   2 total cpu time :   948.2 secs   av.it.:  13.1
      thresh= 1.000E-02 alpha_mix =  0.700 |ddv_scf|^2 =  1.006E-01

      iter #   3 total cpu time :   952.7 secs   av.it.:  12.1
      thresh= 1.000E-02 alpha_mix =  0.700 |ddv_scf|^2 =  4.157E-04

      iter #   4 total cpu time :   957.1 secs   av.it.:  11.6
      thresh= 2.039E-03 alpha_mix =  0.700 |ddv_scf|^2 =  6.773E-05

      iter #   5 total cpu time :   961.4 secs   av.it.:  12.0
      thresh= 8.230E-04 alpha_mix =  0.700 |ddv_scf|^2 =  1.668E-07

      iter #   6 total cpu time :   966.0 secs   av.it.:  15.1
      thresh= 4.084E-05 alpha_mix =  0.700 |ddv_scf|^2 =  2.805E-08

      iter #   7 total cpu time :   970.5 secs   av.it.:  13.1
      thresh= 1.675E-05 alpha_mix =  0.700 |ddv_scf|^2 =  2.413E-09

      iter #   8 total cpu time :   974.9 secs   av.it.:  13.2
      thresh= 4.912E-06 alpha_mix =  0.700 |ddv_scf|^2 =  4.044E-11

      iter #   9 total cpu time :   979.4 secs   av.it.:  13.4
      thresh= 6.359E-07 alpha_mix =  0.700 |ddv_scf|^2 =  2.572E-12

      iter #  10 total cpu time :   983.8 secs   av.it.:  12.8
      thresh= 1.604E-07 alpha_mix =  0.700 |ddv_scf|^2 =  6.806E-13

      iter #  11 total cpu time :   988.2 secs   av.it.:  12.5
      thresh= 8.250E-08 alpha_mix =  0.700 |ddv_scf|^2 =  4.327E-13

      iter #  12 total cpu time :   992.6 secs   av.it.:  12.4
      thresh= 6.578E-08 alpha_mix =  0.700 |ddv_scf|^2 =  4.564E-15

     End of self-consistent calculation

     Convergence has been achieved 


     Representation #   3 mode #   3

     Self-consistent Calculation

      iter #   1 total cpu time :   997.0 secs   av.it.:  10.1
      thresh= 1.000E-02 alpha_mix =  0.700 |ddv_scf|^2 =  1.418E-03

      iter #   2 total cpu time :  1001.3 secs   av.it.:  12.2
      thresh= 3.766E-03 alpha_mix =  0.700 |ddv_scf|^2 =  8.297E-05

      iter #   3 total cpu time :  1005.8 secs   av.it.:  13.0
      thresh= 9.109E-04 alpha_mix =  0.700 |ddv_scf|^2 =  5.944E-07

      iter #   4 total cpu time :  1010.4 secs   av.it.:  14.8
      thresh= 7.710E-05 alpha_mix =  0.700 |ddv_scf|^2 =  7.191E-08

      iter #   5 total cpu time :  1014.7 secs   av.it.:  11.9
      thresh= 2.682E-05 alpha_mix =  0.700 |ddv_scf|^2 =  2.444E-08

      iter #   6 total cpu time :  1019.0 secs   av.it.:  12.0
      thresh= 1.563E-05 alpha_mix =  0.700 |ddv_scf|^2 =  1.057E-09

      iter #   7 total cpu time :  1023.5 secs   av.it.:  12.5
      thresh= 3.251E-06 alpha_mix =  0.700 |ddv_scf|^2 =  8.009E-10

      iter #   8 total cpu time :  1027.8 secs   av.it.:  11.8
      thresh= 2.830E-06 alpha_mix =  0.700 |ddv_scf|^2 =  3.989E-13

      iter #   9 total cpu time :  1032.4 secs   av.it.:  14.6
      thresh= 6.316E-08 alpha_mix =  0.700 |ddv_scf|^2 =  1.829E-14

      iter #  10 total cpu time :  1037.1 secs   av.it.:  15.4
      thresh= 1.352E-08 alpha_mix =  0.700 |ddv_scf|^2 =  5.761E-15

     End of self-consistent calculation

     Convergence has been achieved 


     Representation #   4 mode #   4

     Self-consistent Calculation

      iter #   1 total cpu time :  1040.9 secs   av.it.:   3.9
      thresh= 1.000E-02 alpha_mix =  0.700 |ddv_scf|^2 =  1.907E-07

      iter #   2 total cpu time :  1045.3 secs   av.it.:  12.1
      thresh= 4.367E-05 alpha_mix =  0.700 |ddv_scf|^2 =  5.598E-08

      iter #   3 total cpu time :  1049.6 secs   av.it.:  12.0
      thresh= 2.366E-05 alpha_mix =  0.700 |ddv_scf|^2 =  7.356E-08

      iter #   4 total cpu time :  1053.9 secs   av.it.:  10.6
      thresh= 2.712E-05 alpha_mix =  0.700 |ddv_scf|^2 =  7.277E-11

      iter #   5 total cpu time :  1058.4 secs   av.it.:  13.5
      thresh= 8.531E-07 alpha_mix =  0.700 |ddv_scf|^2 =  5.779E-11

      iter #   6 total cpu time :  1062.8 secs   av.it.:  11.2
      thresh= 7.602E-07 alpha_mix =  0.700 |ddv_scf|^2 =  2.745E-12

      iter #   7 total cpu time :  1067.2 secs   av.it.:  12.8
      thresh= 1.657E-07 alpha_mix =  0.700 |ddv_scf|^2 =  9.577E-14

      iter #   8 total cpu time :  1071.6 secs   av.it.:  13.0
      thresh= 3.095E-08 alpha_mix =  0.700 |ddv_scf|^2 =  5.641E-15

     End of self-consistent calculation

     Convergence has been achieved 


     Representation #   5 mode #   5

     Self-consistent Calculation

      iter #   1 total cpu time :  1075.4 secs   av.it.:   4.0
      thresh= 1.000E-02 alpha_mix =  0.700 |ddv_scf|^2 =  1.243E-05

      iter #   2 total cpu time :  1079.6 secs   av.it.:  10.6
      thresh= 3.526E-04 alpha_mix =  0.700 |ddv_scf|^2 =  3.718E-05

      iter #   3 total cpu time :  1083.8 secs   av.it.:   9.8
      thresh= 6.097E-04 alpha_mix =  0.700 |ddv_scf|^2 =  1.991E-07

      iter #   4 total cpu time :  1088.1 secs   av.it.:  11.5
      thresh= 4.462E-05 alpha_mix =  0.700 |ddv_scf|^2 =  1.054E-08

      iter #   5 total cpu time :  1092.5 secs   av.it.:  11.9
      thresh= 1.026E-05 alpha_mix =  0.700 |ddv_scf|^2 =  1.992E-10

      iter #   6 total cpu time :  1096.8 secs   av.it.:  13.0
      thresh= 1.411E-06 alpha_mix =  0.700 |ddv_scf|^2 =  2.108E-11

      iter #   7 total cpu time :  1101.3 secs   av.it.:  12.4
      thresh= 4.591E-07 alpha_mix =  0.700 |ddv_scf|^2 =  1.461E-12

      iter #   8 total cpu time :  1105.6 secs   av.it.:  12.6
      thresh= 1.209E-07 alpha_mix =  0.700 |ddv_scf|^2 =  1.220E-14

      iter #   9 total cpu time :  1110.1 secs   av.it.:  13.1
      thresh= 1.104E-08 alpha_mix =  0.700 |ddv_scf|^2 =  6.649E-16

     End of self-consistent calculation

     Convergence has been achieved 


     Representation #   6 mode #   6

     Self-consistent Calculation

      iter #   1 total cpu time :  1113.9 secs   av.it.:   3.4
      thresh= 1.000E-02 alpha_mix =  0.700 |ddv_scf|^2 =  1.262E-07

      iter #   2 total cpu time :  1118.1 secs   av.it.:  10.9
      thresh= 3.552E-05 alpha_mix =  0.700 |ddv_scf|^2 =  1.626E-09

      iter #   3 total cpu time :  1122.5 secs   av.it.:  12.4
      thresh= 4.033E-06 alpha_mix =  0.700 |ddv_scf|^2 =  1.380E-10

      iter #   4 total cpu time :  1127.0 secs   av.it.:  13.5
      thresh= 1.175E-06 alpha_mix =  0.700 |ddv_scf|^2 =  3.199E-10

      iter #   5 total cpu time :  1131.3 secs   av.it.:  11.0
      thresh= 1.788E-06 alpha_mix =  0.700 |ddv_scf|^2 =  5.557E-13

      iter #   6 total cpu time :  1135.9 secs   av.it.:  14.4
      thresh= 7.455E-08 alpha_mix =  0.700 |ddv_scf|^2 =  1.447E-13

      iter #   7 total cpu time :  1140.3 secs   av.it.:  12.8
      thresh= 3.804E-08 alpha_mix =  0.700 |ddv_scf|^2 =  2.478E-14

      iter #   8 total cpu time :  1144.8 secs   av.it.:  13.0
      thresh= 1.574E-08 alpha_mix =  0.700 |ddv_scf|^2 =  2.965E-16

     End of self-consistent calculation

     Convergence has been achieved 


     Representation #   7 mode #   7

     Self-consistent Calculation

      iter #   1 total cpu time :  1148.7 secs   av.it.:   4.6
      thresh= 1.000E-02 alpha_mix =  0.700 |ddv_scf|^2 =  4.183E-07

      iter #   2 total cpu time :  1153.2 secs   av.it.:  12.6
      thresh= 6.468E-05 alpha_mix =  0.700 |ddv_scf|^2 =  6.005E-07

      iter #   3 total cpu time :  1157.5 secs   av.it.:  10.8
      thresh= 7.749E-05 alpha_mix =  0.700 |ddv_scf|^2 =  5.702E-08

      iter #   4 total cpu time :  1161.9 secs   av.it.:  12.2
      thresh= 2.388E-05 alpha_mix =  0.700 |ddv_scf|^2 =  1.086E-09

      iter #   5 total cpu time :  1166.3 secs   av.it.:  13.1
      thresh= 3.296E-06 alpha_mix =  0.700 |ddv_scf|^2 =  4.688E-10

      iter #   6 total cpu time :  1170.6 secs   av.it.:  11.5
      thresh= 2.165E-06 alpha_mix =  0.700 |ddv_scf|^2 =  1.510E-11

      iter #   7 total cpu time :  1175.1 secs   av.it.:  13.6
      thresh= 3.886E-07 alpha_mix =  0.700 |ddv_scf|^2 =  2.757E-12

      iter #   8 total cpu time :  1179.5 secs   av.it.:  13.0
      thresh= 1.660E-07 alpha_mix =  0.700 |ddv_scf|^2 =  8.529E-14

      iter #   9 total cpu time :  1184.1 secs   av.it.:  13.2
      thresh= 2.921E-08 alpha_mix =  0.700 |ddv_scf|^2 =  7.213E-14

      iter #  10 total cpu time :  1188.4 secs   av.it.:  11.6
      thresh= 2.686E-08 alpha_mix =  0.700 |ddv_scf|^2 =  2.847E-15

     End of self-consistent calculation

     Convergence has been achieved 


     Representation #   8 mode #   8

     Self-consistent Calculation

      iter #   1 total cpu time :  1192.3 secs   av.it.:   5.0
      thresh= 1.000E-02 alpha_mix =  0.700 |ddv_scf|^2 =  1.291E-05

      iter #   2 total cpu time :  1196.6 secs   av.it.:  11.8
      thresh= 3.593E-04 alpha_mix =  0.700 |ddv_scf|^2 =  3.317E-05

      iter #   3 total cpu time :  1200.9 secs   av.it.:  10.5
      thresh= 5.759E-04 alpha_mix =  0.700 |ddv_scf|^2 =  1.903E-07

      iter #   4 total cpu time :  1205.1 secs   av.it.:  11.0
      thresh= 4.362E-05 alpha_mix =  0.700 |ddv_scf|^2 =  1.152E-08

      iter #   5 total cpu time :  1209.6 secs   av.it.:  12.2
      thresh= 1.073E-05 alpha_mix =  0.700 |ddv_scf|^2 =  2.098E-10

      iter #   6 total cpu time :  1214.0 secs   av.it.:  12.9
      thresh= 1.448E-06 alpha_mix =  0.700 |ddv_scf|^2 =  1.387E-11

      iter #   7 total cpu time :  1218.5 secs   av.it.:  13.1
      thresh= 3.724E-07 alpha_mix =  0.700 |ddv_scf|^2 =  3.034E-13

      iter #   8 total cpu time :  1223.0 secs   av.it.:  13.4
      thresh= 5.508E-08 alpha_mix =  0.700 |ddv_scf|^2 =  3.499E-14

      iter #   9 total cpu time :  1227.4 secs   av.it.:  12.6
      thresh= 1.871E-08 alpha_mix =  0.700 |ddv_scf|^2 =  1.415E-14

      iter #  10 total cpu time :  1231.7 secs   av.it.:  11.6
      thresh= 1.190E-08 alpha_mix =  0.700 |ddv_scf|^2 =  1.670E-15

     End of self-consistent calculation

     Convergence has been achieved 


     Representation #   9 mode #   9

     Self-consistent Calculation

      iter #   1 total cpu time :  1235.6 secs   av.it.:   4.5
      thresh= 1.000E-02 alpha_mix =  0.700 |ddv_scf|^2 =  1.974E-07

      iter #   2 total cpu time :  1240.0 secs   av.it.:  12.8
      thresh= 4.443E-05 alpha_mix =  0.700 |ddv_scf|^2 =  5.676E-09

      iter #   3 total cpu time :  1244.5 secs   av.it.:  13.8
      thresh= 7.534E-06 alpha_mix =  0.700 |ddv_scf|^2 =  3.489E-10

      iter #   4 total cpu time :  1249.0 secs   av.it.:  13.4
      thresh= 1.868E-06 alpha_mix =  0.700 |ddv_scf|^2 =  1.253E-10

      iter #   5 total cpu time :  1253.4 secs   av.it.:  11.6
      thresh= 1.119E-06 alpha_mix =  0.700 |ddv_scf|^2 =  1.433E-11

      iter #   6 total cpu time :  1257.8 secs   av.it.:  12.2
      thresh= 3.786E-07 alpha_mix =  0.700 |ddv_scf|^2 =  4.411E-14

      iter #   7 total cpu time :  1262.4 secs   av.it.:  14.4
      thresh= 2.100E-08 alpha_mix =  0.700 |ddv_scf|^2 =  7.088E-14

      iter #   8 total cpu time :  1266.7 secs   av.it.:  11.5
      thresh= 2.662E-08 alpha_mix =  0.700 |ddv_scf|^2 =  5.186E-16

     End of self-consistent calculation

     Convergence has been achieved 


     Representation #  10 mode #  10

     Self-consistent Calculation

      iter #   1 total cpu time :  1270.5 secs   av.it.:   3.9
      thresh= 1.000E-02 alpha_mix =  0.700 |ddv_scf|^2 =  1.631E-07

      iter #   2 total cpu time :  1274.9 secs   av.it.:  11.9
      thresh= 4.039E-05 alpha_mix =  0.700 |ddv_scf|^2 =  5.203E-08

      iter #   3 total cpu time :  1279.3 secs   av.it.:  11.8
      thresh= 2.281E-05 alpha_mix =  0.700 |ddv_scf|^2 =  6.169E-08

      iter #   4 total cpu time :  1283.5 secs   av.it.:  10.6
      thresh= 2.484E-05 alpha_mix =  0.700 |ddv_scf|^2 =  3.756E-10

      iter #   5 total cpu time :  1287.9 secs   av.it.:  12.8
      thresh= 1.938E-06 alpha_mix =  0.700 |ddv_scf|^2 =  2.448E-10

      iter #   6 total cpu time :  1292.2 secs   av.it.:  10.8
      thresh= 1.565E-06 alpha_mix =  0.700 |ddv_scf|^2 =  9.937E-13

      iter #   7 total cpu time :  1296.7 secs   av.it.:  13.9
      thresh= 9.969E-08 alpha_mix =  0.700 |ddv_scf|^2 =  6.672E-14

      iter #   8 total cpu time :  1301.2 secs   av.it.:  13.9
      thresh= 2.583E-08 alpha_mix =  0.700 |ddv_scf|^2 =  9.284E-15

     End of self-consistent calculation

     Convergence has been achieved 


     Representation #  11 mode #  11

     Self-consistent Calculation

      iter #   1 total cpu time :  1305.1 secs   av.it.:   4.8
      thresh= 1.000E-02 alpha_mix =  0.700 |ddv_scf|^2 =  1.627E-05

      iter #   2 total cpu time :  1309.4 secs   av.it.:  11.2
      thresh= 4.033E-04 alpha_mix =  0.700 |ddv_scf|^2 =  5.275E-05

      iter #   3 total cpu time :  1313.7 secs   av.it.:   9.9
      thresh= 7.263E-04 alpha_mix =  0.700 |ddv_scf|^2 =  2.001E-07

      iter #   4 total cpu time :  1318.0 secs   av.it.:  11.4
      thresh= 4.474E-05 alpha_mix =  0.700 |ddv_scf|^2 =  6.017E-09

      iter #   5 total cpu time :  1322.4 secs   av.it.:  12.5
      thresh= 7.757E-06 alpha_mix =  0.700 |ddv_scf|^2 =  3.080E-10

      iter #   6 total cpu time :  1326.8 secs   av.it.:  12.8
      thresh= 1.755E-06 alpha_mix =  0.700 |ddv_scf|^2 =  9.507E-12

      iter #   7 total cpu time :  1331.3 secs   av.it.:  13.0
      thresh= 3.083E-07 alpha_mix =  0.700 |ddv_scf|^2 =  1.047E-12

      iter #   8 total cpu time :  1335.7 secs   av.it.:  12.8
      thresh= 1.023E-07 alpha_mix =  0.700 |ddv_scf|^2 =  1.029E-14

      iter #   9 total cpu time :  1340.3 secs   av.it.:  13.6
      thresh= 1.015E-08 alpha_mix =  0.700 |ddv_scf|^2 =  5.111E-16

     End of self-consistent calculation

     Convergence has been achieved 


     Representation #  12 mode #  12

     Self-consistent Calculation

      iter #   1 total cpu time :  1344.1 secs   av.it.:   4.2
      thresh= 1.000E-02 alpha_mix =  0.700 |ddv_scf|^2 =  1.849E-07

      iter #   2 total cpu time :  1348.4 secs   av.it.:  11.6
      thresh= 4.300E-05 alpha_mix =  0.700 |ddv_scf|^2 =  1.088E-09

      iter #   3 total cpu time :  1352.9 secs   av.it.:  13.4
      thresh= 3.299E-06 alpha_mix =  0.700 |ddv_scf|^2 =  9.226E-11

      iter #   4 total cpu time :  1357.5 secs   av.it.:  13.9
      thresh= 9.605E-07 alpha_mix =  0.700 |ddv_scf|^2 =  3.676E-11

      iter #   5 total cpu time :  1361.9 secs   av.it.:  12.6
      thresh= 6.063E-07 alpha_mix =  0.700 |ddv_scf|^2 =  1.643E-11

      iter #   6 total cpu time :  1366.3 secs   av.it.:  12.1
      thresh= 4.053E-07 alpha_mix =  0.700 |ddv_scf|^2 =  1.056E-13

      iter #   7 total cpu time :  1370.9 secs   av.it.:  14.0
      thresh= 3.250E-08 alpha_mix =  0.700 |ddv_scf|^2 =  1.202E-13

      iter #   8 total cpu time :  1375.2 secs   av.it.:  12.2
      thresh= 3.467E-08 alpha_mix =  0.700 |ddv_scf|^2 =  1.810E-15

     End of self-consistent calculation

     Convergence has been achieved 

     Number of q in the star =    1
     List of q in the star:
          1   0.000213294  -0.694647242  -0.000187340

     Diagonalizing the dynamical matrix

     q = (    0.000213294  -0.694647242  -0.000187340 ) 

 **************************************************************************
     freq (    1) =     -19.244519 [THz] =    -641.928049 [cm-1]
     freq (    2) =     -17.673092 [THz] =    -589.510886 [cm-1]
     freq (    3) =      -8.433155 [THz] =    -281.299770 [cm-1]
     freq (    4) =       8.009672 [THz] =     267.173892 [cm-1]
     freq (    5) =       8.311105 [THz] =     277.228608 [cm-1]
     freq (    6) =      16.098568 [THz] =     536.990415 [cm-1]
     freq (    7) =      33.869437 [THz] =    1129.762820 [cm-1]
     freq (    8) =      58.927854 [THz] =    1965.621630 [cm-1]
     freq (    9) =      60.080171 [THz] =    2004.058802 [cm-1]
     freq (   10) =      61.740049 [THz] =    2059.426369 [cm-1]
     freq (   11) =      65.964145 [THz] =    2200.327042 [cm-1]
     freq (   12) =      66.318404 [THz] =    2212.143834 [cm-1]
 **************************************************************************

     Mode symmetry, C_1 (1)     point group:

     freq (   1-   1) =       -641.9  [cm-1]   --> A                  
     freq (   2-   2) =       -589.5  [cm-1]   --> A                  
     freq (   3-   3) =       -281.3  [cm-1]   --> A                  
     freq (   4-   4) =        267.2  [cm-1]   --> A                  
     freq (   5-   5) =        277.2  [cm-1]   --> A                  
     freq (   6-   6) =        537.0  [cm-1]   --> A                  
     freq (   7-   7) =       1129.8  [cm-1]   --> A                  
     freq (   8-   8) =       1965.6  [cm-1]   --> A                  
     freq (   9-   9) =       2004.1  [cm-1]   --> A                  
     freq (  10-  10) =       2059.4  [cm-1]   --> A                  
     freq (  11-  11) =       2200.3  [cm-1]   --> A                  
     freq (  12-  12) =       2212.1  [cm-1]   --> A                  

     Calculation of q =   -0.0001502  -0.6944494  -0.7045218

     Parallelization info
     --------------------
     sticks:   dense  smooth     PW     G-vecs:    dense   smooth      PW
     Min         388     192     76                 8040     2840     707
     Max         389     193     79                 8043     2841     708
     Sum         777     385    155                16083     5681    1415


     Title: 
     Phonons for 01_HfH3_Top1                                                   


     bravais-lattice index     =            0
     lattice parameter (alat)  =       6.8677  a.u.
     unit-cell volume          =     119.0868 (a.u.)^3
     number of atoms/cell      =            4
     number of atomic types    =            2
     number of electrons       =        39.00
     number of Kohn-Sham states=           24
     kinetic-energy cutoff     =      50.0000  Ry
     charge density cutoff     =     400.0000  Ry
     Exchange-correlation= PBE
                           (   1   4   3   4   0   0   0)

     celldm(1)=   6.867718  celldm(2)=   0.000000  celldm(3)=   0.000000
     celldm(4)=   0.000000  celldm(5)=   0.000000  celldm(6)=   0.000000

     crystal axes: (cart. coord. in units of alat)
               a(1) = (   0.719498   0.000221  -0.000371 )  
               a(2) = (   0.002206   0.719790   0.000201 )  
               a(3) = (   0.000365  -0.000191   0.709890 )  

     reciprocal axes: (cart. coord. in units 2 pi/alat)
               b(1) = (  1.389859 -0.004259 -0.000716 )  
               b(2) = ( -0.000427  1.389294  0.000375 )  
               b(3) = (  0.000727 -0.000396  1.408669 )  


     PseudoPot. # 1 for Hf read from file:
     /home/marco/ZOS_Cloud_Compute/pseudo/Hf.UPF
     MD5 check sum: 054ab3954715fe03e42536d2af1a941a
     Pseudo is Projector augmented-wave + core cor, Zval = 36.0
     Generated using "atomic" code by A. Dal Corso  v.5.1.2
     Shape of augmentation charge: PSQ
     Using radial grid of 1271 points,  8 beta functions with: 
                l(1) =   0
                l(2) =   0
                l(3) =   1
                l(4) =   1
                l(5) =   2
                l(6) =   2
                l(7) =   3
                l(8) =   3
     Q(r) pseudized with 0 coefficients 


     PseudoPot. # 2 for H  read from file:
     /home/marco/ZOS_Cloud_Compute/pseudo/H.UPF
     MD5 check sum: 850d63dcbcc06c5de8b44e0ab9f952da
     Pseudo is Projector augmented-wave, Zval =  1.0
     Generated using "atomic" code by A. Dal Corso  v.5.1.2
     Shape of augmentation charge: PSQ
     Using radial grid of  929 points,  2 beta functions with: 
                l(1) =   0
                l(2) =   0
     Q(r) pseudized with 0 coefficients 


     atomic species   valence    mass     pseudopotential
        Hf            36.00   178.49000     Hf( 1.00)
        H              1.00     1.00800     H ( 1.00)

     No symmetry found



   Cartesian axes

     site n.     atom                  positions (alat units)
         1           Hf  tau(   1) = (   0.1622415   0.4830964   0.1271085  )
         2           H   tau(   2) = (   0.5163459   0.1187615   0.1264908  )
         3           H   tau(   3) = (   0.4955668   0.4255692   0.4818392  )
         4           H   tau(   4) = (   0.1054813   0.0958217   0.4819530  )

     number of k points=    16  Methfessel-Paxton smearing, width (Ry)=  0.0200
                       cart. coord. in units 2pi/alat
        k(    1) = (   0.0000000   0.0000000   0.0000000), wk =   0.2500000
        k(    2) = (  -0.0001502  -0.6944494  -0.7045218), wk =   0.0000000
        k(    3) = (  -0.0003635   0.0001979  -0.7043345), wk =   0.2500000
        k(    4) = (  -0.0005137  -0.6942515  -1.4088563), wk =   0.0000000
        k(    5) = (  -0.0001502  -0.6944494  -0.7045218), wk =   0.2500000
        k(    6) = (  -0.0003004  -1.3888987  -1.4090437), wk =   0.0000000
        k(    7) = (  -0.6950798  -0.6923201  -0.7041636), wk =   0.2500000
        k(    8) = (  -0.6952300  -1.3867695  -1.4086854), wk =   0.0000000
        k(    9) = (  -0.6949296   0.0021293   0.0003582), wk =   0.2500000
        k(   10) = (  -0.6950798  -0.6923201  -0.7041636), wk =   0.0000000
        k(   11) = (   0.0002133  -0.6946472  -0.0001873), wk =   0.2500000
        k(   12) = (   0.0000631  -1.3890966  -0.7047092), wk =   0.0000000
        k(   13) = (  -0.6945661   0.0019314   0.7046927), wk =   0.2500000
        k(   14) = (  -0.6947163  -0.6925180   0.0001709), wk =   0.0000000
        k(   15) = (  -0.6951429   0.6967765   0.0005456), wk =   0.2500000
        k(   16) = (  -0.6952931   0.0023272  -0.7039762), wk =   0.0000000

     Dense  grid:    16083 G-vectors     FFT dimensions: (  32,  32,  32)

     Smooth grid:     5681 G-vectors     FFT dimensions: (  24,  24,  24)

     Estimated max dynamical RAM per process >      79.44 MB

     Estimated total dynamical RAM >     158.89 MB

     Check: negative core charge=   -0.000006

     The potential is recalculated from file :
     ./tmp/_ph0/01_HfH3_Top1.save/charge-density

     Starting wfcs are   25 atomic wfcs
     Checking if some PAW data can be deallocated... 

     Band Structure Calculation
     Davidson diagonalization with overlap

     ethr =  2.56E-11,  avg # of iterations = 11.6

     total cpu time spent up to now is       13.9 secs

     End of band structure calculation

          k = 0.0000 0.0000 0.0000 (   739 PWs)   bands (ev):

  -153.8292-152.7489-150.5820-150.3520-149.4375 -34.2412  -2.0151  -1.9996
    -1.8156  11.3349  11.3387  11.3421  11.3473  11.3671  11.3688  11.3733
    12.4762  20.8806  20.9915  35.8400  35.8746  36.1228  36.2690  37.2651

          k =-0.0002-0.6944-0.7045 (   708 PWs)   bands (ev):

  -149.4388-149.3274-147.1745-146.7778-143.0807 -33.7345  -4.3329  -4.2454
    -1.4338  11.3720  11.3873  11.3881  11.4969  11.5813  11.6110  11.6507
    16.2332  23.8063  24.4704  25.1952  30.6621  30.6861  40.2763  40.6199

          k =-0.0004 0.0002-0.7043 (   706 PWs)   bands (ev):

  -148.5509-148.2770-148.0254-145.4891-144.0228 -33.9634  -4.9262  -1.6940
    -1.6886  11.3502  11.4431  11.4447  11.5541  11.5636  11.5668  11.6525
    17.5723  20.0818  25.2143  26.4225  29.2536  30.7929  36.9757  40.6028

          k =-0.0005-0.6943-1.4089 (   708 PWs)   bands (ev):

  -149.1404-148.5958-147.5559-145.1900-145.1811 -33.9968  -4.8951  -1.7239
    -1.5437  11.3168  11.4480  11.4595  11.5386  11.5463  11.5481  11.6481
    17.8113  19.8081  25.0001  27.4562  29.5224  29.6054  37.1953  39.8674

          k =-0.0002-0.6944-0.7045 (   708 PWs)   bands (ev):

  -149.4388-149.3274-147.1745-146.7778-143.0807 -33.7345  -4.3329  -4.2454
    -1.4338  11.3720  11.3873  11.3881  11.4969  11.5813  11.6110  11.6507
    16.2332  23.8063  24.4704  25.1952  30.6621  30.6861  40.2763  40.6199

          k =-0.0003-1.3889-1.4090 (   739 PWs)   bands (ev):

  -153.8292-152.7489-150.5820-150.3520-149.4375 -34.2412  -2.0151  -1.9996
    -1.8156  11.3349  11.3387  11.3421  11.3473  11.3671  11.3688  11.3733
    12.4762  20.8806  20.9915  35.8400  35.8746  36.1228  36.2690  37.2651

          k =-0.6951-0.6923-0.7042 (   692 PWs)   bands (ev):

  -146.8770-145.8372-145.0071-144.8328-143.7508 -33.5179  -3.8091  -3.7186
    -3.6979  11.4810  11.5248  11.5592  11.5697  11.5719  11.5755  11.6980
    17.9394  18.1529  18.3264  29.1293  39.2135  39.2974  39.5411  40.9244

          k =-0.6952-1.3868-1.4087 (   708 PWs)   bands (ev):

  -149.1147-148.6241-147.5500-145.2199-145.1531 -33.9958  -4.8990  -1.7246
    -1.5429  11.3174  11.4474  11.4572  11.5414  11.5470  11.5504  11.6449
    17.8093  19.8040  25.0102  27.4360  29.5227  29.6207  37.1894  39.9013

          k =-0.6949 0.0021 0.0004 (   708 PWs)   bands (ev):

  -149.1147-148.6241-147.5500-145.2199-145.1531 -33.9958  -4.8990  -1.7246
    -1.5429  11.3174  11.4474  11.4572  11.5414  11.5470  11.5504  11.6449
    17.8093  19.8040  25.0102  27.4360  29.5227  29.6207  37.1894  39.9013

          k =-0.6951-0.6923-0.7042 (   692 PWs)   bands (ev):

  -146.8770-145.8372-145.0071-144.8328-143.7508 -33.5179  -3.8091  -3.7186
    -3.6979  11.4810  11.5248  11.5592  11.5697  11.5719  11.5755  11.6980
    17.9394  18.1529  18.3264  29.1293  39.2135  39.2974  39.5411  40.9244

          k = 0.0002-0.6946-0.0002 (   708 PWs)   bands (ev):

  -149.1404-148.5958-147.5559-145.1900-145.1811 -33.9968  -4.8951  -1.7239
    -1.5437  11.3168  11.4480  11.4595  11.5386  11.5463  11.5481  11.6481
    17.8113  19.8081  25.0001  27.4562  29.5224  29.6054  37.1953  39.8674

          k = 0.0001-1.3891-0.7047 (   706 PWs)   bands (ev):

  -148.5509-148.2770-148.0254-145.4891-144.0228 -33.9634  -4.9262  -1.6940
    -1.6886  11.3502  11.4431  11.4447  11.5541  11.5636  11.5668  11.6525
    17.5723  20.0818  25.2143  26.4225  29.2536  30.7929  36.9757  40.6028

          k =-0.6946 0.0019 0.7047 (   708 PWs)   bands (ev):

  -149.4073-149.3272-147.2090-146.7631-143.1047 -33.7336  -4.3320  -4.2505
    -1.4339  11.3717  11.3889  11.3892  11.4961  11.5839  11.6092  11.6467
    16.2461  23.8071  24.4520  25.1978  30.6521  30.6717  40.2827  40.6279

          k =-0.6947-0.6925 0.0002 (   712 PWs)   bands (ev):

  -150.0838-148.5151-147.5751-147.2878-144.3572 -33.7666  -4.2842  -4.2780
    -1.2923  11.3706  11.3738  11.4315  11.5308  11.5430  11.5751  11.5932
    15.7866  24.1332  24.3315  25.7175  31.0888  31.1025  40.1143  40.2478

          k =-0.6951 0.6968 0.0005 (   712 PWs)   bands (ev):

  -150.0838-148.5151-147.5751-147.2878-144.3572 -33.7666  -4.2842  -4.2780
    -1.2923  11.3706  11.3738  11.4315  11.5308  11.5430  11.5751  11.5932
    15.7866  24.1332  24.3315  25.7175  31.0888  31.1025  40.1143  40.2478

          k =-0.6953 0.0023-0.7040 (   708 PWs)   bands (ev):

  -149.4073-149.3272-147.2090-146.7631-143.1047 -33.7336  -4.3320  -4.2505
    -1.4339  11.3717  11.3889  11.3892  11.4961  11.5839  11.6092  11.6467
    16.2461  23.8071  24.4520  25.1978  30.6521  30.6717  40.2827  40.6279

     the Fermi energy is    27.2162 ev

     Writing output data file ./tmp/_ph0/01_HfH3_Top1.save/

     Phonons for 01_HfH3_Top1                                                   

     bravais-lattice index     =            0
     lattice parameter (alat)  =       6.8677  a.u.
     unit-cell volume          =     119.0868 (a.u.)^3
     number of atoms/cell      =            4
     number of atomic types    =            2
     kinetic-energy cut-off    =      50.0000  Ry
     charge density cut-off    =     400.0000  Ry
     convergence threshold     =      1.0E-14
     beta                      =       0.7000
     number of iterations used =            4
     Exchange-correlation= PBE
                           (   1   4   3   4   0   0   0)


     celldm(1)=    6.86772  celldm(2)=    0.00000  celldm(3)=    0.00000
     celldm(4)=    0.00000  celldm(5)=    0.00000  celldm(6)=    0.00000

     crystal axes: (cart. coord. in units of alat)
               a(1) = (  0.7195  0.0002 -0.0004 )  
               a(2) = (  0.0022  0.7198  0.0002 )  
               a(3) = (  0.0004 -0.0002  0.7099 )  

     reciprocal axes: (cart. coord. in units 2 pi/alat)
               b(1) = (  1.3899 -0.0043 -0.0007 )  
               b(2) = ( -0.0004  1.3893  0.0004 )  
               b(3) = (  0.0007 -0.0004  1.4087 )  


     Atoms inside the unit cell: 

     Cartesian axes

     site n.  atom      mass           positions (alat units)
        1     Hf 178.4900   tau(    1) = (    0.16224    0.48310    0.12711  )
        2     H    1.0080   tau(    2) = (    0.51635    0.11876    0.12649  )
        3     H    1.0080   tau(    3) = (    0.49557    0.42557    0.48184  )
        4     H    1.0080   tau(    4) = (    0.10548    0.09582    0.48195  )

     Computing dynamical matrix for 
                    q = (  -0.0001502  -0.6944494  -0.7045218 )

      2 Sym.Ops. (with q -> -q+G )


     G cutoff =  477.8870  (   8043 G-vectors)     FFT grid: ( 32, 32, 32)
     G cutoff =  238.9435  (   2840 G-vectors)  smooth grid: ( 24, 24, 24)

     number of k points=    16  Methfessel-Paxton smearing, width (Ry)=  0.0200

     PseudoPot. # 1 for Hf read from file:
     /home/marco/ZOS_Cloud_Compute/pseudo/Hf.UPF
     MD5 check sum: 054ab3954715fe03e42536d2af1a941a
     Pseudo is Projector augmented-wave + core cor, Zval = 36.0
     Generated using "atomic" code by A. Dal Corso  v.5.1.2
     Shape of augmentation charge: PSQ
     Using radial grid of 1271 points,  8 beta functions with: 
                l(1) =   0
                l(2) =   0
                l(3) =   1
                l(4) =   1
                l(5) =   2
                l(6) =   2
                l(7) =   3
                l(8) =   3
     Q(r) pseudized with 0 coefficients 


     PseudoPot. # 2 for H  read from file:
     /home/marco/ZOS_Cloud_Compute/pseudo/H.UPF
     MD5 check sum: 850d63dcbcc06c5de8b44e0ab9f952da
     Pseudo is Projector augmented-wave, Zval =  1.0
     Generated using "atomic" code by A. Dal Corso  v.5.1.2
     Shape of augmentation charge: PSQ
     Using radial grid of  929 points,  2 beta functions with: 
                l(1) =   0
                l(2) =   0
     Q(r) pseudized with 0 coefficients 


     Mode symmetry, C_1 (1)     point group:


     Atomic displacements:
     There are   12 irreducible representations

     Representation     1      1 modes -  To be done

     Representation     2      1 modes -  To be done

     Representation     3      1 modes -  To be done

     Representation     4      1 modes -  To be done

     Representation     5      1 modes -  To be done

     Representation     6      1 modes -  To be done

     Representation     7      1 modes -  To be done

     Representation     8      1 modes -  To be done

     Representation     9      1 modes -  To be done

     Representation    10      1 modes -  To be done

     Representation    11      1 modes -  To be done

     Representation    12      1 modes -  To be done



     Alpha used in Ewald sum =   2.8000
     PHONON       :  19m48.31s CPU  23m 6.53s WALL



     Representation #   1 mode #   1

     Self-consistent Calculation

      iter #   1 total cpu time :  1390.9 secs   av.it.:  10.2
      thresh= 1.000E-02 alpha_mix =  0.700 |ddv_scf|^2 =  1.325E-03

      iter #   2 total cpu time :  1395.2 secs   av.it.:  12.1
      thresh= 3.640E-03 alpha_mix =  0.700 |ddv_scf|^2 =  6.043E-05

      iter #   3 total cpu time :  1399.7 secs   av.it.:  13.2
      thresh= 7.773E-04 alpha_mix =  0.700 |ddv_scf|^2 =  9.107E-07

      iter #   4 total cpu time :  1404.5 secs   av.it.:  15.5
      thresh= 9.543E-05 alpha_mix =  0.700 |ddv_scf|^2 =  5.885E-07

      iter #   5 total cpu time :  1408.9 secs   av.it.:  12.5
      thresh= 7.671E-05 alpha_mix =  0.700 |ddv_scf|^2 =  2.783E-09

      iter #   6 total cpu time :  1413.5 secs   av.it.:  14.4
      thresh= 5.275E-06 alpha_mix =  0.700 |ddv_scf|^2 =  1.017E-09

      iter #   7 total cpu time :  1418.1 secs   av.it.:  13.6
      thresh= 3.189E-06 alpha_mix =  0.700 |ddv_scf|^2 =  1.002E-10

      iter #   8 total cpu time :  1422.6 secs   av.it.:  12.6
      thresh= 1.001E-06 alpha_mix =  0.700 |ddv_scf|^2 =  1.134E-12

      iter #   9 total cpu time :  1427.2 secs   av.it.:  14.0
      thresh= 1.065E-07 alpha_mix =  0.700 |ddv_scf|^2 =  7.896E-14

      iter #  10 total cpu time :  1431.8 secs   av.it.:  13.8
      thresh= 2.810E-08 alpha_mix =  0.700 |ddv_scf|^2 =  3.228E-15

     End of self-consistent calculation

     Convergence has been achieved 


     Representation #   2 mode #   2

     Self-consistent Calculation

      iter #   1 total cpu time :  1436.3 secs   av.it.:  11.2
      thresh= 1.000E-02 alpha_mix =  0.700 |ddv_scf|^2 =  6.187E-03

      iter #   2 total cpu time :  1440.8 secs   av.it.:  12.4
      thresh= 7.866E-03 alpha_mix =  0.700 |ddv_scf|^2 =  5.256E-03

      iter #   3 total cpu time :  1445.1 secs   av.it.:  11.4
      thresh= 7.250E-03 alpha_mix =  0.700 |ddv_scf|^2 =  3.456E-06

      iter #   4 total cpu time :  1449.9 secs   av.it.:  15.5
      thresh= 1.859E-04 alpha_mix =  0.700 |ddv_scf|^2 =  1.815E-06

      iter #   5 total cpu time :  1454.3 secs   av.it.:  12.6
      thresh= 1.347E-04 alpha_mix =  0.700 |ddv_scf|^2 =  1.246E-07

      iter #   6 total cpu time :  1459.0 secs   av.it.:  13.2
      thresh= 3.531E-05 alpha_mix =  0.700 |ddv_scf|^2 =  7.104E-10

      iter #   7 total cpu time :  1463.6 secs   av.it.:  14.0
      thresh= 2.665E-06 alpha_mix =  0.700 |ddv_scf|^2 =  2.269E-11

      iter #   8 total cpu time :  1468.2 secs   av.it.:  13.6
      thresh= 4.763E-07 alpha_mix =  0.700 |ddv_scf|^2 =  9.306E-13

      iter #   9 total cpu time :  1472.8 secs   av.it.:  14.1
      thresh= 9.647E-08 alpha_mix =  0.700 |ddv_scf|^2 =  3.228E-13

      iter #  10 total cpu time :  1477.3 secs   av.it.:  12.6
      thresh= 5.682E-08 alpha_mix =  0.700 |ddv_scf|^2 =  1.792E-14

      iter #  11 total cpu time :  1481.9 secs   av.it.:  14.1
      thresh= 1.339E-08 alpha_mix =  0.700 |ddv_scf|^2 =  2.783E-15

     End of self-consistent calculation

     Convergence has been achieved 


     Representation #   3 mode #   3

     Self-consistent Calculation

      iter #   1 total cpu time :  1486.4 secs   av.it.:  11.1
      thresh= 1.000E-02 alpha_mix =  0.700 |ddv_scf|^2 =  6.361E-03

      iter #   2 total cpu time :  1490.9 secs   av.it.:  12.5
      thresh= 7.976E-03 alpha_mix =  0.700 |ddv_scf|^2 =  5.628E-03

      iter #   3 total cpu time :  1495.2 secs   av.it.:  11.2
      thresh= 7.502E-03 alpha_mix =  0.700 |ddv_scf|^2 =  1.620E-05

      iter #   4 total cpu time :  1499.8 secs   av.it.:  13.8
      thresh= 4.026E-04 alpha_mix =  0.700 |ddv_scf|^2 =  8.033E-06

      iter #   5 total cpu time :  1504.1 secs   av.it.:  11.5
      thresh= 2.834E-04 alpha_mix =  0.700 |ddv_scf|^2 =  2.919E-08

      iter #   6 total cpu time :  1508.8 secs   av.it.:  14.5
      thresh= 1.709E-05 alpha_mix =  0.700 |ddv_scf|^2 =  5.872E-10

      iter #   7 total cpu time :  1513.4 secs   av.it.:  13.6
      thresh= 2.423E-06 alpha_mix =  0.700 |ddv_scf|^2 =  2.383E-11

      iter #   8 total cpu time :  1518.0 secs   av.it.:  14.1
      thresh= 4.882E-07 alpha_mix =  0.700 |ddv_scf|^2 =  1.036E-11

      iter #   9 total cpu time :  1522.4 secs   av.it.:  12.5
      thresh= 3.218E-07 alpha_mix =  0.700 |ddv_scf|^2 =  2.116E-13

      iter #  10 total cpu time :  1527.1 secs   av.it.:  13.6
      thresh= 4.599E-08 alpha_mix =  0.700 |ddv_scf|^2 =  6.126E-14

      iter #  11 total cpu time :  1531.6 secs   av.it.:  12.8
      thresh= 2.475E-08 alpha_mix =  0.700 |ddv_scf|^2 =  2.006E-15

     End of self-consistent calculation

     Convergence has been achieved 


     Representation #   4 mode #   4

     Self-consistent Calculation

      iter #   1 total cpu time :  1535.4 secs   av.it.:   4.0
      thresh= 1.000E-02 alpha_mix =  0.700 |ddv_scf|^2 =  1.378E-07

      iter #   2 total cpu time :  1539.8 secs   av.it.:  11.6
      thresh= 3.712E-05 alpha_mix =  0.700 |ddv_scf|^2 =  4.814E-09

      iter #   3 total cpu time :  1544.3 secs   av.it.:  13.5
      thresh= 6.939E-06 alpha_mix =  0.700 |ddv_scf|^2 =  4.045E-09

      iter #   4 total cpu time :  1548.7 secs   av.it.:  12.4
      thresh= 6.360E-06 alpha_mix =  0.700 |ddv_scf|^2 =  3.752E-11

      iter #   5 total cpu time :  1553.3 secs   av.it.:  13.9
      thresh= 6.126E-07 alpha_mix =  0.700 |ddv_scf|^2 =  9.138E-12

      iter #   6 total cpu time :  1557.8 secs   av.it.:  13.0
      thresh= 3.023E-07 alpha_mix =  0.700 |ddv_scf|^2 =  1.820E-13

      iter #   7 total cpu time :  1562.4 secs   av.it.:  13.9
      thresh= 4.266E-08 alpha_mix =  0.700 |ddv_scf|^2 =  2.910E-14

      iter #   8 total cpu time :  1566.9 secs   av.it.:  13.1
      thresh= 1.706E-08 alpha_mix =  0.700 |ddv_scf|^2 =  8.674E-16

     End of self-consistent calculation

     Convergence has been achieved 


     Representation #   5 mode #   5

     Self-consistent Calculation

      iter #   1 total cpu time :  1570.9 secs   av.it.:   4.1
      thresh= 1.000E-02 alpha_mix =  0.700 |ddv_scf|^2 =  2.450E-06

      iter #   2 total cpu time :  1575.3 secs   av.it.:  11.4
      thresh= 1.565E-04 alpha_mix =  0.700 |ddv_scf|^2 =  2.145E-06

      iter #   3 total cpu time :  1579.6 secs   av.it.:  11.1
      thresh= 1.464E-04 alpha_mix =  0.700 |ddv_scf|^2 =  9.649E-09

      iter #   4 total cpu time :  1584.1 secs   av.it.:  13.1
      thresh= 9.823E-06 alpha_mix =  0.700 |ddv_scf|^2 =  5.515E-10

      iter #   5 total cpu time :  1588.7 secs   av.it.:  13.4
      thresh= 2.348E-06 alpha_mix =  0.700 |ddv_scf|^2 =  3.174E-11

      iter #   6 total cpu time :  1593.3 secs   av.it.:  13.2
      thresh= 5.634E-07 alpha_mix =  0.700 |ddv_scf|^2 =  2.866E-12

      iter #   7 total cpu time :  1597.8 secs   av.it.:  13.2
      thresh= 1.693E-07 alpha_mix =  0.700 |ddv_scf|^2 =  3.868E-14

      iter #   8 total cpu time :  1602.3 secs   av.it.:  13.5
      thresh= 1.967E-08 alpha_mix =  0.700 |ddv_scf|^2 =  2.532E-15

     End of self-consistent calculation

     Convergence has been achieved 


     Representation #   6 mode #   6

     Self-consistent Calculation

      iter #   1 total cpu time :  1606.1 secs   av.it.:   3.9
      thresh= 1.000E-02 alpha_mix =  0.700 |ddv_scf|^2 =  2.235E-06

      iter #   2 total cpu time :  1610.4 secs   av.it.:  10.6
      thresh= 1.495E-04 alpha_mix =  0.700 |ddv_scf|^2 =  2.014E-06

      iter #   3 total cpu time :  1614.7 secs   av.it.:  10.4
      thresh= 1.419E-04 alpha_mix =  0.700 |ddv_scf|^2 =  1.143E-08

      iter #   4 total cpu time :  1619.1 secs   av.it.:  11.8
      thresh= 1.069E-05 alpha_mix =  0.700 |ddv_scf|^2 =  1.456E-09

      iter #   5 total cpu time :  1623.5 secs   av.it.:  11.8
      thresh= 3.815E-06 alpha_mix =  0.700 |ddv_scf|^2 =  1.162E-11

      iter #   6 total cpu time :  1628.0 secs   av.it.:  12.6
      thresh= 3.408E-07 alpha_mix =  0.700 |ddv_scf|^2 =  9.887E-14

      iter #   7 total cpu time :  1632.6 secs   av.it.:  14.6
      thresh= 3.144E-08 alpha_mix =  0.700 |ddv_scf|^2 =  1.639E-14

      iter #   8 total cpu time :  1637.3 secs   av.it.:  13.8
      thresh= 1.280E-08 alpha_mix =  0.700 |ddv_scf|^2 =  7.476E-15

     End of self-consistent calculation

     Convergence has been achieved 


     Representation #   7 mode #   7

     Self-consistent Calculation

      iter #   1 total cpu time :  1641.1 secs   av.it.:   4.2
      thresh= 1.000E-02 alpha_mix =  0.700 |ddv_scf|^2 =  1.480E-07

      iter #   2 total cpu time :  1645.6 secs   av.it.:  12.5
      thresh= 3.848E-05 alpha_mix =  0.700 |ddv_scf|^2 =  7.490E-09

      iter #   3 total cpu time :  1650.1 secs   av.it.:  13.5
      thresh= 8.654E-06 alpha_mix =  0.700 |ddv_scf|^2 =  5.820E-09

      iter #   4 total cpu time :  1654.4 secs   av.it.:  11.6
      thresh= 7.629E-06 alpha_mix =  0.700 |ddv_scf|^2 =  5.211E-11

      iter #   5 total cpu time :  1659.0 secs   av.it.:  13.2
      thresh= 7.219E-07 alpha_mix =  0.700 |ddv_scf|^2 =  2.397E-11

      iter #   6 total cpu time :  1663.3 secs   av.it.:  11.9
      thresh= 4.895E-07 alpha_mix =  0.700 |ddv_scf|^2 =  5.824E-14

      iter #   7 total cpu time :  1667.8 secs   av.it.:  13.5
      thresh= 2.413E-08 alpha_mix =  0.700 |ddv_scf|^2 =  2.032E-15

     End of self-consistent calculation

     Convergence has been achieved 


     Representation #   8 mode #   8

     Self-consistent Calculation

      iter #   1 total cpu time :  1671.6 secs   av.it.:   4.2
      thresh= 1.000E-02 alpha_mix =  0.700 |ddv_scf|^2 =  2.403E-06

      iter #   2 total cpu time :  1676.0 secs   av.it.:  11.6
      thresh= 1.550E-04 alpha_mix =  0.700 |ddv_scf|^2 =  2.252E-06

      iter #   3 total cpu time :  1680.3 secs   av.it.:  10.6
      thresh= 1.501E-04 alpha_mix =  0.700 |ddv_scf|^2 =  1.027E-08

      iter #   4 total cpu time :  1684.7 secs   av.it.:  11.9
      thresh= 1.013E-05 alpha_mix =  0.700 |ddv_scf|^2 =  6.158E-10

      iter #   5 total cpu time :  1689.1 secs   av.it.:  12.0
      thresh= 2.481E-06 alpha_mix =  0.700 |ddv_scf|^2 =  1.484E-11

      iter #   6 total cpu time :  1693.5 secs   av.it.:  12.0
      thresh= 3.852E-07 alpha_mix =  0.700 |ddv_scf|^2 =  6.312E-14

      iter #   7 total cpu time :  1698.2 secs   av.it.:  14.8
      thresh= 2.512E-08 alpha_mix =  0.700 |ddv_scf|^2 =  1.673E-14

      iter #   8 total cpu time :  1702.8 secs   av.it.:  13.4
      thresh= 1.293E-08 alpha_mix =  0.700 |ddv_scf|^2 =  5.926E-15

     End of self-consistent calculation

     Convergence has been achieved 


     Representation #   9 mode #   9

     Self-consistent Calculation

      iter #   1 total cpu time :  1706.6 secs   av.it.:   4.4
      thresh= 1.000E-02 alpha_mix =  0.700 |ddv_scf|^2 =  2.737E-06

      iter #   2 total cpu time :  1711.1 secs   av.it.:  11.9
      thresh= 1.654E-04 alpha_mix =  0.700 |ddv_scf|^2 =  2.379E-06

      iter #   3 total cpu time :  1715.4 secs   av.it.:  11.4
      thresh= 1.543E-04 alpha_mix =  0.700 |ddv_scf|^2 =  1.021E-08

      iter #   4 total cpu time :  1719.9 secs   av.it.:  13.1
      thresh= 1.010E-05 alpha_mix =  0.700 |ddv_scf|^2 =  9.985E-10

      iter #   5 total cpu time :  1724.4 secs   av.it.:  13.0
      thresh= 3.160E-06 alpha_mix =  0.700 |ddv_scf|^2 =  8.706E-11

      iter #   6 total cpu time :  1728.9 secs   av.it.:  13.6
      thresh= 9.331E-07 alpha_mix =  0.700 |ddv_scf|^2 =  2.491E-12

      iter #   7 total cpu time :  1733.4 secs   av.it.:  13.0
      thresh= 1.578E-07 alpha_mix =  0.700 |ddv_scf|^2 =  4.152E-14

      iter #   8 total cpu time :  1738.0 secs   av.it.:  13.9
      thresh= 2.038E-08 alpha_mix =  0.700 |ddv_scf|^2 =  3.068E-15

     End of self-consistent calculation

     Convergence has been achieved 


     Representation #  10 mode #  10

     Self-consistent Calculation

      iter #   1 total cpu time :  1741.7 secs   av.it.:   3.6
      thresh= 1.000E-02 alpha_mix =  0.700 |ddv_scf|^2 =  1.041E-07

      iter #   2 total cpu time :  1746.1 secs   av.it.:  11.1
      thresh= 3.226E-05 alpha_mix =  0.700 |ddv_scf|^2 =  1.481E-08

      iter #   3 total cpu time :  1750.5 secs   av.it.:  11.6
      thresh= 1.217E-05 alpha_mix =  0.700 |ddv_scf|^2 =  9.378E-09

      iter #   4 total cpu time :  1754.8 secs   av.it.:  10.8
      thresh= 9.684E-06 alpha_mix =  0.700 |ddv_scf|^2 =  3.637E-11

      iter #   5 total cpu time :  1759.3 secs   av.it.:  12.9
      thresh= 6.030E-07 alpha_mix =  0.700 |ddv_scf|^2 =  1.250E-11

      iter #   6 total cpu time :  1763.7 secs   av.it.:  11.8
      thresh= 3.536E-07 alpha_mix =  0.700 |ddv_scf|^2 =  3.255E-14

      iter #   7 total cpu time :  1768.3 secs   av.it.:  14.1
      thresh= 1.804E-08 alpha_mix =  0.700 |ddv_scf|^2 =  1.272E-15

     End of self-consistent calculation

     Convergence has been achieved 


     Representation #  11 mode #  11

     Self-consistent Calculation

      iter #   1 total cpu time :  1772.2 secs   av.it.:   5.2
      thresh= 1.000E-02 alpha_mix =  0.700 |ddv_scf|^2 =  2.651E-06

      iter #   2 total cpu time :  1776.5 secs   av.it.:  12.0
      thresh= 1.628E-04 alpha_mix =  0.700 |ddv_scf|^2 =  2.188E-06

      iter #   3 total cpu time :  1780.8 secs   av.it.:  11.2
      thresh= 1.479E-04 alpha_mix =  0.700 |ddv_scf|^2 =  8.084E-09

      iter #   4 total cpu time :  1785.3 secs   av.it.:  12.4
      thresh= 8.991E-06 alpha_mix =  0.700 |ddv_scf|^2 =  1.514E-09

      iter #   5 total cpu time :  1789.6 secs   av.it.:  11.0
      thresh= 3.891E-06 alpha_mix =  0.700 |ddv_scf|^2 =  7.820E-12

      iter #   6 total cpu time :  1794.2 secs   av.it.:  13.2
      thresh= 2.796E-07 alpha_mix =  0.700 |ddv_scf|^2 =  1.502E-13

      iter #   7 total cpu time :  1798.8 secs   av.it.:  13.5
      thresh= 3.876E-08 alpha_mix =  0.700 |ddv_scf|^2 =  6.166E-15

     End of self-consistent calculation

     Convergence has been achieved 


     Representation #  12 mode #  12

     Self-consistent Calculation

      iter #   1 total cpu time :  1802.7 secs   av.it.:   5.1
      thresh= 1.000E-02 alpha_mix =  0.700 |ddv_scf|^2 =  2.919E-06

      iter #   2 total cpu time :  1807.2 secs   av.it.:  12.6
      thresh= 1.709E-04 alpha_mix =  0.700 |ddv_scf|^2 =  2.367E-06

      iter #   3 total cpu time :  1811.6 secs   av.it.:  11.9
      thresh= 1.539E-04 alpha_mix =  0.700 |ddv_scf|^2 =  4.396E-09

      iter #   4 total cpu time :  1816.3 secs   av.it.:  14.0
      thresh= 6.630E-06 alpha_mix =  0.700 |ddv_scf|^2 =  2.111E-09

      iter #   5 total cpu time :  1820.6 secs   av.it.:  12.1
      thresh= 4.595E-06 alpha_mix =  0.700 |ddv_scf|^2 =  1.281E-11

      iter #   6 total cpu time :  1825.3 secs   av.it.:  14.4
      thresh= 3.579E-07 alpha_mix =  0.700 |ddv_scf|^2 =  2.208E-12

      iter #   7 total cpu time :  1829.8 secs   av.it.:  12.8
      thresh= 1.486E-07 alpha_mix =  0.700 |ddv_scf|^2 =  5.255E-14

      iter #   8 total cpu time :  1834.4 secs   av.it.:  13.8
      thresh= 2.292E-08 alpha_mix =  0.700 |ddv_scf|^2 =  1.489E-15

     End of self-consistent calculation

     Convergence has been achieved 

     Number of q in the star =    1
     List of q in the star:
          1  -0.000150203  -0.694449370  -0.704521827

     Diagonalizing the dynamical matrix

     q = (   -0.000150203  -0.694449370  -0.704521827 ) 

 **************************************************************************
     freq (    1) =     -15.788041 [THz] =    -526.632361 [cm-1]
     freq (    2) =      10.014181 [THz] =     334.037130 [cm-1]
     freq (    3) =      13.644831 [THz] =     455.142572 [cm-1]
     freq (    4) =      19.033529 [THz] =     634.890176 [cm-1]
     freq (    5) =      19.872149 [THz] =     662.863548 [cm-1]
     freq (    6) =      26.035555 [THz] =     868.452644 [cm-1]
     freq (    7) =      44.869484 [THz] =    1496.684871 [cm-1]
     freq (    8) =      58.953785 [THz] =    1966.486586 [cm-1]
     freq (    9) =      60.283254 [THz] =    2010.832894 [cm-1]
     freq (   10) =      61.456695 [THz] =    2049.974672 [cm-1]
     freq (   11) =      65.853188 [THz] =    2196.625914 [cm-1]
     freq (   12) =      66.946823 [THz] =    2233.105638 [cm-1]
 **************************************************************************

     Mode symmetry, C_1 (1)     point group:

     freq (   1-   1) =       -526.6  [cm-1]   --> A                  
     freq (   2-   2) =        334.0  [cm-1]   --> A                  
     freq (   3-   3) =        455.1  [cm-1]   --> A                  
     freq (   4-   4) =        634.9  [cm-1]   --> A                  
     freq (   5-   5) =        662.9  [cm-1]   --> A                  
     freq (   6-   6) =        868.5  [cm-1]   --> A                  
     freq (   7-   7) =       1496.7  [cm-1]   --> A                  
     freq (   8-   8) =       1966.5  [cm-1]   --> A                  
     freq (   9-   9) =       2010.8  [cm-1]   --> A                  
     freq (  10-  10) =       2050.0  [cm-1]   --> A                  
     freq (  11-  11) =       2196.6  [cm-1]   --> A                  
     freq (  12-  12) =       2233.1  [cm-1]   --> A                  

     Calculation of q =   -0.6949296   0.0021293   0.0003582

     Parallelization info
     --------------------
     sticks:   dense  smooth     PW     G-vecs:    dense   smooth      PW
     Min         388     192     72                 8040     2840     658
     Max         389     193     73                 8043     2841     659
     Sum         777     385    145                16083     5681    1317


     Title: 
     Phonons for 01_HfH3_Top1                                                   


     bravais-lattice index     =            0
     lattice parameter (alat)  =       6.8677  a.u.
     unit-cell volume          =     119.0868 (a.u.)^3
     number of atoms/cell      =            4
     number of atomic types    =            2
     number of electrons       =        39.00
     number of Kohn-Sham states=           24
     kinetic-energy cutoff     =      50.0000  Ry
     charge density cutoff     =     400.0000  Ry
     Exchange-correlation= PBE
                           (   1   4   3   4   0   0   0)

     celldm(1)=   6.867718  celldm(2)=   0.000000  celldm(3)=   0.000000
     celldm(4)=   0.000000  celldm(5)=   0.000000  celldm(6)=   0.000000

     crystal axes: (cart. coord. in units of alat)
               a(1) = (   0.719498   0.000221  -0.000371 )  
               a(2) = (   0.002206   0.719790   0.000201 )  
               a(3) = (   0.000365  -0.000191   0.709890 )  

     reciprocal axes: (cart. coord. in units 2 pi/alat)
               b(1) = (  1.389859 -0.004259 -0.000716 )  
               b(2) = ( -0.000427  1.389294  0.000375 )  
               b(3) = (  0.000727 -0.000396  1.408669 )  


     PseudoPot. # 1 for Hf read from file:
     /home/marco/ZOS_Cloud_Compute/pseudo/Hf.UPF
     MD5 check sum: 054ab3954715fe03e42536d2af1a941a
     Pseudo is Projector augmented-wave + core cor, Zval = 36.0
     Generated using "atomic" code by A. Dal Corso  v.5.1.2
     Shape of augmentation charge: PSQ
     Using radial grid of 1271 points,  8 beta functions with: 
                l(1) =   0
                l(2) =   0
                l(3) =   1
                l(4) =   1
                l(5) =   2
                l(6) =   2
                l(7) =   3
                l(8) =   3
     Q(r) pseudized with 0 coefficients 


     PseudoPot. # 2 for H  read from file:
     /home/marco/ZOS_Cloud_Compute/pseudo/H.UPF
     MD5 check sum: 850d63dcbcc06c5de8b44e0ab9f952da
     Pseudo is Projector augmented-wave, Zval =  1.0
     Generated using "atomic" code by A. Dal Corso  v.5.1.2
     Shape of augmentation charge: PSQ
     Using radial grid of  929 points,  2 beta functions with: 
                l(1) =   0
                l(2) =   0
     Q(r) pseudized with 0 coefficients 


     atomic species   valence    mass     pseudopotential
        Hf            36.00   178.49000     Hf( 1.00)
        H              1.00     1.00800     H ( 1.00)

     No symmetry found



   Cartesian axes

     site n.     atom                  positions (alat units)
         1           Hf  tau(   1) = (   0.1622415   0.4830964   0.1271085  )
         2           H   tau(   2) = (   0.5163459   0.1187615   0.1264908  )
         3           H   tau(   3) = (   0.4955668   0.4255692   0.4818392  )
         4           H   tau(   4) = (   0.1054813   0.0958217   0.4819530  )

     number of k points=    16  Methfessel-Paxton smearing, width (Ry)=  0.0200
                       cart. coord. in units 2pi/alat
        k(    1) = (   0.0000000   0.0000000   0.0000000), wk =   0.2500000
        k(    2) = (  -0.6949296   0.0021293   0.0003582), wk =   0.0000000
        k(    3) = (  -0.0003635   0.0001979  -0.7043345), wk =   0.2500000
        k(    4) = (  -0.6952931   0.0023272  -0.7039762), wk =   0.0000000
        k(    5) = (  -0.0001502  -0.6944494  -0.7045218), wk =   0.2500000
        k(    6) = (  -0.6950798  -0.6923201  -0.7041636), wk =   0.0000000
        k(    7) = (  -0.6950798  -0.6923201  -0.7041636), wk =   0.2500000
        k(    8) = (  -1.3900095  -0.6901908  -0.7038053), wk =   0.0000000
        k(    9) = (  -0.6949296   0.0021293   0.0003582), wk =   0.2500000
        k(   10) = (  -1.3898593   0.0042586   0.0007165), wk =   0.0000000
        k(   11) = (   0.0002133  -0.6946472  -0.0001873), wk =   0.2500000
        k(   12) = (  -0.6947163  -0.6925180   0.0001709), wk =   0.0000000
        k(   13) = (  -0.6945661   0.0019314   0.7046927), wk =   0.2500000
        k(   14) = (  -1.3894958   0.0040607   0.7050510), wk =   0.0000000
        k(   15) = (  -0.6951429   0.6967765   0.0005456), wk =   0.2500000
        k(   16) = (  -1.3900726   0.6989058   0.0009038), wk =   0.0000000

     Dense  grid:    16083 G-vectors     FFT dimensions: (  32,  32,  32)

     Smooth grid:     5681 G-vectors     FFT dimensions: (  24,  24,  24)

     Estimated max dynamical RAM per process >      79.34 MB

     Estimated total dynamical RAM >     158.67 MB

     Check: negative core charge=   -0.000006

     The potential is recalculated from file :
     ./tmp/_ph0/01_HfH3_Top1.save/charge-density

     Starting wfcs are   25 atomic wfcs
     Checking if some PAW data can be deallocated... 

     Band Structure Calculation
     Davidson diagonalization with overlap

     ethr =  2.56E-11,  avg # of iterations = 11.6

     total cpu time spent up to now is       18.4 secs

     End of band structure calculation

          k = 0.0000 0.0000 0.0000 (   739 PWs)   bands (ev):

  -153.8292-152.7489-150.5820-150.3520-149.4375 -34.2412  -2.0151  -1.9996
    -1.8156  11.3349  11.3387  11.3421  11.3473  11.3671  11.3688  11.3733
    12.4762  20.8806  20.9915  35.8400  35.8746  36.1228  36.2690  37.2651

          k =-0.6949 0.0021 0.0004 (   708 PWs)   bands (ev):

  -149.1147-148.6241-147.5500-145.2199-145.1531 -33.9958  -4.8990  -1.7246
    -1.5429  11.3174  11.4474  11.4572  11.5414  11.5470  11.5504  11.6449
    17.8093  19.8040  25.0102  27.4360  29.5227  29.6207  37.1894  39.9013

          k =-0.0004 0.0002-0.7043 (   706 PWs)   bands (ev):

  -148.5509-148.2770-148.0254-145.4891-144.0228 -33.9634  -4.9262  -1.6940
    -1.6886  11.3502  11.4431  11.4447  11.5541  11.5636  11.5668  11.6525
    17.5723  20.0818  25.2143  26.4225  29.2536  30.7929  36.9757  40.6028

          k =-0.6953 0.0023-0.7040 (   708 PWs)   bands (ev):

  -149.4073-149.3272-147.2090-146.7631-143.1047 -33.7336  -4.3320  -4.2505
    -1.4339  11.3717  11.3889  11.3892  11.4961  11.5839  11.6092  11.6467
    16.2461  23.8071  24.4520  25.1978  30.6521  30.6717  40.2827  40.6279

          k =-0.0002-0.6944-0.7045 (   708 PWs)   bands (ev):

  -149.4388-149.3274-147.1745-146.7778-143.0807 -33.7345  -4.3329  -4.2454
    -1.4338  11.3720  11.3873  11.3881  11.4969  11.5813  11.6110  11.6507
    16.2332  23.8063  24.4704  25.1952  30.6621  30.6861  40.2763  40.6199

          k =-0.6951-0.6923-0.7042 (   692 PWs)   bands (ev):

  -146.8770-145.8372-145.0071-144.8328-143.7508 -33.5179  -3.8091  -3.7186
    -3.6979  11.4810  11.5248  11.5592  11.5697  11.5719  11.5755  11.6980
    17.9394  18.1529  18.3264  29.1293  39.2135  39.2974  39.5411  40.9244

          k =-0.6951-0.6923-0.7042 (   692 PWs)   bands (ev):

  -146.8770-145.8372-145.0071-144.8328-143.7508 -33.5179  -3.8091  -3.7186
    -3.6979  11.4810  11.5248  11.5592  11.5697  11.5719  11.5755  11.6980
    17.9394  18.1529  18.3264  29.1293  39.2135  39.2974  39.5411  40.9244

          k =-1.3900-0.6902-0.7038 (   708 PWs)   bands (ev):

  -149.4388-149.3274-147.1745-146.7778-143.0807 -33.7345  -4.3329  -4.2454
    -1.4338  11.3720  11.3873  11.3881  11.4969  11.5813  11.6110  11.6507
    16.2332  23.8063  24.4704  25.1952  30.6621  30.6861  40.2763  40.6199

          k =-0.6949 0.0021 0.0004 (   708 PWs)   bands (ev):

  -149.1147-148.6241-147.5500-145.2199-145.1531 -33.9958  -4.8990  -1.7246
    -1.5429  11.3174  11.4474  11.4572  11.5414  11.5470  11.5504  11.6449
    17.8093  19.8040  25.0102  27.4360  29.5227  29.6207  37.1894  39.9013

          k =-1.3899 0.0043 0.0007 (   739 PWs)   bands (ev):

  -153.8292-152.7489-150.5820-150.3520-149.4375 -34.2412  -2.0151  -1.9996
    -1.8156  11.3349  11.3387  11.3421  11.3473  11.3671  11.3688  11.3733
    12.4762  20.8806  20.9915  35.8400  35.8746  36.1228  36.2690  37.2651

          k = 0.0002-0.6946-0.0002 (   708 PWs)   bands (ev):

  -149.1404-148.5958-147.5559-145.1900-145.1811 -33.9968  -4.8951  -1.7239
    -1.5437  11.3168  11.4480  11.4595  11.5386  11.5463  11.5481  11.6481
    17.8113  19.8081  25.0001  27.4562  29.5224  29.6054  37.1953  39.8674

          k =-0.6947-0.6925 0.0002 (   712 PWs)   bands (ev):

  -150.0838-148.5151-147.5751-147.2878-144.3572 -33.7666  -4.2842  -4.2780
    -1.2923  11.3706  11.3738  11.4315  11.5308  11.5430  11.5751  11.5932
    15.7866  24.1332  24.3315  25.7175  31.0888  31.1025  40.1143  40.2478

          k =-0.6946 0.0019 0.7047 (   708 PWs)   bands (ev):

  -149.4073-149.3272-147.2090-146.7631-143.1047 -33.7336  -4.3320  -4.2505
    -1.4339  11.3717  11.3889  11.3892  11.4961  11.5839  11.6092  11.6467
    16.2461  23.8071  24.4520  25.1978  30.6521  30.6717  40.2827  40.6279

          k =-1.3895 0.0041 0.7051 (   706 PWs)   bands (ev):

  -148.5509-148.2770-148.0254-145.4891-144.0228 -33.9634  -4.9262  -1.6940
    -1.6886  11.3502  11.4431  11.4447  11.5541  11.5636  11.5668  11.6525
    17.5723  20.0818  25.2143  26.4225  29.2536  30.7929  36.9757  40.6028

          k =-0.6951 0.6968 0.0005 (   712 PWs)   bands (ev):

  -150.0838-148.5151-147.5751-147.2878-144.3572 -33.7666  -4.2842  -4.2780
    -1.2923  11.3706  11.3738  11.4315  11.5308  11.5430  11.5751  11.5932
    15.7866  24.1332  24.3315  25.7175  31.0888  31.1025  40.1143  40.2478

          k =-1.3901 0.6989 0.0009 (   708 PWs)   bands (ev):

  -149.1404-148.5958-147.5559-145.1900-145.1811 -33.9968  -4.8951  -1.7239
    -1.5437  11.3168  11.4480  11.4595  11.5386  11.5463  11.5481  11.6481
    17.8113  19.8081  25.0001  27.4562  29.5224  29.6054  37.1953  39.8674

     the Fermi energy is    27.2162 ev

     Writing output data file ./tmp/_ph0/01_HfH3_Top1.save/

     Phonons for 01_HfH3_Top1                                                   

     bravais-lattice index     =            0
     lattice parameter (alat)  =       6.8677  a.u.
     unit-cell volume          =     119.0868 (a.u.)^3
     number of atoms/cell      =            4
     number of atomic types    =            2
     kinetic-energy cut-off    =      50.0000  Ry
     charge density cut-off    =     400.0000  Ry
     convergence threshold     =      1.0E-14
     beta                      =       0.7000
     number of iterations used =            4
     Exchange-correlation= PBE
                           (   1   4   3   4   0   0   0)


     celldm(1)=    6.86772  celldm(2)=    0.00000  celldm(3)=    0.00000
     celldm(4)=    0.00000  celldm(5)=    0.00000  celldm(6)=    0.00000

     crystal axes: (cart. coord. in units of alat)
               a(1) = (  0.7195  0.0002 -0.0004 )  
               a(2) = (  0.0022  0.7198  0.0002 )  
               a(3) = (  0.0004 -0.0002  0.7099 )  

     reciprocal axes: (cart. coord. in units 2 pi/alat)
               b(1) = (  1.3899 -0.0043 -0.0007 )  
               b(2) = ( -0.0004  1.3893  0.0004 )  
               b(3) = (  0.0007 -0.0004  1.4087 )  


     Atoms inside the unit cell: 

     Cartesian axes

     site n.  atom      mass           positions (alat units)
        1     Hf 178.4900   tau(    1) = (    0.16224    0.48310    0.12711  )
        2     H    1.0080   tau(    2) = (    0.51635    0.11876    0.12649  )
        3     H    1.0080   tau(    3) = (    0.49557    0.42557    0.48184  )
        4     H    1.0080   tau(    4) = (    0.10548    0.09582    0.48195  )

     Computing dynamical matrix for 
                    q = (  -0.6949296   0.0021293   0.0003582 )

      2 Sym.Ops. (with q -> -q+G )


     G cutoff =  477.8870  (   8043 G-vectors)     FFT grid: ( 32, 32, 32)
     G cutoff =  238.9435  (   2840 G-vectors)  smooth grid: ( 24, 24, 24)

     number of k points=    16  Methfessel-Paxton smearing, width (Ry)=  0.0200

     PseudoPot. # 1 for Hf read from file:
     /home/marco/ZOS_Cloud_Compute/pseudo/Hf.UPF
     MD5 check sum: 054ab3954715fe03e42536d2af1a941a
     Pseudo is Projector augmented-wave + core cor, Zval = 36.0
     Generated using "atomic" code by A. Dal Corso  v.5.1.2
     Shape of augmentation charge: PSQ
     Using radial grid of 1271 points,  8 beta functions with: 
                l(1) =   0
                l(2) =   0
                l(3) =   1
                l(4) =   1
                l(5) =   2
                l(6) =   2
                l(7) =   3
                l(8) =   3
     Q(r) pseudized with 0 coefficients 


     PseudoPot. # 2 for H  read from file:
     /home/marco/ZOS_Cloud_Compute/pseudo/H.UPF
     MD5 check sum: 850d63dcbcc06c5de8b44e0ab9f952da
     Pseudo is Projector augmented-wave, Zval =  1.0
     Generated using "atomic" code by A. Dal Corso  v.5.1.2
     Shape of augmentation charge: PSQ
     Using radial grid of  929 points,  2 beta functions with: 
                l(1) =   0
                l(2) =   0
     Q(r) pseudized with 0 coefficients 


     Mode symmetry, C_1 (1)     point group:


     Atomic displacements:
     There are   12 irreducible representations

     Representation     1      1 modes -  To be done

     Representation     2      1 modes -  To be done

     Representation     3      1 modes -  To be done

     Representation     4      1 modes -  To be done

     Representation     5      1 modes -  To be done

     Representation     6      1 modes -  To be done

     Representation     7      1 modes -  To be done

     Representation     8      1 modes -  To be done

     Representation     9      1 modes -  To be done

     Representation    10      1 modes -  To be done

     Representation    11      1 modes -  To be done

     Representation    12      1 modes -  To be done



     Alpha used in Ewald sum =   2.8000
     PHONON       :  26m20.65s CPU  30m45.49s WALL



     Representation #   1 mode #   1

     Self-consistent Calculation

      iter #   1 total cpu time :  1849.9 secs   av.it.:  11.6
      thresh= 1.000E-02 alpha_mix =  0.700 |ddv_scf|^2 =  2.951E-02

      iter #   2 total cpu time :  1854.3 secs   av.it.:  13.2
      thresh= 1.000E-02 alpha_mix =  0.700 |ddv_scf|^2 =  9.994E-02

      iter #   3 total cpu time :  1858.7 secs   av.it.:  12.1
      thresh= 1.000E-02 alpha_mix =  0.700 |ddv_scf|^2 =  4.082E-04

      iter #   4 total cpu time :  1863.0 secs   av.it.:  11.5
      thresh= 2.020E-03 alpha_mix =  0.700 |ddv_scf|^2 =  7.019E-05

      iter #   5 total cpu time :  1867.4 secs   av.it.:  11.9
      thresh= 8.378E-04 alpha_mix =  0.700 |ddv_scf|^2 =  1.671E-07

      iter #   6 total cpu time :  1872.0 secs   av.it.:  15.2
      thresh= 4.088E-05 alpha_mix =  0.700 |ddv_scf|^2 =  2.740E-08

      iter #   7 total cpu time :  1876.5 secs   av.it.:  13.1
      thresh= 1.655E-05 alpha_mix =  0.700 |ddv_scf|^2 =  2.426E-09

      iter #   8 total cpu time :  1880.9 secs   av.it.:  13.2
      thresh= 4.926E-06 alpha_mix =  0.700 |ddv_scf|^2 =  4.036E-11

      iter #   9 total cpu time :  1885.4 secs   av.it.:  13.6
      thresh= 6.353E-07 alpha_mix =  0.700 |ddv_scf|^2 =  2.588E-12

      iter #  10 total cpu time :  1889.9 secs   av.it.:  12.6
      thresh= 1.609E-07 alpha_mix =  0.700 |ddv_scf|^2 =  6.561E-13

      iter #  11 total cpu time :  1894.3 secs   av.it.:  12.5
      thresh= 8.100E-08 alpha_mix =  0.700 |ddv_scf|^2 =  4.781E-13

      iter #  12 total cpu time :  1898.7 secs   av.it.:  12.5
      thresh= 6.915E-08 alpha_mix =  0.700 |ddv_scf|^2 =  4.475E-15

     End of self-consistent calculation

     Convergence has been achieved 


     Representation #   2 mode #   2

     Self-consistent Calculation

      iter #   1 total cpu time :  1903.1 secs   av.it.:  10.4
      thresh= 1.000E-02 alpha_mix =  0.700 |ddv_scf|^2 =  1.492E-03

      iter #   2 total cpu time :  1907.5 secs   av.it.:  12.6
      thresh= 3.863E-03 alpha_mix =  0.700 |ddv_scf|^2 =  1.066E-04

      iter #   3 total cpu time :  1911.9 secs   av.it.:  12.9
      thresh= 1.032E-03 alpha_mix =  0.700 |ddv_scf|^2 =  4.079E-06

      iter #   4 total cpu time :  1916.4 secs   av.it.:  13.6
      thresh= 2.020E-04 alpha_mix =  0.700 |ddv_scf|^2 =  5.393E-06

      iter #   5 total cpu time :  1920.8 secs   av.it.:  11.5
      thresh= 2.322E-04 alpha_mix =  0.700 |ddv_scf|^2 =  6.143E-08

      iter #   6 total cpu time :  1925.3 secs   av.it.:  13.0
      thresh= 2.479E-05 alpha_mix =  0.700 |ddv_scf|^2 =  1.415E-08

      iter #   7 total cpu time :  1929.6 secs   av.it.:  12.0
      thresh= 1.190E-05 alpha_mix =  0.700 |ddv_scf|^2 =  2.852E-10

      iter #   8 total cpu time :  1934.1 secs   av.it.:  14.0
      thresh= 1.689E-06 alpha_mix =  0.700 |ddv_scf|^2 =  6.027E-11

      iter #   9 total cpu time :  1938.6 secs   av.it.:  13.0
      thresh= 7.763E-07 alpha_mix =  0.700 |ddv_scf|^2 =  2.554E-13

      iter #  10 total cpu time :  1943.1 secs   av.it.:  14.5
      thresh= 5.053E-08 alpha_mix =  0.700 |ddv_scf|^2 =  7.875E-14

      iter #  11 total cpu time :  1947.6 secs   av.it.:  12.6
      thresh= 2.806E-08 alpha_mix =  0.700 |ddv_scf|^2 =  5.607E-14

      iter #  12 total cpu time :  1951.9 secs   av.it.:  11.8
      thresh= 2.368E-08 alpha_mix =  0.700 |ddv_scf|^2 =  1.512E-15

     End of self-consistent calculation

     Convergence has been achieved 


     Representation #   3 mode #   3

     Self-consistent Calculation

      iter #   1 total cpu time :  1956.3 secs   av.it.:  10.4
      thresh= 1.000E-02 alpha_mix =  0.700 |ddv_scf|^2 =  1.418E-03

      iter #   2 total cpu time :  1960.6 secs   av.it.:  12.4
      thresh= 3.765E-03 alpha_mix =  0.700 |ddv_scf|^2 =  8.281E-05

      iter #   3 total cpu time :  1965.1 secs   av.it.:  13.0
      thresh= 9.100E-04 alpha_mix =  0.700 |ddv_scf|^2 =  6.275E-07

      iter #   4 total cpu time :  1969.7 secs   av.it.:  15.1
      thresh= 7.921E-05 alpha_mix =  0.700 |ddv_scf|^2 =  2.502E-07

      iter #   5 total cpu time :  1974.0 secs   av.it.:  11.5
      thresh= 5.002E-05 alpha_mix =  0.700 |ddv_scf|^2 =  1.191E-08

      iter #   6 total cpu time :  1978.5 secs   av.it.:  12.8
      thresh= 1.091E-05 alpha_mix =  0.700 |ddv_scf|^2 =  4.026E-09

      iter #   7 total cpu time :  1982.8 secs   av.it.:  11.8
      thresh= 6.345E-06 alpha_mix =  0.700 |ddv_scf|^2 =  5.570E-10

      iter #   8 total cpu time :  1987.2 secs   av.it.:  12.4
      thresh= 2.360E-06 alpha_mix =  0.700 |ddv_scf|^2 =  4.111E-13

      iter #   9 total cpu time :  1991.7 secs   av.it.:  13.9
      thresh= 6.412E-08 alpha_mix =  0.700 |ddv_scf|^2 =  1.175E-14

      iter #  10 total cpu time :  1996.3 secs   av.it.:  14.8
      thresh= 1.084E-08 alpha_mix =  0.700 |ddv_scf|^2 =  5.159E-16

     End of self-consistent calculation

     Convergence has been achieved 


     Representation #   4 mode #   4

     Self-consistent Calculation

      iter #   1 total cpu time :  2000.1 secs   av.it.:   4.0
      thresh= 1.000E-02 alpha_mix =  0.700 |ddv_scf|^2 =  1.254E-05

      iter #   2 total cpu time :  2004.4 secs   av.it.:  10.6
      thresh= 3.541E-04 alpha_mix =  0.700 |ddv_scf|^2 =  3.809E-05

      iter #   3 total cpu time :  2008.5 secs   av.it.:   9.9
      thresh= 6.172E-04 alpha_mix =  0.700 |ddv_scf|^2 =  1.892E-07

      iter #   4 total cpu time :  2012.8 secs   av.it.:  11.4
      thresh= 4.349E-05 alpha_mix =  0.700 |ddv_scf|^2 =  1.105E-08

      iter #   5 total cpu time :  2017.2 secs   av.it.:  12.0
      thresh= 1.051E-05 alpha_mix =  0.700 |ddv_scf|^2 =  1.969E-10

      iter #   6 total cpu time :  2021.6 secs   av.it.:  13.0
      thresh= 1.403E-06 alpha_mix =  0.700 |ddv_scf|^2 =  2.149E-11

      iter #   7 total cpu time :  2026.0 secs   av.it.:  12.4
      thresh= 4.636E-07 alpha_mix =  0.700 |ddv_scf|^2 =  1.450E-12

      iter #   8 total cpu time :  2030.4 secs   av.it.:  12.6
      thresh= 1.204E-07 alpha_mix =  0.700 |ddv_scf|^2 =  1.300E-14

      iter #   9 total cpu time :  2034.8 secs   av.it.:  13.0
      thresh= 1.140E-08 alpha_mix =  0.700 |ddv_scf|^2 =  6.746E-16

     End of self-consistent calculation

     Convergence has been achieved 


     Representation #   5 mode #   5

     Self-consistent Calculation

      iter #   1 total cpu time :  2038.6 secs   av.it.:   3.9
      thresh= 1.000E-02 alpha_mix =  0.700 |ddv_scf|^2 =  1.925E-07

      iter #   2 total cpu time :  2043.0 secs   av.it.:  12.1
      thresh= 4.388E-05 alpha_mix =  0.700 |ddv_scf|^2 =  6.190E-08

      iter #   3 total cpu time :  2047.3 secs   av.it.:  11.9
      thresh= 2.488E-05 alpha_mix =  0.700 |ddv_scf|^2 =  7.446E-08

      iter #   4 total cpu time :  2051.6 secs   av.it.:  10.6
      thresh= 2.729E-05 alpha_mix =  0.700 |ddv_scf|^2 =  8.657E-11

      iter #   5 total cpu time :  2056.2 secs   av.it.:  13.5
      thresh= 9.304E-07 alpha_mix =  0.700 |ddv_scf|^2 =  8.941E-11

      iter #   6 total cpu time :  2060.6 secs   av.it.:  11.1
      thresh= 9.455E-07 alpha_mix =  0.700 |ddv_scf|^2 =  2.477E-12

      iter #   7 total cpu time :  2065.2 secs   av.it.:  13.0
      thresh= 1.574E-07 alpha_mix =  0.700 |ddv_scf|^2 =  1.111E-13

      iter #   8 total cpu time :  2069.5 secs   av.it.:  13.0
      thresh= 3.332E-08 alpha_mix =  0.700 |ddv_scf|^2 =  5.569E-15

     End of self-consistent calculation

     Convergence has been achieved 


     Representation #   6 mode #   6

     Self-consistent Calculation

      iter #   1 total cpu time :  2073.3 secs   av.it.:   3.4
      thresh= 1.000E-02 alpha_mix =  0.700 |ddv_scf|^2 =  1.263E-07

      iter #   2 total cpu time :  2077.6 secs   av.it.:  11.0
      thresh= 3.553E-05 alpha_mix =  0.700 |ddv_scf|^2 =  1.616E-09

      iter #   3 total cpu time :  2081.9 secs   av.it.:  12.1
      thresh= 4.020E-06 alpha_mix =  0.700 |ddv_scf|^2 =  9.118E-11

      iter #   4 total cpu time :  2086.4 secs   av.it.:  13.4
      thresh= 9.549E-07 alpha_mix =  0.700 |ddv_scf|^2 =  5.743E-11

      iter #   5 total cpu time :  2090.7 secs   av.it.:  11.5
      thresh= 7.578E-07 alpha_mix =  0.700 |ddv_scf|^2 =  1.003E-12

      iter #   6 total cpu time :  2095.3 secs   av.it.:  14.0
      thresh= 1.002E-07 alpha_mix =  0.700 |ddv_scf|^2 =  8.277E-13

      iter #   7 total cpu time :  2099.5 secs   av.it.:  11.5
      thresh= 9.098E-08 alpha_mix =  0.700 |ddv_scf|^2 =  1.535E-14

      iter #   8 total cpu time :  2104.0 secs   av.it.:  14.0
      thresh= 1.239E-08 alpha_mix =  0.700 |ddv_scf|^2 =  2.920E-16

     End of self-consistent calculation

     Convergence has been achieved 


     Representation #   7 mode #   7

     Self-consistent Calculation

      iter #   1 total cpu time :  2107.8 secs   av.it.:   4.8
      thresh= 1.000E-02 alpha_mix =  0.700 |ddv_scf|^2 =  1.650E-05

      iter #   2 total cpu time :  2112.1 secs   av.it.:  11.2
      thresh= 4.062E-04 alpha_mix =  0.700 |ddv_scf|^2 =  5.421E-05

      iter #   3 total cpu time :  2116.3 secs   av.it.:  10.1
      thresh= 7.363E-04 alpha_mix =  0.700 |ddv_scf|^2 =  1.878E-07

      iter #   4 total cpu time :  2120.6 secs   av.it.:  11.6
      thresh= 4.334E-05 alpha_mix =  0.700 |ddv_scf|^2 =  6.447E-09

      iter #   5 total cpu time :  2125.0 secs   av.it.:  12.5
      thresh= 8.029E-06 alpha_mix =  0.700 |ddv_scf|^2 =  3.089E-10

      iter #   6 total cpu time :  2129.4 secs   av.it.:  12.9
      thresh= 1.757E-06 alpha_mix =  0.700 |ddv_scf|^2 =  9.720E-12

      iter #   7 total cpu time :  2133.8 secs   av.it.:  13.1
      thresh= 3.118E-07 alpha_mix =  0.700 |ddv_scf|^2 =  1.054E-12

      iter #   8 total cpu time :  2138.3 secs   av.it.:  12.8
      thresh= 1.027E-07 alpha_mix =  0.700 |ddv_scf|^2 =  1.043E-14

      iter #   9 total cpu time :  2142.9 secs   av.it.:  13.6
      thresh= 1.021E-08 alpha_mix =  0.700 |ddv_scf|^2 =  5.051E-16

     End of self-consistent calculation

     Convergence has been achieved 


     Representation #   8 mode #   8

     Self-consistent Calculation

      iter #   1 total cpu time :  2146.7 secs   av.it.:   3.9
      thresh= 1.000E-02 alpha_mix =  0.700 |ddv_scf|^2 =  1.623E-07

      iter #   2 total cpu time :  2151.0 secs   av.it.:  12.0
      thresh= 4.028E-05 alpha_mix =  0.700 |ddv_scf|^2 =  4.920E-08

      iter #   3 total cpu time :  2155.4 secs   av.it.:  11.8
      thresh= 2.218E-05 alpha_mix =  0.700 |ddv_scf|^2 =  5.974E-08

      iter #   4 total cpu time :  2159.6 secs   av.it.:  10.6
      thresh= 2.444E-05 alpha_mix =  0.700 |ddv_scf|^2 =  4.791E-10

      iter #   5 total cpu time :  2163.9 secs   av.it.:  12.6
      thresh= 2.189E-06 alpha_mix =  0.700 |ddv_scf|^2 =  2.328E-10

      iter #   6 total cpu time :  2168.2 secs   av.it.:  10.8
      thresh= 1.526E-06 alpha_mix =  0.700 |ddv_scf|^2 =  1.027E-12

      iter #   7 total cpu time :  2172.6 secs   av.it.:  13.8
      thresh= 1.014E-07 alpha_mix =  0.700 |ddv_scf|^2 =  5.632E-14

      iter #   8 total cpu time :  2177.1 secs   av.it.:  13.9
      thresh= 2.373E-08 alpha_mix =  0.700 |ddv_scf|^2 =  7.987E-15

     End of self-consistent calculation

     Convergence has been achieved 


     Representation #   9 mode #   9

     Self-consistent Calculation

      iter #   1 total cpu time :  2181.0 secs   av.it.:   4.1
      thresh= 1.000E-02 alpha_mix =  0.700 |ddv_scf|^2 =  1.847E-07

      iter #   2 total cpu time :  2185.4 secs   av.it.:  11.9
      thresh= 4.298E-05 alpha_mix =  0.700 |ddv_scf|^2 =  1.110E-09

      iter #   3 total cpu time :  2190.0 secs   av.it.:  13.8
      thresh= 3.332E-06 alpha_mix =  0.700 |ddv_scf|^2 =  1.499E-10

      iter #   4 total cpu time :  2194.6 secs   av.it.:  14.1
      thresh= 1.224E-06 alpha_mix =  0.700 |ddv_scf|^2 =  2.741E-10

      iter #   5 total cpu time :  2199.0 secs   av.it.:  11.4
      thresh= 1.656E-06 alpha_mix =  0.700 |ddv_scf|^2 =  5.967E-12

      iter #   6 total cpu time :  2203.4 secs   av.it.:  13.0
      thresh= 2.443E-07 alpha_mix =  0.700 |ddv_scf|^2 =  1.266E-12

      iter #   7 total cpu time :  2207.7 secs   av.it.:  12.1
      thresh= 1.125E-07 alpha_mix =  0.700 |ddv_scf|^2 =  3.830E-14

      iter #   8 total cpu time :  2212.2 secs   av.it.:  13.5
      thresh= 1.957E-08 alpha_mix =  0.700 |ddv_scf|^2 =  1.084E-15

     End of self-consistent calculation

     Convergence has been achieved 


     Representation #  10 mode #  10

     Self-consistent Calculation

      iter #   1 total cpu time :  2216.0 secs   av.it.:   5.0
      thresh= 1.000E-02 alpha_mix =  0.700 |ddv_scf|^2 =  1.292E-05

      iter #   2 total cpu time :  2220.3 secs   av.it.:  11.8
      thresh= 3.594E-04 alpha_mix =  0.700 |ddv_scf|^2 =  3.336E-05

      iter #   3 total cpu time :  2224.5 secs   av.it.:  10.5
      thresh= 5.775E-04 alpha_mix =  0.700 |ddv_scf|^2 =  1.767E-07

      iter #   4 total cpu time :  2228.8 secs   av.it.:  11.1
      thresh= 4.204E-05 alpha_mix =  0.700 |ddv_scf|^2 =  1.241E-08

      iter #   5 total cpu time :  2233.2 secs   av.it.:  11.8
      thresh= 1.114E-05 alpha_mix =  0.700 |ddv_scf|^2 =  2.033E-10

      iter #   6 total cpu time :  2237.6 secs   av.it.:  12.8
      thresh= 1.426E-06 alpha_mix =  0.700 |ddv_scf|^2 =  1.390E-11

      iter #   7 total cpu time :  2242.0 secs   av.it.:  13.1
      thresh= 3.729E-07 alpha_mix =  0.700 |ddv_scf|^2 =  3.024E-13

      iter #   8 total cpu time :  2246.6 secs   av.it.:  13.6
      thresh= 5.499E-08 alpha_mix =  0.700 |ddv_scf|^2 =  3.470E-14

      iter #   9 total cpu time :  2251.0 secs   av.it.:  12.6
      thresh= 1.863E-08 alpha_mix =  0.700 |ddv_scf|^2 =  1.274E-14

      iter #  10 total cpu time :  2255.3 secs   av.it.:  11.5
      thresh= 1.129E-08 alpha_mix =  0.700 |ddv_scf|^2 =  1.635E-15

     End of self-consistent calculation

     Convergence has been achieved 


     Representation #  11 mode #  11

     Self-consistent Calculation

      iter #   1 total cpu time :  2259.1 secs   av.it.:   4.8
      thresh= 1.000E-02 alpha_mix =  0.700 |ddv_scf|^2 =  4.270E-07

      iter #   2 total cpu time :  2263.6 secs   av.it.:  12.6
      thresh= 6.535E-05 alpha_mix =  0.700 |ddv_scf|^2 =  6.405E-07

      iter #   3 total cpu time :  2267.8 secs   av.it.:  10.8
      thresh= 8.003E-05 alpha_mix =  0.700 |ddv_scf|^2 =  5.481E-08

      iter #   4 total cpu time :  2272.1 secs   av.it.:  12.2
      thresh= 2.341E-05 alpha_mix =  0.700 |ddv_scf|^2 =  9.555E-10

      iter #   5 total cpu time :  2276.6 secs   av.it.:  13.1
      thresh= 3.091E-06 alpha_mix =  0.700 |ddv_scf|^2 =  4.108E-10

      iter #   6 total cpu time :  2280.9 secs   av.it.:  11.2
      thresh= 2.027E-06 alpha_mix =  0.700 |ddv_scf|^2 =  1.644E-11

      iter #   7 total cpu time :  2285.3 secs   av.it.:  13.4
      thresh= 4.055E-07 alpha_mix =  0.700 |ddv_scf|^2 =  2.976E-12

      iter #   8 total cpu time :  2289.8 secs   av.it.:  12.8
      thresh= 1.725E-07 alpha_mix =  0.700 |ddv_scf|^2 =  8.842E-14

      iter #   9 total cpu time :  2294.3 secs   av.it.:  13.4
      thresh= 2.974E-08 alpha_mix =  0.700 |ddv_scf|^2 =  8.063E-14

      iter #  10 total cpu time :  2298.6 secs   av.it.:  11.8
      thresh= 2.840E-08 alpha_mix =  0.700 |ddv_scf|^2 =  2.768E-15

     End of self-consistent calculation

     Convergence has been achieved 


     Representation #  12 mode #  12

     Self-consistent Calculation

      iter #   1 total cpu time :  2302.5 secs   av.it.:   4.6
      thresh= 1.000E-02 alpha_mix =  0.700 |ddv_scf|^2 =  1.976E-07

      iter #   2 total cpu time :  2306.9 secs   av.it.:  12.5
      thresh= 4.445E-05 alpha_mix =  0.700 |ddv_scf|^2 =  5.738E-09

      iter #   3 total cpu time :  2311.4 secs   av.it.:  13.6
      thresh= 7.575E-06 alpha_mix =  0.700 |ddv_scf|^2 =  3.347E-10

      iter #   4 total cpu time :  2316.0 secs   av.it.:  13.4
      thresh= 1.829E-06 alpha_mix =  0.700 |ddv_scf|^2 =  5.332E-11

      iter #   5 total cpu time :  2320.2 secs   av.it.:  12.5
      thresh= 7.302E-07 alpha_mix =  0.700 |ddv_scf|^2 =  1.375E-11

      iter #   6 total cpu time :  2324.7 secs   av.it.:  12.4
      thresh= 3.708E-07 alpha_mix =  0.700 |ddv_scf|^2 =  2.174E-14

      iter #   7 total cpu time :  2329.3 secs   av.it.:  14.9
      thresh= 1.474E-08 alpha_mix =  0.700 |ddv_scf|^2 =  1.336E-14

      iter #   8 total cpu time :  2333.6 secs   av.it.:  12.2
      thresh= 1.156E-08 alpha_mix =  0.700 |ddv_scf|^2 =  1.767E-15

     End of self-consistent calculation

     Convergence has been achieved 

     Number of q in the star =    1
     List of q in the star:
          1  -0.694929641   0.002129280   0.000358243

     Diagonalizing the dynamical matrix

     q = (   -0.694929641   0.002129280   0.000358243 ) 

 **************************************************************************
     freq (    1) =     -19.252514 [THz] =    -642.194732 [cm-1]
     freq (    2) =     -17.734423 [THz] =    -591.556690 [cm-1]
     freq (    3) =      -8.579269 [THz] =    -286.173614 [cm-1]
     freq (    4) =       8.017579 [THz] =     267.437663 [cm-1]
     freq (    5) =       8.285286 [THz] =     276.367387 [cm-1]
     freq (    6) =      16.068905 [THz] =     536.000973 [cm-1]
     freq (    7) =      34.276712 [THz] =    1143.348048 [cm-1]
     freq (    8) =      58.973472 [THz] =    1967.143273 [cm-1]
     freq (    9) =      60.006592 [THz] =    2001.604454 [cm-1]
     freq (   10) =      62.194840 [THz] =    2074.596545 [cm-1]
     freq (   11) =      65.652851 [THz] =    2189.943391 [cm-1]
     freq (   12) =      66.029256 [THz] =    2202.498896 [cm-1]
 **************************************************************************

     Mode symmetry, C_1 (1)     point group:

     freq (   1-   1) =       -642.2  [cm-1]   --> A                  
     freq (   2-   2) =       -591.6  [cm-1]   --> A                  
     freq (   3-   3) =       -286.2  [cm-1]   --> A                  
     freq (   4-   4) =        267.4  [cm-1]   --> A                  
     freq (   5-   5) =        276.4  [cm-1]   --> A                  
     freq (   6-   6) =        536.0  [cm-1]   --> A                  
     freq (   7-   7) =       1143.3  [cm-1]   --> A                  
     freq (   8-   8) =       1967.1  [cm-1]   --> A                  
     freq (   9-   9) =       2001.6  [cm-1]   --> A                  
     freq (  10-  10) =       2074.6  [cm-1]   --> A                  
     freq (  11-  11) =       2189.9  [cm-1]   --> A                  
     freq (  12-  12) =       2202.5  [cm-1]   --> A                  

     Calculation of q =   -0.6952931   0.0023272  -0.7039762

     Parallelization info
     --------------------
     sticks:   dense  smooth     PW     G-vecs:    dense   smooth      PW
     Min         388     192     76                 8040     2840     707
     Max         389     193     79                 8043     2841     708
     Sum         777     385    155                16083     5681    1415


     Title: 
     Phonons for 01_HfH3_Top1                                                   


     bravais-lattice index     =            0
     lattice parameter (alat)  =       6.8677  a.u.
     unit-cell volume          =     119.0868 (a.u.)^3
     number of atoms/cell      =            4
     number of atomic types    =            2
     number of electrons       =        39.00
     number of Kohn-Sham states=           24
     kinetic-energy cutoff     =      50.0000  Ry
     charge density cutoff     =     400.0000  Ry
     Exchange-correlation= PBE
                           (   1   4   3   4   0   0   0)

     celldm(1)=   6.867718  celldm(2)=   0.000000  celldm(3)=   0.000000
     celldm(4)=   0.000000  celldm(5)=   0.000000  celldm(6)=   0.000000

     crystal axes: (cart. coord. in units of alat)
               a(1) = (   0.719498   0.000221  -0.000371 )  
               a(2) = (   0.002206   0.719790   0.000201 )  
               a(3) = (   0.000365  -0.000191   0.709890 )  

     reciprocal axes: (cart. coord. in units 2 pi/alat)
               b(1) = (  1.389859 -0.004259 -0.000716 )  
               b(2) = ( -0.000427  1.389294  0.000375 )  
               b(3) = (  0.000727 -0.000396  1.408669 )  


     PseudoPot. # 1 for Hf read from file:
     /home/marco/ZOS_Cloud_Compute/pseudo/Hf.UPF
     MD5 check sum: 054ab3954715fe03e42536d2af1a941a
     Pseudo is Projector augmented-wave + core cor, Zval = 36.0
     Generated using "atomic" code by A. Dal Corso  v.5.1.2
     Shape of augmentation charge: PSQ
     Using radial grid of 1271 points,  8 beta functions with: 
                l(1) =   0
                l(2) =   0
                l(3) =   1
                l(4) =   1
                l(5) =   2
                l(6) =   2
                l(7) =   3
                l(8) =   3
     Q(r) pseudized with 0 coefficients 


     PseudoPot. # 2 for H  read from file:
     /home/marco/ZOS_Cloud_Compute/pseudo/H.UPF
     MD5 check sum: 850d63dcbcc06c5de8b44e0ab9f952da
     Pseudo is Projector augmented-wave, Zval =  1.0
     Generated using "atomic" code by A. Dal Corso  v.5.1.2
     Shape of augmentation charge: PSQ
     Using radial grid of  929 points,  2 beta functions with: 
                l(1) =   0
                l(2) =   0
     Q(r) pseudized with 0 coefficients 


     atomic species   valence    mass     pseudopotential
        Hf            36.00   178.49000     Hf( 1.00)
        H              1.00     1.00800     H ( 1.00)

     No symmetry found



   Cartesian axes

     site n.     atom                  positions (alat units)
         1           Hf  tau(   1) = (   0.1622415   0.4830964   0.1271085  )
         2           H   tau(   2) = (   0.5163459   0.1187615   0.1264908  )
         3           H   tau(   3) = (   0.4955668   0.4255692   0.4818392  )
         4           H   tau(   4) = (   0.1054813   0.0958217   0.4819530  )

     number of k points=    16  Methfessel-Paxton smearing, width (Ry)=  0.0200
                       cart. coord. in units 2pi/alat
        k(    1) = (   0.0000000   0.0000000   0.0000000), wk =   0.2500000
        k(    2) = (  -0.6952931   0.0023272  -0.7039762), wk =   0.0000000
        k(    3) = (  -0.0003635   0.0001979  -0.7043345), wk =   0.2500000
        k(    4) = (  -0.6956566   0.0025250  -1.4083107), wk =   0.0000000
        k(    5) = (  -0.0001502  -0.6944494  -0.7045218), wk =   0.2500000
        k(    6) = (  -0.6954433  -0.6921222  -1.4084981), wk =   0.0000000
        k(    7) = (  -0.6950798  -0.6923201  -0.7041636), wk =   0.2500000
        k(    8) = (  -1.3903730  -0.6899929  -1.4081398), wk =   0.0000000
        k(    9) = (  -0.6949296   0.0021293   0.0003582), wk =   0.2500000
        k(   10) = (  -1.3902228   0.0044564  -0.7036180), wk =   0.0000000
        k(   11) = (   0.0002133  -0.6946472  -0.0001873), wk =   0.2500000
        k(   12) = (  -0.6950798  -0.6923201  -0.7041636), wk =   0.0000000
        k(   13) = (  -0.6945661   0.0019314   0.7046927), wk =   0.2500000
        k(   14) = (  -1.3898593   0.0042586   0.0007165), wk =   0.0000000
        k(   15) = (  -0.6951429   0.6967765   0.0005456), wk =   0.2500000
        k(   16) = (  -1.3904361   0.6991037  -0.7034307), wk =   0.0000000

     Dense  grid:    16083 G-vectors     FFT dimensions: (  32,  32,  32)

     Smooth grid:     5681 G-vectors     FFT dimensions: (  24,  24,  24)

     Estimated max dynamical RAM per process >      79.44 MB

     Estimated total dynamical RAM >     158.89 MB

     Check: negative core charge=   -0.000006

     The potential is recalculated from file :
     ./tmp/_ph0/01_HfH3_Top1.save/charge-density

     Starting wfcs are   25 atomic wfcs
     Checking if some PAW data can be deallocated... 

     Band Structure Calculation
     Davidson diagonalization with overlap

     ethr =  2.56E-11,  avg # of iterations = 11.6

     total cpu time spent up to now is       23.0 secs

     End of band structure calculation

          k = 0.0000 0.0000 0.0000 (   739 PWs)   bands (ev):

  -153.8292-152.7489-150.5820-150.3520-149.4375 -34.2412  -2.0151  -1.9996
    -1.8156  11.3349  11.3387  11.3421  11.3473  11.3671  11.3688  11.3733
    12.4762  20.8806  20.9915  35.8400  35.8746  36.1228  36.2690  37.2651

          k =-0.6953 0.0023-0.7040 (   708 PWs)   bands (ev):

  -149.4073-149.3272-147.2090-146.7631-143.1047 -33.7336  -4.3320  -4.2505
    -1.4339  11.3717  11.3889  11.3892  11.4961  11.5839  11.6092  11.6467
    16.2461  23.8071  24.4520  25.1978  30.6521  30.6717  40.2827  40.6279

          k =-0.0004 0.0002-0.7043 (   706 PWs)   bands (ev):

  -148.5509-148.2770-148.0254-145.4891-144.0228 -33.9634  -4.9262  -1.6940
    -1.6886  11.3502  11.4431  11.4447  11.5541  11.5636  11.5668  11.6525
    17.5723  20.0818  25.2143  26.4225  29.2536  30.7929  36.9757  40.6028

          k =-0.6957 0.0025-1.4083 (   708 PWs)   bands (ev):

  -149.1147-148.6241-147.5500-145.2199-145.1531 -33.9958  -4.8990  -1.7246
    -1.5429  11.3174  11.4474  11.4572  11.5414  11.5470  11.5504  11.6449
    17.8093  19.8040  25.0102  27.4360  29.5227  29.6207  37.1894  39.9013

          k =-0.0002-0.6944-0.7045 (   708 PWs)   bands (ev):

  -149.4388-149.3274-147.1745-146.7778-143.0807 -33.7345  -4.3329  -4.2454
    -1.4338  11.3720  11.3873  11.3881  11.4969  11.5813  11.6110  11.6507
    16.2332  23.8063  24.4704  25.1952  30.6621  30.6861  40.2763  40.6199

          k =-0.6954-0.6921-1.4085 (   712 PWs)   bands (ev):

  -150.0838-148.5151-147.5751-147.2878-144.3572 -33.7666  -4.2842  -4.2780
    -1.2923  11.3706  11.3738  11.4315  11.5308  11.5430  11.5751  11.5932
    15.7866  24.1332  24.3315  25.7175  31.0888  31.1025  40.1143  40.2478

          k =-0.6951-0.6923-0.7042 (   692 PWs)   bands (ev):

  -146.8770-145.8372-145.0071-144.8328-143.7508 -33.5179  -3.8091  -3.7186
    -3.6979  11.4810  11.5248  11.5592  11.5697  11.5719  11.5755  11.6980
    17.9394  18.1529  18.3264  29.1293  39.2135  39.2974  39.5411  40.9244

          k =-1.3904-0.6900-1.4081 (   708 PWs)   bands (ev):

  -149.1404-148.5958-147.5559-145.1900-145.1811 -33.9968  -4.8951  -1.7239
    -1.5437  11.3168  11.4480  11.4595  11.5386  11.5463  11.5481  11.6481
    17.8113  19.8081  25.0001  27.4562  29.5224  29.6054  37.1953  39.8674

          k =-0.6949 0.0021 0.0004 (   708 PWs)   bands (ev):

  -149.1147-148.6241-147.5500-145.2199-145.1531 -33.9958  -4.8990  -1.7246
    -1.5429  11.3174  11.4474  11.4572  11.5414  11.5470  11.5504  11.6449
    17.8093  19.8040  25.0102  27.4360  29.5227  29.6207  37.1894  39.9013

          k =-1.3902 0.0045-0.7036 (   706 PWs)   bands (ev):

  -148.5509-148.2770-148.0254-145.4891-144.0228 -33.9634  -4.9262  -1.6940
    -1.6886  11.3502  11.4431  11.4447  11.5541  11.5636  11.5668  11.6525
    17.5723  20.0818  25.2143  26.4225  29.2536  30.7929  36.9757  40.6028

          k = 0.0002-0.6946-0.0002 (   708 PWs)   bands (ev):

  -149.1404-148.5958-147.5559-145.1900-145.1811 -33.9968  -4.8951  -1.7239
    -1.5437  11.3168  11.4480  11.4595  11.5386  11.5463  11.5481  11.6481
    17.8113  19.8081  25.0001  27.4562  29.5224  29.6054  37.1953  39.8674

          k =-0.6951-0.6923-0.7042 (   692 PWs)   bands (ev):

  -146.8770-145.8372-145.0071-144.8328-143.7508 -33.5179  -3.8091  -3.7186
    -3.6979  11.4810  11.5248  11.5592  11.5697  11.5719  11.5755  11.6980
    17.9394  18.1529  18.3264  29.1293  39.2135  39.2974  39.5411  40.9244

          k =-0.6946 0.0019 0.7047 (   708 PWs)   bands (ev):

  -149.4073-149.3272-147.2090-146.7631-143.1047 -33.7336  -4.3320  -4.2505
    -1.4339  11.3717  11.3889  11.3892  11.4961  11.5839  11.6092  11.6467
    16.2461  23.8071  24.4520  25.1978  30.6521  30.6717  40.2827  40.6279

          k =-1.3899 0.0043 0.0007 (   739 PWs)   bands (ev):

  -153.8292-152.7489-150.5820-150.3520-149.4375 -34.2412  -2.0151  -1.9996
    -1.8156  11.3349  11.3387  11.3421  11.3473  11.3671  11.3688  11.3733
    12.4762  20.8806  20.9915  35.8400  35.8746  36.1228  36.2690  37.2651

          k =-0.6951 0.6968 0.0005 (   712 PWs)   bands (ev):

  -150.0838-148.5151-147.5751-147.2878-144.3572 -33.7666  -4.2842  -4.2780
    -1.2923  11.3706  11.3738  11.4315  11.5308  11.5430  11.5751  11.5932
    15.7866  24.1332  24.3315  25.7175  31.0888  31.1025  40.1143  40.2478

          k =-1.3904 0.6991-0.7034 (   708 PWs)   bands (ev):

  -149.4388-149.3274-147.1745-146.7778-143.0807 -33.7345  -4.3329  -4.2454
    -1.4338  11.3720  11.3873  11.3881  11.4969  11.5813  11.6110  11.6507
    16.2332  23.8063  24.4704  25.1952  30.6621  30.6861  40.2763  40.6199

     the Fermi energy is    27.2162 ev

     Writing output data file ./tmp/_ph0/01_HfH3_Top1.save/

     Phonons for 01_HfH3_Top1                                                   

     bravais-lattice index     =            0
     lattice parameter (alat)  =       6.8677  a.u.
     unit-cell volume          =     119.0868 (a.u.)^3
     number of atoms/cell      =            4
     number of atomic types    =            2
     kinetic-energy cut-off    =      50.0000  Ry
     charge density cut-off    =     400.0000  Ry
     convergence threshold     =      1.0E-14
     beta                      =       0.7000
     number of iterations used =            4
     Exchange-correlation= PBE
                           (   1   4   3   4   0   0   0)


     celldm(1)=    6.86772  celldm(2)=    0.00000  celldm(3)=    0.00000
     celldm(4)=    0.00000  celldm(5)=    0.00000  celldm(6)=    0.00000

     crystal axes: (cart. coord. in units of alat)
               a(1) = (  0.7195  0.0002 -0.0004 )  
               a(2) = (  0.0022  0.7198  0.0002 )  
               a(3) = (  0.0004 -0.0002  0.7099 )  

     reciprocal axes: (cart. coord. in units 2 pi/alat)
               b(1) = (  1.3899 -0.0043 -0.0007 )  
               b(2) = ( -0.0004  1.3893  0.0004 )  
               b(3) = (  0.0007 -0.0004  1.4087 )  


     Atoms inside the unit cell: 

     Cartesian axes

     site n.  atom      mass           positions (alat units)
        1     Hf 178.4900   tau(    1) = (    0.16224    0.48310    0.12711  )
        2     H    1.0080   tau(    2) = (    0.51635    0.11876    0.12649  )
        3     H    1.0080   tau(    3) = (    0.49557    0.42557    0.48184  )
        4     H    1.0080   tau(    4) = (    0.10548    0.09582    0.48195  )

     Computing dynamical matrix for 
                    q = (  -0.6952931   0.0023272  -0.7039762 )

      2 Sym.Ops. (with q -> -q+G )


     G cutoff =  477.8870  (   8043 G-vectors)     FFT grid: ( 32, 32, 32)
     G cutoff =  238.9435  (   2840 G-vectors)  smooth grid: ( 24, 24, 24)

     number of k points=    16  Methfessel-Paxton smearing, width (Ry)=  0.0200

     PseudoPot. # 1 for Hf read from file:
     /home/marco/ZOS_Cloud_Compute/pseudo/Hf.UPF
     MD5 check sum: 054ab3954715fe03e42536d2af1a941a
     Pseudo is Projector augmented-wave + core cor, Zval = 36.0
     Generated using "atomic" code by A. Dal Corso  v.5.1.2
     Shape of augmentation charge: PSQ
     Using radial grid of 1271 points,  8 beta functions with: 
                l(1) =   0
                l(2) =   0
                l(3) =   1
                l(4) =   1
                l(5) =   2
                l(6) =   2
                l(7) =   3
                l(8) =   3
     Q(r) pseudized with 0 coefficients 


     PseudoPot. # 2 for H  read from file:
     /home/marco/ZOS_Cloud_Compute/pseudo/H.UPF
     MD5 check sum: 850d63dcbcc06c5de8b44e0ab9f952da
     Pseudo is Projector augmented-wave, Zval =  1.0
     Generated using "atomic" code by A. Dal Corso  v.5.1.2
     Shape of augmentation charge: PSQ
     Using radial grid of  929 points,  2 beta functions with: 
                l(1) =   0
                l(2) =   0
     Q(r) pseudized with 0 coefficients 


     Mode symmetry, C_1 (1)     point group:


     Atomic displacements:
     There are   12 irreducible representations

     Representation     1      1 modes -  To be done

     Representation     2      1 modes -  To be done

     Representation     3      1 modes -  To be done

     Representation     4      1 modes -  To be done

     Representation     5      1 modes -  To be done

     Representation     6      1 modes -  To be done

     Representation     7      1 modes -  To be done

     Representation     8      1 modes -  To be done

     Representation     9      1 modes -  To be done

     Representation    10      1 modes -  To be done

     Representation    11      1 modes -  To be done

     Representation    12      1 modes -  To be done



     Alpha used in Ewald sum =   2.8000
     PHONON       :  33m28.42s CPU  39m 4.86s WALL



     Representation #   1 mode #   1

     Self-consistent Calculation

      iter #   1 total cpu time :  2349.3 secs   av.it.:  11.2
      thresh= 1.000E-02 alpha_mix =  0.700 |ddv_scf|^2 =  6.190E-03

      iter #   2 total cpu time :  2353.6 secs   av.it.:  12.4
      thresh= 7.868E-03 alpha_mix =  0.700 |ddv_scf|^2 =  5.263E-03

      iter #   3 total cpu time :  2358.0 secs   av.it.:  11.4
      thresh= 7.255E-03 alpha_mix =  0.700 |ddv_scf|^2 =  3.417E-06

      iter #   4 total cpu time :  2362.8 secs   av.it.:  15.4
      thresh= 1.848E-04 alpha_mix =  0.700 |ddv_scf|^2 =  1.764E-06

      iter #   5 total cpu time :  2367.3 secs   av.it.:  12.5
      thresh= 1.328E-04 alpha_mix =  0.700 |ddv_scf|^2 =  1.256E-07

      iter #   6 total cpu time :  2371.8 secs   av.it.:  13.4
      thresh= 3.544E-05 alpha_mix =  0.700 |ddv_scf|^2 =  7.156E-10

      iter #   7 total cpu time :  2376.4 secs   av.it.:  14.4
      thresh= 2.675E-06 alpha_mix =  0.700 |ddv_scf|^2 =  2.319E-11

      iter #   8 total cpu time :  2381.0 secs   av.it.:  13.8
      thresh= 4.816E-07 alpha_mix =  0.700 |ddv_scf|^2 =  1.068E-12

      iter #   9 total cpu time :  2385.6 secs   av.it.:  14.5
      thresh= 1.034E-07 alpha_mix =  0.700 |ddv_scf|^2 =  3.291E-13

      iter #  10 total cpu time :  2390.1 secs   av.it.:  12.6
      thresh= 5.737E-08 alpha_mix =  0.700 |ddv_scf|^2 =  2.231E-14

      iter #  11 total cpu time :  2394.7 secs   av.it.:  14.4
      thresh= 1.494E-08 alpha_mix =  0.700 |ddv_scf|^2 =  2.313E-15

     End of self-consistent calculation

     Convergence has been achieved 


     Representation #   2 mode #   2

     Self-consistent Calculation

      iter #   1 total cpu time :  2399.1 secs   av.it.:  10.2
      thresh= 1.000E-02 alpha_mix =  0.700 |ddv_scf|^2 =  1.326E-03

      iter #   2 total cpu time :  2403.6 secs   av.it.:  12.1
      thresh= 3.641E-03 alpha_mix =  0.700 |ddv_scf|^2 =  6.057E-05

      iter #   3 total cpu time :  2408.2 secs   av.it.:  13.2
      thresh= 7.782E-04 alpha_mix =  0.700 |ddv_scf|^2 =  9.757E-07

      iter #   4 total cpu time :  2412.9 secs   av.it.:  15.4
      thresh= 9.878E-05 alpha_mix =  0.700 |ddv_scf|^2 =  6.273E-07

      iter #   5 total cpu time :  2417.3 secs   av.it.:  12.6
      thresh= 7.920E-05 alpha_mix =  0.700 |ddv_scf|^2 =  3.534E-09

      iter #   6 total cpu time :  2422.0 secs   av.it.:  14.5
      thresh= 5.944E-06 alpha_mix =  0.700 |ddv_scf|^2 =  1.606E-09

      iter #   7 total cpu time :  2426.5 secs   av.it.:  13.1
      thresh= 4.008E-06 alpha_mix =  0.700 |ddv_scf|^2 =  7.666E-11

      iter #   8 total cpu time :  2431.0 secs   av.it.:  13.1
      thresh= 8.756E-07 alpha_mix =  0.700 |ddv_scf|^2 =  1.226E-12

      iter #   9 total cpu time :  2435.6 secs   av.it.:  14.1
      thresh= 1.107E-07 alpha_mix =  0.700 |ddv_scf|^2 =  9.044E-14

      iter #  10 total cpu time :  2440.1 secs   av.it.:  13.6
      thresh= 3.007E-08 alpha_mix =  0.700 |ddv_scf|^2 =  5.404E-15

     End of self-consistent calculation

     Convergence has been achieved 


     Representation #   3 mode #   3

     Self-consistent Calculation

      iter #   1 total cpu time :  2444.6 secs   av.it.:  11.0
      thresh= 1.000E-02 alpha_mix =  0.700 |ddv_scf|^2 =  6.346E-03

      iter #   2 total cpu time :  2449.0 secs   av.it.:  12.6
      thresh= 7.966E-03 alpha_mix =  0.700 |ddv_scf|^2 =  5.588E-03

      iter #   3 total cpu time :  2453.3 secs   av.it.:  11.4
      thresh= 7.475E-03 alpha_mix =  0.700 |ddv_scf|^2 =  1.544E-05

      iter #   4 total cpu time :  2457.9 secs   av.it.:  13.8
      thresh= 3.929E-04 alpha_mix =  0.700 |ddv_scf|^2 =  8.032E-06

      iter #   5 total cpu time :  2462.2 secs   av.it.:  11.5
      thresh= 2.834E-04 alpha_mix =  0.700 |ddv_scf|^2 =  3.021E-08

      iter #   6 total cpu time :  2466.8 secs   av.it.:  14.4
      thresh= 1.738E-05 alpha_mix =  0.700 |ddv_scf|^2 =  5.900E-10

      iter #   7 total cpu time :  2471.3 secs   av.it.:  13.5
      thresh= 2.429E-06 alpha_mix =  0.700 |ddv_scf|^2 =  2.449E-11

      iter #   8 total cpu time :  2475.9 secs   av.it.:  14.1
      thresh= 4.948E-07 alpha_mix =  0.700 |ddv_scf|^2 =  1.120E-11

      iter #   9 total cpu time :  2480.4 secs   av.it.:  12.5
      thresh= 3.347E-07 alpha_mix =  0.700 |ddv_scf|^2 =  2.107E-13

      iter #  10 total cpu time :  2485.0 secs   av.it.:  13.6
      thresh= 4.591E-08 alpha_mix =  0.700 |ddv_scf|^2 =  6.378E-14

      iter #  11 total cpu time :  2489.5 secs   av.it.:  12.5
      thresh= 2.526E-08 alpha_mix =  0.700 |ddv_scf|^2 =  2.147E-15

     End of self-consistent calculation

     Convergence has been achieved 


     Representation #   4 mode #   4

     Self-consistent Calculation

      iter #   1 total cpu time :  2493.3 secs   av.it.:   4.1
      thresh= 1.000E-02 alpha_mix =  0.700 |ddv_scf|^2 =  2.440E-06

      iter #   2 total cpu time :  2497.6 secs   av.it.:  11.4
      thresh= 1.562E-04 alpha_mix =  0.700 |ddv_scf|^2 =  2.120E-06

      iter #   3 total cpu time :  2501.9 secs   av.it.:  11.1
      thresh= 1.456E-04 alpha_mix =  0.700 |ddv_scf|^2 =  9.697E-09

      iter #   4 total cpu time :  2506.4 secs   av.it.:  13.1
      thresh= 9.848E-06 alpha_mix =  0.700 |ddv_scf|^2 =  5.454E-10

      iter #   5 total cpu time :  2510.9 secs   av.it.:  13.2
      thresh= 2.335E-06 alpha_mix =  0.700 |ddv_scf|^2 =  3.089E-11

      iter #   6 total cpu time :  2515.3 secs   av.it.:  13.4
      thresh= 5.558E-07 alpha_mix =  0.700 |ddv_scf|^2 =  2.827E-12

      iter #   7 total cpu time :  2519.8 secs   av.it.:  13.2
      thresh= 1.681E-07 alpha_mix =  0.700 |ddv_scf|^2 =  3.937E-14

      iter #   8 total cpu time :  2524.4 secs   av.it.:  13.9
      thresh= 1.984E-08 alpha_mix =  0.700 |ddv_scf|^2 =  3.076E-15

     End of self-consistent calculation

     Convergence has been achieved 


     Representation #   5 mode #   5

     Self-consistent Calculation

      iter #   1 total cpu time :  2528.1 secs   av.it.:   3.9
      thresh= 1.000E-02 alpha_mix =  0.700 |ddv_scf|^2 =  1.385E-07

      iter #   2 total cpu time :  2532.6 secs   av.it.:  11.6
      thresh= 3.722E-05 alpha_mix =  0.700 |ddv_scf|^2 =  5.438E-09

      iter #   3 total cpu time :  2537.2 secs   av.it.:  13.4
      thresh= 7.374E-06 alpha_mix =  0.700 |ddv_scf|^2 =  4.570E-09

      iter #   4 total cpu time :  2541.7 secs   av.it.:  12.2
      thresh= 6.760E-06 alpha_mix =  0.700 |ddv_scf|^2 =  3.810E-11

      iter #   5 total cpu time :  2546.2 secs   av.it.:  13.8
      thresh= 6.173E-07 alpha_mix =  0.700 |ddv_scf|^2 =  1.159E-11

      iter #   6 total cpu time :  2550.7 secs   av.it.:  13.0
      thresh= 3.405E-07 alpha_mix =  0.700 |ddv_scf|^2 =  1.864E-13

      iter #   7 total cpu time :  2555.3 secs   av.it.:  14.0
      thresh= 4.317E-08 alpha_mix =  0.700 |ddv_scf|^2 =  3.059E-14

      iter #   8 total cpu time :  2559.8 secs   av.it.:  13.0
      thresh= 1.749E-08 alpha_mix =  0.700 |ddv_scf|^2 =  8.652E-16

     End of self-consistent calculation

     Convergence has been achieved 


     Representation #   6 mode #   6

     Self-consistent Calculation

      iter #   1 total cpu time :  2563.6 secs   av.it.:   3.9
      thresh= 1.000E-02 alpha_mix =  0.700 |ddv_scf|^2 =  2.254E-06

      iter #   2 total cpu time :  2568.0 secs   av.it.:  10.6
      thresh= 1.501E-04 alpha_mix =  0.700 |ddv_scf|^2 =  2.064E-06

      iter #   3 total cpu time :  2572.3 secs   av.it.:  10.4
      thresh= 1.437E-04 alpha_mix =  0.700 |ddv_scf|^2 =  1.122E-08

      iter #   4 total cpu time :  2576.7 secs   av.it.:  11.8
      thresh= 1.059E-05 alpha_mix =  0.700 |ddv_scf|^2 =  1.391E-09

      iter #   5 total cpu time :  2581.1 secs   av.it.:  11.6
      thresh= 3.730E-06 alpha_mix =  0.700 |ddv_scf|^2 =  1.174E-11

      iter #   6 total cpu time :  2585.5 secs   av.it.:  12.5
      thresh= 3.427E-07 alpha_mix =  0.700 |ddv_scf|^2 =  9.471E-14

      iter #   7 total cpu time :  2590.3 secs   av.it.:  14.5
      thresh= 3.077E-08 alpha_mix =  0.700 |ddv_scf|^2 =  1.682E-14

      iter #   8 total cpu time :  2594.8 secs   av.it.:  13.5
      thresh= 1.297E-08 alpha_mix =  0.700 |ddv_scf|^2 =  7.124E-15

     End of self-consistent calculation

     Convergence has been achieved 


     Representation #   7 mode #   7

     Self-consistent Calculation

      iter #   1 total cpu time :  2598.8 secs   av.it.:   5.2
      thresh= 1.000E-02 alpha_mix =  0.700 |ddv_scf|^2 =  2.637E-06

      iter #   2 total cpu time :  2603.2 secs   av.it.:  12.1
      thresh= 1.624E-04 alpha_mix =  0.700 |ddv_scf|^2 =  2.160E-06

      iter #   3 total cpu time :  2607.6 secs   av.it.:  11.2
      thresh= 1.470E-04 alpha_mix =  0.700 |ddv_scf|^2 =  7.898E-09

      iter #   4 total cpu time :  2612.0 secs   av.it.:  12.5
      thresh= 8.887E-06 alpha_mix =  0.700 |ddv_scf|^2 =  1.575E-09

      iter #   5 total cpu time :  2616.3 secs   av.it.:  10.9
      thresh= 3.969E-06 alpha_mix =  0.700 |ddv_scf|^2 =  7.958E-12

      iter #   6 total cpu time :  2620.7 secs   av.it.:  13.0
      thresh= 2.821E-07 alpha_mix =  0.700 |ddv_scf|^2 =  1.343E-13

      iter #   7 total cpu time :  2625.3 secs   av.it.:  13.8
      thresh= 3.664E-08 alpha_mix =  0.700 |ddv_scf|^2 =  7.465E-15

     End of self-consistent calculation

     Convergence has been achieved 


     Representation #   8 mode #   8

     Self-consistent Calculation

      iter #   1 total cpu time :  2629.0 secs   av.it.:   3.5
      thresh= 1.000E-02 alpha_mix =  0.700 |ddv_scf|^2 =  1.039E-07

      iter #   2 total cpu time :  2633.4 secs   av.it.:  11.1
      thresh= 3.224E-05 alpha_mix =  0.700 |ddv_scf|^2 =  1.488E-08

      iter #   3 total cpu time :  2637.7 secs   av.it.:  11.0
      thresh= 1.220E-05 alpha_mix =  0.700 |ddv_scf|^2 =  9.423E-09

      iter #   4 total cpu time :  2642.0 secs   av.it.:  10.6
      thresh= 9.707E-06 alpha_mix =  0.700 |ddv_scf|^2 =  3.897E-11

      iter #   5 total cpu time :  2646.6 secs   av.it.:  12.8
      thresh= 6.242E-07 alpha_mix =  0.700 |ddv_scf|^2 =  1.269E-11

      iter #   6 total cpu time :  2650.9 secs   av.it.:  11.8
      thresh= 3.562E-07 alpha_mix =  0.700 |ddv_scf|^2 =  3.538E-14

      iter #   7 total cpu time :  2655.5 secs   av.it.:  13.9
      thresh= 1.881E-08 alpha_mix =  0.700 |ddv_scf|^2 =  1.243E-15

     End of self-consistent calculation

     Convergence has been achieved 


     Representation #   9 mode #   9

     Self-consistent Calculation

      iter #   1 total cpu time :  2659.5 secs   av.it.:   5.1
      thresh= 1.000E-02 alpha_mix =  0.700 |ddv_scf|^2 =  2.908E-06

      iter #   2 total cpu time :  2663.9 secs   av.it.:  12.6
      thresh= 1.705E-04 alpha_mix =  0.700 |ddv_scf|^2 =  2.351E-06

      iter #   3 total cpu time :  2668.3 secs   av.it.:  11.9
      thresh= 1.533E-04 alpha_mix =  0.700 |ddv_scf|^2 =  4.267E-09

      iter #   4 total cpu time :  2673.0 secs   av.it.:  14.1
      thresh= 6.532E-06 alpha_mix =  0.700 |ddv_scf|^2 =  2.060E-09

      iter #   5 total cpu time :  2677.4 secs   av.it.:  11.9
      thresh= 4.539E-06 alpha_mix =  0.700 |ddv_scf|^2 =  1.246E-11

      iter #   6 total cpu time :  2682.0 secs   av.it.:  14.1
      thresh= 3.530E-07 alpha_mix =  0.700 |ddv_scf|^2 =  2.091E-12

      iter #   7 total cpu time :  2686.5 secs   av.it.:  12.9
      thresh= 1.446E-07 alpha_mix =  0.700 |ddv_scf|^2 =  5.383E-14

      iter #   8 total cpu time :  2691.0 secs   av.it.:  13.9
      thresh= 2.320E-08 alpha_mix =  0.700 |ddv_scf|^2 =  1.505E-15

     End of self-consistent calculation

     Convergence has been achieved 


     Representation #  10 mode #  10

     Self-consistent Calculation

      iter #   1 total cpu time :  2694.9 secs   av.it.:   4.2
      thresh= 1.000E-02 alpha_mix =  0.700 |ddv_scf|^2 =  2.425E-06

      iter #   2 total cpu time :  2699.2 secs   av.it.:  11.6
      thresh= 1.557E-04 alpha_mix =  0.700 |ddv_scf|^2 =  2.297E-06

      iter #   3 total cpu time :  2703.5 secs   av.it.:  10.6
      thresh= 1.516E-04 alpha_mix =  0.700 |ddv_scf|^2 =  1.022E-08

      iter #   4 total cpu time :  2707.9 secs   av.it.:  11.8
      thresh= 1.011E-05 alpha_mix =  0.700 |ddv_scf|^2 =  5.570E-10

      iter #   5 total cpu time :  2712.3 secs   av.it.:  12.0
      thresh= 2.360E-06 alpha_mix =  0.700 |ddv_scf|^2 =  1.518E-11

      iter #   6 total cpu time :  2716.7 secs   av.it.:  11.9
      thresh= 3.896E-07 alpha_mix =  0.700 |ddv_scf|^2 =  6.316E-14

      iter #   7 total cpu time :  2721.3 secs   av.it.:  14.9
      thresh= 2.513E-08 alpha_mix =  0.700 |ddv_scf|^2 =  1.803E-14

      iter #   8 total cpu time :  2725.8 secs   av.it.:  13.2
      thresh= 1.343E-08 alpha_mix =  0.700 |ddv_scf|^2 =  5.716E-15

     End of self-consistent calculation

     Convergence has been achieved 


     Representation #  11 mode #  11

     Self-consistent Calculation

      iter #   1 total cpu time :  2729.7 secs   av.it.:   4.2
      thresh= 1.000E-02 alpha_mix =  0.700 |ddv_scf|^2 =  1.481E-07

      iter #   2 total cpu time :  2734.0 secs   av.it.:  12.4
      thresh= 3.848E-05 alpha_mix =  0.700 |ddv_scf|^2 =  7.947E-09

      iter #   3 total cpu time :  2738.5 secs   av.it.:  13.5
      thresh= 8.914E-06 alpha_mix =  0.700 |ddv_scf|^2 =  6.218E-09

      iter #   4 total cpu time :  2742.9 secs   av.it.:  11.6
      thresh= 7.885E-06 alpha_mix =  0.700 |ddv_scf|^2 =  5.318E-11

      iter #   5 total cpu time :  2747.5 secs   av.it.:  13.2
      thresh= 7.293E-07 alpha_mix =  0.700 |ddv_scf|^2 =  2.442E-11

      iter #   6 total cpu time :  2751.9 secs   av.it.:  11.8
      thresh= 4.942E-07 alpha_mix =  0.700 |ddv_scf|^2 =  5.901E-14

      iter #   7 total cpu time :  2756.4 secs   av.it.:  13.9
      thresh= 2.429E-08 alpha_mix =  0.700 |ddv_scf|^2 =  2.018E-15

     End of self-consistent calculation

     Convergence has been achieved 


     Representation #  12 mode #  12

     Self-consistent Calculation

      iter #   1 total cpu time :  2760.3 secs   av.it.:   4.4
      thresh= 1.000E-02 alpha_mix =  0.700 |ddv_scf|^2 =  2.727E-06

      iter #   2 total cpu time :  2764.7 secs   av.it.:  12.0
      thresh= 1.651E-04 alpha_mix =  0.700 |ddv_scf|^2 =  2.358E-06

      iter #   3 total cpu time :  2769.1 secs   av.it.:  11.4
      thresh= 1.535E-04 alpha_mix =  0.700 |ddv_scf|^2 =  1.018E-08

      iter #   4 total cpu time :  2773.6 secs   av.it.:  13.2
      thresh= 1.009E-05 alpha_mix =  0.700 |ddv_scf|^2 =  9.697E-10

      iter #   5 total cpu time :  2778.2 secs   av.it.:  13.1
      thresh= 3.114E-06 alpha_mix =  0.700 |ddv_scf|^2 =  8.622E-11

      iter #   6 total cpu time :  2782.8 secs   av.it.:  13.6
      thresh= 9.285E-07 alpha_mix =  0.700 |ddv_scf|^2 =  2.451E-12

      iter #   7 total cpu time :  2787.3 secs   av.it.:  12.9
      thresh= 1.566E-07 alpha_mix =  0.700 |ddv_scf|^2 =  4.107E-14

      iter #   8 total cpu time :  2791.9 secs   av.it.:  13.9
      thresh= 2.026E-08 alpha_mix =  0.700 |ddv_scf|^2 =  3.439E-15

     End of self-consistent calculation

     Convergence has been achieved 

     Number of q in the star =    1
     List of q in the star:
          1  -0.695293139   0.002327153  -0.703976243

     Diagonalizing the dynamical matrix

     q = (   -0.695293139   0.002327153  -0.703976243 ) 

 **************************************************************************
     freq (    1) =     -15.708390 [THz] =    -523.975498 [cm-1]
     freq (    2) =      10.047834 [THz] =     335.159666 [cm-1]
     freq (    3) =      13.658570 [THz] =     455.600857 [cm-1]
     freq (    4) =      19.086988 [THz] =     636.673392 [cm-1]
     freq (    5) =      20.757640 [THz] =     692.400332 [cm-1]
     freq (    6) =      26.488881 [THz] =     883.573955 [cm-1]
     freq (    7) =      44.703092 [THz] =    1491.134650 [cm-1]
     freq (    8) =      58.962569 [THz] =    1966.779608 [cm-1]
     freq (    9) =      60.346157 [THz] =    2012.931140 [cm-1]
     freq (   10) =      61.268897 [THz] =    2043.710436 [cm-1]
     freq (   11) =      66.049080 [THz] =    2203.160165 [cm-1]
     freq (   12) =      67.061775 [THz] =    2236.940018 [cm-1]
 **************************************************************************

     Mode symmetry, C_1 (1)     point group:

     freq (   1-   1) =       -524.0  [cm-1]   --> A                  
     freq (   2-   2) =        335.2  [cm-1]   --> A                  
     freq (   3-   3) =        455.6  [cm-1]   --> A                  
     freq (   4-   4) =        636.7  [cm-1]   --> A                  
     freq (   5-   5) =        692.4  [cm-1]   --> A                  
     freq (   6-   6) =        883.6  [cm-1]   --> A                  
     freq (   7-   7) =       1491.1  [cm-1]   --> A                  
     freq (   8-   8) =       1966.8  [cm-1]   --> A                  
     freq (   9-   9) =       2012.9  [cm-1]   --> A                  
     freq (  10-  10) =       2043.7  [cm-1]   --> A                  
     freq (  11-  11) =       2203.2  [cm-1]   --> A                  
     freq (  12-  12) =       2236.9  [cm-1]   --> A                  

     Calculation of q =   -0.6947163  -0.6925180   0.0001709

     Parallelization info
     --------------------
     sticks:   dense  smooth     PW     G-vecs:    dense   smooth      PW
     Min         388     192     74                 8040     2840     701
     Max         389     193     77                 8043     2841     702
     Sum         777     385    151                16083     5681    1403


     Title: 
     Phonons for 01_HfH3_Top1                                                   


     bravais-lattice index     =            0
     lattice parameter (alat)  =       6.8677  a.u.
     unit-cell volume          =     119.0868 (a.u.)^3
     number of atoms/cell      =            4
     number of atomic types    =            2
     number of electrons       =        39.00
     number of Kohn-Sham states=           24
     kinetic-energy cutoff     =      50.0000  Ry
     charge density cutoff     =     400.0000  Ry
     Exchange-correlation= PBE
                           (   1   4   3   4   0   0   0)

     celldm(1)=   6.867718  celldm(2)=   0.000000  celldm(3)=   0.000000
     celldm(4)=   0.000000  celldm(5)=   0.000000  celldm(6)=   0.000000

     crystal axes: (cart. coord. in units of alat)
               a(1) = (   0.719498   0.000221  -0.000371 )  
               a(2) = (   0.002206   0.719790   0.000201 )  
               a(3) = (   0.000365  -0.000191   0.709890 )  

     reciprocal axes: (cart. coord. in units 2 pi/alat)
               b(1) = (  1.389859 -0.004259 -0.000716 )  
               b(2) = ( -0.000427  1.389294  0.000375 )  
               b(3) = (  0.000727 -0.000396  1.408669 )  


     PseudoPot. # 1 for Hf read from file:
     /home/marco/ZOS_Cloud_Compute/pseudo/Hf.UPF
     MD5 check sum: 054ab3954715fe03e42536d2af1a941a
     Pseudo is Projector augmented-wave + core cor, Zval = 36.0
     Generated using "atomic" code by A. Dal Corso  v.5.1.2
     Shape of augmentation charge: PSQ
     Using radial grid of 1271 points,  8 beta functions with: 
                l(1) =   0
                l(2) =   0
                l(3) =   1
                l(4) =   1
                l(5) =   2
                l(6) =   2
                l(7) =   3
                l(8) =   3
     Q(r) pseudized with 0 coefficients 


     PseudoPot. # 2 for H  read from file:
     /home/marco/ZOS_Cloud_Compute/pseudo/H.UPF
     MD5 check sum: 850d63dcbcc06c5de8b44e0ab9f952da
     Pseudo is Projector augmented-wave, Zval =  1.0
     Generated using "atomic" code by A. Dal Corso  v.5.1.2
     Shape of augmentation charge: PSQ
     Using radial grid of  929 points,  2 beta functions with: 
                l(1) =   0
                l(2) =   0
     Q(r) pseudized with 0 coefficients 


     atomic species   valence    mass     pseudopotential
        Hf            36.00   178.49000     Hf( 1.00)
        H              1.00     1.00800     H ( 1.00)

     No symmetry found



   Cartesian axes

     site n.     atom                  positions (alat units)
         1           Hf  tau(   1) = (   0.1622415   0.4830964   0.1271085  )
         2           H   tau(   2) = (   0.5163459   0.1187615   0.1264908  )
         3           H   tau(   3) = (   0.4955668   0.4255692   0.4818392  )
         4           H   tau(   4) = (   0.1054813   0.0958217   0.4819530  )

     number of k points=    16  Methfessel-Paxton smearing, width (Ry)=  0.0200
                       cart. coord. in units 2pi/alat
        k(    1) = (   0.0000000   0.0000000   0.0000000), wk =   0.2500000
        k(    2) = (  -0.6947163  -0.6925180   0.0001709), wk =   0.0000000
        k(    3) = (  -0.0003635   0.0001979  -0.7043345), wk =   0.2500000
        k(    4) = (  -0.6950798  -0.6923201  -0.7041636), wk =   0.0000000
        k(    5) = (  -0.0001502  -0.6944494  -0.7045218), wk =   0.2500000
        k(    6) = (  -0.6948666  -1.3869673  -0.7043509), wk =   0.0000000
        k(    7) = (  -0.6950798  -0.6923201  -0.7041636), wk =   0.2500000
        k(    8) = (  -1.3897962  -1.3848381  -0.7039927), wk =   0.0000000
        k(    9) = (  -0.6949296   0.0021293   0.0003582), wk =   0.2500000
        k(   10) = (  -1.3896460  -0.6903887   0.0005291), wk =   0.0000000
        k(   11) = (   0.0002133  -0.6946472  -0.0001873), wk =   0.2500000
        k(   12) = (  -0.6945031  -1.3871652  -0.0000164), wk =   0.0000000
        k(   13) = (  -0.6945661   0.0019314   0.7046927), wk =   0.2500000
        k(   14) = (  -1.3892825  -0.6905866   0.7048636), wk =   0.0000000
        k(   15) = (  -0.6951429   0.6967765   0.0005456), wk =   0.2500000
        k(   16) = (  -1.3898593   0.0042586   0.0007165), wk =   0.0000000

     Dense  grid:    16083 G-vectors     FFT dimensions: (  32,  32,  32)

     Smooth grid:     5681 G-vectors     FFT dimensions: (  24,  24,  24)

     Estimated max dynamical RAM per process >      79.44 MB

     Estimated total dynamical RAM >     158.87 MB

     Check: negative core charge=   -0.000006

     The potential is recalculated from file :
     ./tmp/_ph0/01_HfH3_Top1.save/charge-density

     Starting wfcs are   25 atomic wfcs
     Checking if some PAW data can be deallocated... 

     Band Structure Calculation
     Davidson diagonalization with overlap

     ethr =  2.56E-11,  avg # of iterations = 11.6

     total cpu time spent up to now is       27.7 secs

     End of band structure calculation

          k = 0.0000 0.0000 0.0000 (   739 PWs)   bands (ev):

  -153.8292-152.7489-150.5820-150.3520-149.4375 -34.2412  -2.0151  -1.9996
    -1.8156  11.3349  11.3387  11.3421  11.3473  11.3671  11.3688  11.3733
    12.4762  20.8806  20.9915  35.8400  35.8746  36.1228  36.2690  37.2651

          k =-0.6947-0.6925 0.0002 (   712 PWs)   bands (ev):

  -150.0838-148.5151-147.5751-147.2878-144.3572 -33.7666  -4.2842  -4.2780
    -1.2923  11.3706  11.3738  11.4315  11.5308  11.5430  11.5751  11.5932
    15.7866  24.1332  24.3315  25.7175  31.0888  31.1025  40.1143  40.2478

          k =-0.0004 0.0002-0.7043 (   706 PWs)   bands (ev):

  -148.5509-148.2770-148.0254-145.4891-144.0228 -33.9634  -4.9262  -1.6940
    -1.6886  11.3502  11.4431  11.4447  11.5541  11.5636  11.5668  11.6525
    17.5723  20.0818  25.2143  26.4225  29.2536  30.7929  36.9757  40.6028

          k =-0.6951-0.6923-0.7042 (   692 PWs)   bands (ev):

  -146.8770-145.8372-145.0071-144.8328-143.7508 -33.5179  -3.8091  -3.7186
    -3.6979  11.4810  11.5248  11.5592  11.5697  11.5719  11.5755  11.6980
    17.9394  18.1529  18.3264  29.1293  39.2135  39.2974  39.5411  40.9244

          k =-0.0002-0.6944-0.7045 (   708 PWs)   bands (ev):

  -149.4388-149.3274-147.1745-146.7778-143.0807 -33.7345  -4.3329  -4.2454
    -1.4338  11.3720  11.3873  11.3881  11.4969  11.5813  11.6110  11.6507
    16.2332  23.8063  24.4704  25.1952  30.6621  30.6861  40.2763  40.6199

          k =-0.6949-1.3870-0.7044 (   708 PWs)   bands (ev):

  -149.4073-149.3272-147.2090-146.7631-143.1047 -33.7336  -4.3320  -4.2505
    -1.4339  11.3717  11.3889  11.3892  11.4961  11.5839  11.6092  11.6467
    16.2461  23.8071  24.4520  25.1978  30.6521  30.6717  40.2827  40.6279

          k =-0.6951-0.6923-0.7042 (   692 PWs)   bands (ev):

  -146.8770-145.8372-145.0071-144.8328-143.7508 -33.5179  -3.8091  -3.7186
    -3.6979  11.4810  11.5248  11.5592  11.5697  11.5719  11.5755  11.6980
    17.9394  18.1529  18.3264  29.1293  39.2135  39.2974  39.5411  40.9244

          k =-1.3898-1.3848-0.7040 (   706 PWs)   bands (ev):

  -148.5509-148.2770-148.0254-145.4891-144.0228 -33.9634  -4.9262  -1.6940
    -1.6886  11.3502  11.4431  11.4447  11.5541  11.5636  11.5668  11.6525
    17.5723  20.0818  25.2143  26.4225  29.2536  30.7929  36.9757  40.6028

          k =-0.6949 0.0021 0.0004 (   708 PWs)   bands (ev):

  -149.1147-148.6241-147.5500-145.2199-145.1531 -33.9958  -4.8990  -1.7246
    -1.5429  11.3174  11.4474  11.4572  11.5414  11.5470  11.5504  11.6449
    17.8093  19.8040  25.0102  27.4360  29.5227  29.6207  37.1894  39.9013

          k =-1.3896-0.6904 0.0005 (   708 PWs)   bands (ev):

  -149.1404-148.5958-147.5559-145.1900-145.1811 -33.9968  -4.8951  -1.7239
    -1.5437  11.3168  11.4480  11.4595  11.5386  11.5463  11.5481  11.6481
    17.8113  19.8081  25.0001  27.4562  29.5224  29.6054  37.1953  39.8674

          k = 0.0002-0.6946-0.0002 (   708 PWs)   bands (ev):

  -149.1404-148.5958-147.5559-145.1900-145.1811 -33.9968  -4.8951  -1.7239
    -1.5437  11.3168  11.4480  11.4595  11.5386  11.5463  11.5481  11.6481
    17.8113  19.8081  25.0001  27.4562  29.5224  29.6054  37.1953  39.8674

          k =-0.6945-1.3872-0.0000 (   708 PWs)   bands (ev):

  -149.1147-148.6241-147.5500-145.2199-145.1531 -33.9958  -4.8990  -1.7246
    -1.5429  11.3174  11.4474  11.4572  11.5414  11.5470  11.5504  11.6449
    17.8093  19.8040  25.0102  27.4360  29.5227  29.6207  37.1894  39.9013

          k =-0.6946 0.0019 0.7047 (   708 PWs)   bands (ev):

  -149.4073-149.3272-147.2090-146.7631-143.1047 -33.7336  -4.3320  -4.2505
    -1.4339  11.3717  11.3889  11.3892  11.4961  11.5839  11.6092  11.6467
    16.2461  23.8071  24.4520  25.1978  30.6521  30.6717  40.2827  40.6279

          k =-1.3893-0.6906 0.7049 (   708 PWs)   bands (ev):

  -149.4388-149.3274-147.1745-146.7778-143.0807 -33.7345  -4.3329  -4.2454
    -1.4338  11.3720  11.3873  11.3881  11.4969  11.5813  11.6110  11.6507
    16.2332  23.8063  24.4704  25.1952  30.6621  30.6861  40.2763  40.6199

          k =-0.6951 0.6968 0.0005 (   712 PWs)   bands (ev):

  -150.0838-148.5151-147.5751-147.2878-144.3572 -33.7666  -4.2842  -4.2780
    -1.2923  11.3706  11.3738  11.4315  11.5308  11.5430  11.5751  11.5932
    15.7866  24.1332  24.3315  25.7175  31.0888  31.1025  40.1143  40.2478

          k =-1.3899 0.0043 0.0007 (   739 PWs)   bands (ev):

  -153.8292-152.7489-150.5820-150.3520-149.4375 -34.2412  -2.0151  -1.9996
    -1.8156  11.3349  11.3387  11.3421  11.3473  11.3671  11.3688  11.3733
    12.4762  20.8806  20.9915  35.8400  35.8746  36.1228  36.2690  37.2651

     the Fermi energy is    27.2162 ev

     Writing output data file ./tmp/_ph0/01_HfH3_Top1.save/

     Phonons for 01_HfH3_Top1                                                   

     bravais-lattice index     =            0
     lattice parameter (alat)  =       6.8677  a.u.
     unit-cell volume          =     119.0868 (a.u.)^3
     number of atoms/cell      =            4
     number of atomic types    =            2
     kinetic-energy cut-off    =      50.0000  Ry
     charge density cut-off    =     400.0000  Ry
     convergence threshold     =      1.0E-14
     beta                      =       0.7000
     number of iterations used =            4
     Exchange-correlation= PBE
                           (   1   4   3   4   0   0   0)


     celldm(1)=    6.86772  celldm(2)=    0.00000  celldm(3)=    0.00000
     celldm(4)=    0.00000  celldm(5)=    0.00000  celldm(6)=    0.00000

     crystal axes: (cart. coord. in units of alat)
               a(1) = (  0.7195  0.0002 -0.0004 )  
               a(2) = (  0.0022  0.7198  0.0002 )  
               a(3) = (  0.0004 -0.0002  0.7099 )  

     reciprocal axes: (cart. coord. in units 2 pi/alat)
               b(1) = (  1.3899 -0.0043 -0.0007 )  
               b(2) = ( -0.0004  1.3893  0.0004 )  
               b(3) = (  0.0007 -0.0004  1.4087 )  


     Atoms inside the unit cell: 

     Cartesian axes

     site n.  atom      mass           positions (alat units)
        1     Hf 178.4900   tau(    1) = (    0.16224    0.48310    0.12711  )
        2     H    1.0080   tau(    2) = (    0.51635    0.11876    0.12649  )
        3     H    1.0080   tau(    3) = (    0.49557    0.42557    0.48184  )
        4     H    1.0080   tau(    4) = (    0.10548    0.09582    0.48195  )

     Computing dynamical matrix for 
                    q = (  -0.6947163  -0.6925180   0.0001709 )

      2 Sym.Ops. (with q -> -q+G )


     G cutoff =  477.8870  (   8043 G-vectors)     FFT grid: ( 32, 32, 32)
     G cutoff =  238.9435  (   2840 G-vectors)  smooth grid: ( 24, 24, 24)

     number of k points=    16  Methfessel-Paxton smearing, width (Ry)=  0.0200

     PseudoPot. # 1 for Hf read from file:
     /home/marco/ZOS_Cloud_Compute/pseudo/Hf.UPF
     MD5 check sum: 054ab3954715fe03e42536d2af1a941a
     Pseudo is Projector augmented-wave + core cor, Zval = 36.0
     Generated using "atomic" code by A. Dal Corso  v.5.1.2
     Shape of augmentation charge: PSQ
     Using radial grid of 1271 points,  8 beta functions with: 
                l(1) =   0
                l(2) =   0
                l(3) =   1
                l(4) =   1
                l(5) =   2
                l(6) =   2
                l(7) =   3
                l(8) =   3
     Q(r) pseudized with 0 coefficients 


     PseudoPot. # 2 for H  read from file:
     /home/marco/ZOS_Cloud_Compute/pseudo/H.UPF
     MD5 check sum: 850d63dcbcc06c5de8b44e0ab9f952da
     Pseudo is Projector augmented-wave, Zval =  1.0
     Generated using "atomic" code by A. Dal Corso  v.5.1.2
     Shape of augmentation charge: PSQ
     Using radial grid of  929 points,  2 beta functions with: 
                l(1) =   0
                l(2) =   0
     Q(r) pseudized with 0 coefficients 


     Mode symmetry, C_1 (1)     point group:


     Atomic displacements:
     There are   12 irreducible representations

     Representation     1      1 modes -  To be done

     Representation     2      1 modes -  To be done

     Representation     3      1 modes -  To be done

     Representation     4      1 modes -  To be done

     Representation     5      1 modes -  To be done

     Representation     6      1 modes -  To be done

     Representation     7      1 modes -  To be done

     Representation     8      1 modes -  To be done

     Representation     9      1 modes -  To be done

     Representation    10      1 modes -  To be done

     Representation    11      1 modes -  To be done

     Representation    12      1 modes -  To be done



     Alpha used in Ewald sum =   2.8000
     PHONON       :  40m 0.50s CPU  46m43.23s WALL



     Representation #   1 mode #   1

     Self-consistent Calculation

      iter #   1 total cpu time :  2807.7 secs   av.it.:  11.2
      thresh= 1.000E-02 alpha_mix =  0.700 |ddv_scf|^2 =  6.260E-03

      iter #   2 total cpu time :  2812.1 secs   av.it.:  12.8
      thresh= 7.912E-03 alpha_mix =  0.700 |ddv_scf|^2 =  5.209E-03

      iter #   3 total cpu time :  2816.5 secs   av.it.:  11.4
      thresh= 7.217E-03 alpha_mix =  0.700 |ddv_scf|^2 =  7.642E-06

      iter #   4 total cpu time :  2821.1 secs   av.it.:  15.0
      thresh= 2.764E-04 alpha_mix =  0.700 |ddv_scf|^2 =  3.253E-06

      iter #   5 total cpu time :  2825.6 secs   av.it.:  12.0
      thresh= 1.804E-04 alpha_mix =  0.700 |ddv_scf|^2 =  6.542E-08

      iter #   6 total cpu time :  2830.2 secs   av.it.:  14.0
      thresh= 2.558E-05 alpha_mix =  0.700 |ddv_scf|^2 =  1.329E-08

      iter #   7 total cpu time :  2834.7 secs   av.it.:  12.9
      thresh= 1.153E-05 alpha_mix =  0.700 |ddv_scf|^2 =  6.567E-10

      iter #   8 total cpu time :  2839.3 secs   av.it.:  13.8
      thresh= 2.563E-06 alpha_mix =  0.700 |ddv_scf|^2 =  1.014E-10

      iter #   9 total cpu time :  2843.8 secs   av.it.:  13.1
      thresh= 1.007E-06 alpha_mix =  0.700 |ddv_scf|^2 =  9.974E-12

      iter #  10 total cpu time :  2848.3 secs   av.it.:  13.0
      thresh= 3.158E-07 alpha_mix =  0.700 |ddv_scf|^2 =  8.367E-13

      iter #  11 total cpu time :  2852.9 secs   av.it.:  12.8
      thresh= 9.147E-08 alpha_mix =  0.700 |ddv_scf|^2 =  3.946E-14

      iter #  12 total cpu time :  2857.5 secs   av.it.:  14.1
      thresh= 1.986E-08 alpha_mix =  0.700 |ddv_scf|^2 =  8.586E-15

     End of self-consistent calculation

     Convergence has been achieved 


     Representation #   2 mode #   2

     Self-consistent Calculation

      iter #   1 total cpu time :  2862.0 secs   av.it.:  11.1
      thresh= 1.000E-02 alpha_mix =  0.700 |ddv_scf|^2 =  6.254E-03

      iter #   2 total cpu time :  2866.4 secs   av.it.:  12.8
      thresh= 7.908E-03 alpha_mix =  0.700 |ddv_scf|^2 =  5.199E-03

      iter #   3 total cpu time :  2870.8 secs   av.it.:  11.4
      thresh= 7.210E-03 alpha_mix =  0.700 |ddv_scf|^2 =  7.360E-06

      iter #   4 total cpu time :  2875.5 secs   av.it.:  15.0
      thresh= 2.713E-04 alpha_mix =  0.700 |ddv_scf|^2 =  3.103E-06

      iter #   5 total cpu time :  2879.9 secs   av.it.:  12.4
      thresh= 1.762E-04 alpha_mix =  0.700 |ddv_scf|^2 =  6.130E-08

      iter #   6 total cpu time :  2884.5 secs   av.it.:  14.1
      thresh= 2.476E-05 alpha_mix =  0.700 |ddv_scf|^2 =  1.121E-08

      iter #   7 total cpu time :  2889.0 secs   av.it.:  13.0
      thresh= 1.059E-05 alpha_mix =  0.700 |ddv_scf|^2 =  6.257E-10

      iter #   8 total cpu time :  2893.6 secs   av.it.:  14.0
      thresh= 2.501E-06 alpha_mix =  0.700 |ddv_scf|^2 =  8.873E-11

      iter #   9 total cpu time :  2898.2 secs   av.it.:  13.1
      thresh= 9.420E-07 alpha_mix =  0.700 |ddv_scf|^2 =  1.077E-11

      iter #  10 total cpu time :  2902.6 secs   av.it.:  13.0
      thresh= 3.282E-07 alpha_mix =  0.700 |ddv_scf|^2 =  6.910E-13

      iter #  11 total cpu time :  2907.0 secs   av.it.:  13.0
      thresh= 8.313E-08 alpha_mix =  0.700 |ddv_scf|^2 =  3.337E-14

      iter #  12 total cpu time :  2911.7 secs   av.it.:  14.0
      thresh= 1.827E-08 alpha_mix =  0.700 |ddv_scf|^2 =  7.018E-15

     End of self-consistent calculation

     Convergence has been achieved 


     Representation #   3 mode #   3

     Self-consistent Calculation

      iter #   1 total cpu time :  2916.0 secs   av.it.:   9.9
      thresh= 1.000E-02 alpha_mix =  0.700 |ddv_scf|^2 =  1.304E-03

      iter #   2 total cpu time :  2920.3 secs   av.it.:  11.8
      thresh= 3.611E-03 alpha_mix =  0.700 |ddv_scf|^2 =  5.660E-05

      iter #   3 total cpu time :  2924.8 secs   av.it.:  12.1
      thresh= 7.523E-04 alpha_mix =  0.700 |ddv_scf|^2 =  5.244E-07

      iter #   4 total cpu time :  2929.3 secs   av.it.:  14.1
      thresh= 7.242E-05 alpha_mix =  0.700 |ddv_scf|^2 =  4.824E-09

      iter #   5 total cpu time :  2933.9 secs   av.it.:  14.1
      thresh= 6.946E-06 alpha_mix =  0.700 |ddv_scf|^2 =  1.872E-09

      iter #   6 total cpu time :  2938.4 secs   av.it.:  12.8
      thresh= 4.327E-06 alpha_mix =  0.700 |ddv_scf|^2 =  9.599E-12

      iter #   7 total cpu time :  2943.1 secs   av.it.:  14.6
      thresh= 3.098E-07 alpha_mix =  0.700 |ddv_scf|^2 =  5.554E-12

      iter #   8 total cpu time :  2947.5 secs   av.it.:  13.2
      thresh= 2.357E-07 alpha_mix =  0.700 |ddv_scf|^2 =  2.759E-13

      iter #   9 total cpu time :  2952.1 secs   av.it.:  14.4
      thresh= 5.252E-08 alpha_mix =  0.700 |ddv_scf|^2 =  1.118E-14

      iter #  10 total cpu time :  2956.7 secs   av.it.:  13.8
      thresh= 1.058E-08 alpha_mix =  0.700 |ddv_scf|^2 =  1.830E-15

     End of self-consistent calculation

     Convergence has been achieved 


     Representation #   4 mode #   4

     Self-consistent Calculation

      iter #   1 total cpu time :  2960.6 secs   av.it.:   5.0
      thresh= 1.000E-02 alpha_mix =  0.700 |ddv_scf|^2 =  2.677E-06

      iter #   2 total cpu time :  2965.1 secs   av.it.:  12.5
      thresh= 1.636E-04 alpha_mix =  0.700 |ddv_scf|^2 =  2.164E-06

      iter #   3 total cpu time :  2969.6 secs   av.it.:  11.4
      thresh= 1.471E-04 alpha_mix =  0.700 |ddv_scf|^2 =  4.165E-09

      iter #   4 total cpu time :  2974.2 secs   av.it.:  13.8
      thresh= 6.453E-06 alpha_mix =  0.700 |ddv_scf|^2 =  1.399E-09

      iter #   5 total cpu time :  2978.6 secs   av.it.:  11.8
      thresh= 3.740E-06 alpha_mix =  0.700 |ddv_scf|^2 =  4.107E-11

      iter #   6 total cpu time :  2983.1 secs   av.it.:  12.9
      thresh= 6.409E-07 alpha_mix =  0.700 |ddv_scf|^2 =  7.325E-12

      iter #   7 total cpu time :  2987.7 secs   av.it.:  12.4
      thresh= 2.707E-07 alpha_mix =  0.700 |ddv_scf|^2 =  2.166E-13

      iter #   8 total cpu time :  2992.1 secs   av.it.:  13.9
      thresh= 4.654E-08 alpha_mix =  0.700 |ddv_scf|^2 =  8.038E-14

      iter #   9 total cpu time :  2996.6 secs   av.it.:  13.0
      thresh= 2.835E-08 alpha_mix =  0.700 |ddv_scf|^2 =  1.915E-15

     End of self-consistent calculation

     Convergence has been achieved 


     Representation #   5 mode #   5

     Self-consistent Calculation

      iter #   1 total cpu time :  3000.5 secs   av.it.:   4.9
      thresh= 1.000E-02 alpha_mix =  0.700 |ddv_scf|^2 =  2.679E-06

      iter #   2 total cpu time :  3005.0 secs   av.it.:  12.5
      thresh= 1.637E-04 alpha_mix =  0.700 |ddv_scf|^2 =  2.178E-06

      iter #   3 total cpu time :  3009.4 secs   av.it.:  11.5
      thresh= 1.476E-04 alpha_mix =  0.700 |ddv_scf|^2 =  4.327E-09

      iter #   4 total cpu time :  3013.9 secs   av.it.:  13.8
      thresh= 6.578E-06 alpha_mix =  0.700 |ddv_scf|^2 =  1.443E-09

      iter #   5 total cpu time :  3018.3 secs   av.it.:  11.9
      thresh= 3.799E-06 alpha_mix =  0.700 |ddv_scf|^2 =  4.136E-11

      iter #   6 total cpu time :  3022.7 secs   av.it.:  13.0
      thresh= 6.431E-07 alpha_mix =  0.700 |ddv_scf|^2 =  7.368E-12

      iter #   7 total cpu time :  3027.1 secs   av.it.:  12.5
      thresh= 2.714E-07 alpha_mix =  0.700 |ddv_scf|^2 =  2.069E-13

      iter #   8 total cpu time :  3031.8 secs   av.it.:  13.9
      thresh= 4.549E-08 alpha_mix =  0.700 |ddv_scf|^2 =  7.884E-14

      iter #   9 total cpu time :  3036.2 secs   av.it.:  13.0
      thresh= 2.808E-08 alpha_mix =  0.700 |ddv_scf|^2 =  1.889E-15

     End of self-consistent calculation

     Convergence has been achieved 


     Representation #   6 mode #   6

     Self-consistent Calculation

      iter #   1 total cpu time :  3039.9 secs   av.it.:   3.0
      thresh= 1.000E-02 alpha_mix =  0.700 |ddv_scf|^2 =  7.782E-08

      iter #   2 total cpu time :  3044.2 secs   av.it.:  10.8
      thresh= 2.790E-05 alpha_mix =  0.700 |ddv_scf|^2 =  2.437E-09

      iter #   3 total cpu time :  3048.5 secs   av.it.:  10.9
      thresh= 4.936E-06 alpha_mix =  0.700 |ddv_scf|^2 =  2.650E-11

      iter #   4 total cpu time :  3053.0 secs   av.it.:  13.9
      thresh= 5.148E-07 alpha_mix =  0.700 |ddv_scf|^2 =  5.642E-12

      iter #   5 total cpu time :  3057.5 secs   av.it.:  12.8
      thresh= 2.375E-07 alpha_mix =  0.700 |ddv_scf|^2 =  9.584E-14

      iter #   6 total cpu time :  3062.2 secs   av.it.:  14.4
      thresh= 3.096E-08 alpha_mix =  0.700 |ddv_scf|^2 =  3.112E-14

      iter #   7 total cpu time :  3066.7 secs   av.it.:  13.4
      thresh= 1.764E-08 alpha_mix =  0.700 |ddv_scf|^2 =  1.823E-15

     End of self-consistent calculation

     Convergence has been achieved 


     Representation #   7 mode #   7

     Self-consistent Calculation

      iter #   1 total cpu time :  3070.6 secs   av.it.:   4.4
      thresh= 1.000E-02 alpha_mix =  0.700 |ddv_scf|^2 =  2.558E-06

      iter #   2 total cpu time :  3075.0 secs   av.it.:  12.2
      thresh= 1.599E-04 alpha_mix =  0.700 |ddv_scf|^2 =  2.293E-06

      iter #   3 total cpu time :  3079.4 secs   av.it.:  11.8
      thresh= 1.514E-04 alpha_mix =  0.700 |ddv_scf|^2 =  1.354E-08

      iter #   4 total cpu time :  3083.9 secs   av.it.:  12.9
      thresh= 1.164E-05 alpha_mix =  0.700 |ddv_scf|^2 =  1.136E-09

      iter #   5 total cpu time :  3088.3 secs   av.it.:  12.4
      thresh= 3.371E-06 alpha_mix =  0.700 |ddv_scf|^2 =  1.151E-10

      iter #   6 total cpu time :  3092.8 secs   av.it.:  13.1
      thresh= 1.073E-06 alpha_mix =  0.700 |ddv_scf|^2 =  1.673E-12

      iter #   7 total cpu time :  3097.3 secs   av.it.:  13.8
      thresh= 1.293E-07 alpha_mix =  0.700 |ddv_scf|^2 =  1.881E-13

      iter #   8 total cpu time :  3101.9 secs   av.it.:  13.5
      thresh= 4.337E-08 alpha_mix =  0.700 |ddv_scf|^2 =  3.785E-14

      iter #   9 total cpu time :  3106.3 secs   av.it.:  12.6
      thresh= 1.945E-08 alpha_mix =  0.700 |ddv_scf|^2 =  7.638E-16

     End of self-consistent calculation

     Convergence has been achieved 


     Representation #   8 mode #   8

     Self-consistent Calculation

      iter #   1 total cpu time :  3110.1 secs   av.it.:   4.4
      thresh= 1.000E-02 alpha_mix =  0.700 |ddv_scf|^2 =  2.026E-06

      iter #   2 total cpu time :  3114.5 secs   av.it.:  11.8
      thresh= 1.423E-04 alpha_mix =  0.700 |ddv_scf|^2 =  1.592E-06

      iter #   3 total cpu time :  3118.8 secs   av.it.:  11.5
      thresh= 1.262E-04 alpha_mix =  0.700 |ddv_scf|^2 =  1.605E-08

      iter #   4 total cpu time :  3123.3 secs   av.it.:  12.5
      thresh= 1.267E-05 alpha_mix =  0.700 |ddv_scf|^2 =  2.023E-09

      iter #   5 total cpu time :  3127.7 secs   av.it.:  11.6
      thresh= 4.498E-06 alpha_mix =  0.700 |ddv_scf|^2 =  4.102E-11

      iter #   6 total cpu time :  3132.3 secs   av.it.:  13.6
      thresh= 6.405E-07 alpha_mix =  0.700 |ddv_scf|^2 =  1.145E-11

      iter #   7 total cpu time :  3136.8 secs   av.it.:  12.4
      thresh= 3.384E-07 alpha_mix =  0.700 |ddv_scf|^2 =  1.208E-13

      iter #   8 total cpu time :  3141.3 secs   av.it.:  14.0
      thresh= 3.475E-08 alpha_mix =  0.700 |ddv_scf|^2 =  1.409E-14

      iter #   9 total cpu time :  3145.8 secs   av.it.:  12.9
      thresh= 1.187E-08 alpha_mix =  0.700 |ddv_scf|^2 =  7.399E-16

     End of self-consistent calculation

     Convergence has been achieved 


     Representation #   9 mode #   9

     Self-consistent Calculation

      iter #   1 total cpu time :  3149.6 secs   av.it.:   4.0
      thresh= 1.000E-02 alpha_mix =  0.700 |ddv_scf|^2 =  1.410E-07

      iter #   2 total cpu time :  3154.0 secs   av.it.:  12.1
      thresh= 3.755E-05 alpha_mix =  0.700 |ddv_scf|^2 =  1.515E-09

      iter #   3 total cpu time :  3158.5 secs   av.it.:  13.2
      thresh= 3.892E-06 alpha_mix =  0.700 |ddv_scf|^2 =  6.206E-11

      iter #   4 total cpu time :  3163.1 secs   av.it.:  14.1
      thresh= 7.878E-07 alpha_mix =  0.700 |ddv_scf|^2 =  9.177E-12

      iter #   5 total cpu time :  3167.6 secs   av.it.:  14.2
      thresh= 3.029E-07 alpha_mix =  0.700 |ddv_scf|^2 =  2.996E-12

      iter #   6 total cpu time :  3172.2 secs   av.it.:  13.1
      thresh= 1.731E-07 alpha_mix =  0.700 |ddv_scf|^2 =  2.121E-14

      iter #   7 total cpu time :  3176.9 secs   av.it.:  14.9
      thresh= 1.456E-08 alpha_mix =  0.700 |ddv_scf|^2 =  3.743E-15

     End of self-consistent calculation

     Convergence has been achieved 


     Representation #  10 mode #  10

     Self-consistent Calculation

      iter #   1 total cpu time :  3180.7 secs   av.it.:   4.4
      thresh= 1.000E-02 alpha_mix =  0.700 |ddv_scf|^2 =  2.027E-06

      iter #   2 total cpu time :  3185.1 secs   av.it.:  11.8
      thresh= 1.424E-04 alpha_mix =  0.700 |ddv_scf|^2 =  1.591E-06

      iter #   3 total cpu time :  3189.4 secs   av.it.:  11.4
      thresh= 1.261E-04 alpha_mix =  0.700 |ddv_scf|^2 =  1.606E-08

      iter #   4 total cpu time :  3193.9 secs   av.it.:  12.6
      thresh= 1.267E-05 alpha_mix =  0.700 |ddv_scf|^2 =  2.024E-09

      iter #   5 total cpu time :  3198.3 secs   av.it.:  11.6
      thresh= 4.499E-06 alpha_mix =  0.700 |ddv_scf|^2 =  4.133E-11

      iter #   6 total cpu time :  3202.8 secs   av.it.:  13.6
      thresh= 6.429E-07 alpha_mix =  0.700 |ddv_scf|^2 =  1.158E-11

      iter #   7 total cpu time :  3207.4 secs   av.it.:  12.1
      thresh= 3.403E-07 alpha_mix =  0.700 |ddv_scf|^2 =  1.251E-13

      iter #   8 total cpu time :  3211.9 secs   av.it.:  13.9
      thresh= 3.537E-08 alpha_mix =  0.700 |ddv_scf|^2 =  1.499E-14

      iter #   9 total cpu time :  3216.4 secs   av.it.:  13.2
      thresh= 1.224E-08 alpha_mix =  0.700 |ddv_scf|^2 =  7.465E-16

     End of self-consistent calculation

     Convergence has been achieved 


     Representation #  11 mode #  11

     Self-consistent Calculation

      iter #   1 total cpu time :  3220.3 secs   av.it.:   4.4
      thresh= 1.000E-02 alpha_mix =  0.700 |ddv_scf|^2 =  2.541E-06

      iter #   2 total cpu time :  3224.7 secs   av.it.:  12.1
      thresh= 1.594E-04 alpha_mix =  0.700 |ddv_scf|^2 =  2.277E-06

      iter #   3 total cpu time :  3229.1 secs   av.it.:  11.8
      thresh= 1.509E-04 alpha_mix =  0.700 |ddv_scf|^2 =  1.352E-08

      iter #   4 total cpu time :  3233.5 secs   av.it.:  12.9
      thresh= 1.163E-05 alpha_mix =  0.700 |ddv_scf|^2 =  1.120E-09

      iter #   5 total cpu time :  3238.0 secs   av.it.:  12.5
      thresh= 3.346E-06 alpha_mix =  0.700 |ddv_scf|^2 =  1.151E-10

      iter #   6 total cpu time :  3242.5 secs   av.it.:  13.2
      thresh= 1.073E-06 alpha_mix =  0.700 |ddv_scf|^2 =  1.659E-12

      iter #   7 total cpu time :  3247.1 secs   av.it.:  13.8
      thresh= 1.288E-07 alpha_mix =  0.700 |ddv_scf|^2 =  1.733E-13

      iter #   8 total cpu time :  3251.7 secs   av.it.:  13.5
      thresh= 4.163E-08 alpha_mix =  0.700 |ddv_scf|^2 =  3.792E-14

      iter #   9 total cpu time :  3256.2 secs   av.it.:  12.8
      thresh= 1.947E-08 alpha_mix =  0.700 |ddv_scf|^2 =  7.196E-16

     End of self-consistent calculation

     Convergence has been achieved 


     Representation #  12 mode #  12

     Self-consistent Calculation

      iter #   1 total cpu time :  3260.0 secs   av.it.:   4.0
      thresh= 1.000E-02 alpha_mix =  0.700 |ddv_scf|^2 =  1.414E-07

      iter #   2 total cpu time :  3264.4 secs   av.it.:  12.1
      thresh= 3.760E-05 alpha_mix =  0.700 |ddv_scf|^2 =  1.487E-09

      iter #   3 total cpu time :  3268.8 secs   av.it.:  13.0
      thresh= 3.856E-06 alpha_mix =  0.700 |ddv_scf|^2 =  6.016E-11

      iter #   4 total cpu time :  3273.4 secs   av.it.:  13.8
      thresh= 7.756E-07 alpha_mix =  0.700 |ddv_scf|^2 =  4.549E-12

      iter #   5 total cpu time :  3277.9 secs   av.it.:  14.0
      thresh= 2.133E-07 alpha_mix =  0.700 |ddv_scf|^2 =  1.637E-12

      iter #   6 total cpu time :  3282.4 secs   av.it.:  12.8
      thresh= 1.279E-07 alpha_mix =  0.700 |ddv_scf|^2 =  2.524E-14

      iter #   7 total cpu time :  3287.0 secs   av.it.:  14.2
      thresh= 1.589E-08 alpha_mix =  0.700 |ddv_scf|^2 =  1.585E-15

     End of self-consistent calculation

     Convergence has been achieved 

     Number of q in the star =    1
     List of q in the star:
          1  -0.694716347  -0.692517962   0.000170903

     Diagonalizing the dynamical matrix

     q = (   -0.694716347  -0.692517962   0.000170903 ) 

 **************************************************************************
     freq (    1) =     -41.718633 [THz] =   -1391.583807 [cm-1]
     freq (    2) =       9.253901 [THz] =     308.676922 [cm-1]
     freq (    3) =      13.376295 [THz] =     446.185160 [cm-1]
     freq (    4) =      13.746390 [THz] =     458.530225 [cm-1]
     freq (    5) =      18.383478 [THz] =     613.206818 [cm-1]
     freq (    6) =      22.761204 [THz] =     759.232047 [cm-1]
     freq (    7) =      39.810915 [THz] =    1327.949180 [cm-1]
     freq (    8) =      49.251795 [THz] =    1642.863043 [cm-1]
     freq (    9) =      61.395949 [THz] =    2047.948423 [cm-1]
     freq (   10) =      65.759853 [THz] =    2193.512584 [cm-1]
     freq (   11) =      66.232932 [THz] =    2209.292820 [cm-1]
     freq (   12) =      70.641276 [THz] =    2356.339333 [cm-1]
 **************************************************************************

     Mode symmetry, C_1 (1)     point group:

     freq (   1-   1) =      -1391.6  [cm-1]   --> A                  
     freq (   2-   2) =        308.7  [cm-1]   --> A                  
     freq (   3-   3) =        446.2  [cm-1]   --> A                  
     freq (   4-   4) =        458.5  [cm-1]   --> A                  
     freq (   5-   5) =        613.2  [cm-1]   --> A                  
     freq (   6-   6) =        759.2  [cm-1]   --> A                  
     freq (   7-   7) =       1327.9  [cm-1]   --> A                  
     freq (   8-   8) =       1642.9  [cm-1]   --> A                  
     freq (   9-   9) =       2047.9  [cm-1]   --> A                  
     freq (  10-  10) =       2193.5  [cm-1]   --> A                  
     freq (  11-  11) =       2209.3  [cm-1]   --> A                  
     freq (  12-  12) =       2356.3  [cm-1]   --> A                  

     Calculation of q =   -0.6950798  -0.6923201  -0.7041636

     Parallelization info
     --------------------
     sticks:   dense  smooth     PW     G-vecs:    dense   smooth      PW
     Min         388     192     88                 8040     2840     803
     Max         389     193     89                 8043     2841     804
     Sum         777     385    177                16083     5681    1607


     Title: 
     Phonons for 01_HfH3_Top1                                                   


     bravais-lattice index     =            0
     lattice parameter (alat)  =       6.8677  a.u.
     unit-cell volume          =     119.0868 (a.u.)^3
     number of atoms/cell      =            4
     number of atomic types    =            2
     number of electrons       =        39.00
     number of Kohn-Sham states=           24
     kinetic-energy cutoff     =      50.0000  Ry
     charge density cutoff     =     400.0000  Ry
     Exchange-correlation= PBE
                           (   1   4   3   4   0   0   0)

     celldm(1)=   6.867718  celldm(2)=   0.000000  celldm(3)=   0.000000
     celldm(4)=   0.000000  celldm(5)=   0.000000  celldm(6)=   0.000000

     crystal axes: (cart. coord. in units of alat)
               a(1) = (   0.719498   0.000221  -0.000371 )  
               a(2) = (   0.002206   0.719790   0.000201 )  
               a(3) = (   0.000365  -0.000191   0.709890 )  

     reciprocal axes: (cart. coord. in units 2 pi/alat)
               b(1) = (  1.389859 -0.004259 -0.000716 )  
               b(2) = ( -0.000427  1.389294  0.000375 )  
               b(3) = (  0.000727 -0.000396  1.408669 )  


     PseudoPot. # 1 for Hf read from file:
     /home/marco/ZOS_Cloud_Compute/pseudo/Hf.UPF
     MD5 check sum: 054ab3954715fe03e42536d2af1a941a
     Pseudo is Projector augmented-wave + core cor, Zval = 36.0
     Generated using "atomic" code by A. Dal Corso  v.5.1.2
     Shape of augmentation charge: PSQ
     Using radial grid of 1271 points,  8 beta functions with: 
                l(1) =   0
                l(2) =   0
                l(3) =   1
                l(4) =   1
                l(5) =   2
                l(6) =   2
                l(7) =   3
                l(8) =   3
     Q(r) pseudized with 0 coefficients 


     PseudoPot. # 2 for H  read from file:
     /home/marco/ZOS_Cloud_Compute/pseudo/H.UPF
     MD5 check sum: 850d63dcbcc06c5de8b44e0ab9f952da
     Pseudo is Projector augmented-wave, Zval =  1.0
     Generated using "atomic" code by A. Dal Corso  v.5.1.2
     Shape of augmentation charge: PSQ
     Using radial grid of  929 points,  2 beta functions with: 
                l(1) =   0
                l(2) =   0
     Q(r) pseudized with 0 coefficients 


     atomic species   valence    mass     pseudopotential
        Hf            36.00   178.49000     Hf( 1.00)
        H              1.00     1.00800     H ( 1.00)

     No symmetry found



   Cartesian axes

     site n.     atom                  positions (alat units)
         1           Hf  tau(   1) = (   0.1622415   0.4830964   0.1271085  )
         2           H   tau(   2) = (   0.5163459   0.1187615   0.1264908  )
         3           H   tau(   3) = (   0.4955668   0.4255692   0.4818392  )
         4           H   tau(   4) = (   0.1054813   0.0958217   0.4819530  )

     number of k points=    16  Methfessel-Paxton smearing, width (Ry)=  0.0200
                       cart. coord. in units 2pi/alat
        k(    1) = (   0.0000000   0.0000000   0.0000000), wk =   0.2500000
        k(    2) = (  -0.6950798  -0.6923201  -0.7041636), wk =   0.0000000
        k(    3) = (  -0.0003635   0.0001979  -0.7043345), wk =   0.2500000
        k(    4) = (  -0.6954433  -0.6921222  -1.4084981), wk =   0.0000000
        k(    5) = (  -0.0001502  -0.6944494  -0.7045218), wk =   0.2500000
        k(    6) = (  -0.6952300  -1.3867695  -1.4086854), wk =   0.0000000
        k(    7) = (  -0.6950798  -0.6923201  -0.7041636), wk =   0.2500000
        k(    8) = (  -1.3901597  -1.3846402  -1.4083272), wk =   0.0000000
        k(    9) = (  -0.6949296   0.0021293   0.0003582), wk =   0.2500000
        k(   10) = (  -1.3900095  -0.6901908  -0.7038053), wk =   0.0000000
        k(   11) = (   0.0002133  -0.6946472  -0.0001873), wk =   0.2500000
        k(   12) = (  -0.6948666  -1.3869673  -0.7043509), wk =   0.0000000
        k(   13) = (  -0.6945661   0.0019314   0.7046927), wk =   0.2500000
        k(   14) = (  -1.3896460  -0.6903887   0.0005291), wk =   0.0000000
        k(   15) = (  -0.6951429   0.6967765   0.0005456), wk =   0.2500000
        k(   16) = (  -1.3902228   0.0044564  -0.7036180), wk =   0.0000000

     Dense  grid:    16083 G-vectors     FFT dimensions: (  32,  32,  32)

     Smooth grid:     5681 G-vectors     FFT dimensions: (  24,  24,  24)

     Estimated max dynamical RAM per process >      79.52 MB

     Estimated total dynamical RAM >     159.04 MB

     Check: negative core charge=   -0.000006

     The potential is recalculated from file :
     ./tmp/_ph0/01_HfH3_Top1.save/charge-density

     Starting wfcs are   25 atomic wfcs
     Checking if some PAW data can be deallocated... 

     Band Structure Calculation
     Davidson diagonalization with overlap

     ethr =  2.56E-11,  avg # of iterations = 11.6

     total cpu time spent up to now is       32.4 secs

     End of band structure calculation

          k = 0.0000 0.0000 0.0000 (   739 PWs)   bands (ev):

  -153.8292-152.7489-150.5820-150.3520-149.4375 -34.2412  -2.0151  -1.9996
    -1.8156  11.3349  11.3387  11.3421  11.3473  11.3671  11.3688  11.3733
    12.4762  20.8806  20.9915  35.8400  35.8746  36.1228  36.2690  37.2651

          k =-0.6951-0.6923-0.7042 (   692 PWs)   bands (ev):

  -146.8770-145.8372-145.0071-144.8328-143.7508 -33.5179  -3.8091  -3.7186
    -3.6979  11.4810  11.5248  11.5592  11.5697  11.5719  11.5755  11.6980
    17.9394  18.1529  18.3264  29.1293  39.2135  39.2974  39.5411  40.9244

          k =-0.0004 0.0002-0.7043 (   706 PWs)   bands (ev):

  -148.5509-148.2770-148.0254-145.4891-144.0228 -33.9634  -4.9262  -1.6940
    -1.6886  11.3502  11.4431  11.4447  11.5541  11.5636  11.5668  11.6525
    17.5723  20.0818  25.2143  26.4225  29.2536  30.7929  36.9757  40.6028

          k =-0.6954-0.6921-1.4085 (   712 PWs)   bands (ev):

  -150.0838-148.5151-147.5751-147.2878-144.3572 -33.7666  -4.2842  -4.2780
    -1.2923  11.3706  11.3738  11.4315  11.5308  11.5430  11.5751  11.5932
    15.7866  24.1332  24.3315  25.7175  31.0888  31.1025  40.1143  40.2478

          k =-0.0002-0.6944-0.7045 (   708 PWs)   bands (ev):

  -149.4388-149.3274-147.1745-146.7778-143.0807 -33.7345  -4.3329  -4.2454
    -1.4338  11.3720  11.3873  11.3881  11.4969  11.5813  11.6110  11.6507
    16.2332  23.8063  24.4704  25.1952  30.6621  30.6861  40.2763  40.6199

          k =-0.6952-1.3868-1.4087 (   708 PWs)   bands (ev):

  -149.1147-148.6241-147.5500-145.2199-145.1531 -33.9958  -4.8990  -1.7246
    -1.5429  11.3174  11.4474  11.4572  11.5414  11.5470  11.5504  11.6449
    17.8093  19.8040  25.0102  27.4360  29.5227  29.6207  37.1894  39.9013

          k =-0.6951-0.6923-0.7042 (   692 PWs)   bands (ev):

  -146.8770-145.8372-145.0071-144.8328-143.7508 -33.5179  -3.8091  -3.7186
    -3.6979  11.4810  11.5248  11.5592  11.5697  11.5719  11.5755  11.6980
    17.9394  18.1529  18.3264  29.1293  39.2135  39.2974  39.5411  40.9244

          k =-1.3902-1.3846-1.4083 (   739 PWs)   bands (ev):

  -153.8292-152.7489-150.5820-150.3520-149.4375 -34.2412  -2.0151  -1.9996
    -1.8156  11.3349  11.3387  11.3421  11.3473  11.3671  11.3688  11.3733
    12.4762  20.8806  20.9915  35.8400  35.8746  36.1228  36.2690  37.2651

          k =-0.6949 0.0021 0.0004 (   708 PWs)   bands (ev):

  -149.1147-148.6241-147.5500-145.2199-145.1531 -33.9958  -4.8990  -1.7246
    -1.5429  11.3174  11.4474  11.4572  11.5414  11.5470  11.5504  11.6449
    17.8093  19.8040  25.0102  27.4360  29.5227  29.6207  37.1894  39.9013

          k =-1.3900-0.6902-0.7038 (   708 PWs)   bands (ev):

  -149.4388-149.3274-147.1745-146.7778-143.0807 -33.7345  -4.3329  -4.2454
    -1.4338  11.3720  11.3873  11.3881  11.4969  11.5813  11.6110  11.6507
    16.2332  23.8063  24.4704  25.1952  30.6621  30.6861  40.2763  40.6199

          k = 0.0002-0.6946-0.0002 (   708 PWs)   bands (ev):

  -149.1404-148.5958-147.5559-145.1900-145.1811 -33.9968  -4.8951  -1.7239
    -1.5437  11.3168  11.4480  11.4595  11.5386  11.5463  11.5481  11.6481
    17.8113  19.8081  25.0001  27.4562  29.5224  29.6054  37.1953  39.8674

          k =-0.6949-1.3870-0.7044 (   708 PWs)   bands (ev):

  -149.4073-149.3272-147.2090-146.7631-143.1047 -33.7336  -4.3320  -4.2505
    -1.4339  11.3717  11.3889  11.3892  11.4961  11.5839  11.6092  11.6467
    16.2461  23.8071  24.4520  25.1978  30.6521  30.6717  40.2827  40.6279

          k =-0.6946 0.0019 0.7047 (   708 PWs)   bands (ev):

  -149.4073-149.3272-147.2090-146.7631-143.1047 -33.7336  -4.3320  -4.2505
    -1.4339  11.3717  11.3889  11.3892  11.4961  11.5839  11.6092  11.6467
    16.2461  23.8071  24.4520  25.1978  30.6521  30.6717  40.2827  40.6279

          k =-1.3896-0.6904 0.0005 (   708 PWs)   bands (ev):

  -149.1404-148.5958-147.5559-145.1900-145.1811 -33.9968  -4.8951  -1.7239
    -1.5437  11.3168  11.4480  11.4595  11.5386  11.5463  11.5481  11.6481
    17.8113  19.8081  25.0001  27.4562  29.5224  29.6054  37.1953  39.8674

          k =-0.6951 0.6968 0.0005 (   712 PWs)   bands (ev):

  -150.0838-148.5151-147.5751-147.2878-144.3572 -33.7666  -4.2842  -4.2780
    -1.2923  11.3706  11.3738  11.4315  11.5308  11.5430  11.5751  11.5932
    15.7866  24.1332  24.3315  25.7175  31.0888  31.1025  40.1143  40.2478

          k =-1.3902 0.0045-0.7036 (   706 PWs)   bands (ev):

  -148.5509-148.2770-148.0254-145.4891-144.0228 -33.9634  -4.9262  -1.6940
    -1.6886  11.3502  11.4431  11.4447  11.5541  11.5636  11.5668  11.6525
    17.5723  20.0818  25.2143  26.4225  29.2536  30.7929  36.9757  40.6028

     the Fermi energy is    27.2162 ev

     Writing output data file ./tmp/_ph0/01_HfH3_Top1.save/

     Phonons for 01_HfH3_Top1                                                   

     bravais-lattice index     =            0
     lattice parameter (alat)  =       6.8677  a.u.
     unit-cell volume          =     119.0868 (a.u.)^3
     number of atoms/cell      =            4
     number of atomic types    =            2
     kinetic-energy cut-off    =      50.0000  Ry
     charge density cut-off    =     400.0000  Ry
     convergence threshold     =      1.0E-14
     beta                      =       0.7000
     number of iterations used =            4
     Exchange-correlation= PBE
                           (   1   4   3   4   0   0   0)


     celldm(1)=    6.86772  celldm(2)=    0.00000  celldm(3)=    0.00000
     celldm(4)=    0.00000  celldm(5)=    0.00000  celldm(6)=    0.00000

     crystal axes: (cart. coord. in units of alat)
               a(1) = (  0.7195  0.0002 -0.0004 )  
               a(2) = (  0.0022  0.7198  0.0002 )  
               a(3) = (  0.0004 -0.0002  0.7099 )  

     reciprocal axes: (cart. coord. in units 2 pi/alat)
               b(1) = (  1.3899 -0.0043 -0.0007 )  
               b(2) = ( -0.0004  1.3893  0.0004 )  
               b(3) = (  0.0007 -0.0004  1.4087 )  


     Atoms inside the unit cell: 

     Cartesian axes

     site n.  atom      mass           positions (alat units)
        1     Hf 178.4900   tau(    1) = (    0.16224    0.48310    0.12711  )
        2     H    1.0080   tau(    2) = (    0.51635    0.11876    0.12649  )
        3     H    1.0080   tau(    3) = (    0.49557    0.42557    0.48184  )
        4     H    1.0080   tau(    4) = (    0.10548    0.09582    0.48195  )

     Computing dynamical matrix for 
                    q = (  -0.6950798  -0.6923201  -0.7041636 )

      2 Sym.Ops. (with q -> -q+G )


     G cutoff =  477.8870  (   8043 G-vectors)     FFT grid: ( 32, 32, 32)
     G cutoff =  238.9435  (   2840 G-vectors)  smooth grid: ( 24, 24, 24)

     number of k points=    16  Methfessel-Paxton smearing, width (Ry)=  0.0200

     PseudoPot. # 1 for Hf read from file:
     /home/marco/ZOS_Cloud_Compute/pseudo/Hf.UPF
     MD5 check sum: 054ab3954715fe03e42536d2af1a941a
     Pseudo is Projector augmented-wave + core cor, Zval = 36.0
     Generated using "atomic" code by A. Dal Corso  v.5.1.2
     Shape of augmentation charge: PSQ
     Using radial grid of 1271 points,  8 beta functions with: 
                l(1) =   0
                l(2) =   0
                l(3) =   1
                l(4) =   1
                l(5) =   2
                l(6) =   2
                l(7) =   3
                l(8) =   3
     Q(r) pseudized with 0 coefficients 


     PseudoPot. # 2 for H  read from file:
     /home/marco/ZOS_Cloud_Compute/pseudo/H.UPF
     MD5 check sum: 850d63dcbcc06c5de8b44e0ab9f952da
     Pseudo is Projector augmented-wave, Zval =  1.0
     Generated using "atomic" code by A. Dal Corso  v.5.1.2
     Shape of augmentation charge: PSQ
     Using radial grid of  929 points,  2 beta functions with: 
                l(1) =   0
                l(2) =   0
     Q(r) pseudized with 0 coefficients 


     Mode symmetry, C_1 (1)     point group:


     Atomic displacements:
     There are   12 irreducible representations

     Representation     1      1 modes -  To be done

     Representation     2      1 modes -  To be done

     Representation     3      1 modes -  To be done

     Representation     4      1 modes -  To be done

     Representation     5      1 modes -  To be done

     Representation     6      1 modes -  To be done

     Representation     7      1 modes -  To be done

     Representation     8      1 modes -  To be done

     Representation     9      1 modes -  To be done

     Representation    10      1 modes -  To be done

     Representation    11      1 modes -  To be done

     Representation    12      1 modes -  To be done



     Alpha used in Ewald sum =   2.8000
     PHONON       :  47m 2.60s CPU  54m58.46s WALL



     Representation #   1 mode #   1

     Self-consistent Calculation

      iter #   1 total cpu time :  3302.9 secs   av.it.:  11.0
      thresh= 1.000E-02 alpha_mix =  0.700 |ddv_scf|^2 =  3.217E-03

      iter #   2 total cpu time :  3307.4 secs   av.it.:  12.4
      thresh= 5.672E-03 alpha_mix =  0.700 |ddv_scf|^2 =  1.052E-03

      iter #   3 total cpu time :  3311.8 secs   av.it.:  12.1
      thresh= 3.244E-03 alpha_mix =  0.700 |ddv_scf|^2 =  2.295E-06

      iter #   4 total cpu time :  3316.5 secs   av.it.:  15.2
      thresh= 1.515E-04 alpha_mix =  0.700 |ddv_scf|^2 =  1.147E-06

      iter #   5 total cpu time :  3321.0 secs   av.it.:  12.2
      thresh= 1.071E-04 alpha_mix =  0.700 |ddv_scf|^2 =  1.293E-08

      iter #   6 total cpu time :  3325.7 secs   av.it.:  14.8
      thresh= 1.137E-05 alpha_mix =  0.700 |ddv_scf|^2 =  1.106E-09

      iter #   7 total cpu time :  3330.4 secs   av.it.:  13.9
      thresh= 3.325E-06 alpha_mix =  0.700 |ddv_scf|^2 =  2.085E-10

      iter #   8 total cpu time :  3334.8 secs   av.it.:  12.0
      thresh= 1.444E-06 alpha_mix =  0.700 |ddv_scf|^2 =  1.095E-11

      iter #   9 total cpu time :  3339.4 secs   av.it.:  13.6
      thresh= 3.309E-07 alpha_mix =  0.700 |ddv_scf|^2 =  4.614E-13

      iter #  10 total cpu time :  3344.0 secs   av.it.:  13.5
      thresh= 6.793E-08 alpha_mix =  0.700 |ddv_scf|^2 =  6.634E-14

      iter #  11 total cpu time :  3348.6 secs   av.it.:  13.8
      thresh= 2.576E-08 alpha_mix =  0.700 |ddv_scf|^2 =  2.411E-15

     End of self-consistent calculation

     Convergence has been achieved 


     Representation #   2 mode #   2

     Self-consistent Calculation

      iter #   1 total cpu time :  3353.0 secs   av.it.:  10.9
      thresh= 1.000E-02 alpha_mix =  0.700 |ddv_scf|^2 =  3.215E-03

      iter #   2 total cpu time :  3357.5 secs   av.it.:  12.5
      thresh= 5.670E-03 alpha_mix =  0.700 |ddv_scf|^2 =  1.052E-03

      iter #   3 total cpu time :  3362.0 secs   av.it.:  12.1
      thresh= 3.243E-03 alpha_mix =  0.700 |ddv_scf|^2 =  2.430E-06

      iter #   4 total cpu time :  3366.8 secs   av.it.:  15.4
      thresh= 1.559E-04 alpha_mix =  0.700 |ddv_scf|^2 =  1.241E-06

      iter #   5 total cpu time :  3371.4 secs   av.it.:  12.1
      thresh= 1.114E-04 alpha_mix =  0.700 |ddv_scf|^2 =  1.283E-08

      iter #   6 total cpu time :  3376.1 secs   av.it.:  15.0
      thresh= 1.133E-05 alpha_mix =  0.700 |ddv_scf|^2 =  1.180E-09

      iter #   7 total cpu time :  3380.9 secs   av.it.:  13.9
      thresh= 3.436E-06 alpha_mix =  0.700 |ddv_scf|^2 =  2.182E-10

      iter #   8 total cpu time :  3385.4 secs   av.it.:  12.1
      thresh= 1.477E-06 alpha_mix =  0.700 |ddv_scf|^2 =  1.117E-11

      iter #   9 total cpu time :  3390.0 secs   av.it.:  13.8
      thresh= 3.342E-07 alpha_mix =  0.700 |ddv_scf|^2 =  4.524E-13

      iter #  10 total cpu time :  3394.5 secs   av.it.:  13.4
      thresh= 6.726E-08 alpha_mix =  0.700 |ddv_scf|^2 =  6.781E-14

      iter #  11 total cpu time :  3399.1 secs   av.it.:  13.6
      thresh= 2.604E-08 alpha_mix =  0.700 |ddv_scf|^2 =  2.448E-15

     End of self-consistent calculation

     Convergence has been achieved 


     Representation #   3 mode #   3

     Self-consistent Calculation

      iter #   1 total cpu time :  3403.5 secs   av.it.:  10.2
      thresh= 1.000E-02 alpha_mix =  0.700 |ddv_scf|^2 =  3.255E-03

      iter #   2 total cpu time :  3408.0 secs   av.it.:  12.0
      thresh= 5.705E-03 alpha_mix =  0.700 |ddv_scf|^2 =  1.033E-03

      iter #   3 total cpu time :  3412.3 secs   av.it.:  11.6
      thresh= 3.214E-03 alpha_mix =  0.700 |ddv_scf|^2 =  1.182E-06

      iter #   4 total cpu time :  3417.0 secs   av.it.:  14.1
      thresh= 1.087E-04 alpha_mix =  0.700 |ddv_scf|^2 =  1.693E-07

      iter #   5 total cpu time :  3421.5 secs   av.it.:  12.1
      thresh= 4.115E-05 alpha_mix =  0.700 |ddv_scf|^2 =  7.987E-09

      iter #   6 total cpu time :  3426.1 secs   av.it.:  13.1
      thresh= 8.937E-06 alpha_mix =  0.700 |ddv_scf|^2 =  7.980E-11

      iter #   7 total cpu time :  3430.6 secs   av.it.:  13.0
      thresh= 8.933E-07 alpha_mix =  0.700 |ddv_scf|^2 =  3.730E-12

      iter #   8 total cpu time :  3435.3 secs   av.it.:  13.8
      thresh= 1.931E-07 alpha_mix =  0.700 |ddv_scf|^2 =  2.533E-13

      iter #   9 total cpu time :  3440.0 secs   av.it.:  14.1
      thresh= 5.032E-08 alpha_mix =  0.700 |ddv_scf|^2 =  4.031E-14

      iter #  10 total cpu time :  3444.5 secs   av.it.:  13.2
      thresh= 2.008E-08 alpha_mix =  0.700 |ddv_scf|^2 =  5.218E-15

     End of self-consistent calculation

     Convergence has been achieved 


     Representation #   4 mode #   4

     Self-consistent Calculation

      iter #   1 total cpu time :  3448.4 secs   av.it.:   4.9
      thresh= 1.000E-02 alpha_mix =  0.700 |ddv_scf|^2 =  1.039E-06

      iter #   2 total cpu time :  3452.9 secs   av.it.:  12.4
      thresh= 1.019E-04 alpha_mix =  0.700 |ddv_scf|^2 =  3.019E-07

      iter #   3 total cpu time :  3457.4 secs   av.it.:  12.2
      thresh= 5.494E-05 alpha_mix =  0.700 |ddv_scf|^2 =  1.830E-09

      iter #   4 total cpu time :  3461.9 secs   av.it.:  13.4
      thresh= 4.277E-06 alpha_mix =  0.700 |ddv_scf|^2 =  4.951E-10

      iter #   5 total cpu time :  3466.4 secs   av.it.:  12.8
      thresh= 2.225E-06 alpha_mix =  0.700 |ddv_scf|^2 =  5.150E-12

      iter #   6 total cpu time :  3471.0 secs   av.it.:  14.0
      thresh= 2.269E-07 alpha_mix =  0.700 |ddv_scf|^2 =  8.666E-13

      iter #   7 total cpu time :  3475.5 secs   av.it.:  12.9
      thresh= 9.309E-08 alpha_mix =  0.700 |ddv_scf|^2 =  6.308E-14

      iter #   8 total cpu time :  3480.0 secs   av.it.:  12.6
      thresh= 2.512E-08 alpha_mix =  0.700 |ddv_scf|^2 =  1.572E-15

     End of self-consistent calculation

     Convergence has been achieved 


     Representation #   5 mode #   5

     Self-consistent Calculation

      iter #   1 total cpu time :  3483.9 secs   av.it.:   4.9
      thresh= 1.000E-02 alpha_mix =  0.700 |ddv_scf|^2 =  1.039E-06

      iter #   2 total cpu time :  3488.4 secs   av.it.:  12.4
      thresh= 1.019E-04 alpha_mix =  0.700 |ddv_scf|^2 =  3.029E-07

      iter #   3 total cpu time :  3492.9 secs   av.it.:  12.2
      thresh= 5.503E-05 alpha_mix =  0.700 |ddv_scf|^2 =  1.727E-09

      iter #   4 total cpu time :  3497.5 secs   av.it.:  13.6
      thresh= 4.156E-06 alpha_mix =  0.700 |ddv_scf|^2 =  4.867E-10

      iter #   5 total cpu time :  3502.0 secs   av.it.:  12.8
      thresh= 2.206E-06 alpha_mix =  0.700 |ddv_scf|^2 =  5.203E-12

      iter #   6 total cpu time :  3506.6 secs   av.it.:  14.0
      thresh= 2.281E-07 alpha_mix =  0.700 |ddv_scf|^2 =  8.258E-13

      iter #   7 total cpu time :  3511.2 secs   av.it.:  12.9
      thresh= 9.088E-08 alpha_mix =  0.700 |ddv_scf|^2 =  6.138E-14

      iter #   8 total cpu time :  3515.7 secs   av.it.:  12.6
      thresh= 2.477E-08 alpha_mix =  0.700 |ddv_scf|^2 =  1.529E-15

     End of self-consistent calculation

     Convergence has been achieved 


     Representation #   6 mode #   6

     Self-consistent Calculation

      iter #   1 total cpu time :  3519.4 secs   av.it.:   3.4
      thresh= 1.000E-02 alpha_mix =  0.700 |ddv_scf|^2 =  6.224E-07

      iter #   2 total cpu time :  3523.6 secs   av.it.:  10.0
      thresh= 7.889E-05 alpha_mix =  0.700 |ddv_scf|^2 =  4.356E-08

      iter #   3 total cpu time :  3528.0 secs   av.it.:  11.0
      thresh= 2.087E-05 alpha_mix =  0.700 |ddv_scf|^2 =  3.112E-09

      iter #   4 total cpu time :  3532.4 secs   av.it.:  10.5
      thresh= 5.578E-06 alpha_mix =  0.700 |ddv_scf|^2 =  6.009E-11

      iter #   5 total cpu time :  3536.8 secs   av.it.:  11.4
      thresh= 7.752E-07 alpha_mix =  0.700 |ddv_scf|^2 =  7.354E-13

      iter #   6 total cpu time :  3541.4 secs   av.it.:  13.9
      thresh= 8.576E-08 alpha_mix =  0.700 |ddv_scf|^2 =  1.573E-13

      iter #   7 total cpu time :  3546.0 secs   av.it.:  13.0
      thresh= 3.967E-08 alpha_mix =  0.700 |ddv_scf|^2 =  1.028E-14

      iter #   8 total cpu time :  3550.5 secs   av.it.:  13.4
      thresh= 1.014E-08 alpha_mix =  0.700 |ddv_scf|^2 =  1.004E-15

     End of self-consistent calculation

     Convergence has been achieved 


     Representation #   7 mode #   7

     Self-consistent Calculation

      iter #   1 total cpu time :  3554.5 secs   av.it.:   4.9
      thresh= 1.000E-02 alpha_mix =  0.700 |ddv_scf|^2 =  1.015E-06

      iter #   2 total cpu time :  3559.0 secs   av.it.:  12.1
      thresh= 1.007E-04 alpha_mix =  0.700 |ddv_scf|^2 =  2.792E-07

      iter #   3 total cpu time :  3563.3 secs   av.it.:  11.9
      thresh= 5.283E-05 alpha_mix =  0.700 |ddv_scf|^2 =  1.015E-09

      iter #   4 total cpu time :  3567.9 secs   av.it.:  12.6
      thresh= 3.186E-06 alpha_mix =  0.700 |ddv_scf|^2 =  1.470E-10

      iter #   5 total cpu time :  3572.3 secs   av.it.:  12.1
      thresh= 1.212E-06 alpha_mix =  0.700 |ddv_scf|^2 =  3.838E-12

      iter #   6 total cpu time :  3576.9 secs   av.it.:  12.4
      thresh= 1.959E-07 alpha_mix =  0.700 |ddv_scf|^2 =  1.949E-14

      iter #   7 total cpu time :  3581.6 secs   av.it.:  13.9
      thresh= 1.396E-08 alpha_mix =  0.700 |ddv_scf|^2 =  1.331E-15

     End of self-consistent calculation

     Convergence has been achieved 


     Representation #   8 mode #   8

     Self-consistent Calculation

      iter #   1 total cpu time :  3585.4 secs   av.it.:   4.1
      thresh= 1.000E-02 alpha_mix =  0.700 |ddv_scf|^2 =  6.700E-07

      iter #   2 total cpu time :  3589.7 secs   av.it.:  11.1
      thresh= 8.185E-05 alpha_mix =  0.700 |ddv_scf|^2 =  5.235E-08

      iter #   3 total cpu time :  3594.2 secs   av.it.:  11.8
      thresh= 2.288E-05 alpha_mix =  0.700 |ddv_scf|^2 =  3.235E-09

      iter #   4 total cpu time :  3598.6 secs   av.it.:  11.5
      thresh= 5.687E-06 alpha_mix =  0.700 |ddv_scf|^2 =  7.344E-11

      iter #   5 total cpu time :  3603.0 secs   av.it.:  11.9
      thresh= 8.570E-07 alpha_mix =  0.700 |ddv_scf|^2 =  7.509E-13

      iter #   6 total cpu time :  3607.6 secs   av.it.:  13.9
      thresh= 8.665E-08 alpha_mix =  0.700 |ddv_scf|^2 =  1.078E-13

      iter #   7 total cpu time :  3612.2 secs   av.it.:  13.2
      thresh= 3.283E-08 alpha_mix =  0.700 |ddv_scf|^2 =  6.995E-15

     End of self-consistent calculation

     Convergence has been achieved 


     Representation #   9 mode #   9

     Self-consistent Calculation

      iter #   1 total cpu time :  3616.1 secs   av.it.:   5.1
      thresh= 1.000E-02 alpha_mix =  0.700 |ddv_scf|^2 =  1.315E-06

      iter #   2 total cpu time :  3620.6 secs   av.it.:  12.9
      thresh= 1.147E-04 alpha_mix =  0.700 |ddv_scf|^2 =  4.721E-07

      iter #   3 total cpu time :  3625.1 secs   av.it.:  13.0
      thresh= 6.871E-05 alpha_mix =  0.700 |ddv_scf|^2 =  7.072E-09

      iter #   4 total cpu time :  3629.7 secs   av.it.:  13.4
      thresh= 8.410E-06 alpha_mix =  0.700 |ddv_scf|^2 =  5.162E-10

      iter #   5 total cpu time :  3634.2 secs   av.it.:  13.1
      thresh= 2.272E-06 alpha_mix =  0.700 |ddv_scf|^2 =  7.492E-12

      iter #   6 total cpu time :  3638.8 secs   av.it.:  13.4
      thresh= 2.737E-07 alpha_mix =  0.700 |ddv_scf|^2 =  2.026E-12

      iter #   7 total cpu time :  3643.3 secs   av.it.:  12.8
      thresh= 1.424E-07 alpha_mix =  0.700 |ddv_scf|^2 =  1.067E-13

      iter #   8 total cpu time :  3647.8 secs   av.it.:  13.1
      thresh= 3.267E-08 alpha_mix =  0.700 |ddv_scf|^2 =  5.178E-15

     End of self-consistent calculation

     Convergence has been achieved 


     Representation #  10 mode #  10

     Self-consistent Calculation

      iter #   1 total cpu time :  3651.7 secs   av.it.:   4.1
      thresh= 1.000E-02 alpha_mix =  0.700 |ddv_scf|^2 =  6.681E-07

      iter #   2 total cpu time :  3656.0 secs   av.it.:  11.0
      thresh= 8.174E-05 alpha_mix =  0.700 |ddv_scf|^2 =  5.059E-08

      iter #   3 total cpu time :  3660.5 secs   av.it.:  11.6
      thresh= 2.249E-05 alpha_mix =  0.700 |ddv_scf|^2 =  3.090E-09

      iter #   4 total cpu time :  3664.9 secs   av.it.:  11.6
      thresh= 5.559E-06 alpha_mix =  0.700 |ddv_scf|^2 =  7.306E-11

      iter #   5 total cpu time :  3669.4 secs   av.it.:  12.0
      thresh= 8.548E-07 alpha_mix =  0.700 |ddv_scf|^2 =  7.159E-13

      iter #   6 total cpu time :  3674.0 secs   av.it.:  13.8
      thresh= 8.461E-08 alpha_mix =  0.700 |ddv_scf|^2 =  1.093E-13

      iter #   7 total cpu time :  3678.5 secs   av.it.:  12.9
      thresh= 3.307E-08 alpha_mix =  0.700 |ddv_scf|^2 =  6.750E-15

     End of self-consistent calculation

     Convergence has been achieved 


     Representation #  11 mode #  11

     Self-consistent Calculation

      iter #   1 total cpu time :  3682.4 secs   av.it.:   4.9
      thresh= 1.000E-02 alpha_mix =  0.700 |ddv_scf|^2 =  1.014E-06

      iter #   2 total cpu time :  3686.9 secs   av.it.:  12.1
      thresh= 1.007E-04 alpha_mix =  0.700 |ddv_scf|^2 =  2.810E-07

      iter #   3 total cpu time :  3691.3 secs   av.it.:  11.9
      thresh= 5.301E-05 alpha_mix =  0.700 |ddv_scf|^2 =  9.799E-10

      iter #   4 total cpu time :  3695.9 secs   av.it.:  12.8
      thresh= 3.130E-06 alpha_mix =  0.700 |ddv_scf|^2 =  1.469E-10

      iter #   5 total cpu time :  3700.4 secs   av.it.:  12.1
      thresh= 1.212E-06 alpha_mix =  0.700 |ddv_scf|^2 =  3.738E-12

      iter #   6 total cpu time :  3704.9 secs   av.it.:  12.2
      thresh= 1.933E-07 alpha_mix =  0.700 |ddv_scf|^2 =  1.863E-14

      iter #   7 total cpu time :  3709.6 secs   av.it.:  13.9
      thresh= 1.365E-08 alpha_mix =  0.700 |ddv_scf|^2 =  1.596E-15

     End of self-consistent calculation

     Convergence has been achieved 


     Representation #  12 mode #  12

     Self-consistent Calculation

      iter #   1 total cpu time :  3713.5 secs   av.it.:   5.0
      thresh= 1.000E-02 alpha_mix =  0.700 |ddv_scf|^2 =  1.317E-06

      iter #   2 total cpu time :  3718.1 secs   av.it.:  12.9
      thresh= 1.148E-04 alpha_mix =  0.700 |ddv_scf|^2 =  4.743E-07

      iter #   3 total cpu time :  3722.6 secs   av.it.:  12.9
      thresh= 6.887E-05 alpha_mix =  0.700 |ddv_scf|^2 =  7.114E-09

      iter #   4 total cpu time :  3727.2 secs   av.it.:  13.2
      thresh= 8.434E-06 alpha_mix =  0.700 |ddv_scf|^2 =  5.218E-10

      iter #   5 total cpu time :  3731.7 secs   av.it.:  13.1
      thresh= 2.284E-06 alpha_mix =  0.700 |ddv_scf|^2 =  7.292E-12

      iter #   6 total cpu time :  3736.3 secs   av.it.:  13.5
      thresh= 2.700E-07 alpha_mix =  0.700 |ddv_scf|^2 =  1.909E-12

      iter #   7 total cpu time :  3740.6 secs   av.it.:  12.4
      thresh= 1.382E-07 alpha_mix =  0.700 |ddv_scf|^2 =  1.081E-13

      iter #   8 total cpu time :  3745.1 secs   av.it.:  13.0
      thresh= 3.287E-08 alpha_mix =  0.700 |ddv_scf|^2 =  5.283E-15

     End of self-consistent calculation

     Convergence has been achieved 

     Number of q in the star =    1
     List of q in the star:
          1  -0.695079845  -0.692320090  -0.704163583

     Diagonalizing the dynamical matrix

     q = (   -0.695079845  -0.692320090  -0.704163583 ) 

 **************************************************************************
     freq (    1) =     -24.675747 [THz] =    -823.094338 [cm-1]
     freq (    2) =     -14.170303 [THz] =    -472.670441 [cm-1]
     freq (    3) =      -8.044581 [THz] =    -268.338325 [cm-1]
     freq (    4) =      -3.343058 [THz] =    -111.512421 [cm-1]
     freq (    5) =       5.425844 [THz] =     180.986660 [cm-1]
     freq (    6) =      13.190373 [THz] =     439.983490 [cm-1]
     freq (    7) =      13.375624 [THz] =     446.162787 [cm-1]
     freq (    8) =      18.352882 [THz] =     612.186254 [cm-1]
     freq (    9) =      51.421315 [THz] =    1715.230441 [cm-1]
     freq (   10) =      55.103824 [THz] =    1838.065712 [cm-1]
     freq (   11) =      62.080369 [THz] =    2070.778212 [cm-1]
     freq (   12) =      65.977814 [THz] =    2200.782983 [cm-1]
 **************************************************************************

     Mode symmetry, C_1 (1)     point group:

     freq (   1-   1) =       -823.1  [cm-1]   --> A                  
     freq (   2-   2) =       -472.7  [cm-1]   --> A                  
     freq (   3-   3) =       -268.3  [cm-1]   --> A                  
     freq (   4-   4) =       -111.5  [cm-1]   --> A                  
     freq (   5-   5) =        181.0  [cm-1]   --> A                  
     freq (   6-   6) =        440.0  [cm-1]   --> A                  
     freq (   7-   7) =        446.2  [cm-1]   --> A                  
     freq (   8-   8) =        612.2  [cm-1]   --> A                  
     freq (   9-   9) =       1715.2  [cm-1]   --> A                  
     freq (  10-  10) =       1838.1  [cm-1]   --> A                  
     freq (  11-  11) =       2070.8  [cm-1]   --> A                  
     freq (  12-  12) =       2200.8  [cm-1]   --> A                  

     init_run     :     12.93s CPU     13.67s WALL (       7 calls)
     electrons    :     11.32s CPU     18.62s WALL (       7 calls)

     Called by init_run:
     wfcinit      :      0.00s CPU      0.00s WALL (       7 calls)
     potinit      :      5.63s CPU      5.72s WALL (       7 calls)
     hinit0       :      6.00s CPU      6.14s WALL (       7 calls)

     Called by electrons:
     c_bands      :     11.31s CPU     18.60s WALL (       7 calls)
     v_of_rho     :      0.06s CPU      0.07s WALL (       8 calls)
     newd         :      1.16s CPU      1.37s WALL (       8 calls)
     PAW_pot      :      6.35s CPU      6.45s WALL (       8 calls)

     Called by c_bands:
     init_us_2    :      1.35s CPU      1.84s WALL (    7872 calls)
     cegterg      :     10.11s CPU     16.66s WALL (     112 calls)

     Called by *egterg:
     cdiaghg      :      3.28s CPU      5.68s WALL (    1414 calls)
     h_psi        :    500.38s CPU    852.16s WALL (  135888 calls)
     s_psi        :     26.62s CPU     36.87s WALL (  276898 calls)
     g_psi        :      0.06s CPU      0.06s WALL (    1302 calls)

     Called by h_psi:
     h_psi:calbec :     17.51s CPU     30.32s WALL (  135888 calls)
     vloc_psi     :    469.72s CPU    801.76s WALL (  135888 calls)
     add_vuspsi   :     11.48s CPU     17.92s WALL (  135888 calls)

     General routines
     calbec       :     35.59s CPU     56.14s WALL (  288346 calls)
     fft          :      7.43s CPU     17.81s WALL (   15921 calls)
     ffts         :      1.20s CPU      2.21s WALL (    5697 calls)
     fftw         :    505.07s CPU    869.86s WALL ( 3855916 calls)
     interpolate  :      1.15s CPU      2.40s WALL (    1785 calls)
     davcio       :      1.40s CPU      2.40s WALL (   42179 calls)

     Parallel routines
     fft_scatt_xy :     31.48s CPU     49.75s WALL ( 3877534 calls)
     fft_scatt_yz :    279.12s CPU    527.11s WALL ( 3877534 calls)

     PHONON       :  53m26.58s CPU      1h 2m WALL

     INITIALIZATION: 
     phq_setup    :      0.19s CPU      0.37s WALL (       8 calls)
     phq_init     :     43.12s CPU     51.68s WALL (       8 calls)

     phq_init     :     43.12s CPU     51.68s WALL (       8 calls)
     set_drhoc    :      3.67s CPU      3.70s WALL (      24 calls)
     init_vloc    :      1.74s CPU      1.81s WALL (       8 calls)
     init_us_1    :      3.60s CPU      3.69s WALL (       8 calls)
     newd         :      1.16s CPU      1.37s WALL (       8 calls)
     dvanqq       :     12.40s CPU     12.64s WALL (       8 calls)
     drho         :     24.22s CPU     31.74s WALL (       8 calls)

     DYNAMICAL MATRIX:
     dynmat0      :      3.26s CPU      3.95s WALL (       8 calls)
     phqscf       :   3136.63s CPU   3657.77s WALL (       8 calls)
     dynmatrix    :      0.01s CPU      0.03s WALL (       8 calls)

     phqscf       :   3136.63s CPU   3657.77s WALL (       8 calls)
     solve_linter :   3133.89s CPU   3652.96s WALL (      96 calls)
     drhodv       :      2.64s CPU      4.44s WALL (      96 calls)

     dynmat0      :      3.26s CPU      3.95s WALL (       8 calls)
     dynmat_us    :      0.58s CPU      1.04s WALL (       8 calls)
     d2ionq       :      0.12s CPU      0.23s WALL (       8 calls)
     dynmatcc     :      2.55s CPU      2.68s WALL (       8 calls)

     dynmat_us    :      0.58s CPU      1.04s WALL (       8 calls)
     addusdynmat  :      0.00s CPU      0.00s WALL (       8 calls)

     phqscf       :   3136.63s CPU   3657.77s WALL (       8 calls)
     solve_linter :   3133.89s CPU   3652.96s WALL (      96 calls)

     solve_linter :   3133.89s CPU   3652.96s WALL (      96 calls)
     dvqpsi_us    :      8.76s CPU     15.02s WALL (     768 calls)
     ortho        :      4.88s CPU     11.92s WALL (    6648 calls)
     cgsolve      :    575.05s CPU    952.22s WALL (    6648 calls)
     incdrhoscf   :     35.39s CPU     63.06s WALL (    6648 calls)
     addusddens   :    165.21s CPU    195.24s WALL (     927 calls)
     vpsifft      :     30.60s CPU     51.69s WALL (    5880 calls)
     dv_of_drho   :      4.95s CPU      9.01s WALL (     831 calls)
     mix_pot      :      0.75s CPU      2.46s WALL (     831 calls)
     ef_shift     :      0.15s CPU      0.44s WALL (     101 calls)
     localdos     :      2.40s CPU      3.05s WALL (      12 calls)
     psymdvscf    :      2.94s CPU      4.80s WALL (     831 calls)
     newdq        :    150.91s CPU    151.45s WALL (     831 calls)
     adddvscf     :      1.96s CPU      2.65s WALL (    5880 calls)
     drhodvus     :      0.11s CPU      0.64s WALL (      96 calls)

     dvqpsi_us    :      8.76s CPU     15.02s WALL (     768 calls)
     dvqpsi_us_on :      3.56s CPU      6.15s WALL (     768 calls)

     cgsolve      :    575.05s CPU    952.22s WALL (    6648 calls)
     ch_psi       :    560.74s CPU    932.29s WALL (  134362 calls)

     ch_psi       :    560.74s CPU    932.29s WALL (  134362 calls)
     h_psi        :    500.38s CPU    852.16s WALL (  135888 calls)
     last         :     52.09s CPU     69.92s WALL (  134362 calls)

     h_psi        :    500.38s CPU    852.16s WALL (  135888 calls)
     add_vuspsi   :     11.48s CPU     17.92s WALL (  135888 calls)

     incdrhoscf   :     35.39s CPU     63.06s WALL (    6648 calls)
     addusdbec    :      1.71s CPU      2.92s WALL (    7416 calls)

     drhodvus     :      0.11s CPU      0.64s WALL (      96 calls)

      General routines
     calbec       :     35.59s CPU     56.14s WALL (  288346 calls)
     fft          :      7.43s CPU     17.81s WALL (   15921 calls)
     ffts         :      1.20s CPU      2.21s WALL (    5697 calls)
     fftw         :    505.07s CPU    869.86s WALL ( 3855916 calls)
     davcio       :      1.40s CPU      2.40s WALL (   42179 calls)
     write_rec    :      0.38s CPU      1.37s WALL (     927 calls)


     PHONON       :  53m26.58s CPU      1h 2m WALL


   This run was terminated on:   8:43:53   8Jan2026            

=------------------------------------------------------------------------------=
   JOB DONE.
=------------------------------------------------------------------------------=
